// IBM Plex Sans Italic TTF data as a C array (raw, uncompressed)
// Source: IBM Plex project (https://github.com/IBM/plex) — SIL Open Font License 1.1
static const unsigned int ibmplexsansitalicfree_size = 207920;
static const unsigned int ibmplexsansitalicfree_data[51980] =
{
    0x00000100, 0x00011300, 0x30000400, 0x47495344, 0x01000000, 0x282c0300, 0x08000000, 0x46454447, 0x6baefead, 0x34220200, 0xd2010000, 0x534f5047,
    0xce583a6a, 0x08240200, 0x28f70000, 0x42555347, 0x572c1466, 0x301b0300, 0xae100000, 0x322f534f, 0x3977448c, 0xb8010000, 0x60000000, 0x70616d63,
    0x5ca5f6b4, 0xe4110000, 0x020b0000, 0x20747663, 0x8b0ef702, 0x44200000, 0x46000000, 0x6d677066, 0x379c5906, 0xe81c0000, 0x73010000, 0x70736167,
    0x23001800, 0x24220200, 0x10000000, 0x66796c67, 0xdd21a61f, 0x74280000, 0x30cd0100, 0x64616568, 0xe8582925, 0x3c010000, 0x36000000, 0x61656868,
    0x830a7308, 0x74010000, 0x24000000, 0x78746d68, 0xdd91af6c, 0x18020000, 0xcc0f0000, 0x61636f6c, 0x16375ac7, 0x8c200000, 0xe8070000, 0x7078616d,
    0x11030e06, 0x98010000, 0x20000000, 0x6174656d, 0x297ecd2e, 0xe02b0300, 0x48000000, 0x656d616e, 0x8a4aeb97, 0xa4f50100, 0xbc090000, 0x74736f70,
    0x3f82fdc1, 0x60ff0100, 0xc1220000, 0x70657270, 0x5f019e6a, 0x5c1e0000, 0xe6010000, 0x00000100, 0x47010300, 0x5765dcf4, 0xf53c0f5f, 0xe8030900,
    0x00000000, 0xb49730e1, 0x00000000, 0x9c7b30e1, 0x0bff0bff, 0x60049c04, 0x09000200, 0x00000200, 0x00000000, 0x00000100, 0xedfe0104, 0xee040000,
    0xcdfe0bff, 0xe8039c04, 0x0000c800, 0x00000000, 0x00000000, 0xf3030000, 0x00000100, 0x7000f303, 0x70000700, 0x01000500, 0x00000000, 0x00000a00,
    0x2f020002, 0x01000400, 0x40020400, 0x05009001, 0x8a020000, 0xf1ff5802, 0x8a024b00, 0x44005802, 0x3c005e01, 0x01083501, 0x03050b02, 0x00030205,
    0x00a00302, 0x0050ef02, 0x00003b20, 0x00000000, 0x42490000, 0x0101204d, 0xfdff0000, 0x24ff0c03, 0x01042c01, 0x00201301, 0x00009f01, 0x04020000,
    0x0000ba02, 0x02002000, 0x2000d801, 0x00000000, 0x0000e700, 0x0000ec00, 0x33004702, 0x16000c02, 0x24003c02, 0x3100e801, 0x33004702, 0x3100ff01,
    0xb5ff3301, 0xf1fffc01, 0x08003c02, 0xf1fffe01, 0x24003502, 0x33000801, 0xa9fffd00, 0x24000702, 0x33000801, 0x24005003, 0x24003502, 0x31002602,
    0xfcff3c02, 0x33003c02, 0x24006c01, 0x0e00d701, 0x42004001, 0x3f003202, 0x4300e401, 0x4d00e402, 0xe4ffee01, 0xecffe401, 0xfbffc001, 0xe5ff6f02,
    0x27007302, 0x37005a02, 0x27008c02, 0x27003502, 0x27001e02, 0x37009502, 0x2700ac02, 0x09008301, 0x0300f201, 0x27006702, 0x2700e901, 0x27001003,
    0x2700ac02, 0x3700a702, 0x27004c02, 0x3700a702, 0x27007102, 0x0b004102, 0x62002d02, 0x52009002, 0x6f005102, 0x67005e03, 0xe7ff5402, 0x69004102,
    0xf1ff3302, 0x44005802, 0x44005802, 0x44005802, 0x2a005802, 0x22005802, 0x25005802, 0x20005802, 0x38005802, 0x46005802, 0x7d005802, 0x36005802,
    0x75005802, 0x3a005802, 0x3a005802, 0x3a005802, 0x32005802, 0x27005802, 0x08005802, 0x04005802, 0x1c005802, 0x43005802, 0x5e005802, 0x38005802,
    0x53005802, 0x25009e02, 0x41005f03, 0x45008301, 0x45008301, 0x45008301, 0x25003502, 0x25003502, 0x2500ed02, 0x0200e803, 0xcbff2402, 0x23001101,
    0x23001b03, 0x2d002501, 0xe2ff1101, 0xecff2501, 0xecff2501, 0x7900e900, 0x79009901, 0x86001101, 0x64001101, 0x8600d601, 0x6400d601, 0xe0ff1101,
    0xe0ffd601, 0x20002a01, 0x19002a01, 0x2000f301, 0x1900f301, 0x06000f01, 0x25000f01, 0xefffd601, 0x5500d601, 0x4c004801, 0xb4ff4801, 0x0c003d01,
    0xf4ff3c01, 0x1b004901, 0xebff4901, 0xbcff7a01, 0x8e007a01, 0x0bff9400, 0x0bff9400, 0x66008403, 0x6600ee04, 0x29003201, 0x29003201, 0x1a002d02,
    0x60007502, 0x43001003, 0x5a00d501, 0x64004b02, 0x4d008601, 0x5d008501, 0x7700c601, 0x4b00e900, 0x4b009901, 0x6700c401, 0x5a001602, 0x03001602,
    0x2f00a902, 0x4a005802, 0x52005802, 0x4e005802, 0x4e005802, 0x18005802, 0x4c005802, 0x4d005802, 0x3a005802, 0x39005802, 0x3a005802, 0x5e005802,
    0x2d005802, 0x2d005802, 0x2d005802, 0x62003c01, 0x62003c01, 0x80002501, 0x51008201, 0x47002501, 0x4c005802, 0x44005802, 0x4e005802, 0xddffa401,
    0x1000da02, 0x2400d602, 0x2200e801, 0x2700e003, 0x31003302, 0xfbff6402, 0x3100f901, 0x37005902, 0xb7ffe201, 0x1a004102, 0x0b004302, 0x43005202,
    0x2b006602, 0x2d004f02, 0x1a004102, 0x1c00b302, 0x2700d002, 0x17006803, 0x2700e902, 0x15003602, 0x22005302, 0x71007102, 0x27006402, 0x37008302,
    0x2d006102, 0x37005702, 0x52004c02, 0x3c004c02, 0x30007b02, 0x00005c02, 0x2b006c02, 0xb5ff2b02, 0xb5ff3b02, 0x33004702, 0x33004702, 0x33004702,
    0x33004702, 0x33004702, 0x33004702, 0x33004702, 0x33004702, 0x33004702, 0x33004702, 0x33004702, 0x33004702, 0x33004702, 0x33004702, 0x33004702,
    0x33004702, 0x33004702, 0x33004702, 0x33004702, 0x33004702, 0x33004702, 0x33004702, 0x33004702, 0x16000c02, 0x16000c02, 0x16000c02, 0x16000c02,
    0x16000c02, 0x16000c02, 0x16000c02, 0x16000c02, 0x16000c02, 0x16000c02, 0x16000c02, 0x16000c02, 0x16000c02, 0x16000c02, 0x16000c02, 0x16000c02,
    0x16000c02, 0x16000c02, 0x16000c02, 0x16000c02, 0x16000c02, 0x16000c02, 0x16000c02, 0x16002603, 0x16002603, 0x3100e801, 0x3100e801, 0x3100e801,
    0x3100e801, 0x3100e801, 0x33004b02, 0x33004a02, 0x31003302, 0x3100ff01, 0x3100ff01, 0x3100ff01, 0x3100ff01, 0x3100ff01, 0x3100ff01, 0x3100ff01,
    0x3100ff01, 0x3100ff01, 0x3100ff01, 0x3100ff01, 0x3100ff01, 0x3100ff01, 0x3100ff01, 0x3100ff01, 0x3100ff01, 0x3100ff01, 0x1a00ff01, 0xf1fffe01,
    0xf1fffe01, 0xf1fffe01, 0xf1fffe01, 0x08003c02, 0x08003c02, 0x08003c02, 0x08003c02, 0x24003502, 0x24003502, 0x33000801, 0x33000801, 0x33000801,
    0x33000801, 0x29000801, 0x33000801, 0x2a000801, 0x33000801, 0x33000801, 0x33000801, 0x01000801, 0x30000801, 0x33000002, 0x33000002, 0xa9fffd00,
    0xa9fffd00, 0xa9fffd00, 0x24000702, 0x24001502, 0x33000801, 0x33000801, 0x0e000801, 0x33005201, 0x25000e01, 0x24003502, 0x24003502, 0x24003502,
    0x24003502, 0x64002603, 0x24003102, 0x31002602, 0x31002602, 0x31002602, 0x31002602, 0x31002602, 0x31002602, 0x31002602, 0x31002602, 0x31002602,
    0x31002602, 0xefff2602, 0xefff2602, 0x31002602, 0x31002602, 0x31002602, 0x31002602, 0x31002602, 0x31002602, 0x31002602, 0x31002602, 0x31002602,
    0x31002602, 0x31002602, 0x31002602, 0x31006703, 0x24006c01, 0x24006c01, 0xe4ff6c01, 0x0e00d701, 0x0e00d701, 0x0e00d701, 0x0e00d701, 0x0e00d701,
    0xb5ff1301, 0x34008102, 0x25002602, 0x3b004601, 0x42004001, 0x29004001, 0x1f004001, 0xfcff3c02, 0x3f003202, 0x3f003202, 0x3f003202, 0x3f003202,
    0x3f003202, 0x3f003202, 0x3f003202, 0x3f003202, 0x3f003202, 0x3f003202, 0x3f003202, 0x3f003202, 0x3f003202, 0x3f003502, 0x3f003502, 0x3f003502,
    0x3f003502, 0x3f003502, 0x3f003502, 0x3f003202, 0x3f003202, 0x3f003202, 0x3f003202, 0x4d00e402, 0x4d00e402, 0x4d00e402, 0x4d00e402, 0xecffe401,
    0xecffe401, 0xecffe401, 0xecffe401, 0xecffe401, 0xecffe401, 0xecffe401, 0xfbffc001, 0xfbffc001, 0xfbffc001, 0xe5ff6f02, 0xe5ff6f02, 0xe5ff6f02,
    0xe5ff6f02, 0xe5ff6f02, 0xe5ff6f02, 0xe5ff6f02, 0xe5ff6f02, 0xe5ff6f02, 0xe5ff6f02, 0xe5ff6f02, 0xe5ff6f02, 0xe5ff6f02, 0xe5ff6f02, 0xe5ff6f02,
    0xe5ff6f02, 0xe5ff6f02, 0xe5ff6f02, 0xe5ff6f02, 0xe5ff6f02, 0xe5ff6f02, 0xe5ff6f02, 0xe5ff6f02, 0xd6ff7603, 0xd6ff7603, 0x37005a02, 0x37005a02,
    0x37005a02, 0x37005a02, 0x37005a02, 0x27008c02, 0x24008f02, 0x24008f02, 0x27003502, 0x27003502, 0x27003502, 0x27003502, 0x27003502, 0x27003502,
    0x27003502, 0x27003502, 0x27003502, 0x27003502, 0x27003502, 0x27003502, 0x27003502, 0x27003502, 0x27003502, 0x27003502, 0x27003502, 0x3700a702,
    0x37009502, 0x37009502, 0x37009502, 0x37009502, 0x2a00b202, 0x2700ac02, 0x09008301, 0x09008301, 0x09008301, 0x09008301, 0x09008301, 0x09008301,
    0x09008301, 0x09008301, 0x09008301, 0x09008301, 0x09008301, 0x09008301, 0x4b008302, 0x4b008302, 0x0300f201, 0x0300f201, 0x27006702, 0x2700e901,
    0x2700e901, 0x2700e901, 0x2700e901, 0xf8fff201, 0x2700ac02, 0x2700ac02, 0x2700ac02, 0x2700ac02, 0x2700ac02, 0x3700a702, 0x3700a702, 0x3700a702,
    0x3700a702, 0x3700a702, 0x3700a702, 0x3700a702, 0x3700a702, 0x3700a702, 0x3700a702, 0x0300a702, 0x0300a702, 0x3700a702, 0x3700a702, 0x3700a702,
    0x3700a702, 0x3700a702, 0x3700a702, 0x3700a702, 0x3700a702, 0x3700a702, 0x3700a702, 0x3700a702, 0x3700a702, 0x3700ab03, 0x27007102, 0x27007102,
    0x27007102, 0x0b004102, 0x0b004102, 0x0b004102, 0x0b004102, 0x0b004102, 0x2700bc02, 0x5e002d02, 0x62002d02, 0x62002d02, 0x62002d02, 0x26004b02,
    0x52009002, 0x52009002, 0x52009002, 0x52009002, 0x52009002, 0x52009002, 0x52009002, 0x52009002, 0x52009002, 0x52009002, 0x52009002, 0x52009002,
    0x52009002, 0x52009002, 0x52009002, 0x52009002, 0x52009002, 0x52009002, 0x52009002, 0x52009002, 0x52009002, 0x52009002, 0x52009002, 0x67005e03,
    0x67005e03, 0x67005e03, 0x67005e03, 0x69004102, 0x69004102, 0x69004102, 0x69004102, 0x69004102, 0x69004102, 0x69004102, 0xf1ff3302, 0xf1ff3302,
    0xf1ff3302, 0xfcff3802, 0xf6ff6f02, 0x1d009502, 0xc5fffb01, 0xf0ff9d02, 0x33007502, 0x33004702, 0xfcff2702, 0x2d00ea01, 0x31002602, 0x26000102,
    0x27009c01, 0x31003e02, 0x20002902, 0x33001701, 0x24001502, 0xd6ffed01, 0xfcff3802, 0x2d00ed01, 0x2c00b801, 0x31002602, 0x3c005f02, 0xe4ff2402,
    0x3100db01, 0x31003b02, 0x3700c401, 0x46002d02, 0x3300c402, 0xb1ffdc01, 0x4600c302, 0x3500d902, 0xe5ff6f02, 0x27007302, 0x2700e501, 0xf6ff6f02,
    0x27003502, 0xf1ff3302, 0x2700ac02, 0x3700a702, 0x09008301, 0x27006702, 0xe5ff6502, 0x27001003, 0x2700ac02, 0x0b004802, 0x3700a702, 0x27009e02,
    0x27004c02, 0xf7ff1d02, 0x62002d02, 0x69004102, 0x33001b03, 0xe7ff5402, 0x6900fd02, 0xf0ff9d02, 0x33007502, 0x33004702, 0x26000102, 0x31003e02,
    0x33001701, 0x33001701, 0x33001701, 0x31002602, 0x46002d02, 0x46002d02, 0x46002d02, 0x3500d902, 0xe5ff6f02, 0x3b005d02, 0x3b00d402, 0x3b00ca01,
    0x09008301, 0x3b00cc02, 0x3b009d02, 0x69004102, 0x1200bf02, 0x33004702, 0x16000c02, 0x33002502, 0x24001802, 0x3b002002, 0x2400a101, 0x1f00d501,
    0x31002d02, 0x08003c02, 0x3100ff01, 0xf6fff102, 0xf6fffd02, 0x0000dd01, 0xc4ffca01, 0x3f003202, 0x3f003202, 0x24001402, 0x24000002, 0xd2ff1902,
    0xdfffe101, 0x2400a702, 0x24003102, 0x31002602, 0x24003502, 0xfcff3c02, 0x3100e801, 0x3700bf01, 0x24005003, 0xecffe401, 0x34000503, 0x2c00c202,
    0xe4ffee01, 0x3f003802, 0x40000802, 0x3f003c03, 0x3f004203, 0x37003002, 0x32003502, 0x2400bf02, 0x2400f301, 0x4000f401, 0x0800f001, 0x2400f902,
    0x2400ef02, 0xfdff0b02, 0xe5ff6f02, 0x27006402, 0x27007302, 0x2700e501, 0xb7ffb602, 0xb7ffa302, 0x27003502, 0xf5ffa003, 0xe8ff9e03, 0x0b003b02,
    0x2700ac02, 0x2700ac02, 0x27007b02, 0x27007202, 0xd9ff9302, 0xe5ff6502, 0x27001003, 0x2700ac02, 0x3700a702, 0x27009e02, 0x27004c02, 0x37005a02,
    0x62002d02, 0x49002702, 0x2f000b03, 0x31001603, 0xe7ff5402, 0x2700c002, 0x62006e02, 0x27009603, 0x2700b803, 0x6200c802, 0x27004c03, 0x27005c02,
    0x0e006602, 0x27009803, 0xfeff6f02, 0xfdff6202, 0x33004702, 0x33004702, 0x16000c02, 0x16000c02, 0x16002603, 0x2400a101, 0x2400a101, 0x2400a101,
    0x1a00af01, 0x24000a02, 0x3100ff01, 0x3100ff01, 0x3100ff01, 0x3100f001, 0xf6fff102, 0xf6fff102, 0xf6fff702, 0xd9ffaf02, 0x0000dd01, 0x0000dd01,
    0xd4ffdd01, 0x2400fd00, 0x3f003202, 0x3f003202, 0x3f003202, 0x24001402, 0x24001a02, 0x24003202, 0x37005102, 0x24001402, 0xd2fff302, 0x24004202,
    0x24000b03, 0x2400c202, 0x31002602, 0x31002602, 0x31002602, 0x24003502, 0x24003403, 0x3100e801, 0x3700bf01, 0x3f003802, 0xecffe401, 0xecffe401,
    0xecffe401, 0xecffe401, 0x4300e401, 0x1500e401, 0xe4ff0602, 0x40000802, 0x40001902, 0x40000802, 0x2400bf02, 0x34000302, 0x0e00d701, 0x3f003202,
    0x33000801, 0x33000801, 0xa9fffd00, 0x24003102, 0x24003502, 0x24003502, 0x1a00ff01, 0x1b005202, 0x1b005202, 0x33009c02, 0x43000702, 0xe5ff6f02,
    0xe5ff6f02, 0xd6ff7603, 0x2700e501, 0x2700e601, 0x2700e501, 0x2200fd01, 0x27006402, 0x27003502, 0x27003502, 0x27003502, 0x37006402, 0xf5ffa003,
    0xf5ffa003, 0xf5ffa803, 0xe8ff9e03, 0x0b003b02, 0x0b003b02, 0x13003b02, 0x09008301, 0x2700ac02, 0x2700ac02, 0x2700ac02, 0x27007b02, 0x27008302,
    0x27009902, 0x6200e702, 0x4f008502, 0xd9ffca03, 0x2700cf02, 0x2700e203, 0x27007503, 0x3700a702, 0x3700a702, 0x3700a702, 0x2700c102, 0x2700d103,
    0x37005a02, 0x62002d02, 0x62005d03, 0x49002702, 0x49002702, 0x49002702, 0x49002702, 0x69004102, 0x4f004102, 0xe7ff7302, 0x62006e02, 0x62009102,
    0x62006e02, 0x27004c03, 0x50008502, 0x0b004102, 0x27009e02, 0x09008301, 0x09008301, 0x0300f201, 0x6200f602, 0x62000103, 0x27006e02, 0x3700a702,
    0x27001903, 0x27001903, 0x3d004a03, 0x6f005102, 0x50006601, 0x40005301, 0x2d005301, 0x2c005301, 0x31005301, 0x43005701, 0x50005f01, 0x57005801,
    0x4e007301, 0x5b005e01, 0x0e006601, 0xfeff5301, 0xf3ff5301, 0xebff5301, 0xf2ff5301, 0x01005701, 0x12005f01, 0x1d005801, 0x15007301, 0x1d005e01,
    0x40005803, 0x40005903, 0x2d005903, 0x40005603, 0x2c004203, 0x40005703, 0x2d005703, 0x2c004303, 0x31004d03, 0x40005e03, 0x43004e03, 0x40007103,
    0x40007303, 0x2c005f03, 0x43006303, 0x4a004603, 0x40006803, 0x7e009003, 0x78009003, 0x37003403, 0xcb003403, 0xcb003403, 0x37003403, 0xaa003403,
    0x7c003403, 0xaa003403, 0x7c003403, 0x82003403, 0x82003403, 0x37003403, 0x37003403, 0x37003403, 0x37003403, 0xc1003403, 0xc1003403, 0x37003403,
    0x37003403, 0x37003403, 0xcb003403, 0x0d003403, 0x0e003403, 0x37003403, 0x37003403, 0x54003403, 0x55003403, 0x99005102, 0xa7005102, 0xae005102,
    0x0c015102, 0xaf005102, 0xbf005102, 0x0d015102, 0xcd005102, 0x92005102, 0xb1005102, 0xaf005102, 0xb6005102, 0xce005102, 0xcb005102, 0x11015802,
    0x03015102, 0xb2005102, 0x68005102, 0x18015102, 0xb7005102, 0x78ff0000, 0x8dff0000, 0xebff0000, 0x8eff0000, 0x9eff0000, 0xecff0000, 0xacff0000,
    0x71ff0000, 0x90ff0000, 0x8eff0000, 0xadff0000, 0xc7ff0000, 0xe6ff0000, 0xe2ff0000, 0xa5ff0000, 0x91ff0000, 0xb6ff0000, 0x9aff0000, 0x47ff0000,
    0x8aff0000, 0x8aff0000, 0x8aff0000, 0x8aff0000, 0x8cff0000, 0x8cff0000, 0x8cff0000, 0x77ff0000, 0x7aff0000, 0x3eff0000, 0x76ff0000, 0x8cff0000,
    0x76ff0000, 0x9b005102, 0xa8005102, 0xaf005102, 0x0c015102, 0xaf005102, 0xa7005102, 0x0b015102, 0xd6005102, 0x94005102, 0xb2005102, 0xb3005102,
    0xb8003d02, 0xd0005102, 0xce005102, 0x18015102, 0xc7ff0000, 0x8eff0000, 0x8eff0000, 0x8eff0000, 0x8dff0000, 0x8fff0000, 0x8fff0000, 0x8fff0000,
    0x79ff0000, 0x7fff0000, 0x38ff0000, 0x78ff0000, 0x8fff0000, 0x78ff0000, 0x0000ec00, 0x0000e803, 0x0000e803, 0x0000f401, 0x0000f401, 0x00004d01,
    0x0000fa00, 0x0000a700, 0x00005802, 0x00001101, 0x00007600, 0x00007600, 0x00003b00, 0x00000000, 0x00000000, 0x00000000, 0x00000000, 0xf7ff0000,
    0x9fff0000, 0x00000000, 0x80001604, 0x40009904, 0x0a00e803, 0x03000000, 0x03000000, 0x1c000000, 0x00000100, 0x0a090000, 0x01000300, 0x1c000000,
    0xee080400, 0xe4000000, 0x06008000, 0x00006400, 0x30000d00, 0x40003900, 0x67005a00, 0x7e007a00, 0x8f017f01, 0xa1019201, 0xdc01b001, 0x1b02ff01,
    0x59023702, 0xc702bc02, 0x0403dd02, 0x12030c03, 0x1b031503, 0x28032303, 0x8a037e03, 0x90038c03, 0xa903a103, 0xc903b103, 0x1b04ce03, 0x2f042404,
    0x63045f04, 0x75046b04, 0xd904c204, 0xf904e904, 0x3f0e2505, 0x9e1e851e, 0x0d20f91e, 0x1a201520, 0x22201e20, 0x29202620, 0x33203020, 0x44203a20,
    0x79207020, 0xa1208920, 0xa620a420, 0xb220ae20, 0xba20b520, 0xbf20bd20, 0x16211321, 0x26212221, 0x51212e21, 0x99215e21, 0xb321aa21, 0xbb21b721,
    0xc621c421, 0x06220222, 0x12220f22, 0x1a221522, 0x2b221e22, 0x48223622, 0x65226022, 0x1327ca25, 0x112b4c27, 0xccefe0ec, 0x02fbd8f6, 0xfdfffffe,
    0x0000ffff, 0x0d000000, 0x31002000, 0x41003a00, 0x68005b00, 0xa0007b00, 0x92018f01, 0xaf01a001, 0xfa01cd01, 0x37021802, 0xbb025902, 0xd802c602,
    0x06030003, 0x15031203, 0x23031b03, 0x7e032603, 0x8c038403, 0x91038e03, 0xaa03a303, 0xca03b203, 0x1c040004, 0x30042504, 0x6a046204, 0x90047204,
    0xdc04cf04, 0x2405ee04, 0x801e3f0e, 0xa01e9e1e, 0x10200020, 0x1c201820, 0x26202020, 0x2f202820, 0x39203220, 0x70204420, 0x80207420, 0xa420a120,
    0xa820a620, 0xb420b120, 0xbd20b820, 0x1321bf20, 0x22211621, 0x2e212621, 0x53215021, 0xa9219021, 0xb621b021, 0xc421ba21, 0x0222c621, 0x0f220622,
    0x15221122, 0x1e221922, 0x36222b22, 0x60224822, 0xca256422, 0x4c271327, 0xe0ec0e2b, 0xd7f6ccef, 0xfffe01fb, 0xfffffdff, 0xf5ff0100, 0x0d000000,
    0xe0ff0000, 0xa6ff0000, 0x00000000, 0x1cff2a00, 0x00000000, 0x00000000, 0xf2fe0000, 0xde00b7fe, 0x0000cd00, 0x00000000, 0x97009900, 0x8c009200,
    0xe4fc0000, 0xe3fe0000, 0xb5fe0000, 0x0000b4fe, 0x00007cfe, 0x94fe0000, 0x000095fe, 0x00000000, 0x00000000, 0x00000000, 0x00000000, 0x000073f2,
    0x00005ee3, 0x46e00000, 0x00000000, 0x38e00000, 0x0000c3e3, 0x32e057e0, 0xdae237e0, 0xd4e2dae2, 0x10e012e0, 0x00000fe0, 0x0ae00be0, 0x06e008e0,
    0x95df05e0, 0x63df93df, 0x79df05e1, 0x00000000, 0xdee10000, 0xcfe10000, 0xbee1cfe1, 0xa8debbe1, 0x1ae022e0, 0x67de0000, 0x88de0000, 0x6bde7ade,
    0x38de4fde, 0xd8da37de, 0x24dc5cdc, 0x11170000, 0x00002414, 0xeb04c405, 0x0100f503, 0x00000000, 0x0000e000, 0x0000fe00, 0x00000801, 0x24011e01,
    0x00000000, 0xe002de02, 0x0003e202, 0x00000a03, 0x00000000, 0x08030000, 0x1a031203, 0x00000000, 0x00000000, 0x00001e03, 0x00002003, 0x00002a03,
    0x2a030000, 0x36030000, 0x00003e03, 0x70030000, 0xd003ce03, 0xd803d203, 0x50043c04, 0x80046a04, 0x80040000, 0x88040000, 0x00003a05, 0x56055205,
    0x00005a05, 0x5a050000, 0x00000000, 0x00000000, 0x00000000, 0x00000000, 0x4a050000, 0x00000000, 0x00000000, 0x00000000, 0x00000000, 0x00000000,
    0x44054205, 0x00005a05, 0x00006a05, 0x00000000, 0x00000000, 0x00000000, 0x00006205, 0x00006205, 0x00000000, 0x00000000, 0x00000000, 0x00000000,
    0x00005205, 0x54050000, 0x00000000, 0x00000000, 0x70000300, 0x8e006400, 0x7d00b000, 0x63005300, 0x74007300, 0x91008b00, 0x55006000, 0x79005d00,
    0x5f003b00, 0x99006100, 0x9a009600, 0x54007200, 0x7a007500, 0x8f007600, 0x92035c00, 0x06000400, 0x08000700, 0x0a000900, 0x77000b00, 0x78007f00,
    0xdc039000, 0xac006f00, 0xab00af00, 0x8000b100, 0x8f038100, 0x86008300, 0xa3006d00, 0x8400ef03, 0x88008d03, 0x4c039300, 0x91034d03, 0x82002702,
    0x9b039e00, 0x87004b03, 0x61036e00, 0x62035e03, 0x8d017100, 0x8a018701, 0x8b019301, 0x9e019101, 0xaf01a201, 0xab01a801, 0xc701ac01, 0xc301c001,
    0xa701c401, 0xe101d901, 0xde01db01, 0xdf01e701, 0xe5019400, 0x02020802, 0x06020502, 0x01021d02, 0xcd005b01, 0xca00c700, 0xcb00d300, 0xf500d100,
    0x0601f900, 0x0201ff00, 0x22010301, 0x1f011c01, 0xfe002001, 0x3f013601, 0x3c013901, 0x3d014501, 0x43019500, 0x62016801, 0x66016501, 0x61017d01,
    0x8f017f01, 0x8801cf00, 0x9001c800, 0xa001d000, 0xa301f700, 0xa401fa00, 0xa101fb00, 0xa501f800, 0xa601fc00, 0xb101fd00, 0xa9010801, 0xad010001,
    0xb2010401, 0xaa010901, 0xbb010101, 0xba011201, 0xbd011101, 0xbc011401, 0xbf011301, 0xbe011a01, 0xcb011901, 0xc9012601, 0xc1012401, 0xca011d01,
    0xc5012501, 0xcc011b01, 0xcf012701, 0xd0012b01, 0x2d012c01, 0x2e01d101, 0x3001d301, 0x2f01d201, 0x3101d401, 0x3201d501, 0x3301d601, 0x3501d801,
    0x3401d701, 0xda013701, 0xe4013801, 0xdc014201, 0xe3013a01, 0xf3014101, 0xf4015101, 0xf6015201, 0xf5015401, 0xf7015301, 0xfa015501, 0xf9015801,
    0xf8015701, 0x00025601, 0xfe016001, 0xfd015e01, 0x0e025d01, 0x0b026e01, 0x03026b01, 0x0d026301, 0x0a026d01, 0x0c026a01, 0x1a026c01, 0x1e027a01,
    0x20027e01, 0x84012402, 0x86012602, 0x85012502, 0xe8015a01, 0x0f024601, 0x89016f01, 0xc201c900, 0xdd011e01, 0x04023b01, 0x15026401, 0x16027501,
    0x18027601, 0x17027801, 0x92017701, 0x9f01d200, 0xe601f600, 0xfb014401, 0xff015901, 0x95035f01, 0x97038e03, 0x8b039c03, 0xa5039003, 0xa603a403,
    0xa0039f03, 0xa103a803, 0xaa03a203, 0xa303a903, 0xb003a703, 0xb103ae03, 0x9e039d03, 0x9f006a02, 0x6c026b02, 0x70026d02, 0x64027202, 0x71026e02,
    0x60025e02, 0x62026102, 0x2c026802, 0x67026302, 0x66026502, 0x11036902, 0x42031203, 0x14030c03, 0x3f033d03, 0x41034003, 0x27032503, 0x20034303,
    0x34031e03, 0xa0023e03, 0xa202a102, 0xa402a302, 0xa702a602, 0xaa02a902, 0xac02ab02, 0x7302ae02, 0x76027502, 0x7a027802, 0x7d027c02, 0x81027f02,
    0x83028202, 0x87028502, 0x89028802, 0x8b028a02, 0x8d028c02, 0x90028f02, 0x93029202, 0x95029402, 0x97029602, 0x9a029902, 0x9d029c02, 0xd0029f02,
    0x0103d102, 0xd302cb02, 0xfe02fc02, 0x0003ff02, 0xe602e402, 0xdf020203, 0xf302dd02, 0x3c03fd02, 0x1803fb02, 0x2a03d702, 0x4903e902, 0x0d030803,
    0x0f03cc02, 0x1003ce02, 0x1703cf02, 0x1a03d602, 0x2103d902, 0x2203e002, 0x2403e102, 0x2303e302, 0x2603e202, 0x2803e502, 0x2d03e702, 0x4803ec02,
    0x2e030703, 0x2f03ed02, 0x3503ee02, 0x3603f402, 0x3703f502, 0x3003f602, 0x3903ef02, 0x3a03f802, 0x4403f902, 0x46030303, 0x47030503, 0x1c030603,
    0xd5021603, 0x0a03db02, 0x0903c702, 0x0b03c602, 0x1303ca02, 0x4503d202, 0x15030403, 0x1903d402, 0x1b03d802, 0x1f03da02, 0x1d03de02, 0x2903dc02,
    0x2b03e802, 0x3103ea02, 0x3203f002, 0x3303f102, 0x3803f202, 0x0e03f702, 0x3b03cd02, 0x2c03fa02, 0x1c02eb02, 0x19027c01, 0x1b027901, 0x8c017b01,
    0x8e01cc00, 0x9901ce00, 0x9b01d900, 0x9c01db00, 0x9d01dc00, 0x9a01dd00, 0x9401da00, 0x9601d400, 0x9701d600, 0x9801d700, 0x9501d800, 0xae01d500,
    0xb0010501, 0xb3010701, 0xb4010a01, 0xb6010b01, 0xb7010d01, 0xb8010e01, 0xb5010f01, 0xc8010c01, 0xc6012301, 0xe0012101, 0xe2013e01, 0xee014001,
    0xf0014c01, 0xf1014e01, 0xf2014f01, 0xef015001, 0xe9014d01, 0xeb014701, 0xec014901, 0xed014a01, 0xea014b01, 0x07024801, 0x09026701, 0x10026901,
    0x12027001, 0x13027201, 0x14027301, 0x11027401, 0x21027101, 0x1f028101, 0x22028001, 0x23028201, 0xdf038301, 0xe003dd03, 0xe103de03, 0xe303e203,
    0xe503e403, 0xe803e603, 0xed03e903, 0x6500ee03, 0x69006600, 0x68006700, 0x8c006a00, 0xa0008d00, 0x7e00e703, 0xb700b600, 0xb900b800, 0xba00ad00,
    0x6903bb00, 0x5f036e03, 0x63036003, 0x65036403, 0x67036603, 0x6a036803, 0x6c036b03, 0x71036d03, 0x74037203, 0x83037303, 0x75038403, 0x78037603,
    0x79037703, 0x7a037f03, 0x2a028003, 0x9d009200, 0x7e03a400, 0x7d037c03, 0xb6037b03, 0x0600b803, 0x0000f801, 0xf7000900, 0x00000300, 0x00000000,
    0x00000300, 0x00000000, 0x00000000, 0x00000000, 0x00000000, 0x00000000, 0x00000000, 0x00000000, 0x00000000, 0x03000000, 0x64007000, 0xb0008e00,
    0x53007d00, 0x73006300, 0x8b007400, 0x60009100, 0x5d005500, 0x3b007900, 0x3f003e00, 0x41004000, 0x43004200, 0x45004400, 0x5f004600, 0x99006100,
    0x9a009600, 0x54007200, 0x22002100, 0x24002300, 0x26002500, 0x28002700, 0x2a002900, 0x2c002b00, 0x2e002d00, 0x30002f00, 0x32003100, 0x34003300,
    0x36003500, 0x38003700, 0x3a003900, 0x7a007500, 0x8f007600, 0x92035c00, 0x06000400, 0x08000700, 0x0a000900, 0x0e000b00, 0x10000f00, 0x12001100,
    0x14001300, 0x16001500, 0x18001700, 0x1a001900, 0x1c001b00, 0x1e001d00, 0x20001f00, 0x7f007700, 0x90007800, 0x8b010000, 0xa2019101, 0xd901a801,
    0x0602df01, 0xcd00c700, 0xcb00ca00, 0xd100d300, 0xff00f900, 0x02010601, 0x1c010301, 0x1f012201, 0x36012001, 0x3f013901, 0x3d013c01, 0x62014501,
    0x65016801, 0x8c006601, 0xac008800, 0x8100af00, 0x8200a000, 0x84005b01, 0x85008300, 0x8f039103, 0x9e019800, 0xa600e501, 0x9b009300, 0xb1009c00,
    0xaa002702, 0x29022a02, 0xa5003c02, 0x87008600, 0xf5005d02, 0x71004301, 0xa3006f00, 0xae00a400, 0x28029700, 0x6e006d00, 0xdc035e00, 0x93018d01,
    0xf301e701, 0x59005101, 0x67005a00, 0x65006800, 0x95006600, 0x7f01a200, 0x7b002002, 0x6b00ad00, 0xc5006c00, 0x8d00c600, 0x69009e00, 0x7e006a00,
    0xab018a01, 0xac018701, 0xc001af01, 0xc401c301, 0xdb01c701, 0x0000de01, 0x0202e101, 0x08020502, 0x93031b01, 0x8d038b03, 0x8e039503, 0x9b039703,
    0x9c039003, 0x00009403, 0x2c0000b8, 0x0900b84b, 0x01b15850, 0xb8598e01, 0xb885ff01, 0xb91d4400, 0x03000900, 0xb82d5e5f, 0x202c0100, 0x44694520,
    0x2d6001b0, 0x2c0200b8, 0x2a0100b8, 0x00b82d21, 0x46202c03, 0x462503b0, 0x59235852, 0x8a208a20, 0x208a6449, 0x61682046, 0x2504b064, 0x61682046,
    0x23585264, 0x2f598a65, 0x5300b020, 0xb0206958, 0x21585400, 0x1b5940b0, 0x00b02069, 0xb0215854, 0x59596540, 0x00b82d3a, 0x46202c04, 0x462504b0,
    0x8a235852, 0x20462059, 0xb064616a, 0x20462504, 0x5264616a, 0x598a2358, 0xb82dfd2f, 0x4b2c0500, 0x2603b020, 0x58515850, 0x1b4480b0, 0x594440b0,
    0x2021211b, 0x50c0b045, 0x44c0b058, 0x5959211b, 0x0600b82d, 0x4520202c, 0x01b04469, 0x45202060, 0x4418697d, 0x2d6001b0, 0x2c0700b8, 0x2a0600b8,
    0x0800b82d, 0xb0204b2c, 0x58532603, 0xb01b40b0, 0x8a8a5900, 0x2603b020, 0x21235853, 0x8a8a80b0, 0x59238a1b, 0x2603b020, 0x21235853, 0x8ac000b8,
    0x238a1b8a, 0x03b02059, 0x23585326, 0x0001b821, 0x8a1b8a8a, 0xb0205923, 0x58532603, 0x01b82123, 0x1b8a8a40, 0x2059238a, 0x260300b8, 0x03b05853,
    0x01b84525, 0x23585080, 0x8001b821, 0xb01b2123, 0x23452503, 0x59212321, 0x4459211b, 0x0900b82d, 0x58534b2c, 0x211b4445, 0x002d5921, 0x2b0000b8,
    0x0100ba00, 0x02000e00, 0x00ba012b, 0x0004000f, 0xbf012b02, 0x37000f00, 0x23002d00, 0x0f001900, 0x08000000, 0x1000bf2b, 0x4a005b00, 0x29003a00,
    0x00001900, 0xbf2b0800, 0x51001100, 0x34004300, 0x17002500, 0x08000000, 0x1200bf2b, 0x39004600, 0x20002d00, 0x00001300, 0x002b0800, 0x000100bf,
    0x00440053, 0x00270035, 0x00000017, 0x00bf2b08, 0x003a0002, 0x00280030, 0x0013001e, 0x2b080000, 0x000300bf, 0x00470056, 0x00280037, 0x00000017,
    0x00bf2b08, 0x00660004, 0x00410054, 0x001c002f, 0x2b080000, 0x000500bf, 0x003f004e, 0x00270032, 0x00000017, 0x00bf2b08, 0x005c0006, 0x003b004b,
    0x00170027, 0x2b080000, 0x000700bf, 0x002a0033, 0x00180021, 0x0000000e, 0x00bf2b08, 0x004a0008, 0x002f003c, 0x00140022, 0x2b080000, 0x000900bf,
    0x00620078, 0x0037004d, 0x00000021, 0x00bf2b08, 0x0099000a, 0x0062007d, 0x002a0046, 0x2b080000, 0x000b00bf, 0x00200028, 0x00110018, 0x0000000a,
    0x00bf2b08, 0x0072000c, 0x0046005a, 0x001e0032, 0x2b080000, 0x000d00bf, 0x003f004b, 0x00270032, 0x00000017, 0x00bf2b08, 0x0025000e, 0x0018001e,
    0x000a0011, 0x2b080000, 0x1300ba00, 0x07000800, 0x0000b82b, 0x697d4520, 0x00ba4418, 0x0017003f, 0x00ba7401, 0x00170040, 0x00ba7401, 0x00170070,
    0x00ba7401, 0x001700a0, 0x00ba7401, 0x00170010, 0x00ba7501, 0x00170040, 0x00ba7501, 0x00190060, 0x00ba7301, 0x0019006f, 0x00ba7401, 0x00190010,
    0x00ba7401, 0x0019000f, 0x00ba7501, 0x0019003f, 0x00ba7501, 0x0019006f, 0x00ba7501, 0x0019009f, 0x00ba7501, 0x002100cf, 0x00ba7301, 0x002100ef,
    0x00007301, 0x42001700, 0x42006000, 0x44003000, 0x6c003900, 0x2e004b00, 0x8c002400, 0x49002f00, 0x64009800, 0x44003d00, 0x00004f00, 0x38ff0c00,
    0x49010c00, 0x71010600, 0x04020600, 0xba020c00, 0xe4020c00, 0x18020c00, 0x00000c00, 0x32000000, 0x32003200, 0xc4003200, 0xea016601, 0xce023e02,
    0xc4036603, 0x6a05cc04, 0xea067a06, 0x9e074807, 0x2408f407, 0x3609c608, 0x160a9209, 0xe40a9a0a, 0xb40b5e0b, 0x5a0c220c, 0x0c0dbe0c, 0x940d580d,
    0x6a0ee40d, 0x140fc80e, 0xae0f700f, 0x88102810, 0x0811c610, 0x84115811, 0x2e12e011, 0xfa128e12, 0xfa137213, 0x9a146614, 0x2615ec14, 0xdc158c15,
    0x5e162216, 0x6017c616, 0x2e18ea17, 0x40199018, 0x0a1a9019, 0xc21a841a, 0x0e1c901b, 0xe41c681c, 0x9e1d641d, 0x741efc1d, 0x301fc41e, 0xee1fb21f,
    0x04218a20, 0xca22d021, 0xea22e222, 0xfa22f222, 0x2e231423, 0x60234623, 0xa2239223, 0xe823ae23, 0x0024f423, 0x2a241e24, 0xa2246624, 0xba24ae24,
    0xfa24ee24, 0x2e251425, 0x46253a25, 0xd8258c25, 0xb4264426, 0x1027e226, 0x5e273827, 0x1428ba27, 0x54283428, 0x7e287628, 0x5e2a4629, 0x9a2a762a,
    0x8c2b4c2b, 0x3e2d762c, 0x422eaa2d, 0xf22e9e2e, 0x1c2f102f, 0x942f4a2f, 0x8e30f82f, 0x0631b630, 0x4a313031, 0xba319031, 0x44321a32, 0x92325032,
    0xde32b832, 0x4a331433, 0x7e335233, 0xb2338833, 0x0234c033, 0x64342034, 0x2c359e34, 0x16369435, 0x5a37ce36, 0x7038f237, 0x7239f838, 0x343bde39,
    0x803c9a3b, 0x8c3ef23d, 0xe43f343f, 0x6641f240, 0x7a421042, 0x9643c242, 0xc245fa44, 0x60471847, 0x4048e847, 0x9c49c048, 0x4e4a424a, 0x664a5a4a,
    0x7e4a724a, 0x964a8a4a, 0xae4aa24a, 0x924bba4a, 0xaa4b9e4b, 0xc24bb64b, 0xde4bd24b, 0xf64bea4b, 0x124c024c, 0x2a4c1e4c, 0x424c364c, 0x5a4c4e4c,
    0x724c664c, 0x8a4c7e4c, 0xa24c964c, 0x8a4d7e4d, 0xa24d964d, 0xbe4dae4d, 0xd64dca4d, 0xee4de24d, 0x0a4efe4d, 0x224e164e, 0x1e4f124f, 0x364f2a4f,
    0xce4fc24f, 0xe64fda4f, 0x4c51a050, 0x64515851, 0x7c517051, 0x94518851, 0xac51a051, 0xc451b851, 0xac52a052, 0xc852b852, 0xe052d452, 0x7653ec52,
    0x8e538253, 0xa6539a53, 0xbe53b253, 0xd653ca53, 0x7a546e54, 0xb654aa54, 0xce54c254, 0xe654da54, 0xfe54f254, 0x16550a55, 0xc455b855, 0xe455d055,
    0x1e561256, 0x36562a56, 0x98568c56, 0xb056a456, 0x1457bc56, 0x2c572057, 0x44573857, 0xbe575057, 0xd657ca57, 0xee57e257, 0x0658fa57, 0x1e581258,
    0x36582a58, 0xe458d858, 0x6a59f058, 0x82597659, 0x9a598e59, 0xb259a659, 0xce59c259, 0xe659da59, 0xe25ad65a, 0xfa5aee5a, 0x125b065b, 0xd05bc45b,
    0x285cdc5b, 0x605dda5c, 0xe65dda5d, 0x7a5ef25d, 0x0e5f025f, 0x265f1a5f, 0x3e5f325f, 0x565f4a5f, 0x6e5f625f, 0x30607a5f, 0x48603c60, 0xd260c660,
    0xea60de60, 0x0261f660, 0x1a610e61, 0x32612661, 0x4a613e61, 0x62615661, 0x7a616e61, 0x92618661, 0xaa619e61, 0xc261b661, 0xda61ce61, 0xf261e661,
    0x0a62fe61, 0x22621662, 0x3a622e62, 0xda624662, 0xf262e662, 0x0a63fe62, 0x26631a63, 0x3e633263, 0x5a634a63, 0x72636663, 0x02647e63, 0x1a640e64,
    0xbc642664, 0xd464c864, 0x6c65e064, 0x80657465, 0x98658c65, 0xb065a465, 0xc865bc65, 0xe065d465, 0x8e66ec65, 0xa6669a66, 0xc266b666, 0xda66ce66,
    0x5e675267, 0x76676a67, 0x06688267, 0x1e681268, 0x36682a68, 0x4e684268, 0x66685a68, 0x7e687268, 0x10698a68, 0x72691c69, 0x8e698269, 0xa6699a69,
    0xbe69b269, 0xd669ca69, 0x346a286a, 0x4c6a406a, 0xbc6a586a, 0xd46ac86a, 0xec6ae06a, 0x046bf86a, 0x1c6b106b, 0x346b286b, 0xe46bd86b, 0x6e6cf06b,
    0x866c7a6c, 0x9e6c926c, 0xb66caa6c, 0xd26cc66c, 0xea6cde6c, 0xa86d9c6d, 0xc06db46d, 0xd86dcc6d, 0x8c6e806e, 0x086f986e, 0x926f866f, 0x04709e6f,
    0x92708670, 0xaa709e70, 0xc270b670, 0xda70ce70, 0xf270e670, 0x9871fe70, 0xb071a471, 0x1e721272, 0x36722a72, 0x4e724272, 0x66725a72, 0x7e727272,
    0x96728a72, 0xae72a272, 0xc672ba72, 0xde72d272, 0xf672ea72, 0x0e730273, 0x26731a73, 0xe273a473, 0x78742674, 0x8275f474, 0x22768a75, 0x04778076,
    0xdc777e77, 0xe8784c78, 0x70791879, 0xd279ca79, 0xa07a1c7a, 0xf87aa87a, 0xc47b687b, 0x687c287c, 0x407db47c, 0x1e7ea27d, 0xbc7eb47e, 0xcc7ec47e,
    0xdc7ed47e, 0xec7ee47e, 0x7c7f747f, 0xc27f847f, 0xd27fca7f, 0x28802080, 0x38803080, 0x80807880, 0x60818880, 0xd6816881, 0xea81de81, 0x0282f681,
    0x1a820e82, 0x32822682, 0x4a823e82, 0x62825682, 0x7a826e82, 0x92828682, 0xaa829e82, 0xc282b682, 0xda82ce82, 0xea82e282, 0xe4837083, 0xa0847284,
    0x9a850685, 0xaa85a285, 0x16876086, 0x08888a87, 0x1c881088, 0xf0888e88, 0x7a894089, 0x1c8ad289, 0x2c8a248a, 0x3c8a348a, 0x768a6e8a, 0x5a8b7e8a,
    0xfa8bf28b, 0xda8c708c, 0x2c8e808d, 0xfe8e8c8e, 0xc68f708f, 0x92903290, 0x9a911491, 0x18921092, 0x7c927492, 0x0893aa92, 0x64935c93, 0xc0942e94,
    0x88953895, 0x12969495, 0xc0967096, 0xd096c896, 0xe096d896, 0x22971a97, 0x32972a97, 0x18988097, 0xaa98a298, 0x4a99ec98, 0xe6999299, 0xb49a429a,
    0x749b069b, 0x729cfa9b, 0xea9cde9c, 0x029df69c, 0x169d0e9d, 0x569d229d, 0xe89d929d, 0x749e689e, 0x8c9e809e, 0xfe9ef29e, 0xc69f0a9f, 0x68a05ca0,
    0x54a1eaa0, 0x86a17aa1, 0x9ea192a1, 0x22a2aaa1, 0x26a3aca2, 0x3ea4b8a3, 0x16a598a4, 0x74a568a5, 0x98a614a6, 0xb2a70ea7, 0x52a812a8, 0x6aa85ea8,
    0x82a876a8, 0xd6a88ea8, 0x86a92ca9, 0x0aaa92a9, 0x94aa88aa, 0x14ab0cab, 0xa2ab9aab, 0xb6abaeab, 0x4eac46ac, 0x5eac56ac, 0x84adeaac, 0x7aae36ae,
    0x92ae86ae, 0xa6ae9aae, 0x16afdaae, 0xdeaf66af, 0xf6afeaaf, 0x72b002b0, 0x8ab07eb0, 0xe0b15ab1, 0x72b2ecb1, 0xe8b2e0b2, 0x00b3f4b2, 0x18b30cb3,
    0x30b49cb3, 0x50b5b6b4, 0x3ab6d2b5, 0x28b7c4b6, 0xccb734b7, 0x86b840b8, 0x62b9f8b8, 0xf6b9a4b9, 0x0eba02ba, 0x26ba1aba, 0x82ba2eba, 0xecbae0ba,
    0xccbb58bb, 0x48bcd8bb, 0x94bc50bc, 0xa8bc9cbc, 0x24bdb0bc, 0xecbd8ebd, 0x84bef4bd, 0xd8bf1ebf, 0x76c01ec0, 0x0ec1b0c0, 0xeac1a0c1, 0xbcc252c2,
    0x80c3f0c2, 0x44c4ecc3, 0xdac47cc4, 0xb4c568c5, 0x86c61cc6, 0x4ac7bac6, 0xc6c7b6c7, 0xe6c7d6c7, 0x06c8f6c7, 0x26c816c8, 0x46c836c8, 0x66c856c8,
    0x86c876c8, 0xa6c896c8, 0xc6c8b6c8, 0x22c9f2c8, 0x82c94cc9, 0xe2c9b8c9, 0x36ca0cca, 0x8aca60ca, 0x06cbc8ca, 0x5ecb32cb, 0xb6cb8acb, 0x32ccf4cb,
    0x4ecc40cc, 0xd0cc8acc, 0x54cd12cd, 0xd8cd96cd, 0xaace42ce, 0x7acf12cf, 0xdecfaecf, 0x5ad024d0, 0xacd084d0, 0x42d1ecd0, 0xd2d192d1, 0x98d222d2,
    0xe8d2ccd2, 0xa0d346d3, 0x24d4c2d3, 0x38d42ed4, 0x4cd442d4, 0x60d456d4, 0x74d46ad4, 0x88d47ed4, 0xd8d492d4, 0xecd4e2d4, 0x1ad510d5, 0x6ed53ad5,
    0xf0d578d5, 0xeed668d6, 0xf8d798d7, 0xc2d864d8, 0x96d922d9, 0x64daf6d9, 0x58dbc8da, 0x20dcbcdb, 0x72dc46dc, 0xe2dcbadc, 0x1addfedc, 0xa0dd58dd,
    0x30def6dd, 0xeade86de, 0x3adf08df, 0xf6df98df, 0x28e190e0, 0xf8e18ae1, 0x9ce258e2, 0x3ae3f6e2, 0xf8e392e3, 0x6ee46ee4, 0x6ee46ee4, 0x6ee46ee4,
    0x6ee46ee4, 0x6ee46ee4, 0x6ee46ee4, 0x6ee46ee4, 0x6ee46ee4, 0x6ee46ee4, 0xa6e480e4, 0x74e5a6e4, 0x98e61ce6, 0x20000200, 0xb8010000, 0x03000c03,
    0x3a000700, 0x000400ba, 0x11090008, 0x00b83912, 0x00b81004, 0xb800d000, 0x58450000, 0x2f0000b8, 0x0000b91b, 0x593e1300, 0xdc0100b8, 0x100000b8,
    0xdc0400b8, 0x100100b8, 0xdc0700b8, 0x11333130, 0x21251121, 0x01202111, 0x01a4fe98, 0x03e0fe20, 0x3cf4fc0c, 0x00009402, 0x33000200, 0x1802f4ff,
    0x1d001002, 0x8b003200, 0x001200ba, 0x11340033, 0x00b83912, 0x00b81012, 0xb800d02a, 0x58450000, 0x2f1200b8, 0x1200b91b, 0x593e1b00, 0x450000b8,
    0x1900b858, 0x00b91b2f, 0x3e1b0019, 0x0000b859, 0x00b85845, 0xb91b2f0a, 0x13000a00, 0x00b8593e, 0xb8584500, 0x1b2f0000, 0x000000b9, 0xb8593e13,
    0xb9100a00, 0x05001e00, 0x0700baf4, 0x12001e00, 0xb8391211, 0xb9101200, 0x05002a00, 0x1700baf4, 0x0a002a00, 0xb8391211, 0xb9100000, 0x05001b00,
    0x213130f4, 0x34352622, 0x0e23013f, 0x26222301, 0x023e3435, 0x021e3233, 0x33373317, 0x25073303, 0x3e373632, 0x36013f01, 0x2223022e, 0x06010f06,
    0x01161415, 0x032122b5, 0x4e200305, 0x1f564739, 0x17405f3e, 0x061a242c, 0x5a4d1104, 0xebfe0d49, 0x19173322, 0x05150820, 0x22301c08, 0x0f0f523f,
    0x1c222f05, 0x41170f0c, 0x395c693b, 0x0c406579, 0x54182418, 0x3a4440fe, 0x3c19171c, 0x2b186927, 0x4b521421, 0x33171c4b, 0x00000042, 0x16000200,
    0xd301f4ff, 0x26001002, 0xa8003600, 0x000600ba, 0x11380037, 0x00b83912, 0x00b81006, 0xb800d02e, 0x58450000, 0x2f1400b8, 0x1400b91b, 0x593e1b00,
    0x450000b8, 0x1f00b858, 0x00b91b2f, 0x3e13001f, 0x0000b859, 0x00b85845, 0xb91b2f00, 0x13000000, 0x00b8593e, 0x00b91014, 0xf405000d, 0x100000b8,
    0x002700b9, 0x00baf405, 0x000d002e, 0x39121127, 0x2f2e00b8, 0xe0000541, 0xf0002e00, 0x02002e00, 0x0005415d, 0x002e0020, 0x002e0030, 0x00b97102,
    0xf4060006, 0x001000ba, 0x1106000d, 0x00b83912, 0x00b9101f, 0xf405001c, 0x002500ba, 0x11140027, 0x31303912, 0x35262217, 0x013b3634, 0x34353637,
    0x06222326, 0x013e2707, 0x021e3233, 0x03071415, 0x22230733, 0x37343526, 0x32270623, 0x013f023e, 0x07062223, 0x1415010e, 0x4a42a216, 0x0a6a7872,
    0x30313603, 0x1b2f1c3e, 0x402b4465, 0x3704152a, 0x223f0d49, 0x35050221, 0x28341c56, 0x6511041b, 0x04084542, 0x450c2c02, 0x33605538, 0x2d2a0d0f,
    0x2a2d2525, 0x34281837, 0xfe14141d, 0x1c2244ed, 0x4360080e, 0x15221a0e, 0x13262957, 0x211f050f, 0x24000200, 0x0902f4ff, 0x1600e402, 0x81002b00,
    0x000e00ba, 0x112d002c, 0x00b83912, 0x00b8100e, 0xb800d017, 0x58450000, 0x2f0000b8, 0x0000b91b, 0x593e1f00, 0x450000b8, 0x0600b858, 0x00b91b2f,
    0x3e1b0006, 0x0000b859, 0x00b85845, 0xb91b2f16, 0x13001600, 0x00b8593e, 0xb8584500, 0x1b2f0e00, 0x000e00b9, 0xb8593e13, 0xb9100600, 0x05002000,
    0x0300baf4, 0x0e002000, 0xb8391211, 0xb9100e00, 0x05001700, 0x1300baf4, 0x06001700, 0x30391211, 0x03331331, 0x33013e33, 0x14151632, 0x2223020e,
    0x2327022e, 0x32372307, 0x36013f36, 0x23263435, 0x0e070622, 0x06010f01, 0x4db9021e, 0x4e200344, 0x1f564739, 0x17405f3e, 0x061a242c, 0xe24d1104,
    0x0f0f523f, 0x22342f05, 0x20191733, 0x08051508, 0xe4022f1c, 0x3b41b0fe, 0x79395c69, 0x180c4065, 0x3a541824, 0x1c4b4b52, 0x1c423317, 0x273c1917,
    0x212c1869, 0x00000013, 0x31000100, 0xd901f4ff, 0x20001002, 0x00ba4300, 0x0021001a, 0x39121122, 0x0000b800, 0x00b85845, 0xb91b2f0a, 0x1b000a00,
    0x00b8593e, 0xb8584500, 0x1b2f0000, 0x000000b9, 0xb8593e13, 0xb9100a00, 0x05001000, 0x0000b8f4, 0x1a00b910, 0x30f40500, 0x2e221731, 0x3e343502,
    0x16323302, 0x23260717, 0x010f0622, 0x1415010e, 0x36323316, 0x010e1737, 0x30452cec, 0x5d42231a, 0x0f57453b, 0x3e531a40, 0x02110e4d, 0x263c3a02,
    0x203d1f3f, 0x381e0c66, 0x7843304d, 0x3544345a, 0x454e511d, 0x09190b54, 0x3a2b4638, 0x0049431e, 0x33000200, 0x4502f4ff, 0x1d00e402, 0x87003200,
    0x001200ba, 0x11340033, 0x00b83912, 0x00b81012, 0xb800d02a, 0x58450000, 0x2f1200b8, 0x1200b91b, 0x593e1b00, 0x450000b8, 0x1900b858, 0x00b91b2f,
    0x3e1f0019, 0x0000b859, 0x00b85845, 0xb91b2f00, 0x13000000, 0x00b8593e, 0xb8584500, 0x1b2f0a00, 0x000a00b9, 0xb9593e13, 0x05001e00, 0x0700baf4,
    0x12001e00, 0xb8391211, 0xb9101200, 0x05002a00, 0x1700baf4, 0x0a002a00, 0xb8391211, 0xb9100000, 0x05001b00, 0x213130f4, 0x34352622, 0x0e23013f,
    0x26222301, 0x023e3435, 0x021e3233, 0x33133317, 0x25073303, 0x3e373632, 0x36013f01, 0x2223022e, 0x06010f06, 0x01161415, 0x032122b5, 0x4e200305,
    0x1f564739, 0x17405f3e, 0x061a242c, 0x874d3e04, 0xebfe0d49, 0x19173322, 0x05150820, 0x22301c08, 0x0f0f523f, 0x1c222f05, 0x41170f0c, 0x395c693b,
    0x0c406579, 0x01182418, 0x4460fd34, 0x19171c3a, 0x1869273c, 0x5214212b, 0x171c4b4b, 0x00004233, 0x31000200, 0xe501f4ff, 0x1c001002, 0xaa002c00,
    0x001600ba, 0x112e002d, 0x00b83912, 0x00b81016, 0xb800d01d, 0x58450000, 0x2f0800b8, 0x0800b91b, 0x593e1b00, 0x450000b8, 0x0000b858, 0x00b91b2f,
    0x3e130000, 0x0800b859, 0x1d00b910, 0xb8f40500, 0xb9100000, 0x05001600, 0x1000baf4, 0x16001d00, 0xb8391211, 0x412f1000, 0x004f0005, 0x005f0010,
    0x71020010, 0xbf000541, 0xcf001000, 0x02001000, 0x00054171, 0x0010007f, 0x0010008f, 0x05417102, 0x1000af00, 0x1000bf00, 0x415d0200, 0x006f0005,
    0x007f0010, 0x5d020010, 0x001900ba, 0x11160010, 0x00b93912, 0xf4060023, 0x22173130, 0x3e343526, 0x1e323302, 0x06141502, 0x15010e07, 0x32331614,
    0x0e173736, 0x0e221301, 0x3e010f02, 0x2e343503, 0x665df402, 0x3d634727, 0x1b2e3c21, 0x0102b5af, 0x4f313c3f, 0x6d30321e, 0x2b371e0b, 0x5306071f,
    0x10153b68, 0x6e0c231a, 0x5a75406a, 0x34221135, 0x02525523, 0x3708170b, 0x2d252d43, 0xda012f3b, 0x22392716, 0x1b0f031d, 0x1b151b26, 0x00000710,
    0xb5ff0100, 0x850138ff, 0x1500e402, 0x00ba7500, 0x00160007, 0x39121117, 0x0000b800, 0x00b85845, 0xb91b2f09, 0x1b000900, 0x00b8593e, 0xb8584500,
    0x1b2f1200, 0x001200b9, 0xb8593e1b, 0x58450000, 0x2f0e00b8, 0x0e00b91b, 0x593e1f00, 0x450000b8, 0x0400b858, 0x00b91b2f, 0x3e150004, 0x0500b959,
    0xb8f40500, 0xb9100900, 0x05000800, 0x0e00b8f4, 0x1100b910, 0xb8f40500, 0xb9101200, 0x05001500, 0x173130f4, 0x012b010e, 0x23133337, 0x3e373337,
    0x07013b01, 0x07330723, 0x370b7623, 0x5d0d433c, 0x550d5576, 0x3c370b16, 0x20690d4f, 0x56650d65, 0x02443d35, 0x356e4444, 0x449c443d, 0xf1ff0300,
    0x1e022cff, 0x34004a02, 0x55004300, 0x00ba2201, 0x00560044, 0x39121157, 0x104400b8, 0xd02900b8, 0x104400b8, 0xd04100b8, 0x0000b800, 0x00b85845,
    0xb91b2f18, 0x1b001800, 0x00b8593e, 0xb8584500, 0x1b2f0500, 0x000500b9, 0xbb593e15, 0x05001e00, 0x04002100, 0x1800b82b, 0x4d00b910, 0xb8f40500,
    0xb9100500, 0x05004000, 0x3900baf4, 0x40004d00, 0xb8391211, 0x412f3900, 0x00300005, 0x00400039, 0x72020039, 0x20000541, 0x30003900, 0x02003900,
    0x0007415d, 0x00390000, 0x00390010, 0x00390020, 0x05417103, 0x3900cf00, 0x3900df00, 0x415d0200, 0x00800003, 0x5d010039, 0x90000d41, 0xa0003900,
    0xb0003900, 0xc0003900, 0xd0003900, 0xe0003900, 0x06003900, 0x00054172, 0x003900e0, 0x003900f0, 0x03417102, 0x39000000, 0x41720100, 0x00600003,
    0x71010039, 0x003100b9, 0x00baf40d, 0x0031000b, 0x39121139, 0xdc2900b8, 0x20000541, 0x30002900, 0x02002900, 0x00034171, 0x00290070, 0x00b95d01,
    0xf4050044, 0x001100ba, 0x11290044, 0x31303912, 0x020e1405, 0x34352223, 0x26013f36, 0x3f363435, 0x34352601, 0x3233023e, 0x013e3717, 0x2307013b,
    0x14151607, 0x2223020e, 0x010e2726, 0x013b1415, 0x34071632, 0x06012b26, 0x021e1415, 0x3632013b, 0x37363203, 0x3435013e, 0x06222326, 0x15010e07,
    0xce011614, 0x4e673e1a, 0x023333d0, 0x0135332a, 0x503a2046, 0x02273930, 0x49202205, 0x2008590d, 0x31523b21, 0x240b110b, 0x5673442e, 0x30235049,
    0x190b3cb1, 0x572f1f29, 0x3b37814e, 0x2e040509, 0x093b3730, 0x252e0405, 0x1d313f22, 0x0f3b2872, 0x252c1308, 0x25070b32, 0x374c2c5d, 0x1f0c161f,
    0x28294525, 0x374a2c3b, 0x0702011f, 0x3c251a1b, 0x1a201b48, 0x141b1037, 0x4a01350b, 0x141b2d34, 0x352b2409, 0x09141b2d, 0x00002a24, 0x08000200,
    0x18022cff, 0x22001002, 0x95003700, 0x000800ba, 0x11390038, 0x00b83912, 0x00b81008, 0xb800d02f, 0x58450000, 0x2f0800b8, 0x0800b91b, 0x593e1b00,
    0x450000b8, 0x0f00b858, 0x00b91b2f, 0x3e1b000f, 0x0000b859, 0x00b85845, 0xb91b2f00, 0x13000000, 0x00b8593e, 0xb8584500, 0x1b2f1400, 0x001400b9,
    0xb8593e15, 0xb9100800, 0x05002f00, 0x0d00baf4, 0x00002f00, 0xb8391211, 0xb9101400, 0x05001b00, 0x1800baf4, 0x1b000000, 0xb8391211, 0xb9100000,
    0x05002300, 0x2000baf4, 0x08002300, 0x30391211, 0x26221731, 0x023e3435, 0x021e3233, 0x33373317, 0x23010e03, 0x37272622, 0x3233011e, 0x23013f36,
    0x3227010e, 0x013e3736, 0x2e36013f, 0x06222302, 0x1506010f, 0x47d01614, 0x5f3e1f56, 0x242c1740, 0x1104061a, 0x7314694d, 0x1b5d4662, 0x2f431537,
    0x160f503f, 0x264e2003, 0x1a173324, 0x0319081f, 0x1e2d1e0d, 0x0f0f5142, 0x690c2f05, 0x6579395c, 0x24180c40, 0xf4fd5418, 0x27326a62, 0x47242130,
    0x3b416e4b, 0x1a171c46, 0x117c263c, 0x52131d24, 0x171c4b4b, 0x00004332, 0xf1ff0300, 0x10022cff, 0x33001002, 0x54004500, 0x00ba3301, 0x00550034,
    0x39121156, 0x103400b8, 0xd02700b8, 0x103400b8, 0xd05200b8, 0x0000b800, 0x00b85845, 0xb91b2f1a, 0x1b001a00, 0x00b8593e, 0xb8584500, 0x1b2f1d00,
    0x001d00b9, 0xb8593e1b, 0x58450000, 0x2f0500b8, 0x0500b91b, 0x593e1500, 0x101a00b8, 0x003d00b9, 0x00b8f405, 0x00b91005, 0xf4050051, 0x004a00ba,
    0x1151003d, 0x00b83912, 0x05412f4a, 0x4a003000, 0x4a004000, 0x41720200, 0x00200005, 0x0030004a, 0x5d02004a, 0x00000741, 0x10004a00, 0x20004a00,
    0x03004a00, 0x00054171, 0x004a00cf, 0x004a00df, 0x03415d02, 0x4a008000, 0x415d0100, 0x0090000d, 0x00a0004a, 0x00b0004a, 0x00c0004a, 0x00d0004a,
    0x00e0004a, 0x7206004a, 0xe0000541, 0xf0004a00, 0x02004a00, 0x00034171, 0x004a0000, 0x03417201, 0x4a006000, 0xb9710100, 0x0d003000, 0x0c00baf4,
    0x4a003000, 0xb8391211, 0x41dc2700, 0x00200005, 0x00300027, 0x71020027, 0x70000341, 0x01002700, 0x3400b95d, 0xbaf40500, 0x34001200, 0x12112700,
    0x1d00b839, 0x2000b910, 0x30f40500, 0x0e140531, 0x26222302, 0x3f363435, 0x34352601, 0x2e013f36, 0x3e343501, 0x16323302, 0x23073317, 0x0e141516,
    0x26222302, 0x15010e27, 0x013b1614, 0x32271632, 0x013e3736, 0x23263435, 0x0e070622, 0x16141501, 0x2b263413, 0x14150601, 0x013b021e, 0xce013632,
    0x516a3f1a, 0x33336a5f, 0x35332a02, 0x20212501, 0x1530503a, 0x0b9a1025, 0x3b211348, 0x110c3052, 0x2031210b, 0x49567324, 0x093c36d1, 0x302e0405,
    0x05093c36, 0x24b12e04, 0x0b3bb130, 0x301f2919, 0x23244f55, 0x391d313f, 0x0f3b2839, 0x252c1308, 0x12070b32, 0x4c2c2e42, 0x05071f37, 0x2c28233f,
    0x011f374b, 0x1a1b0602, 0xd73c1115, 0x141b2d34, 0x352b230a, 0x0a141b2d, 0xe0fe2a23, 0x381a1f1d, 0x0b141b0f, 0x00000035, 0x24000100, 0xfc010000,
    0x2400e402, 0x00ba6f00, 0x00250001, 0x39121126, 0x0000b800, 0x00b85845, 0xb91b2f00, 0x1f000000, 0x00b8593e, 0xb8584500, 0x1b2f0600, 0x000600b9,
    0xb8593e1b, 0x58450000, 0x2f2400b8, 0x2400b91b, 0x593e1300, 0x450000b8, 0x1000b858, 0x00b91b2f, 0x3e130010, 0x0600b859, 0x1d00b910, 0xbaf40500,
    0x1d000300, 0x12111000, 0x1000b839, 0x0d00b910, 0x30f40500, 0x03331331, 0x33013e33, 0x14151632, 0x33010f06, 0x26222307, 0x3f013c35, 0x35013e01,
    0x22232634, 0x07010e07, 0x4db92303, 0x4b1b0542, 0x03424338, 0x0d493204, 0x02231d49, 0x25020330, 0x1a29362a, 0x4d3a0624, 0xbafee402, 0x434c383a,
    0xfa13220e, 0x051e1c44, 0x0fef0808, 0x2b2c091d, 0x1f481a29, 0x0000e0fe, 0x33000200, 0x08010000, 0x1100e402, 0x5a001c00, 0x001a00ba, 0x111e001d,
    0x00b83912, 0x00b8101a, 0xb800d003, 0x58450000, 0x2f0900b8, 0x0900b91b, 0x593e1f00, 0x450000b8, 0x1800b858, 0x00b91b2f, 0x3e1b0018, 0x0000b859,
    0x00b85845, 0xb91b2f12, 0x13001200, 0x00b8593e, 0x00b81009, 0x00b8dc00, 0x00b91012, 0xf405001a, 0x22133130, 0x36343526, 0x33013e37, 0x14151632,
    0x010e0706, 0x35262203, 0x33133734, 0xce073303, 0x03011317, 0x17191904, 0x04030113, 0x23236e19, 0x5a4d5603, 0x7d020d49, 0x0b030e15, 0x1515130e,
    0x0e0b030e, 0x83fd1513, 0x0f091c23, 0x40fead01, 0x00000044, 0xa9ff0200, 0x080138ff, 0x0800e402, 0x52001a00, 0x000000ba, 0x111c001b, 0x00b83912,
    0xb800d00c, 0x58450000, 0x2f0000b8, 0x0000b91b, 0x593e1b00, 0x450000b8, 0x1200b858, 0x00b91b2f, 0x3e1f0012, 0x0000b859, 0x00b85845, 0xb91b2f06,
    0x15000600, 0x00b9593e, 0xf4050007, 0x101200b8, 0xdc0900b8, 0x33133130, 0x2b010e03, 0x13333701, 0x34352622, 0x013e3736, 0x15163233, 0x0e070614,
    0x7b4d8c01, 0x4335320b, 0x17c4530e, 0x04030113, 0x13171919, 0x19040301, 0x9afd0402, 0x03443135, 0x030e1501, 0x15130e0b, 0x0b030e15, 0x0015130e,
    0x24000100, 0x14020000, 0x1200e402, 0x00ba6900, 0x00130001, 0x39121114, 0x0000b800, 0x00b85845, 0xb91b2f00, 0x1f000000, 0x00b8593e, 0xb8584500,
    0x1b2f0500, 0x000500b9, 0xb8593e1b, 0x58450000, 0x2f1200b8, 0x1200b91b, 0x593e1300, 0x450000b8, 0x0b00b858, 0x00b91b2f, 0x3e13000b, 0x0200ba59,
    0x12000500, 0xb9391211, 0x05000800, 0x0200b8f4, 0x1000b810, 0x133130d0, 0x3f330333, 0x17073301, 0x22230733, 0x0f012f26, 0x4db92301, 0xae5c055e,
    0x4269e65d, 0x25232c0d, 0x245b5b0d, 0xfee4024d, 0xd099582f, 0x1d1944f0, 0x00b552d1, 0x33000100, 0x06010000, 0x0a00e402, 0x00ba3500, 0x000b0008,
    0x3912110c, 0x0000b800, 0x00b85845, 0xb91b2f06, 0x1f000600, 0x00b8593e, 0xb8584500, 0x1b2f0000, 0x000000b9, 0xb9593e13, 0x05000800, 0x333130f4,
    0x34352622, 0x03331337, 0x23790733, 0x4d830323, 0x230d4e87, 0x020f091c, 0x4460fd8d, 0x24000100, 0x17030000, 0x35001002, 0x00baa500, 0x00360028,
    0x39121137, 0x0000b800, 0x00b85845, 0xb91b2f01, 0x1b000100, 0x00b8593e, 0xb8584500, 0x1b2f0700, 0x000700b9, 0xb8593e1b, 0x58450000, 0x2f0e00b8,
    0x0e00b91b, 0x593e1b00, 0x450000b8, 0x0000b858, 0x00b91b2f, 0x3e130000, 0x0000b859, 0x00b85845, 0xb91b2f29, 0x13002900, 0x00b8593e, 0xb8584500,
    0x1b2f1700, 0x001700b9, 0xb8593e13, 0xb9100700, 0x05002e00, 0x0400baf4, 0x29002e00, 0xb8391211, 0xb9100e00, 0x05002200, 0x0b00baf4, 0x17002200,
    0xb8391211, 0xb9101700, 0x05001400, 0x333130f4, 0x33073313, 0x3233013e, 0x3e331716, 0x16323301, 0x010f1415, 0x22230733, 0x3f343526, 0x34353601,
    0x07222326, 0x0307010e, 0x35361323, 0x06222334, 0x07010e07, 0x4d682403, 0x491b0515, 0x063c3639, 0x394e1a06, 0x32074141, 0x1e480d49, 0x06300324,
    0x282f2a25, 0x3a062119, 0x4806404d, 0x1c112e1a, 0x023a0624, 0x383a6604, 0x383a363c, 0x2320444a, 0x1d1c44fb, 0x1eef0f08, 0x292a2a19, 0xfe204819,
    0x1e3e01e0, 0x1216521c, 0xfe1e481c, 0x000000e0, 0x24000100, 0xfc010000, 0x24001002, 0x00ba6f00, 0x00250020, 0x39121126, 0x0000b800, 0x00b85845,
    0xb91b2f01, 0x1b000100, 0x00b8593e, 0xb8584500, 0x1b2f0700, 0x000700b9, 0xb8593e1b, 0x58450000, 0x2f0000b8, 0x0000b91b, 0x593e1300, 0x450000b8,
    0x1100b858, 0x00b91b2f, 0x3e130011, 0x0700b859, 0x1e00b910, 0xbaf40500, 0x1e000400, 0x12111100, 0x1100b839, 0x0e00b910, 0x30f40500, 0x33133331,
    0x013e3307, 0x15163233, 0x010f0614, 0x22230733, 0x013c3526, 0x013e013f, 0x23263435, 0x010e0722, 0x68240307, 0x1b05154d, 0x4243384b, 0x49320403,
    0x231d490d, 0x02033002, 0x29362a25, 0x3a06241a, 0x3a660402, 0x0e434c38, 0x44fa1322, 0x08051e1c, 0x1d0fef08, 0x292b2c09, 0xfe1f481a, 0x000000e0,
    0x31000200, 0xf501f4ff, 0x13001002, 0x47002500, 0x001400ba, 0x11270026, 0x00b83912, 0x00b81014, 0xb800d000, 0x58450000, 0x2f0a00b8, 0x0a00b91b,
    0x593e1b00, 0x450000b8, 0x0000b858, 0x00b91b2f, 0x3e130000, 0x1400b959, 0xb8f40500, 0xb9100a00, 0x05001d00, 0x173130f4, 0x35022e22, 0x33023e34,
    0x15021e32, 0x27020e14, 0x013f3632, 0x26343536, 0x0f062223, 0x14150601, 0x4429eb16, 0x46271c31, 0x45283b62, 0x46271c31, 0x58383162, 0x3d050f10,
    0x1058383b, 0x0c3d050f, 0x354f351b, 0x365a7741, 0x3450351b, 0x365a7741, 0x4b4f5245, 0x43361419, 0x194b4f52, 0x00433614, 0xfcff0200, 0x090238ff,
    0x16001002, 0x81002b00, 0x000e00ba, 0x112d002c, 0x00b83912, 0x00b8100e, 0xb800d017, 0x58450000, 0x2f0000b8, 0x0000b91b, 0x593e1b00, 0x450000b8,
    0x0600b858, 0x00b91b2f, 0x3e1b0006, 0x0000b859, 0x00b85845, 0xb91b2f16, 0x15001600, 0x00b8593e, 0xb8584500, 0x1b2f0e00, 0x000e00b9, 0xb8593e13,
    0xb9100600, 0x05002000, 0x0300baf4, 0x0e002000, 0xb8391211, 0xb9100e00, 0x05001700, 0x1300baf4, 0x06001700, 0x30391211, 0x07331331, 0x33013e33,
    0x14151632, 0x2223020e, 0x2327022e, 0x32012303, 0x36013f36, 0x23263435, 0x0e070622, 0x06010f01, 0x4d8c021e, 0x4e200317, 0x1f564739, 0x17405f3e,
    0x061a242c, 0x014d3904, 0x0f523f0a, 0x342f050f, 0x19173322, 0x05150820, 0x022f1c08, 0x3b417004, 0x79395c69, 0x180c4065, 0xe4fe1824, 0x4b520201,
    0x33171c4b, 0x19171c42, 0x1869273c, 0x0013212c, 0x33000200, 0x180238ff, 0x16001002, 0x81002b00, 0x000c00ba, 0x112d002c, 0x00b83912, 0x00b8100c,
    0xb800d023, 0x58450000, 0x2f0c00b8, 0x0c00b91b, 0x593e1b00, 0x450000b8, 0x1300b858, 0x00b91b2f, 0x3e1b0013, 0x0000b859, 0x00b85845, 0xb91b2f04,
    0x13000400, 0x00b8593e, 0xb8584500, 0x1b2f1600, 0x001600b9, 0xb8593e15, 0xb9100400, 0x05001700, 0x0100baf4, 0x0c001700, 0xb8391211, 0xb9100c00,
    0x05002300, 0x1100baf4, 0x04002300, 0x30391211, 0x0e232531, 0x26222301, 0x023e3435, 0x021e3233, 0x33373317, 0x32032303, 0x013e3736, 0x2e36013f,
    0x06222302, 0x1506010f, 0x7a011614, 0x394e2003, 0x3e1f5647, 0x2c17405f, 0x04061a24, 0x4d904d11, 0x17332256, 0x15082019, 0x301c0805, 0x0f523f22,
    0x702f050f, 0x5c693b41, 0x40657939, 0x1824180c, 0x0134fd54, 0x19171c02, 0x1869273c, 0x5214212b, 0x171c4b4b, 0x00004233, 0x24000100, 0x83010000,
    0x12000402, 0x00ba5400, 0x00130011, 0x39121114, 0x0000b800, 0x00b85845, 0xb91b2f01, 0x1b000100, 0x00b8593e, 0xb8584500, 0x1b2f0900, 0x000900b9,
    0xb8593e1b, 0x58450000, 0x2f0000b8, 0x0000b91b, 0x593e1300, 0x100900b8, 0x000c00b9, 0x00baf40d, 0x000c0004, 0x39121100, 0x13333130, 0x3e330733,
    0x07013b03, 0x020e2223, 0x68240307, 0x0a05164d, 0x2030251c, 0x24240f20, 0x05192837, 0x6704023e, 0x121d2513, 0x2f24154f, 0x00cdfe1a, 0x0e000100,
    0xb001f4ff, 0x2f001002, 0x00ba6b00, 0x00300025, 0x39121131, 0x0000b800, 0x00b85845, 0xb91b2f18, 0x1b001800, 0x00b8593e, 0xb8584500, 0x1b2f0000,
    0x000000b9, 0xb8593e13, 0xb9101800, 0x05001f00, 0x0e00baf4, 0x1f000000, 0xb8391211, 0xb9100000, 0x05000700, 0x0400baf4, 0x07000e00, 0xba391211,
    0x18002500, 0x12110700, 0x1c00ba39, 0x25001f00, 0x30391211, 0x26221731, 0x011e3727, 0x35363233, 0x012f2634, 0x3435032e, 0x3233023e, 0x2e071716,
    0x06222301, 0x1f161415, 0x15031e01, 0xd1020e14, 0x351f683c, 0x332d461b, 0x272d1f42, 0x1525331d, 0x30483017, 0x351d5239, 0x392e3a11, 0x272c1f35,
    0x1424331f, 0x0c46331d, 0x242f2d31, 0x1a303126, 0x06080925, 0x202d1f13, 0x1b2d3b20, 0x182f2527, 0x1b273220, 0x06080923, 0x202e2014, 0x182b3f27,
    0x42000100, 0x55010000, 0x15009302, 0x00ba6200, 0x0016000c, 0x39121117, 0x0d00b800, 0x0000b82f, 0x00b85845, 0xb91b2f08, 0x1b000800, 0x00b8593e,
    0xb8584500, 0x1b2f0f00, 0x000f00b9, 0xb8593e1b, 0x58450000, 0x2f0000b8, 0x0000b91b, 0x593e1300, 0x100800b8, 0x000700b9, 0x00b8f405, 0x00b9100f,
    0xf4050012, 0x100000b8, 0x001300b9, 0x3130f405, 0x35262233, 0x23133734, 0x36323337, 0x0733013f, 0x03230733, 0x23880733, 0x4c490323, 0x131c270d,
    0x1c471305, 0x4d6d0d6d, 0x1c230d65, 0x69010f09, 0x5e1b1644, 0x84fe448f, 0x00000044, 0x3f000100, 0x0302f4ff, 0x23000402, 0x00ba6b00, 0x00240009,
    0x39121125, 0x0000b800, 0x00b85845, 0xb91b2f23, 0x1b002300, 0x00b8593e, 0xb8584500, 0x1b2f0d00, 0x000d00b9, 0xb8593e1b, 0x58450000, 0x2f1200b8,
    0x1200b91b, 0x593e1300, 0x450000b8, 0x1c00b858, 0x00b91b2f, 0x3e13001c, 0x0700b959, 0xb8f40500, 0xb9101200, 0x05000f00, 0x1900baf4, 0x23000700,
    0x30391211, 0x0e031331, 0x16141501, 0x3e373233, 0x33133701, 0x23073303, 0x34352622, 0x0e23013f, 0x26222301, 0x37363435, 0x0340d313, 0x352a2302,
    0x06221c28, 0x495a4d3a, 0x2121460d, 0x1b050204, 0x4242364a, 0x02400403, 0x0fc2fe04, 0x2c2b091d, 0x1d471d29, 0x40fe2001, 0x0a1c2344, 0x373b0a13,
    0x220e434c, 0x003e0113, 0x43000100, 0x07020000, 0x09000402, 0x00ba4400, 0x000a0009, 0x3912110b, 0x0000b800, 0x00b85845, 0xb91b2f01, 0x1b000100,
    0x00b8593e, 0xb8584500, 0x1b2f0700, 0x000700b9, 0xb8593e1b, 0x58450000, 0x2f0000b8, 0x0000b91b, 0x593e1300, 0xd00400b8, 0x03333130, 0x33011f33,
    0x0133013f, 0x264b4f92, 0x8a5d0515, 0x02e6fe52, 0xbcbcff04, 0x00fcfdff, 0x4d000100, 0xf8020000, 0x15000402, 0x00ba7600, 0x00160006, 0x39121117,
    0x0000b800, 0x00b85845, 0xb91b2f00, 0x1b000000, 0x00b8593e, 0xb8584500, 0x1b2f0600, 0x000600b9, 0xb8593e1b, 0x58450000, 0x2f0c00b8, 0x0c00b91b,
    0x593e1b00, 0x450000b8, 0x0f00b858, 0x00b91b2f, 0x3e13000f, 0x0000b859, 0x00b85845, 0xb91b2f15, 0x13001500, 0x00b8593e, 0x00b8d003, 0x00b8100f,
    0x00b8d009, 0x00b81006, 0x3130d012, 0x011f3313, 0x33133733, 0x37331713, 0x23033313, 0x07232703, 0x4a4d2303, 0x4f050609, 0x0c164b80, 0x4b754c05,
    0x07195deb, 0x62853b05, 0xbffb0402, 0xfe1101a9, 0x01aeb2fc, 0x01fcfd08, 0xfe848417, 0x000000e9, 0xe4ff0100, 0x06020000, 0x0d000402, 0x00ba6500,
    0x000e000b, 0x3912110f, 0x0000b800, 0x00b85845, 0xb91b2f02, 0x1b000200, 0x00b8593e, 0xb8584500, 0x1b2f0600, 0x000600b9, 0xb8593e1b, 0x58450000,
    0x2f0a00b8, 0x0a00b91b, 0x593e1300, 0x450000b8, 0x0000b858, 0x00b91b2f, 0x3e130000, 0x0400ba59, 0x00000200, 0xba391211, 0x00000c00, 0x12110200,
    0x23313039, 0x17332713, 0x03333733, 0x23272313, 0x7eea1c07, 0xa8055d54, 0x5488e058, 0x01b20567, 0xc6c6f90b, 0xfcfe00ff, 0x0000d2d2, 0xecff0100,
    0x080238ff, 0x0f000402, 0x00ba5800, 0x0010000e, 0x39121111, 0x0000b800, 0x00b85845, 0xb91b2f0a, 0x1b000a00, 0x00b8593e, 0xb8584500, 0x1b2f0000,
    0x000000b9, 0xb8593e1b, 0x58450000, 0x2f0600b8, 0x0600b91b, 0x593e1500, 0x000700b9, 0x00baf405, 0x000a0009, 0x39121107, 0x100900b8, 0xd00d00b8,
    0x33013130, 0x2b010e01, 0x37333701, 0x011f3303, 0xb6013733, 0x19a3fe52, 0x0d50272f, 0x4b52405d, 0x5d051526, 0x87fd0402, 0x7642262d, 0xbcff1402,
    0x000000bc, 0xfbff0100, 0xc9010000, 0x09000402, 0x00ba4700, 0x000a0007, 0x3912110b, 0x0000b800, 0x00b85845, 0xb91b2f04, 0x1b000400, 0x00b8593e,
    0xb8584500, 0x1b2f0000, 0x000000b9, 0xb9593e13, 0x05000700, 0x0100b8f4, 0x0400b8d0, 0x0300b910, 0xb8f40500, 0x30d00600, 0x01372331, 0x07213721,
    0x05072101, 0xfe57010d, 0x67010df6, 0x01a9fe0d, 0x01420d18, 0xfe42447e, 0x00004482, 0xe5ff0200, 0x23020000, 0x0700ba02, 0x68000b00, 0x000500ba,
    0x110d000c, 0x00b83912, 0x00b81005, 0xb800d009, 0x58450000, 0x2f0500b8, 0x0500b91b, 0x593e1d00, 0x450000b8, 0x0400b858, 0x00b91b2f, 0x3e130004,
    0x0000b859, 0x00b85845, 0xb91b2f00, 0x13000000, 0x00ba593e, 0x00050002, 0x39121104, 0x2f0200b8, 0x100500b8, 0xd00900b8, 0x100200b8, 0x000a00b9,
    0x3130f40d, 0x07212721, 0x13330123, 0x33032303, 0xfe1ad001, 0x01566cf1, 0xa05e6b75, 0xcee2b205, 0xfdba02ce, 0xfe6d0246, 0x000000a9, 0x27000300,
    0x5b020000, 0x1300ba02, 0x2b001f00, 0x00ba8300, 0x002c0014, 0x3912112d, 0x101400b8, 0xd01200b8, 0x101400b8, 0xd02000b8, 0x0000b800, 0x00b85845,
    0xb91b2f00, 0x1d000000, 0x00b8593e, 0xb8584500, 0x1b2f1300, 0x001300b9, 0xb8593e13, 0xb9100000, 0x0d002a00, 0x1300b8f4, 0x1f00b910, 0xbaf40d00,
    0x2a001e00, 0x12111f00, 0x1e00b839, 0x0003412f, 0x001e00bf, 0x03415d01, 0x1e00e000, 0xb9710100, 0x0d002b00, 0x0900baf4, 0x1e002b00, 0x30391211,
    0x32211331, 0x0e141516, 0x1e010f02, 0x0e141501, 0x25212302, 0x3e373632, 0x26343501, 0x1307012b, 0x3e373632, 0x26343501, 0xb307012b, 0x56510101,
    0x22352413, 0x23353001, 0xfe31533d, 0x342501da, 0x04050b48, 0x32be3234, 0x0b4938e9, 0x2d2c0205, 0xba022eb5, 0x3b204550, 0x05082330, 0x31363b0b,
    0x48264156, 0x191a3937, 0xfc2b2707, 0x352f4201, 0x24071917, 0x0000e829, 0x37000100, 0x6702f4ff, 0x2700c602, 0x00ba4300, 0x0028001f, 0x39121129,
    0x0000b800, 0x00b85845, 0xb91b2f0a, 0x1d000a00, 0x00b8593e, 0xb8584500, 0x1b2f0000, 0x000000b9, 0xb8593e13, 0xb9100a00, 0x0d001100, 0x0000b8f4,
    0x1f00b910, 0x30f40d00, 0x2e220531, 0x3e343502, 0x16323302, 0x012e0717, 0x020e2223, 0x010e010f, 0x021e1415, 0x023e3233, 0x010e1737, 0x56332201,
    0x5830233f, 0x71554c7c, 0x4a13491a, 0x39472842, 0x04170929, 0x3b281602, 0x2d392426, 0x2e441125, 0x47240c7e, 0xa15b4467, 0x514e4779, 0x1e3c3b21,
    0x73304d37, 0x290f2013, 0x121b3144, 0x221e3121, 0x00005257, 0x27000200, 0x6f020000, 0x0a00ba02, 0x4b001600, 0x000b00ba, 0x11180017, 0x00b83912,
    0x00b8100b, 0xb800d009, 0x58450000, 0x2f0000b8, 0x0000b91b, 0x593e1d00, 0x450000b8, 0x0a00b858, 0x00b91b2f, 0x3e13000a, 0x0000b859, 0x1500b910,
    0xb8f40d00, 0xb9100a00, 0x0d001600, 0x133130f4, 0x15163233, 0x2b020e14, 0x36323701, 0x3536013f, 0x012b2634, 0x70cdb303, 0x82592e7f, 0x5aeeec53,
    0x0615157c, 0x6e874956, 0x8788ba02, 0x49779a51, 0x696a6f48, 0x57541f1e, 0x0000d6fd, 0x27000100, 0x4e020000, 0x0b00ba02, 0x00ba8400, 0x000c0004,
    0x3912110d, 0x0000b800, 0x00b85845, 0xb91b2f01, 0x1d000100, 0x00b8593e, 0xb8584500, 0x1b2f0000, 0x000000b9, 0xb8593e13, 0xb9100100, 0x0d000400,
    0x0000b8f4, 0x0900b910, 0xbaf40d00, 0x04000800, 0x12110900, 0x0800b839, 0x0003412f, 0x000800bf, 0x03415d01, 0x0800df00, 0x41710100, 0x00bf0003,
    0x71010008, 0x8f000341, 0x01000800, 0x0003415d, 0x0008008f, 0x00b97101, 0xf40d0005, 0x13333130, 0x07210721, 0x07210721, 0x8c270721, 0xfe0f9b01,
    0x28012fb7, 0x31d7fe0e, 0x020e5a01, 0x48ec48ba, 0x000048f6, 0x27000100, 0x43020000, 0x0900ba02, 0x00ba4d00, 0x000a0004, 0x3912110b, 0x0000b800,
    0x00b85845, 0xb91b2f01, 0x1d000100, 0x00b8593e, 0xb8584500, 0x1b2f0000, 0x000000b9, 0xb8593e13, 0xb9100100, 0x0d000400, 0x0800baf4, 0x00000400,
    0xb8391211, 0xb92f0800, 0x0d000500, 0x333130f4, 0x21072113, 0x21072107, 0x018c2703, 0xc2fe0f90, 0x0e24012f, 0x0240dbfe, 0x48ec48ba, 0x0000c2fe,
    0x37000100, 0x8002f4ff, 0x2b00c602, 0x00ba7200, 0x002c0020, 0x3912112d, 0x0000b800, 0x00b85845, 0xb91b2f10, 0x1d001000, 0x00b8593e, 0xb8584500,
    0x1b2f0600, 0x000600b9, 0xb8593e13, 0x58450000, 0x2f2b00b8, 0x2b00b91b, 0x593e1300, 0x100600b8, 0x002000b9, 0x00baf40d, 0x00200001, 0x39121110,
    0x101000b8, 0x001700b9, 0x00baf40d, 0x00060027, 0x39121117, 0x2f2700b8, 0x002800b9, 0x3130f40d, 0x030e2325, 0x022e2223, 0x023e3435, 0x17163233,
    0x23012e07, 0x010f0622, 0x16141506, 0x023e3233, 0x3723013f, 0x01230333, 0x240b04e3, 0x32264032, 0x2e213c52, 0x5b548259, 0x1449167b, 0x79594653,
    0x57061515, 0x36412451, 0x950b0827, 0x4d48e310, 0x1f2a1766, 0x68462412, 0x7ba05844, 0x214a5549, 0x67753e39, 0x5b1e1e68, 0x402a1665, 0xfe4a372a,
    0x00000098, 0x27000100, 0xa9020000, 0x0b00ba02, 0x00ba8900, 0x000c0005, 0x3912110d, 0x0000b800, 0x00b85845, 0xb91b2f04, 0x1d000400, 0x00b8593e,
    0xb8584500, 0x1b2f0800, 0x000800b9, 0xb8593e1d, 0x58450000, 0x2f0b00b8, 0x0b00b91b, 0x593e1300, 0x450000b8, 0x0300b858, 0x00b91b2f, 0x3e130003,
    0x0100ba59, 0x03000400, 0xb8391211, 0x412f0100, 0x00df0003, 0x71010001, 0x8f000341, 0x01000100, 0x00034171, 0x000100bf, 0x03415d01, 0x01008f00,
    0xb95d0100, 0x0d000600, 0x013130f4, 0x13230321, 0x13210333, 0x02230333, 0x40adfe0b, 0x3d518c51, 0x513e5301, 0x3e01518c, 0xba02c2fe, 0x3401ccfe,
    0x000046fd, 0x09000100, 0x9f010000, 0x0b00ba02, 0x00ba4b00, 0x000c0009, 0x3912110d, 0x0000b800, 0x00b85845, 0xb91b2f05, 0x1d000500, 0x00b8593e,
    0xb8584500, 0x1b2f0000, 0x000000b9, 0xb9593e13, 0x0d000100, 0x0500b8f4, 0x0400b910, 0xb8f40d00, 0xb8d00800, 0xb8100100, 0x30d00900, 0x33373331,
    0x21372313, 0x33032307, 0x5d0e0907, 0x010e5d6f, 0x6f5d0e0b, 0x02450e5d, 0xfd454530, 0x000045d0, 0x03000100, 0xef01f4ff, 0x1100ba02, 0x00ba3f00,
    0x0012000e, 0x39121113, 0x0000b800, 0x00b85845, 0xb91b2f11, 0x1d001100, 0x00b8593e, 0xb8584500, 0x1b2f0400, 0x000400b9, 0xb9593e13, 0x0d000b00,
    0x1100b8f4, 0x1000b910, 0x30f40d00, 0x0e030131, 0x26222301, 0x011e3727, 0x37363233, 0x01372313, 0x711367ef, 0x025e4859, 0x3030024a, 0x560e423a,
    0xba020eea, 0x685e00fe, 0x2e0f5055, 0x0144453d, 0x000048ac, 0x27000100, 0x99020000, 0x0d00ba02, 0x00ba6300, 0x000e0008, 0x3912110f, 0x0000b800,
    0x00b85845, 0xb91b2f04, 0x1d000400, 0x00b8593e, 0xb8584500, 0x1b2f0900, 0x000900b9, 0xb8593e1d, 0x58450000, 0x2f0d00b8, 0x0d00b91b, 0x593e1300,
    0x450000b8, 0x0300b858, 0x00b91b2f, 0x3e130003, 0x0600ba59, 0x03000900, 0xb8391211, 0xb8100600, 0x30d00100, 0x010f0131, 0x03331323, 0x33013f33,
    0x01231301, 0x512d7d22, 0x0547518c, 0xfe67f977, 0x0158c5c7, 0x02e27557, 0x739cfeba, 0xfed1fef1, 0x00000075, 0x27000100, 0xa6010000, 0x0500ba02,
    0x00ba3500, 0x00060002, 0x39121107, 0x0000b800, 0x00b85845, 0xb91b2f01, 0x1d000100, 0x00b8593e, 0xb8584500, 0x1b2f0000, 0x000000b9, 0xb9593e13,
    0x0d000300, 0x333130f4, 0x21033313, 0x518c2707, 0x0e1f017d, 0x8efdba02, 0x00000048, 0x27000100, 0x0d030000, 0x1000ba02, 0x00ba7100, 0x0011000b,
    0x39121112, 0x0000b800, 0x00b85845, 0xb91b2f09, 0x1d000900, 0x00b8593e, 0xb8584500, 0x1b2f0d00, 0x000d00b9, 0xb8593e1d, 0x58450000, 0x2f1000b8,
    0x1000b91b, 0x593e1300, 0x450000b8, 0x0800b858, 0x00b91b2f, 0x3e130008, 0x0d00b859, 0x0100b810, 0x0800b8d0, 0x0300b810, 0x0900b8dc, 0x0600b810,
    0x0300b8d0, 0x0b00b810, 0x013130d0, 0x010b0723, 0x23032327, 0x33133313, 0x23033301, 0x5105a802, 0x052563d9, 0x698c5075, 0x07010376, 0x02508c71,
    0xd1fe754a, 0xfd742f01, 0xfeba02b7, 0xfd7b0185, 0x00000046, 0x27000100, 0xa9020000, 0x0d00ba02, 0x00ba6100, 0x000e0000, 0x3912110f, 0x0000b800,
    0x00b85845, 0xb91b2f05, 0x1d000500, 0x00b8593e, 0xb8584500, 0x1b2f0a00, 0x000a00b9, 0xb8593e1d, 0x58450000, 0x2f0d00b8, 0x0d00b91b, 0x593e1300,
    0x450000b8, 0x0400b858, 0x00b91b2f, 0x3e130004, 0x0500b859, 0x0200b810, 0x0d00b8d0, 0x0800b810, 0x013130d0, 0x23032327, 0x17133313, 0x03331333,
    0x37270123, 0x8c4f7505, 0x0537985e, 0x5e8c4f75, 0xfda7a401, 0xfeba02b5, 0x4b02a75c, 0x000046fd, 0x37000200, 0x8c02f4ff, 0x1300c602, 0x47002700,
    0x001400ba, 0x11290028, 0x00b83912, 0x00b81014, 0xb800d000, 0x58450000, 0x2f0a00b8, 0x0a00b91b, 0x593e1d00, 0x450000b8, 0x0000b858, 0x00b91b2f,
    0x3e130000, 0x1400b959, 0xb8f40d00, 0xb9100a00, 0x0d001e00, 0x053130f4, 0x35022e22, 0x33023e34, 0x15021e32, 0x27020e14, 0x013f3632, 0x3435013e,
    0x06222326, 0x010e010f, 0x01161415, 0x4159342a, 0x835c3025, 0x41593453, 0x835c3025, 0x167c5d4b, 0x5a030414, 0x167c5d51, 0x5a030414, 0x6645230c,
    0x7da25742, 0x6545244c, 0x7da25742, 0x6d7b494c, 0x0f231364, 0x6d7b5f50, 0x0f231364, 0x00005f50, 0x27000200, 0x59020000, 0x0e00ba02, 0x81001a00,
    0x001a00ba, 0x111c001b, 0x00b83912, 0x00b8101a, 0xb800d00c, 0x58450000, 0x2f0100b8, 0x0100b91b, 0x593e1d00, 0x450000b8, 0x0000b858, 0x00b91b2f,
    0x3e130000, 0x0100b859, 0x1a00b910, 0xbaf40d00, 0x1a000d00, 0x12110000, 0x0d00b839, 0x0005412f, 0x000d0030, 0x000d0040, 0x05417102, 0x0d006000,
    0x0d007000, 0x41710200, 0x00100003, 0x7101000d, 0xe0000341, 0x01000d00, 0x0f00b95d, 0x30f40d00, 0x33133331, 0x15021e32, 0x2b020e14, 0x33130301,
    0x3e373632, 0x26343501, 0x8c27012b, 0x2a422ef9, 0x573c2113, 0x4b3cbb36, 0x0a4232b8, 0x352a0507, 0x19ba02b1, 0x31243d2d, 0xfe243f55, 0x337201d6,
    0x0c1c2232, 0x00002c25, 0x37000200, 0x8c025aff, 0x1d00c602, 0x5d003100, 0x001b00ba, 0x11330032, 0x00b83912, 0x00b8101b, 0xb800d01e, 0x58450000,
    0x2f1100b8, 0x1100b91b, 0x593e1d00, 0x450000b8, 0x0700b858, 0x00b91b2f, 0x3e130007, 0x1c00b859, 0x0100b9dc, 0xb8f40d00, 0xb8100700, 0xb8d01b00,
    0xb9100700, 0x0d001e00, 0x1100b8f4, 0x2800b910, 0x30f40d00, 0x22230531, 0x3f343526, 0x35032e01, 0x33023e34, 0x15021e32, 0x0f020e14, 0x32273301,
    0x3e013f36, 0x26343501, 0x0f062223, 0x15010e01, 0x8d011614, 0x03222958, 0x34482c0f, 0x835c301d, 0x41593453, 0x78532c25, 0x6b66124c, 0x14167c5d,
    0x515a0304, 0x14167c5d, 0xa65a0304, 0x0e0c1b23, 0x432a0746, 0xa2573b5d, 0x45244c7d, 0x9b534265, 0x5207507b, 0x646d7b99, 0x4f0f2313, 0x646d7b60,
    0x4f0f2313, 0x00000060, 0x27000200, 0x59020000, 0x1100ba02, 0xb0001d00, 0x001000ba, 0x111f001e, 0x00b83912, 0x00b81010, 0xb800d012, 0x58450000,
    0x2f0200b8, 0x0200b91b, 0x593e1d00, 0x450000b8, 0x0100b858, 0x00b91b2f, 0x3e130001, 0x0000b859, 0x00b85845, 0xb91b2f0f, 0x13000f00, 0x00b8593e,
    0x00b91002, 0xf40d001c, 0x001100ba, 0x1101001c, 0xb87d3912, 0x182f1100, 0x9f000541, 0xaf001100, 0x02001100, 0x0005415d, 0x001100cf, 0x001100df,
    0x03415d02, 0x11001f00, 0x415d0100, 0x00ff0003, 0x71010011, 0x7f000341, 0x01001100, 0x0003415d, 0x0011004f, 0x00b95d01, 0xf40d001d, 0x000d00ba,
    0x1111001d, 0x31303912, 0x33132333, 0x15021e32, 0x07020e14, 0x23032313, 0x37363237, 0x3435013e, 0x07012b26, 0xf98c5178, 0x132a422e, 0x2a442f1a,
    0x9e5f5766, 0x0a4232c7, 0x352a0507, 0xba0232b1, 0x243d2d19, 0x2a3b4a28, 0x01ccfe08, 0x3133472c, 0x240c1c22, 0x0000ff2d, 0x0b000100, 0x3b02f4ff,
    0x2c00c602, 0x00ba5300, 0x002d0024, 0x3912112e, 0x0000b800, 0x00b85845, 0xb91b2f18, 0x1d001800, 0x00b8593e, 0xb8584500, 0x1b2f0000, 0x000000b9,
    0xb9593e13, 0x0d000700, 0x1800b8f4, 0x1f00b910, 0xbaf40d00, 0x1f001000, 0x12110000, 0x2400ba39, 0x07001800, 0x30391211, 0x26221731, 0x011e3727,
    0x023e3233, 0x2f263435, 0x35012e01, 0x33023e34, 0x07171632, 0x2223012e, 0x1f141506, 0x15011e01, 0xf9020e14, 0x3e21804d, 0x2c395a1f, 0x32172d44,
    0x4f4a4338, 0x3a5a3d20, 0x3b236d51, 0x473c521d, 0x4a436a54, 0x6243234f, 0x2d413c0c, 0x29172c35, 0x362d1f36, 0x590e0d0b, 0x384b2a44, 0x31303c21,
    0x3d422d27, 0x0e0d1558, 0x522f4858, 0x0000233e, 0x62000100, 0x6b020000, 0x0700ba02, 0x00ba3d00, 0x00080001, 0x39121109, 0x0000b800, 0x00b85845,
    0xb91b2f05, 0x1d000500, 0x00b8593e, 0xb8584500, 0x1b2f0200, 0x000200b9, 0xb8593e13, 0xb9100500, 0x0d000400, 0x0000b8f4, 0x013130d0, 0x23132303,
    0x01072137, 0x7d517d88, 0xfb010ed5, 0xfd72020e, 0x4872028e, 0x00000048, 0x52000100, 0x9102f4ff, 0x1b00ba02, 0x00ba4600, 0x001c0007, 0x3912111d,
    0x0000b800, 0x00b85845, 0xb91b2f1b, 0x1d001b00, 0x00b8593e, 0xb8584500, 0x1b2f0d00, 0x000d00b9, 0xb8593e1d, 0x58450000, 0x2f1400b8, 0x1400b91b,
    0x593e1300, 0x000700b9, 0x3130f40d, 0x010e0313, 0x33161415, 0x37023e32, 0x0e033313, 0x26222303, 0x37363435, 0x0556ff13, 0x2a3c4403, 0x0c233241,
    0x10545153, 0x3e5f4731, 0x0605685e, 0xfeba0251, 0x11201753, 0x35184840, 0x9e013d55, 0x6f505cfe, 0x60691e45, 0x011e3417, 0x00000094, 0x6f000100,
    0x95020000, 0x0900ba02, 0x00ba4400, 0x000a0009, 0x3912110b, 0x0000b800, 0x00b85845, 0xb91b2f01, 0x1d000100, 0x00b8593e, 0xb8584500, 0x1b2f0700,
    0x000700b9, 0xb8593e1d, 0x58450000, 0x2f0000b8, 0x0000b91b, 0x593e1300, 0xd00400b8, 0x03333130, 0x33011b33, 0x0133011b, 0x265153c2, 0xb685031b,
    0x0292fe56, 0xfea2feba, 0x010801f8, 0x0046fd5e, 0x67000100, 0xa7030000, 0x1500ba02, 0x00ba7600, 0x00160007, 0x39121117, 0x0000b800, 0x00b85845,
    0xb91b2f01, 0x1d000100, 0x00b8593e, 0xb8584500, 0x1b2f0700, 0x000700b9, 0xb8593e1d, 0x58450000, 0x2f0d00b8, 0x0d00b91b, 0x593e1d00, 0x450000b8,
    0x1000b858, 0x00b91b2f, 0x3e130010, 0x0000b859, 0x00b85845, 0xb91b2f00, 0x13000000, 0x00b8593e, 0x00b8d004, 0x00b81010, 0x00b8d00a, 0x00b81007,
    0x3130d013, 0x13330333, 0x011b3317, 0x33011b33, 0x01331337, 0x23270323, 0x1d840307, 0x04060951, 0x0f607e89, 0x966a040e, 0x5dc7fe54, 0x6d050a12,
    0xfeba02a1, 0x3b01f39e, 0xd9fe1a01, 0x01f7d3fe, 0x0146fd5d, 0xfef4ef6f, 0x00000096, 0xe7ff0100, 0x8d020000, 0x0d00ba02, 0x00ba6500, 0x000e0003,
    0x3912110f, 0x0000b800, 0x00b85845, 0xb91b2f07, 0x1d000700, 0x00b8593e, 0xb8584500, 0x1b2f0b00, 0x000b00b9, 0xb8593e1d, 0x58450000, 0x2f0500b8,
    0x0500b91b, 0x593e1300, 0x450000b8, 0x0100b858, 0x00b91b2f, 0x3e130001, 0x0300ba59, 0x07000500, 0xba391211, 0x07000900, 0x12110500, 0x21313039,
    0x03230323, 0x33030123, 0x33133313, 0x55fc0101, 0x5ee60478, 0x558f2001, 0x5ee70477, 0x1e01dbfe, 0x6601e2fe, 0xe1fe5401, 0x9dfe1f01, 0x69000100,
    0x8b020000, 0x0900ba02, 0x00ba5a00, 0x000a0009, 0x3912110b, 0x0000b800, 0x00b85845, 0xb91b2f02, 0x1d000200, 0x00b8593e, 0xb8584500, 0x1b2f0600,
    0x000600b9, 0xb8593e1d, 0x58450000, 0x2f0000b8, 0x0000b91b, 0x593e1300, 0x000400ba, 0x11000002, 0x00b83912, 0x00b82f04, 0x00b8d001, 0x00b81004,
    0x3130d008, 0x33031333, 0x33133313, 0x37c40301, 0x05745292, 0xc1fe5dfa, 0x01110137, 0x01abfea9, 0xfe57fe55, 0x000000ef, 0xf1ff0100, 0x5b020000,
    0x0900ba02, 0x00ba4700, 0x000a0005, 0x3912110b, 0x0000b800, 0x00b85845, 0xb91b2f05, 0x1d000500, 0x00b8593e, 0xb8584500, 0x1b2f0100, 0x000100b9,
    0xb9593e13, 0x0d000800, 0x0200b8f4, 0x0500b8d0, 0x0400b910, 0xb8f40d00, 0x30d00700, 0x37012931, 0x21372101, 0x01210107, 0x1019fed8, 0x8afeec01,
    0x10d5010f, 0x880114fe, 0x4824024e, 0x00dcfd4e, 0x44000200, 0x3102f4ff, 0x1700c602, 0x47002f00, 0x001800ba, 0x11310030, 0x00b83912, 0x00b81018,
    0xb800d000, 0x58450000, 0x2f0c00b8, 0x0c00b91b, 0x593e1d00, 0x450000b8, 0x0000b858, 0x00b91b2f, 0x3e130000, 0x1800b959, 0xb8f40d00, 0xb9100c00,
    0x0d002400, 0x173130f4, 0x35022e22, 0x33043e34, 0x15021e32, 0x27040e14, 0x3f023e32, 0x35013e01, 0x22232634, 0x010f020e, 0x1415010e, 0x472fff16,
    0x2110172e, 0x35564432, 0x172f462f, 0x44322110, 0x3c242a57, 0x150a212e, 0x3a3a0405, 0x212e3c24, 0x0405150a, 0x3f230c3a, 0x72353658, 0x2a475f6b,
    0x36583f23, 0x5f6b7235, 0x22472a47, 0x6933553c, 0x48152e17, 0x553c2253, 0x2e176933, 0x00534815, 0x44000300, 0x3102f4ff, 0x1700c602, 0x3f002f00,
    0x00ba7e00, 0x00400030, 0x39121141, 0x103000b8, 0xd00000b8, 0x103000b8, 0xd01800b8, 0x0000b800, 0x00b85845, 0xb91b2f0c, 0x1d000c00, 0x00b8593e,
    0xb8584500, 0x1b2f0000, 0x000000b9, 0xb9593e13, 0x0d001800, 0x0c00b8f4, 0x2400b910, 0xbaf40d00, 0x0c003800, 0x12110000, 0x00b87c39, 0x41182f38,
    0x00500003, 0x71010038, 0xb0000341, 0x01003800, 0x0003415d, 0x00380010, 0x00b85d01, 0x3130dc30, 0x022e2217, 0x043e3435, 0x021e3233, 0x040e1415,
    0x023e3227, 0x013e013f, 0x23263435, 0x0f020e22, 0x15010e01, 0x22371614, 0x37363435, 0x3233013e, 0x07061415, 0x2fff010e, 0x10172e47, 0x56443221,
    0x2f462f35, 0x32211017, 0x242a5744, 0x0a212e3c, 0x3a040515, 0x2e3c243a, 0x05150a21, 0x2e633a04, 0x18040202, 0x02022e1e, 0x230c1804, 0x3536583f,
    0x475f6b72, 0x583f232a, 0x6b723536, 0x472a475f, 0x33553c22, 0x152e1769, 0x3c225348, 0x17693355, 0x5348152e, 0x0f0524ea, 0x241f1306, 0x13060f05,
    0x0000001f, 0x44000300, 0x3102f4ff, 0x1700c602, 0x31002400, 0x00ba7700, 0x00320025, 0x39121133, 0x102500b8, 0xd00000b8, 0x102500b8, 0xd01800b8,
    0x0000b800, 0x00b85845, 0xb91b2f0c, 0x1d000c00, 0x00b8593e, 0xb8584500, 0x1b2f0000, 0x000000b9, 0xb8593e13, 0xb9100c00, 0x0d001800, 0x2f00baf4,
    0x18000000, 0xb8391211, 0xb8102f00, 0xb8d02100, 0xb9100000, 0x0d002500, 0x2200baf4, 0x25000c00, 0xb8391211, 0xb8102200, 0x30d02e00, 0x2e221731,
    0x3e343502, 0x1e323304, 0x0e141502, 0x0e221304, 0x0e010f02, 0x2e010701, 0x3e320301, 0x3e013f02, 0x1e013701, 0x472fff01, 0x2110172e, 0x35564432,
    0x172f462f, 0x44322110, 0x3c253957, 0x140a222e, 0x01010404, 0x92390949, 0x222e3c25, 0x0404140a, 0x09b7fe01, 0x3f230c39, 0x72353658, 0x2a475f6b,
    0x36583f23, 0x5f6b7235, 0x8b022a47, 0x33553c22, 0x11261263, 0x37302b01, 0x3c22bcfd, 0x12633355, 0xd5fe1126, 0x00003730, 0x2a000100, 0x0b020000,
    0x0b00ba02, 0x00ba5900, 0x000c0007, 0x3912110d, 0x0000b800, 0x00b85845, 0xb91b2f07, 0x1d000700, 0x00b8593e, 0xb8584500, 0x1b2f0000, 0x000000b9,
    0xb9593e13, 0x0d000100, 0x0700b8f4, 0x0400b810, 0x0600bad0, 0x01000400, 0xb8391211, 0xb92f0600, 0x0d000500, 0x0100b8f4, 0x0900b810, 0x333130d0,
    0x23133337, 0x33372707, 0x2a073303, 0x0871c80e, 0x84d929cf, 0x480eba7d, 0x35a43402, 0x488efdad, 0x22000100, 0x24020000, 0x2100c602, 0x00ba5700,
    0x00220003, 0x39121123, 0x0000b800, 0x00b85845, 0xb91b2f15, 0x1d001500, 0x00b8593e, 0xb8584500, 0x1b2f0100, 0x000100b9, 0xb9593e13, 0x0d002000,
    0x0200b8f4, 0x0300bad0, 0x20001500, 0xb8391211, 0xb9101500, 0x0d000e00, 0x1f00baf4, 0x01000e00, 0x30391211, 0x37012931, 0x37013e25, 0x3435013e,
    0x2223022e, 0x3e270706, 0x1e323301, 0x0e141502, 0x21010f02, 0x4cfed601, 0x41020112, 0x04020845, 0x1e281809, 0x4819483a, 0x2b596f23, 0x1c1a3044,
    0xd82c4933, 0xd05a5d01, 0x08266334, 0x240f0b1d, 0x3b3f141f, 0x1b594b1f, 0x2c24402f, 0x2344474d, 0x000000a9, 0x25000100, 0x1a02f4ff, 0x3800c602,
    0x00babb00, 0x00390000, 0x3912113a, 0x0000b800, 0x00b85845, 0xb91b2f0f, 0x1d000f00, 0x00b8593e, 0xb8584500, 0x1b2f2200, 0x002200b9, 0xb8593e13,
    0xb9100f00, 0x0d000800, 0x3600baf4, 0x22000800, 0xb8391211, 0x412f3600, 0x00c00003, 0x71010036, 0x00000541, 0x10003600, 0x02003600, 0x000f4172,
    0x00360090, 0x003600a0, 0x003600b0, 0x003600c0, 0x003600d0, 0x003600e0, 0x003600f0, 0x03417207, 0x3600e000, 0x41710100, 0x00900005, 0x00a00036,
    0x71020036, 0x60000541, 0x70003600, 0x02003600, 0x0000b971, 0xbaf40d00, 0x00001900, 0x12113600, 0x2200b839, 0x2d00b910, 0x30f40d00, 0x36320131,
    0x34353637, 0x06222326, 0x013e2707, 0x021e3233, 0x020e1415, 0x011e010f, 0x020e1415, 0x022e2223, 0x031e3727, 0x37363233, 0x3435013e, 0x37012b26,
    0x493a2e01, 0x3135030d, 0x381d4932, 0x284f6922, 0x191b3042, 0x01203a2b, 0x41224232, 0x442b395c, 0x420a2435, 0x31231809, 0x0d454722, 0x3d3d0302,
    0x91010f4a, 0x0b0f4236, 0x2f282d2d, 0x173f3031, 0x26223a29, 0x071f303e, 0x3d4b0805, 0x223e5532, 0x182c2314, 0x1923152d, 0x0840420e, 0x392d0914,
    0x00000047, 0x20000200, 0x1b020000, 0x0a00ba02, 0x63000e00, 0x000000ba, 0x1110000f, 0x00b83912, 0xb800d00c, 0x58450000, 0x2f0400b8, 0x0400b91b,
    0x593e1d00, 0x450000b8, 0x0000b858, 0x00b91b2f, 0x3e130000, 0x0400b859, 0x0e00b810, 0x0200bad0, 0x00000e00, 0xb8391211, 0xb92f0200, 0x0d000b00,
    0x0300b8f4, 0x0b00b8d0, 0x0600b810, 0x0200b8d0, 0x0900b810, 0x213130d0, 0x01372137, 0x07330333, 0x33250723, 0x40012313, 0x0fc4fe1c, 0x62757701,
    0x1c600d5f, 0x51f2e9fe, 0x014f8904, 0x4413fee2, 0x9701cd89, 0x38000100, 0x3c02f4ff, 0x2900ba02, 0x00ba7300, 0x002a0023, 0x3912112b, 0x0000b800,
    0x00b85845, 0xb91b2f28, 0x1d002800, 0x00b8593e, 0xb8584500, 0x1b2f1000, 0x001000b9, 0xb8593e13, 0xb9102800, 0x0d000100, 0x1000b8f4, 0x1b00b910,
    0xbaf40d00, 0x01002300, 0x12111b00, 0x2300b839, 0x0003412f, 0x00230010, 0x03417101, 0x23009000, 0xba720100, 0x23000300, 0x12111000, 0x0600b939,
    0x30f40d00, 0x03210131, 0x33013e33, 0x15021e32, 0x23020e14, 0x27022e22, 0x33031e37, 0x013e3732, 0x23263435, 0x27070622, 0x2d022113, 0x0744dcfe,
    0x2537401a, 0x241a2f3f, 0x2b3c6043, 0x0a233344, 0x23180942, 0x1e812231, 0x3d370402, 0x441c422b, 0x02670160, 0x2cedfe72, 0x422e1929, 0x4862392a,
    0x2c23142a, 0x23152d18, 0x0b930e19, 0x3b320e17, 0x010b1e27, 0x00000087, 0x46000200, 0x0602f4ff, 0x1b00ba02, 0x6d002d00, 0x002500ba, 0x112f002e,
    0x00b83912, 0x00b81025, 0xb800d000, 0x58450000, 0x2f0800b8, 0x0800b91b, 0x593e1d00, 0x450000b8, 0x0000b858, 0x00b91b2f, 0x3e130000, 0x1c00b959,
    0xbaf40d00, 0x08002500, 0x12111c00, 0x2500b839, 0x0003412f, 0x002500e0, 0x03415d01, 0x25001000, 0xba5d0100, 0x25000e00, 0x12110000, 0x1200b939,
    0x30f40d00, 0x26220531, 0x023e3435, 0x030e3337, 0x013e1707, 0x021e3233, 0x020e1415, 0x37363227, 0x3435013e, 0x06222326, 0x15010e07, 0x0c011614,
    0x5b376660, 0x3f724076, 0x0f3e586e, 0x304d2004, 0x1b304329, 0x335c4325, 0x020d5142, 0x423b4002, 0x02020d51, 0x676f0c40, 0x6c84934a, 0x5b552723,
    0x36023260, 0x46311a2d, 0x445e382c, 0x404e4827, 0x3c091308, 0x08404e41, 0x413c0913, 0x7d000100, 0x5b020000, 0x0800ba02, 0x00ba5100, 0x00090002,
    0x3912110a, 0x0000b800, 0x00b85845, 0xb91b2f05, 0x1d000500, 0x00b8593e, 0xb8584500, 0x1b2f0000, 0x000000b9, 0xb8593e13, 0xb9100500, 0x0d000200,
    0x0400baf4, 0x00000200, 0x7d391211, 0x2f0400b8, 0x0200b818, 0x0700b810, 0x333130d0, 0x23072101, 0x01072137, 0xfe7b0180, 0x294a1be7, 0xfe10b501,
    0x8673028b, 0x95fd4fcd, 0x36000300, 0x2f02f4ff, 0x2300c602, 0x45003500, 0x00bad100, 0x0046002d, 0x39121147, 0x102d00b8, 0xd00000b8, 0x102d00b8,
    0xd03600b8, 0x0000b800, 0x00b85845, 0xb91b2f13, 0x1d001300, 0x00b8593e, 0xb8584500, 0x1b2f0000, 0x000000b9, 0xb8593e13, 0xb9101300, 0x0d003e00,
    0x0000b8f4, 0x2400b910, 0xbaf40d00, 0x3e002d00, 0x12112400, 0x2d00b839, 0x0005412f, 0x002d0030, 0x002d0040, 0x05417102, 0x2d000000, 0x2d001000,
    0x41720200, 0x0090000f, 0x00a0002d, 0x00b0002d, 0x00c0002d, 0x00d0002d, 0x00e0002d, 0x00f0002d, 0x7207002d, 0xe0000341, 0x01002d00, 0x00034171,
    0x002d0010, 0x03417101, 0x2d00e000, 0xb95d0100, 0x0d003600, 0x0b00baf4, 0x2d003600, 0xba391211, 0x36001b00, 0x12112d00, 0x05313039, 0x35022e22,
    0x3f023e34, 0x35012e01, 0x33023e34, 0x14151632, 0x010f020e, 0x1415011e, 0x3227020e, 0x013e3736, 0x23263435, 0x0e070622, 0x16141501, 0x37363213,
    0x26343536, 0x07062223, 0x16141506, 0x4e320801, 0x2c171c36, 0x2f022b41, 0x563d222c, 0x13635833, 0x02243726, 0x41223933, 0x5441375e, 0x4403020c,
    0x0c544140, 0x7f440302, 0x030b4939, 0x4939363c, 0x0c3c030b, 0x2843301b, 0x25364222, 0x43110805, 0x374b2c2f, 0x1d48571f, 0x0925323a, 0x324d0b08,
    0x223d5635, 0x0b3c4147, 0x3a300c13, 0x130b3c42, 0x0139300c, 0x0f353b55, 0x3b342d0f, 0x2d0f0f35, 0x00000034, 0x75000200, 0x35020000, 0x1b00c602,
    0x71002d00, 0x000f00ba, 0x112f002e, 0x00b83912, 0x00b8100f, 0xb800d01c, 0x58450000, 0x2f1900b8, 0x1900b91b, 0x593e1d00, 0x450000b8, 0x0600b858,
    0x00b91b2f, 0x3e130006, 0x1900b859, 0x2500b910, 0xbaf40d00, 0x06001c00, 0x12112500, 0x1c00b839, 0x0003412f, 0x001c00ef, 0x03415d01, 0x1c001f00,
    0xba5d0100, 0x1c000b00, 0x12111900, 0x0f00b939, 0x30f40d00, 0x0e140131, 0x3e230702, 0x0e273703, 0x2e222301, 0x3e343502, 0x16323302, 0x37363203,
    0x3435013e, 0x06222326, 0x15010e07, 0x35021614, 0x40765b37, 0x586e3f72, 0x20040f3e, 0x4329304d, 0x43251b30, 0x6660365c, 0x0d5142f2, 0x3b400202,
    0x020d5142, 0xf0014002, 0x6c84934a, 0x5b552723, 0x36023260, 0x46311a2d, 0x445f372c, 0xf8fe6f27, 0x13083f4f, 0x4f423b09, 0x0913083f, 0x0000423b,
    0x3a000200, 0x1a02f4ff, 0x0f002402, 0x47002300, 0x001a00ba, 0x11250024, 0x00b83912, 0x00b8101a, 0xb800d008, 0x58450000, 0x2f0800b8, 0x0800b91b,
    0x593e2100, 0x450000b8, 0x0000b858, 0x00b91b2f, 0x3e130000, 0x1000b959, 0xb8f40500, 0xb9100800, 0x05001a00, 0x173130f4, 0x34352622, 0x3233023e,
    0x0e141516, 0x36322702, 0x013e013f, 0x23263435, 0x010f0622, 0x1415010e, 0x655cfb16, 0x3e694c2c, 0x4c2c655c, 0x5c48326a, 0x03020f10, 0x5d473c44,
    0x03020f10, 0x6c760c44, 0x355a7a45, 0x7a456c76, 0x5e45355a, 0x18084b4f, 0x5e443c0e, 0x17084b4f, 0x00443d0e, 0x3a000300, 0x1a02f4ff, 0x0f002402,
    0x33002300, 0x00ba6100, 0x0034002c, 0x39121135, 0x102c00b8, 0xd00800b8, 0x102c00b8, 0xd01a00b8, 0x0000b800, 0x00b85845, 0xb91b2f08, 0x21000800,
    0x00b8593e, 0xb8584500, 0x1b2f0000, 0x000000b9, 0xb9593e13, 0x05001000, 0x0800b8f4, 0x1a00b910, 0xbaf40500, 0x1a002400, 0x12110000, 0x2400b839,
    0x2c00b82f, 0x173130dc, 0x34352622, 0x3233023e, 0x0e141516, 0x36322702, 0x013e013f, 0x23263435, 0x010f0622, 0x1415010e, 0x35223716, 0x3e373634,
    0x15323301, 0x0e070614, 0x655cfb01, 0x3e694c2c, 0x4c2c655c, 0x5c48326a, 0x03020f10, 0x5d473c44, 0x03020f10, 0x022b5944, 0x1c150402, 0x0402022b,
    0x6c760c15, 0x355a7a45, 0x7a456c76, 0x5e45355a, 0x18084b4f, 0x5e443c0e, 0x17084b4f, 0xa0443d0e, 0x060f051f, 0x051f1c11, 0x1c11060f, 0x3a000300,
    0x1a02f4ff, 0x0f002402, 0x29001c00, 0x00ba7b00, 0x002a0010, 0x3912112b, 0x101000b8, 0xd00800b8, 0x101000b8, 0xd01d00b8, 0x0000b800, 0x00b85845,
    0xb91b2f08, 0x21000800, 0x00b8593e, 0xb8584500, 0x1b2f0000, 0x000000b9, 0xb8593e13, 0xb9100800, 0x05001000, 0x0000b8f4, 0x1d00b910, 0xbaf40500,
    0x1d001a00, 0x12110800, 0x1b00ba39, 0x1d000800, 0xba391211, 0x10002700, 0x12110000, 0x2800ba39, 0x10000000, 0x30391211, 0x26221731, 0x023e3435,
    0x15163233, 0x13020e14, 0x010f0622, 0x1c15010e, 0x26011701, 0x3f363203, 0x35013e01, 0x0127013c, 0x655cfb16, 0x3e694c2c, 0x4c2c655c, 0x5d47166a,
    0x03020f10, 0x22330101, 0x105c4892, 0x0103020f, 0x0c22cdfe, 0x7a456c76, 0x6c76355a, 0x355a7a45, 0x4f5eeb01, 0x0e17084b, 0x01050a05, 0x5afe3306,
    0x084b4f5e, 0x0a050e17, 0x33fafe05, 0x32000100, 0xfc010000, 0x0b001802, 0x00ba4500, 0x000c0004, 0x3912110d, 0x0000b800, 0x00b85845, 0xb91b2f07,
    0x21000700, 0x00b8593e, 0xb8584500, 0x1b2f0000, 0x000000b9, 0xb9593e13, 0x05000200, 0x0700b8f4, 0x0300b810, 0x0200b8d0, 0x0900b810, 0x333130d0,
    0x23133337, 0x33372707, 0x32073303, 0x084fc10e, 0x64e221c0, 0x440ead5e, 0x346d8c01, 0x442cfe81, 0x27000100, 0xf7010000, 0x20002402, 0x00ba5700,
    0x0021001c, 0x39121122, 0x0000b800, 0x00b85845, 0xb91b2f12, 0x21001200, 0x00b8593e, 0xb8584500, 0x1b2f2000, 0x002000b9, 0xb9593e13, 0x05001d00,
    0x0000b8f4, 0x0100bad0, 0x1d001200, 0xb8391211, 0xb9101200, 0x05000c00, 0x1c00baf4, 0x20000c00, 0x30391211, 0x3e013f31, 0x013e3703, 0x23263435,
    0x3e270722, 0x16323301, 0x040e1415, 0x0721010f, 0x14bb3721, 0x06273337, 0x2a310302, 0x2d373d5f, 0x58464b6d, 0x33322818, 0x0178112f, 0x54fe0f48,
    0x220c6f50, 0x081d322b, 0x2c230819, 0x40432563, 0x3e23454a, 0x1c232c35, 0x00484309, 0x08000100, 0xf60152ff, 0x31002402, 0x00ba5e00, 0x00320007,
    0x39121133, 0x3200b800, 0x0000b82f, 0x00b85845, 0xb91b2f0e, 0x21000e00, 0x00b8593e, 0x00b91032, 0xf40e001f, 0x002600b9, 0x00baf405, 0x000e0000,
    0x39121126, 0x2f0000b8, 0x100e00b8, 0x000700b9, 0x00b8f405, 0x00b91000, 0xf405002f, 0x001600ba, 0x1100002f, 0x31303912, 0x37363225, 0x23343536,
    0x27070622, 0x3233013e, 0x0e141516, 0x1e010f02, 0x0e141501, 0x26222302, 0x011e3727, 0x37363233, 0x3435013e, 0x37012b26, 0x4a3c0a01, 0x2e68030e,
    0x28341f49, 0x62543f6a, 0x243a2917, 0x233c3801, 0x46375a40, 0x173e1871, 0x4d433645, 0x4203020f, 0xed0d3f3c, 0x0b0f4436, 0x2e2f295e, 0x48573738,
    0x23303c21, 0x4c0b0507, 0x3c52303f, 0x2a3a4123, 0x4a3c2c34, 0x2f0a120b, 0x00004337, 0x04000200, 0xff015eff, 0x0a001802, 0x5f000e00, 0x000000ba,
    0x1110000f, 0x00b83912, 0xb800d00e, 0xb82f0f00, 0x58450000, 0x2f0400b8, 0x0400b91b, 0x593e2100, 0x450000b8, 0x0100b858, 0x00b91b2f, 0x3e130001,
    0x0f00b859, 0x0000b910, 0xb8f40e00, 0xb9100100, 0x05000e00, 0x0600b8f4, 0x0100b8d0, 0x0900b810, 0x0400b8d0, 0x0b00b810, 0x053130d0, 0x01372137,
    0x07330333, 0x23130723, 0x28013301, 0x0fbbfe21, 0x5f6b8101, 0x20600c5f, 0xbdfe0430, 0x4aa2a2f9, 0x2afece01, 0x6702a242, 0x00007dfe, 0x1c000100,
    0x180252ff, 0x26001802, 0x00ba5e00, 0x00270020, 0x39121128, 0x2700b800, 0x0000b82f, 0x00b85845, 0xb91b2f25, 0x21002500, 0x00b9593e, 0xf4050001,
    0x102700b8, 0x000e00b9, 0x00baf40e, 0x00250006, 0x3912110e, 0x2f0600b8, 0x100e00b8, 0x001700b9, 0x00b8f405, 0x00b91006, 0xf4050020, 0x002300ba,
    0x11170020, 0x31303912, 0x33032101, 0x3233013e, 0x0e141516, 0x2e222302, 0x1e372702, 0x36323301, 0x35013e37, 0x22232634, 0x13270706, 0xfe0a0221,
    0x1c0745e2, 0x584d3047, 0x385d4325, 0x2a364021, 0x46173e0c, 0x0e514733, 0x36390303, 0x40224228, 0x015d0160, 0x2ee9fed4, 0x375a5f25, 0x1128475f,
    0x2a1d2e1f, 0x474f2c34, 0x37091611, 0x0b252239, 0x00008701, 0x43000200, 0x0902f4ff, 0x1600ba02, 0x8a002700, 0x001f00ba, 0x11290028, 0x00b83912,
    0x00b8101f, 0xb800d000, 0x58450000, 0x2f0800b8, 0x0800b91b, 0x593e1d00, 0x450000b8, 0x0000b858, 0x00b91b2f, 0x3e130000, 0x0f00ba59, 0x00000800,
    0xb8391211, 0x412f0f00, 0x00800003, 0x5d01000f, 0x90000b41, 0xa0000f00, 0xb0000f00, 0xc0000f00, 0xd0000f00, 0x05000f00, 0x00034171, 0x000f00b0,
    0x00b95d01, 0xf405001f, 0x100000b8, 0x001700b9, 0x00baf405, 0x001f000c, 0x39121117, 0x22053130, 0x3e343526, 0x0e333702, 0x36170701, 0x15163233,
    0x27020e14, 0x36373632, 0x23263435, 0x0e070622, 0x16141501, 0x685f0a01, 0x47795932, 0x1cad8c72, 0x526a3d04, 0x5e442661, 0x0e554233, 0x413c4204,
    0x02020e56, 0x646f0c42, 0x72859045, 0x5cb75627, 0x59666302, 0x27445d37, 0x13434d45, 0x4b433d11, 0x09120c45, 0x0000423b, 0x5e000100, 0x37025eff,
    0x08001802, 0x00ba4c00, 0x00090002, 0x3912110a, 0x0900b800, 0x0000b82f, 0x00b85845, 0xb91b2f05, 0x21000500, 0x00b8593e, 0x00b91009, 0xf40e0000,
    0x100500b8, 0x000200b9, 0x00baf405, 0x00050004, 0x39121100, 0x2f0400b8, 0x100200b8, 0xd00700b8, 0x01173130, 0x37230721, 0x5e010721, 0xebfe7b01,
    0x01294a1b, 0x8bfe10af, 0x887502a2, 0x95fd4fcd, 0x38000300, 0x2d02f4ff, 0x2000c602, 0x42003200, 0x00ba7700, 0x0043002a, 0x39121144, 0x102a00b8,
    0xd00000b8, 0x102a00b8, 0xd03300b8, 0x0000b800, 0x00b85845, 0xb91b2f10, 0x1d001000, 0x00b8593e, 0xb8584500, 0x1b2f0000, 0x000000b9, 0xb9593e13,
    0x05002100, 0x3300baf4, 0x21001000, 0xb8391211, 0xb92f3300, 0x05002a00, 0x0900baf4, 0x33002a00, 0xba391211, 0x33001800, 0x12112a00, 0x1000b839,
    0x3b00b910, 0x30f40500, 0x26220531, 0x023e3435, 0x3526013f, 0x33023e34, 0x14151632, 0x010f020e, 0x1415011e, 0x3227020e, 0x013e3736, 0x23263435,
    0x0e070622, 0x16141501, 0x37363213, 0x26343536, 0x07062223, 0x16141506, 0x71620b01, 0x27402e1a, 0x3d225b02, 0x64563254, 0x21362716, 0x23373502,
    0x43375b41, 0x02030e50, 0x50433e46, 0x4502030e, 0x0a4a397e, 0x39353c03, 0x3c030b4a, 0x2754620c, 0x05213443, 0x2c652008, 0x561f364a, 0x313b2049,
    0x0d080823, 0x53303c4a, 0x4145223c, 0x08110e3e, 0x3d413835, 0x3608110e, 0x3b570138, 0x2e0c1235, 0x0f363c35, 0x00342d0f, 0x53000200, 0x17025eff,
    0x17002402, 0x77002800, 0x001800ba, 0x112a0029, 0x00b83912, 0x00b81018, 0xb800d00d, 0xb82f2900, 0x58450000, 0x2f1500b8, 0x1500b91b, 0x593e2100,
    0x102900b8, 0x000600b9, 0x0341f40e, 0x06002000, 0xba710100, 0x15000d00, 0x12110600, 0x0d00b839, 0x0003412f, 0x000d008f, 0x03415d01, 0x0d00bf00,
    0xb95d0100, 0x05001800, 0x1500b8f4, 0x2000b910, 0xbaf40500, 0x18000a00, 0x12112000, 0x01313039, 0x07020e14, 0x37013e23, 0x23010e27, 0x34352622,
    0x3233023e, 0x36320316, 0x34353637, 0x06222326, 0x15010e07, 0x17021614, 0x46795932, 0x1bad8d72, 0x334e1f04, 0x43266455, 0x675f385d, 0x0e563ff4,
    0x3f3c4304, 0x02020e55, 0x45520142, 0x27718691, 0x025bb757, 0x5a673033, 0x27435d36, 0x4cf5fe6f, 0x3d111344, 0x0c454c44, 0x433b0812, 0x25000300,
    0x7802f4ff, 0x2900c602, 0x47003900, 0x00bac800, 0x0048001d, 0x39121149, 0x101d00b8, 0xd02a00b8, 0x101d00b8, 0xd03d00b8, 0x0000b800, 0x00b85845,
    0xb91b2f13, 0x1d001300, 0x00b8593e, 0xb8584500, 0x1b2f0300, 0x000300b9, 0xb8593e13, 0x58450000, 0x2f2900b8, 0x2900b91b, 0x593e1300, 0x101300b8,
    0x002a00b9, 0x00baf405, 0x002a0000, 0x39121103, 0x100300b8, 0x003a00b9, 0x00baf405, 0x00130032, 0x3912113a, 0x003e00ba, 0x1103002a, 0x00ba3912,
    0x0032000b, 0x3912113e, 0x001d00ba, 0x113e0032, 0x00ba3912, 0x003a001e, 0x39121113, 0x002400ba, 0x111d001e, 0x00b83912, 0x00b92f24, 0xf4050021,
    0x002700ba, 0x1100001e, 0x00ba3912, 0x001e003d, 0x39121100, 0x0e253130, 0x26222301, 0x023e3435, 0x35012e37, 0x33023e34, 0x15021e32, 0x07020e14,
    0x37013e17, 0x0e230733, 0x23170701, 0x07062203, 0x16141506, 0x35033e17, 0x32032634, 0x0e273736, 0x15060703, 0xb1011614, 0x583f6f2d, 0x42342059,
    0x1b1d1322, 0x1c2d4832, 0x22192935, 0x72224537, 0x850b1e16, 0x240e450e, 0x86566716, 0x03083b2b, 0x371d1711, 0xa52c192a, 0x8a205233, 0x19242f1a,
    0x553b0305, 0x485b322f, 0x2a36462d, 0x29421a11, 0x22374825, 0x21322010, 0x2a344229, 0x5526a011, 0x4f2b442c, 0x85029022, 0x0e0f2a39, 0x0e203219,
    0x1c2e251f, 0xb3fd2926, 0x0dbf262d, 0x1927201b, 0x3833100f, 0x41000200, 0x320387ff, 0x5000c402, 0xe1006400, 0x002a00ba, 0x11660065, 0x00b83912,
    0x00b8102a, 0xb800d05c, 0xb82f0000, 0x58450000, 0x2f0b00b8, 0x0b00b91b, 0x593e1d00, 0x9f000341, 0x01000000, 0x0000b85d, 0x4e00b910, 0xb8f40600,
    0x41dc1f00, 0x00af0003, 0x5d01001f, 0xcf000541, 0xdf001f00, 0x02001f00, 0x0003415d, 0x001f0020, 0x03417101, 0x1f003000, 0xb85d0100, 0xb8d01800,
    0xb9101f00, 0x06005100, 0x0b00b8f4, 0x4200b910, 0xb8f40600, 0x41dc2a00, 0x002f0005, 0x003f002a, 0x5d02002a, 0x9f000341, 0x01002a00, 0x0005415d,
    0x002a000f, 0x002a001f, 0x05417102, 0x2a00c000, 0x2a00d000, 0xba5d0200, 0x51001c00, 0x12112a00, 0x5c00b939, 0xbaf40600, 0x5c002c00, 0x12111f00,
    0x2a00b839, 0x2e00b810, 0x1800b8d0, 0x3600b910, 0x30f40600, 0x26220531, 0x37363435, 0x3233033e, 0x1415021e, 0x030e0706, 0x013d2223, 0x23010e23,
    0x35022e22, 0x3e373634, 0x17323301, 0x03333733, 0x1415010e, 0x36323316, 0x013e013f, 0x022e3435, 0x020e2223, 0x010e010f, 0x3b161415, 0x32270701,
    0x013f023e, 0x23022e36, 0x010f0622, 0x16141506, 0x988f6801, 0x4e110704, 0x46559172, 0x032a4f70, 0x32210a06, 0x04592d44, 0x1a304811, 0x0415242f,
    0x4a621405, 0x10041559, 0x04023c45, 0x412f1410, 0x01030a10, 0x3a5b3f20, 0x425f7844, 0x02040c0f, 0x0ce67575, 0x212a18b7, 0x03170515, 0x1724180a,
    0x13093f30, 0xa6792d03, 0x22391495, 0x3d6b9457, 0x456f4e2a, 0x331e2d0d, 0x5a28455b, 0x143b2b0c, 0x0e273c27, 0x6d611925, 0xd4fe4f59, 0x0f0a1408,
    0x324e6312, 0x340e1e0f, 0x2f223e57, 0x3b4a7955, 0x780d2413, 0x12fe3c88, 0x72172820, 0x0f191e0f, 0x0f5f2e3b, 0x002d270d, 0x45000100, 0x50010701,
    0x03005901, 0x00ba1500, 0x00040001, 0x39121105, 0x0100ba00, 0x03000000, 0x1331302b, 0x45073337, 0x0110fb10, 0x00525207, 0x4500ffff, 0x50010701,
    0x06025901, 0x00005500, 0x4500ffff, 0x50010701, 0x06025901, 0x00005500, 0x2500ffff, 0x22020c01, 0x06025401, 0x00005900, 0x25000100, 0x22020c01,
    0x03005401, 0x00ba1700, 0x00040001, 0x39121105, 0x0100bb00, 0x00000d00, 0x302b0400, 0x21371331, 0x010e2507, 0x0c010eef, 0x00004848, 0x25000100,
    0xda020c01, 0x03005401, 0x00ba1700, 0x00040001, 0x39121105, 0x0000bb00, 0x01000d00, 0x302b0400, 0x21371331, 0x020e2507, 0x0c010ea7, 0x00004848,
    0x02000100, 0xf8030c01, 0x03005401, 0x00ba1500, 0x00040001, 0x39121105, 0x0000ba00, 0x03000100, 0x1331302b, 0x02072137, 0x0ee8030e, 0x48480c01,
    0xcbff0100, 0xbf015dff, 0x03009fff, 0x00ba1700, 0x00040003, 0x39121105, 0x0000bb00, 0x01000500, 0x302b0400, 0x21370731, 0x010e3507, 0x42a30ee6,
    0x00000042, 0x23000100, 0x9b00f4ff, 0x13007500, 0x00ba2200, 0x0014000f, 0x39121115, 0x0000b800, 0x00b85845, 0xb91b2f00, 0x13000000, 0x00b8593e,
    0x3130dc09, 0x35262217, 0x3e373634, 0x16323301, 0x07061415, 0x1856030e, 0x0402021b, 0x1b18221b, 0x08020202, 0x140c170f, 0x08130714, 0x14142314,
    0x0a081307, 0x000a0f14, 0x2300ffff, 0xa502f4ff, 0x26007500, 0x00005d00, 0x5d002700, 0x00000501, 0x5d000700, 0x00000a02, 0x2d00ffff, 0xf800f4ff,
    0x26001002, 0x000a5d00, 0x5d000700, 0x9b015d00, 0xe2ff0100, 0x9b007bff, 0x16007500, 0x00ba2600, 0x00170006, 0x39121118, 0x0000b800, 0x00b85845,
    0xb91b2f0f, 0x13000f00, 0x00b8593e, 0x00b8dc00, 0x3130dc0c, 0x15163237, 0x0e070614, 0x3e230703, 0x35263701, 0x3e373634, 0x1b186801, 0x12040202,
    0x4119281d, 0x21102d25, 0x1b040202, 0x07141475, 0x2f130810, 0x20122f30, 0x1d08223d, 0x14081007, 0x00000023, 0xecffffff, 0xf8007bff, 0x26001002,
    0x000a6000, 0x5d000700, 0x9b015d00, 0xecffffff, 0xf8007bff, 0x26001002, 0x000a6000, 0x5d000700, 0x9b015d00, 0x79000100, 0xf800cc01, 0x0300e402,
    0x00ba1e00, 0x00040000, 0x39121105, 0x0000b800, 0x00b85845, 0xb91b2f01, 0x1f000100, 0x3130593e, 0x0333011b, 0x38473879, 0x1801cc01, 0x0000e8fe,
    0x7900ffff, 0xa801cc01, 0x2600e402, 0x00006300, 0x63000700, 0x0000b000, 0x86000100, 0x3f01ea01, 0x1800e402, 0x00ba2600, 0x00190003, 0x3912111a,
    0x0000b800, 0x00b85845, 0xb91b2f0b, 0x1f000b00, 0x00b8593e, 0x00b8dc00, 0x3130dc0f, 0x35262213, 0x3e373634, 0x0e333703, 0x15160701, 0x0e070614,
    0x1b18b903, 0x12040202, 0x411a271d, 0x21102d25, 0x08020202, 0xea01170f, 0x10071414, 0x302f1308, 0x3d20122f, 0x071d0822, 0x140a0810, 0x00000a0f,
    0x64000100, 0x1d01f401, 0x1600ee02, 0x00ba2a00, 0x0017000b, 0x39121118, 0x0000b800, 0x00b85845, 0xb91b2f00, 0x1f000000, 0x00b8593e, 0x00b8dc0c,
    0x00b81000, 0x3130dc0f, 0x15163213, 0x0e070614, 0x3e230703, 0x35263701, 0x3e373634, 0x1b18ea01, 0x12040202, 0x4119281d, 0x21102d25, 0x1b040202,
    0x1414ee02, 0x13081007, 0x122f302f, 0x08223d20, 0x0810071d, 0x00002314, 0x8600ffff, 0x0402ea01, 0x2600e402, 0x00006500, 0x65000700, 0x0000c500,
    0x6400ffff, 0xe201f401, 0x2600ee02, 0x00006600, 0x66000700, 0x0000c500, 0xe0ff0100, 0x99008cff, 0x16008600, 0x00ba1d00, 0x00170006, 0x39121118,
    0x0000b800, 0x0c00b82f, 0x0000b8dc, 0x0f00b810, 0x373130dc, 0x14151632, 0x030e0706, 0x013e2307, 0x34352637, 0x013e3736, 0x021b1866, 0x1d120402,
    0x25411928, 0x0221102d, 0x861b0402, 0x10071414, 0x302f1308, 0x3d20122f, 0x071d0822, 0x23140810, 0xe0ffffff, 0x5e018cff, 0x26008600, 0x00006900,
    0x69000700, 0x0000c500, 0x20000100, 0x16014e00, 0x0600e801, 0x00ba1100, 0x00070005, 0x39121108, 0x0300b800, 0x3731302f, 0x17013f27, 0x9aba1707,
    0xa40ed90f, 0x49ac4e68, 0x96953ba5, 0x19000100, 0x0f014e00, 0x0600e801, 0x00ba1100, 0x00070003, 0x39121108, 0x0300b800, 0x3f31302f, 0x17372701,
    0xa419010f, 0x0f9a2068, 0x969589d9, 0xa549ac34, 0x2000ffff, 0xdf014e00, 0x2600e801, 0x00006b00, 0x6b000700, 0x0000c900, 0x1900ffff, 0xd8014e00,
    0x2600e801, 0x00006c00, 0x6c000700, 0x0000c900, 0x06000200, 0xea004bff, 0x05001002, 0x32001900, 0x000200ba, 0x111b001a, 0x00b83912, 0x00b81002,
    0xb800d00c, 0xb82f0000, 0x58450000, 0x2f0f00b8, 0x0f00b91b, 0x593e1b00, 0xdc0600b8, 0xdc0200b8, 0x37173130, 0x07033313, 0x35262213, 0x3e373634,
    0x16323301, 0x07061415, 0x2906030e, 0x29272654, 0x021b184c, 0x221b0402, 0x02021b18, 0x170f0802, 0x3501cbb5, 0x02cbcbfe, 0x07141444, 0x23140813,
    0x13071414, 0x0f140a08, 0x0000000a, 0x25000200, 0x0901f4ff, 0x0500ba02, 0x3f001900, 0x000500ba, 0x111b001a, 0x00b83912, 0x00b81005, 0xb800d015,
    0x58450000, 0x2f0200b8, 0x0200b91b, 0x593e1d00, 0x450000b8, 0x0600b858, 0x00b91b2f, 0x3e130006, 0x0f00b859, 0x0000b8dc, 0x373130dc, 0x07333713,
    0x26220703, 0x37363435, 0x3233013e, 0x06141516, 0x66030e07, 0x29532927, 0x1b183454, 0x1b040202, 0x021b1822, 0x0f080202, 0x3501b917, 0xcbfecccc,
    0x071414c5, 0x23140813, 0x13071414, 0x0f140a08, 0x0000000a, 0xefff0200, 0x81013eff, 0x1e001002, 0x44003200, 0x002500ba, 0x11340033, 0x00b83912,
    0x00b81025, 0xb800d009, 0x58450000, 0x2f2800b8, 0x2800b91b, 0x593e1b00, 0x000000bb, 0x00160005, 0x00b82b04, 0x00b81028, 0x00b8dc1f, 0x00b8dc09,
    0x00b8dc08, 0x3130d00b, 0x35262217, 0x3f023e34, 0x0e073301, 0x010e0703, 0x33161415, 0x17373632, 0x2213030e, 0x36343526, 0x33013e37, 0x14151632,
    0x030e0706, 0x1f6252a3, 0x16335239, 0x4428214b, 0x02052134, 0x3a333401, 0x0f431545, 0x4c44362a, 0x02021b18, 0x18221b04, 0x0202021b, 0xc2170f08,
    0x4c294c55, 0x6c092c3f, 0x231502a5, 0x17071b30, 0x41332b08, 0x3d251b36, 0x5102172b, 0x13071414, 0x14231408, 0x08130714, 0x0a0f140a, 0x55000200,
    0xe701f4ff, 0x1c00c602, 0x51003000, 0x002c00ba, 0x11320031, 0x00b83912, 0x00b8102c, 0xb800d01c, 0x58450000, 0x2f1300b8, 0x1300b91b, 0x593e1d00,
    0x450000b8, 0x1d00b858, 0x00b91b2f, 0x3e13001d, 0x2600b859, 0x1c00b8dc, 0x1b00b8dc, 0x0100b8dc, 0x1300b8d0, 0x0c00b910, 0x30f40500, 0x3e013f31,
    0x013e3703, 0x23263435, 0x27070622, 0x3233013e, 0x0e141516, 0x22020f02, 0x36343526, 0x33013e37, 0x14151632, 0x030e0706, 0x442821a9, 0x02052134,
    0x3a333401, 0x1f431545, 0x62525669, 0x3352391f, 0x1b184a16, 0x1b040202, 0x021b1822, 0x0f080202, 0x01a5d017, 0x1b302316, 0x2b081707, 0x1b364133,
    0x4c555a4a, 0x2c3f4c29, 0x14dc6c09, 0x08130714, 0x14142314, 0x0a081307, 0x000a0f14, 0x4c000100, 0xaa0177ff, 0x1400f802, 0x00ba1500, 0x0015000b,
    0x39121116, 0x1200b800, 0x0500b82f, 0x3731302f, 0x37023e34, 0x0f030e33, 0x14150601, 0x2e231716, 0x4c2e4c01, 0x304c3563, 0x0a2f4354, 0x31340911,
    0xc63b2b43, 0x748fa85d, 0x665e272a, 0x2d553369, 0x41aa5c31, 0x0000aa38, 0xb4ff0100, 0x120177ff, 0x1400f802, 0x00ba1500, 0x00150012, 0x39121116,
    0x1100b800, 0x0600b82f, 0x0131302f, 0x07020e14, 0x3f033e23, 0x34353601, 0x1e332726, 0x2e120101, 0x4c35634c, 0x2f435430, 0x3409110a, 0x3b2b4331,
    0xa85da901, 0x272a748f, 0x3369665e, 0x5c312d55, 0xaa3841aa, 0x0c000100, 0x5f0176ff, 0x0700f802, 0x00ba2900, 0x00080007, 0x39121109, 0x0100b800,
    0x0000b82f, 0x0100b82f, 0x0400b910, 0xb8f40600, 0xb9100000, 0x06000500, 0x173130f4, 0x23073313, 0x0c073303, 0x590d9fb4, 0x8a0c599c, 0xfc3d8203,
    0x00003df8, 0xf4ff0100, 0x470176ff, 0x0700f802, 0x00ba2500, 0x00080006, 0x39121109, 0x0700b800, 0x0200b82f, 0x0300b92f, 0xb8f40600, 0xb9100700,
    0x06000500, 0x013130f4, 0x33372303, 0x01372313, 0x0d9fb447, 0x0c599c59, 0x7efcf802, 0x3d08033d, 0x1b000100, 0x730176ff, 0x2600f802, 0x00ba4100,
    0x00270023, 0x39121128, 0x1300b800, 0x0000b82f, 0x1d00ba2f, 0x03001c00, 0x1d00b82b, 0x0c00b810, 0x1c00b8dc, 0x0d00b810, 0x1300b8dc, 0x1600b910,
    0xb8f40600, 0xb9100000, 0x06002400, 0x173130f4, 0x34352622, 0x36013f36, 0x23263435, 0x3f363237, 0x013b3601, 0x0e072307, 0x1e010f03, 0x06141501,
    0x0733010f, 0x01212173, 0x28032e02, 0x31321022, 0x45112f08, 0x325a0b58, 0x291b0f05, 0x2523031e, 0x5b320203, 0x1b238a0e, 0xe40b0d05, 0x20210b0f,
    0xeb29324e, 0x17fb3f54, 0x0318242c, 0x242e0710, 0xfc081208, 0x0000003f, 0xebff0100, 0x430176ff, 0x2600f802, 0x00ba4100, 0x00270011, 0x39121128,
    0x1100b800, 0x2600b82f, 0x0700ba2f, 0x03000800, 0x2600b82b, 0x0000b910, 0xb8f40600, 0xb9101100, 0x06001000, 0x0800b8f4, 0x1e00b810, 0x0700b8dc,
    0x1f00b810, 0x073130dc, 0x033e3733, 0x012e013f, 0x3f363435, 0x33372301, 0x14151632, 0x06010f06, 0x33161415, 0x0f062207, 0x012b0601, 0x04325a0a,
    0x1e291b10, 0x03252303, 0x0e5b3202, 0x0121214e, 0x28032e02, 0x31321022, 0x45112f08, 0x16fb4b58, 0x0318232c, 0x24300710, 0xfc081208, 0x051b233f,
    0x0fe40b0d, 0x4e20210b, 0x54eb2932, 0xbcff0100, 0xb00169ff, 0x0300e402, 0x00ba2200, 0x00040001, 0x39121105, 0x0000b800, 0x0000b82f, 0x00b85845,
    0xb91b2f01, 0x1f000100, 0x3130593e, 0x01330107, 0x47ad0144, 0x039753fe, 0x0085fc7b, 0x8e000100, 0x180169ff, 0x0300e402, 0x00ba2200, 0x00040002,
    0x39121105, 0x0000b800, 0x0000b82f, 0x00b85845, 0xb91b2f01, 0x1f000100, 0x3130593e, 0x13330317, 0x474347d5, 0xfc7b0397, 0x00000085, 0x0bff0100,
    0xb5010000, 0x0300ba02, 0xb8002500, 0x58450000, 0x2f0100b8, 0x0100b91b, 0x593e1d00, 0x450000b8, 0x0000b858, 0x00b91b2f, 0x3e130000, 0x23313059,
    0xf5013301, 0xfd496102, 0xfdba029f, 0x00000046, 0x0bffffff, 0xb5010000, 0x0602ba02, 0x00007b00, 0x66000500, 0x3203f4ff, 0x0300c602, 0x27001300,
    0x4b003700, 0x00bab100, 0x004c000f, 0x3912114d, 0x100f00b8, 0xd00300b8, 0x100f00b8, 0xd01b00b8, 0x100f00b8, 0xd02b00b8, 0x100f00b8, 0xd04900b8,
    0x0000b800, 0x00b85845, 0xb91b2f0c, 0x1d000c00, 0x00b8593e, 0xb8584500, 0x1b2f0100, 0x000100b9, 0xb8593e1d, 0x58450000, 0x2f2800b8, 0x2800b91b,
    0x593e1300, 0x450000b8, 0x0000b858, 0x00b91b2f, 0x3e130000, 0x0400ba59, 0x00000c00, 0xb8391211, 0xb92f0400, 0x06001400, 0x0c00b8f4, 0x1e00b910,
    0xbaf40600, 0x01003000, 0x12112800, 0x3000b839, 0x2800b82f, 0x3800b910, 0xb8f40600, 0xb9103000, 0x06004200, 0x333130f4, 0x13013301, 0x34352622,
    0x3233023e, 0x0e141516, 0x36322702, 0x013e013f, 0x23263435, 0x010f0622, 0x1415010e, 0x26220116, 0x023e3435, 0x15163233, 0x27020e14, 0x013f3632,
    0x3435013e, 0x06222326, 0x010e010f, 0x76161415, 0xfd505c02, 0x413c1da4, 0x2d463019, 0x3019423b, 0x31262746, 0x02020e0b, 0x31262021, 0x02020e0b,
    0x3cad0121, 0x46301941, 0x19423b2d, 0x26274630, 0x020e0b31, 0x26202102, 0x020e0b31, 0xba022102, 0x3a0146fd, 0x5c31444b, 0x444b2a46, 0x2a465b32,
    0x44363e32, 0x24081508, 0x44363e27, 0x24081508, 0x4b88fe27, 0x465c3144, 0x32444b2a, 0x322a465b, 0x0844363e, 0x27240815, 0x0844363e, 0x27240815,
    0x66000700, 0x9c04f4ff, 0x0300c602, 0x27001300, 0x4b003700, 0x6f005b00, 0x00baee00, 0x00700028, 0x39121171, 0x102800b8, 0xd00100b8, 0x102800b8,
    0xd00f00b8, 0x102800b8, 0xd01b00b8, 0x102800b8, 0xd03800b8, 0x102800b8, 0xd04f00b8, 0x102800b8, 0xd06d00b8, 0x0000b800, 0x00b85845, 0xb91b2f0c,
    0x1d000c00, 0x00b8593e, 0xb8584500, 0x1b2f0100, 0x000100b9, 0xb8593e1d, 0x58450000, 0x2f2800b8, 0x2800b91b, 0x593e1300, 0x450000b8, 0x4c00b858,
    0x00b91b2f, 0x3e13004c, 0x0000b859, 0x00b85845, 0xb91b2f00, 0x13000000, 0x00ba593e, 0x000c0004, 0x39121100, 0x2f0400b8, 0x001400b9, 0x00b8f406,
    0x00b9100c, 0xf406001e, 0x003000ba, 0x11280001, 0x00b83912, 0x00b82f30, 0x00b91028, 0xf4060038, 0x103000b8, 0x004200b9, 0x00b8f406, 0x00b81030,
    0x00b8d054, 0x00b9104c, 0xf406005c, 0x105400b8, 0x006600b9, 0x3130f406, 0x01330133, 0x35262213, 0x33023e34, 0x14151632, 0x3227020e, 0x3e013f36,
    0x26343501, 0x0f062223, 0x15010e01, 0x22011614, 0x3e343526, 0x16323302, 0x020e1415, 0x3f363227, 0x35013e01, 0x22232634, 0x0e010f06, 0x16141501,
    0x35262205, 0x33023e34, 0x14151632, 0x3227020e, 0x3e013f36, 0x26343501, 0x0f062223, 0x15010e01, 0x02761614, 0xa4fd505c, 0x19413c1d, 0x3b2d4630,
    0x46301942, 0x0b312627, 0x2102020e, 0x0b312620, 0x2102020e, 0x413cad01, 0x2d463019, 0x3019423b, 0x31262746, 0x02020e0b, 0x31262021, 0x02020e0b,
    0x3c840121, 0x46301941, 0x19423b2d, 0x26274630, 0x020e0b31, 0x26202102, 0x020e0b31, 0xba022102, 0x3a0146fd, 0x5c31444b, 0x444b2a46, 0x2a465b32,
    0x44363e32, 0x24081508, 0x44363e27, 0x24081508, 0x4b88fe27, 0x465c3144, 0x32444b2a, 0x322a465b, 0x0844363e, 0x27240815, 0x0844363e, 0x27240815,
    0x31444b32, 0x4b2a465c, 0x465b3244, 0x363e322a, 0x08150844, 0x363e2724, 0x08150844, 0x00002724, 0x29000100, 0x200176ff, 0x0300f802, 0x00ba1500,
    0x00040003, 0x39121105, 0x0100b800, 0x0000b82f, 0x1731302f, 0x29033313, 0x8ab542b5, 0x7efc8203, 0x29000200, 0x200176ff, 0x0300f802, 0x19000700,
    0x000000ba, 0x11090008, 0x00b83912, 0xb800d006, 0xb82f0100, 0x302f0400, 0x33011b31, 0x3313010b, 0x42489603, 0x4248af48, 0x01960148, 0xfd9efe62,
    0xfe6201e0, 0x0000009e, 0x1a000200, 0x130265ff, 0x3d00c602, 0x7a004f00, 0x004200ba, 0x11510050, 0x00b83912, 0x00b81042, 0xb800d014, 0xb82f0500,
    0x58450000, 0x2f2400b8, 0x2400b91b, 0x593e1d00, 0x100500b8, 0x000c00b9, 0x00b8f405, 0x00b91024, 0xf405002b, 0x001400ba, 0x1105002b, 0x00ba3912,
    0x00240033, 0x3912110c, 0x004400ba, 0x1105002b, 0x00ba3912, 0x0033001c, 0x39121144, 0x004d00ba, 0x110c002b, 0x00ba3912, 0x0014003b, 0x3912114d,
    0x14253130, 0x2223020e, 0x1e372726, 0x3e323301, 0x26343502, 0x012e012f, 0x3f363435, 0x35012e01, 0x33023e34, 0x07171632, 0x2223012e, 0x1415020e,
    0x1e011f16, 0x06141501, 0x011e010f, 0x2f263437, 0x0e272601, 0x16141501, 0x1716011f, 0x9401013e, 0x2a4c3821, 0x361e5835, 0x18264115, 0x2214222b,
    0x38423b2b, 0x1c013c4d, 0x4b392118, 0x1e58352a, 0x26411536, 0x14222b18, 0x423b2b22, 0x013c4d38, 0x2c06181c, 0x0b093b31, 0x312c2f2c, 0x2c0b093b,
    0x4329182f, 0x1e1d192e, 0x0e181536, 0x1e18251b, 0x17140e2d, 0x533f2d3e, 0x3916090b, 0x2f422920, 0x361e1d19, 0x1b0e1815, 0x2d1e1825, 0x3e17140e,
    0x0b533f2d, 0xd9391609, 0x13102b2a, 0x43110503, 0x102b2a23, 0x11050313, 0x00000043, 0x60000100, 0x7d026bff, 0x1300ba02, 0x00ba3c00, 0x0014000a,
    0x39121115, 0x1300b800, 0x0000b82f, 0x00b85845, 0xb91b2f0a, 0x1d000a00, 0x00b9593e, 0xf4050011, 0xdc0000b8, 0x101100b8, 0xd00d00b8, 0x101300b8,
    0xd00f00b8, 0x22133130, 0x3435022e, 0x2133023e, 0x23032307, 0x23032313, 0x2a371ef7, 0x533f2518, 0x0c37012f, 0x9d479d40, 0x01479d6a, 0x3f301c2d,
    0x3a533123, 0xf3fc4221, 0xf3fc0d03, 0x43000300, 0xf002f4ff, 0x1300c402, 0x4d002d00, 0x00bafa00, 0x004e0048, 0x3912114f, 0x104800b8, 0xd00000b8,
    0x104800b8, 0xd01400b8, 0x0000b800, 0x00b85845, 0xb91b2f0a, 0x1d000a00, 0x00b8593e, 0xb8584500, 0x1b2f0000, 0x000000b9, 0xb8593e13, 0x41dc1400,
    0x000f0003, 0x71010014, 0x1f000341, 0x01001400, 0x0a00b872, 0x2100b810, 0x000341dc, 0x00210000, 0x03417101, 0x21001000, 0xb8720100, 0xb8101400,
    0x41dc2e00, 0x00000005, 0x0010002e, 0x7102002e, 0x10000341, 0x01002e00, 0x00034172, 0x002e00e0, 0x07415d01, 0x2e005000, 0x2e006000, 0x2e007000,
    0xb85d0300, 0xb8102100, 0x41dc3600, 0x000f0005, 0x001f0036, 0x71020036, 0x5f000741, 0x6f003600, 0x7f003600, 0x03003600, 0x0003415d, 0x0036001f,
    0x00b97201, 0xf406003f, 0x102e00b8, 0x004800b9, 0x00baf406, 0x003f003c, 0x39121148, 0x004a00ba, 0x1148003f, 0x31303912, 0x022e2205, 0x023e3435,
    0x021e3233, 0x020e1415, 0x023e3227, 0x35013e37, 0x23022e34, 0x07020e22, 0x1415010e, 0x2237021e, 0x3e343526, 0x1e323302, 0x2e071702, 0x06222301,
    0x1506010f, 0x32331614, 0x010e1737, 0x6b426601, 0x693c2a4c, 0x6b425491, 0x693c2a4c, 0x683a5091, 0x060a3952, 0x543e2209, 0x52683a33, 0x09060a39,
    0x45543e22, 0x311c453d, 0x2b1b2a46, 0x3a051620, 0x2a1d2607, 0x030c0931, 0x2f342023, 0x0c4e1a30, 0x446f512c, 0x3f6f985a, 0x4370512c, 0x3f6f985a,
    0x5b44273a, 0x13392034, 0x23405b38, 0x345b4427, 0x38133920, 0x6d23405b, 0x5832454d, 0x1b102642, 0x1d181322, 0x3b2d3b1f, 0x2a220d0f, 0x33262642,
    0x5a000400, 0xdf012a01, 0x1300c602, 0x33002500, 0xdb003e00, 0x002800ba, 0x1140003f, 0x00b83912, 0x00b81028, 0x00b8d000, 0x00b81028, 0x00b8d014,
    0x00b81028, 0xb800d03e, 0x58450000, 0x2f0a00b8, 0x0a00b91b, 0x593e1d00, 0x001d00b9, 0x00baf40a, 0x00140027, 0x3912111d, 0x2700b87c, 0x00ba182f,
    0x00270014, 0x3912113f, 0x2f1400b8, 0xef000541, 0xff001400, 0x02001400, 0x0005415d, 0x0014000f, 0x0014001f, 0x07417102, 0x1400df00, 0x1400ef00,
    0x1400ff00, 0x41710300, 0x001f0005, 0x002f0014, 0x72020014, 0x000000b9, 0x00baf40a, 0x001d0028, 0x39121114, 0x2f2800b8, 0xe0000341, 0x01002800,
    0x3d00b972, 0xbaf40a00, 0x3d003e00, 0x12112700, 0x3e00b839, 0x3300b92f, 0xbaf40a00, 0x3e002f00, 0x12113300, 0x2700b839, 0x3100b810, 0x013130d0,
    0x35022e22, 0x33023e34, 0x15021e32, 0x27020e14, 0x3e373632, 0x26343501, 0x07062223, 0x1415010e, 0x37233716, 0x15163233, 0x17070614, 0x37232723,
    0x3e373632, 0x2b343501, 0x07010701, 0x1b2e4024, 0x2f503920, 0x1b2e4024, 0x2b503920, 0x020d5741, 0x413b4c03, 0x03020d57, 0x2a27184c, 0x1c1b1c52,
    0x1a291e18, 0x0f0b3223, 0x13020302, 0x2a010d2d, 0x25402f1b, 0x243f5733, 0x25402f1b, 0x243f5733, 0x0b3f5127, 0x4d3e0523, 0x230b3f51, 0x3f4d3e05,
    0x1a1520d1, 0x51550528, 0x0f0b0a1e, 0x4110020b, 0x64000200, 0x6702a301, 0x0700ba02, 0x83001800, 0x000500ba, 0x111a0019, 0x00b83912, 0x00b81005,
    0xb800d008, 0x58450000, 0x2f0300b8, 0x0300b91b, 0x593e1d00, 0x450000b8, 0x0900b858, 0x00b91b2f, 0x3e1d0009, 0x0000b859, 0x00b85845, 0xb91b2f0d,
    0x1d000d00, 0x00b8593e, 0x00b91003, 0xf40a0002, 0xdc0000b8, 0x7f000341, 0x01000000, 0x0200b871, 0x0600b810, 0x0000b8d0, 0x0800b810, 0x1000b8d0,
    0x0d00b8d0, 0x1300b810, 0x0900b8d0, 0x1600b810, 0x133130d0, 0x33372337, 0x33072307, 0x33173313, 0x23033337, 0x0723013f, 0x010f2327, 0x09502f85,
    0x2f5009d2, 0x22393882, 0x38405803, 0x0412192e, 0x10042b69, 0xeba30119, 0x01eb2c2c, 0xfe858517, 0x9b537ee9, 0x007b569b, 0x4d000200, 0x7c015801,
    0x2600c002, 0x9a003400, 0x002e00ba, 0x11360035, 0x00b83912, 0x00b8102e, 0xb800d00b, 0x58450000, 0x2f1f00b8, 0x1f00b91b, 0x593e1d00, 0x000b00ba,
    0x1135001f, 0x00b83912, 0x00b82f0b, 0x00b8d001, 0x00b9100b, 0xf40c002e, 0x000800ba, 0x111f002e, 0x00b83912, 0x00b9101f, 0xf40c0018, 0x001100ba,
    0x112e0018, 0x00b83912, 0x07412f11, 0x11002000, 0x11003000, 0x11004000, 0x41710300, 0x00c00007, 0x00d00011, 0x00e00011, 0x5d030011, 0x100100b8,
    0x002500b9, 0x00b8f40c, 0x00b91011, 0xf4090027, 0x23013130, 0x3c352622, 0x0e233701, 0x26222301, 0x3b363435, 0x34363701, 0x22233435, 0x3e270706,
    0x16323301, 0x010f1415, 0x06222733, 0x14150607, 0x023e3233, 0x7101013f, 0x01171b21, 0x2a3b0f04, 0x4f55302a, 0x3e020546, 0x2410331f, 0x35304915,
    0x241f043e, 0x052d2795, 0x23133204, 0x0803141d, 0x13155e01, 0x17050702, 0x3d232c25, 0x0d08183e, 0x171d3707, 0x342a1b22, 0x9b141335, 0x14171961,
    0x120a2404, 0x00290f18, 0x5d000200, 0x92015801, 0x1300c002, 0x40002700, 0x002100ba, 0x11290028, 0x00b83912, 0x00b81021, 0xb800d000, 0x58450000,
    0x2f0a00b8, 0x0a00b91b, 0x593e1d00, 0x001e00b9, 0x00baf40c, 0x001e0000, 0x39121128, 0x2f0000b8, 0x001400b9, 0x3130f40c, 0x35262213, 0x033e3734,
    0x15163233, 0x030e0714, 0x3f363227, 0x35013e01, 0x22232634, 0x0e010f06, 0x16141501, 0x07453adc, 0x3b2b1d07, 0x07453a25, 0x3b2b1d07, 0x0931271d,
    0x2602020c, 0x09312724, 0x2602020c, 0x394b5801, 0x3a211f25, 0x394b192c, 0x3a211f25, 0x3833192c, 0x0e083a2a, 0x38282107, 0x0e083a2a, 0x00282107,
    0x77000200, 0xbf016e01, 0x1300c602, 0x3c002300, 0x000000ba, 0x11250024, 0x00b83912, 0xb800d021, 0x58450000, 0x2f0a00b8, 0x0a00b91b, 0x593e1d00,
    0x001c00b9, 0x00baf406, 0x001c0000, 0x39121124, 0x2f0000b8, 0x001400b9, 0x3130f406, 0x022e2201, 0x023e3435, 0x021e3233, 0x020e1415, 0x023e3227,
    0x23263435, 0x15020e22, 0x07011614, 0x1627351e, 0x2943311b, 0x1727341e, 0x1f44311b, 0x0f1c2719, 0x2719272e, 0x012e0f1c, 0x3728166e, 0x34472922,
    0x3827161d, 0x34472a21, 0x2214401d, 0x34251a2f, 0x1a2e2314, 0x00003425, 0x4b000100, 0x0f017a01, 0x0300ba02, 0x00ba1e00, 0x00040003, 0x39121105,
    0x0000b800, 0x00b85845, 0xb91b2f01, 0x1d000100, 0x3130593e, 0x0333011b, 0x794b794b, 0x40017a01, 0x0000c0fe, 0x4b00ffff, 0xbf017a01, 0x2600ba02,
    0x00008900, 0x89000700, 0x0000b000, 0x67000100, 0xda017c01, 0x0e00eb02, 0x00ba1e00, 0x000f0002, 0x39121110, 0x0000b800, 0x00b85845, 0xb91b2f06,
    0x1f000600, 0x3130593e, 0x27372713, 0x33371737, 0x07173707, 0xac270717, 0x1f867534, 0x2344197f, 0x44940c8f, 0x7c013b3a, 0x4126782d, 0x34989835,
    0x27762940, 0x0000007f, 0x5a000100, 0x170238ff, 0x0b00e402, 0x00ba6500, 0x000c0001, 0x3912110d, 0x0000b800, 0x00b85845, 0xb91b2f05, 0x1f000500,
    0x00b8593e, 0xb8584500, 0x1b2f0300, 0x000300b9, 0xb8593e1b, 0x58450000, 0x2f0700b8, 0x0700b91b, 0x593e1b00, 0x450000b8, 0x0000b858, 0x00b91b2f,
    0x3e150000, 0x0300b859, 0x0200b910, 0xb8f40600, 0xb9100700, 0x06000a00, 0x173130f4, 0x33372313, 0x33073337, 0x8e032307, 0xb70cb682, 0xb82d422d,
    0xc882b90c, 0xe03f8d02, 0x73fd3fe0, 0x03000100, 0x170238ff, 0x1300e402, 0x00ba8300, 0x0014000f, 0x39121115, 0x0300b800, 0x0000b82f, 0x00b85845,
    0xb91b2f09, 0x1f000900, 0x00b8593e, 0xb8584500, 0x1b2f0700, 0x000700b9, 0xb8593e1b, 0x58450000, 0x2f0b00b8, 0x0b00b91b, 0x593e1b00, 0x450000b8,
    0x0000b858, 0x00b91b2f, 0x3e150000, 0x0300b859, 0x0200b910, 0xb8f40600, 0xb9100700, 0x06000600, 0x0b00b8f4, 0x0e00b910, 0xb8f40600, 0xb8100300,
    0xb8d00f00, 0xb8100200, 0x30d01200, 0x23371731, 0x23133337, 0x33373337, 0x23073307, 0x23073303, 0xb82d8e07, 0xb649b80c, 0x422db70c, 0xb90cb82d,
    0xb70cb749, 0x3fe0c82d, 0xe03f6e01, 0x92fe3fe0, 0x0000e03f, 0x2f000200, 0xa0020000, 0x1b00ba02, 0xc7001f00, 0x000e00ba, 0x11210020, 0x00b83912,
    0x00b8100e, 0xb800d01e, 0x58450000, 0x2f0c00b8, 0x0c00b91b, 0x593e1d00, 0x450000b8, 0x1000b858, 0x00b91b2f, 0x3e1d0010, 0x0000b859, 0x00b85845,
    0xb91b2f03, 0x13000300, 0x00b8593e, 0xb8584500, 0x1b2f1b00, 0x001b00b9, 0xba593e13, 0x0c000500, 0x12110300, 0x0500b839, 0x0100b82f, 0x0500b8d0,
    0x0600b910, 0xbaf40600, 0x0c000a00, 0x12110300, 0x0a00b839, 0x0003412f, 0x000a000f, 0x03415d01, 0x0a004f00, 0xb95d0100, 0x06000900, 0x0a00b8f4,
    0x0e00b810, 0x1200b8d0, 0x0900b8d0, 0x1e00b810, 0x1500b8d0, 0x0600b8d0, 0x1f00b810, 0x1600b8d0, 0x0100b8d0, 0x1900b810, 0x253130d0, 0x37230723,
    0x37333723, 0x37333723, 0x37330733, 0x07330733, 0x07330723, 0x13230723, 0x01072337, 0x434c8576, 0x890b7f4c, 0x890b7e3e, 0x854b434b, 0x7e4b434b,
    0x7e3e890b, 0x434c880b, 0x3e853e61, 0x3acdcdcd, 0xcdcd3aac, 0xac3acdcd, 0x0701cd3a, 0x0000acac, 0x4a000100, 0x2b022801, 0x0700ba02, 0x00ba2200,
    0x00080005, 0x39121109, 0x0000b800, 0x00b85845, 0xb91b2f05, 0x1d000500, 0x00b8593e, 0x3130d002, 0x03230301, 0x13330127, 0x0473ed01, 0x0e0138f4,
    0x28017e55, 0xbbfe4501, 0xfe6f0123, 0x0000008b, 0x52000100, 0x1902ec00, 0x19007601, 0x00ba4900, 0x001a0003, 0x3912111b, 0x1300bb00, 0x00000500,
    0xb82b0400, 0xb8100000, 0xbadc0600, 0x06000900, 0x12110000, 0x00b87d39, 0xb8182f09, 0xb9100600, 0x05000d00, 0x1600baf4, 0x13000d00, 0x7c391211,
    0x2f1600b8, 0x25313018, 0x2e272622, 0x06222301, 0x013e2707, 0x17163233, 0x3233011e, 0x0e173736, 0x229a0101, 0x2f181e33, 0x1928171e, 0x2d3a1818,
    0x181e3322, 0x28171e2f, 0x3a181819, 0x0e1115ec, 0x2e111114, 0x11151e18, 0x1111140e, 0x001e182e, 0x4e000100, 0x1d023e00, 0x0b002402, 0x00ba2700,
    0x000c000b, 0x3912110d, 0x0200bb00, 0x03000500, 0xb82b0400, 0xb8100300, 0xb8d00700, 0xb8100200, 0x30d00a00, 0x23013f31, 0x33373337, 0x23073307,
    0xbd2ae107, 0x492abe0d, 0xbc0dbb2a, 0x42d23e2a, 0xd242d2d2, 0x4e000100, 0x1d021001, 0x03005201, 0x00ba1700, 0x00040001, 0x39121105, 0x0000bb00,
    0x01000500, 0x302b0400, 0x21371331, 0x010d4e07, 0x10010dc2, 0x00004242, 0x18000200, 0x2d020000, 0x0b006b02, 0x4e000f00, 0x000400ba, 0x11110010,
    0x00b83912, 0x00b81004, 0xb800d00f, 0x58450000, 0x2f0c00b8, 0x0c00b91b, 0x593e1300, 0x000200bb, 0x00030005, 0x00b82b04, 0x00b9100c, 0xf405000d,
    0xdc0000b8, 0x100300b8, 0xd00700b8, 0x100200b8, 0xd00a00b8, 0x013f3130, 0x37333723, 0x07330733, 0x37050723, 0x28f40721, 0x28be0dbe, 0x0dbb2849,
    0xdbfe28bb, 0x0dc2010d, 0xc842c899, 0x99c842c8, 0x00004242, 0x4c000100, 0x1e025c00, 0x0b000602, 0x00ba1e00, 0x000c0000, 0x3912110d, 0x0000b800,
    0x00b85845, 0xb91b2f05, 0x1b000500, 0x3130593e, 0x37270725, 0x37173727, 0x07170717, 0x29b92e01, 0x793679ba, 0x78ba29b9, 0x36a3ff36, 0xa22fa2a3,
    0xa2a236a2, 0x0000002f, 0x4d000300, 0x1d023600, 0x03002e02, 0x27001500, 0x00ba3f00, 0x0028001c, 0x39121129, 0x101c00b8, 0xd00100b8, 0x101c00b8,
    0xd00d00b8, 0x0000bb00, 0x01000500, 0xb82b0400, 0xb8100000, 0xb8dc0d00, 0xb8dc0400, 0xb8100100, 0xb8dc1600, 0x30dc1f00, 0x21371331, 0x26220507,
    0x37363435, 0x3233013e, 0x06141516, 0x13010e07, 0x34352622, 0x013e3736, 0x15163233, 0x0e070614, 0x010e4d01, 0xf8fe0ec2, 0x0202171b, 0x1b1d1f05,
    0x05020217, 0x171b2e1f, 0x1f050202, 0x02171b1d, 0x011f0502, 0xdb424211, 0x0e061214, 0x141a1a08, 0x080e0612, 0x82011a1a, 0x0e061214, 0x141a1a08,
    0x080e0612, 0x00001a1a, 0x3a000200, 0x3102ac00, 0x0300b801, 0x29000700, 0x000100ba, 0x11090008, 0x00b83912, 0x00b81001, 0xbb00d007, 0x05000400,
    0x04000500, 0x0000bb2b, 0x01000500, 0x302b0400, 0x21371331, 0x21370507, 0x010d6207, 0x16fe0dc2, 0x0dc2010d, 0x42427601, 0x004242ca, 0x3900ffff,
    0x27028900, 0x2602db01, 0x9de79000, 0x90000600, 0x0000650e, 0x3a000100, 0x31024800, 0x13001c02, 0x00ba4100, 0x0014000f, 0x39121115, 0x0600bb00,
    0x07000500, 0xbb2b0400, 0x05000200, 0x04000300, 0x0700b82b, 0x0b00b810, 0x0600b8d0, 0x0e00b810, 0x0300b8d0, 0x0f00b810, 0x0200b8d0, 0x1200b810,
    0x3f3130d0, 0x33372301, 0x21372337, 0x33073337, 0x33072307, 0x6b072107, 0x9a0d7847, 0x010de061, 0x47494702, 0x61990d77, 0xfffe0ddf, 0x42644847,
    0x64644288, 0x64428842, 0x5e000100, 0x3502f4ff, 0x07003702, 0x00ba2200, 0x00080004, 0x39121109, 0x0200b800, 0x0000b82f, 0x00b85845, 0xb91b2f07,
    0x13000700, 0x3130593e, 0x0725013f, 0x07050705, 0xc8010f5e, 0x028bfe11, 0xf2102501, 0xc757f94c, 0x0050cd08, 0x2d000100, 0x0402f4ff, 0x07003602,
    0x00ba2200, 0x00080001, 0x39121109, 0x0400b800, 0x0000b82f, 0x00b85845, 0xb91b2f07, 0x13000700, 0x3130593e, 0x25372537, 0x05070537, 0x0275013e,
    0x0110dbfe, 0x38fe0f64, 0xc708cc4b, 0xfe4cf850, 0x2d000200, 0x3a020000, 0x03005002, 0x34000b00, 0x000500ba, 0x110d000c, 0x00b83912, 0x00b81005,
    0xb800d003, 0xb82f0b00, 0x58450000, 0x2f0000b8, 0x0000b91b, 0x593e1300, 0x000100b9, 0x00b8f405, 0x3130dc08, 0x07213733, 0x05070513, 0x25372507,
    0x96010e2d, 0x95fe660e, 0x102f0101, 0x011290fe, 0x014242bc, 0x970796fb, 0xbf57c04d, 0x2d000200, 0x14020000, 0x07005002, 0x34000b00, 0x000400ba,
    0x110d000c, 0x00b83912, 0x00b81004, 0xb800d00a, 0xb82f0400, 0x58450000, 0x2f0b00b8, 0x0b00b91b, 0x593e1300, 0x000800b9, 0x00b8f405, 0x3130dc07,
    0x25372537, 0x05070537, 0x21072107, 0x016b0157, 0x0110d1fe, 0x44fe1270, 0x0e96010b, 0x97cf6afe, 0xbf4d9607, 0x4238c057, 0x6200ffff, 0xda00f000,
    0x06027101, 0x00009e00, 0x62000100, 0xda00f000, 0x13007101, 0x00ba1500, 0x00140000, 0x39121115, 0x0000ba00, 0x03000900, 0x3731302b, 0x34352622,
    0x013e3736, 0x15163233, 0x0e070614, 0x1b189503, 0x1b040202, 0x021b1822, 0x0f080202, 0x1414f017, 0x14081307, 0x07141423, 0x140a0813, 0x00000a0f,
    0x8000ffff, 0xf8008f01, 0x07001002, 0x5d005d00, 0x00009b01, 0x51000100, 0x4101ba00, 0x1100a601, 0x00ba1500, 0x00120000, 0x39121113, 0x0000ba00,
    0x03000900, 0x3731302b, 0x34352622, 0x013e3736, 0x15163233, 0x0e070614, 0x3133b501, 0x3d090503, 0x0331333e, 0xba3d0905, 0x1e05232b, 0x2b382d16,
    0x161e0523, 0x0000382d, 0x4700ffff, 0x01017600, 0x27004402, 0x24005d00, 0x07008200, 0x66005d00, 0x0000cf01, 0x4c000200, 0x32020000, 0x0500ba02,
    0x47000b00, 0x000500ba, 0x110d000c, 0x00b83912, 0x00b81005, 0xb800d006, 0x58450000, 0x2f0200b8, 0x0200b91b, 0x593e1d00, 0x450000b8, 0x0000b858,
    0x00b91b2f, 0x3e130000, 0x0200b859, 0x0900b810, 0x0000b8d0, 0x0b00b810, 0x333130d0, 0x13330103, 0x03132701, 0xd5130323, 0x4d100189, 0x18f0fe89,
    0xd90768d9, 0x015f0168, 0xfea1fe5b, 0x14014da5, 0xecfe0c01, 0x0000f4fe, 0x44000100, 0x1e024d00, 0x05005201, 0x00ba1700, 0x00060000, 0x39121107,
    0x0200bb00, 0x03000500, 0x302b0400, 0x21372531, 0x01032137, 0x76fe27a7, 0x34cc010e, 0xfe42c34d, 0x000000fb, 0x4e000100, 0x85020000, 0x0b00ba02,
    0x00ba5200, 0x000c000b, 0x3912110d, 0x0000b800, 0x00b85845, 0xb91b2f03, 0x1b000300, 0x00b8593e, 0xb8584500, 0x1b2f0900, 0x000900b9, 0xb8593e1d,
    0x58450000, 0x2f0000b8, 0x0000b91b, 0x593e1300, 0x100300b8, 0x000200b9, 0x00b8f405, 0x00b81000, 0x3130d006, 0x37230333, 0x33131733, 0x0133011b,
    0x0d5f1dca, 0x05100a96, 0xfe4fa482, 0x3ec601b3, 0x01e4fea6, 0xfd5c011c, 0x00000046, 0xddff0100, 0xcd0138ff, 0x0d00e402, 0x00ba3f00, 0x000e0009,
    0x3912110f, 0x0000b800, 0x00b85845, 0xb91b2f05, 0x1f000500, 0x00b8593e, 0xb8584500, 0x1b2f0d00, 0x000d00b9, 0xb9593e15, 0x05000000, 0x0500b8f4,
    0x0800b910, 0x30f40500, 0x13330731, 0x013b013e, 0x0e032307, 0x15012b01, 0x380b9773, 0x730e593c, 0x3b380b98, 0xf1028459, 0xfd444235, 0x0040350d,
    0x10000300, 0xd8027300, 0x2100ef01, 0x3f003000, 0x00ba6500, 0x0040001e, 0x39121141, 0x101e00b8, 0xd02500b8, 0x101e00b8, 0xd03d00b8, 0x2800bb00,
    0x08000500, 0xbb2b0400, 0x05000000, 0x04002200, 0x0d00ba2b, 0x00002800, 0xb8391211, 0xb8100800, 0xb8d01100, 0xb8100000, 0xbad01900, 0x22001f00,
    0x12110800, 0x2200b839, 0x3100b810, 0x2800b8d0, 0x3a00b810, 0x373130d0, 0x34352622, 0x3233023e, 0x3317021e, 0x3233013e, 0x0e141516, 0x2e222302,
    0x0e232702, 0x36322701, 0x23012e37, 0x0e070622, 0x16141501, 0x37363221, 0x3435013e, 0x06222326, 0xa6011e07, 0x381d4d49, 0x331a3451, 0x04061f2b,
    0x493a5e1f, 0x51381d4d, 0x2b331a34, 0x1e04061f, 0x4c332e5f, 0x332d0521, 0x080e4631, 0x72012d04, 0x080e4631, 0x33292d04, 0x2d05214c, 0x31484573,
    0x0c264157, 0x4b29351f, 0x3148463e, 0x0c264057, 0x4a29351e, 0x4339423e, 0x3633403c, 0x260c1a1d, 0x1d363226, 0x26270c1a, 0x403b4439, 0x24000200,
    0xb202f4ff, 0x1c00c602, 0x5f002500, 0x000c00ba, 0x11270026, 0x00b83912, 0x00b8100c, 0xb800d021, 0x58450000, 0x2f1600b8, 0x1600b91b, 0x593e1d00,
    0x450000b8, 0x0c00b858, 0x00b91b2f, 0x3e13000c, 0x0300b859, 0x1600b8dc, 0x2100b810, 0x1c00badc, 0x0c002100, 0xb8391211, 0xba2f1c00, 0x1c000600,
    0x12110300, 0x2500b839, 0x373130dc, 0x3233011e, 0x0e173736, 0x2e222303, 0x3e343502, 0x1e323302, 0x25211502, 0x23012e35, 0x15070622, 0x3c5b20b4,
    0x2e24765a, 0x59483814, 0x58774735, 0x77583131, 0x58784647, 0x0102fe31, 0x3c5b206e, 0x6d205b3c, 0x4352281e, 0x2f402619, 0x855e331a, 0x5e865253,
    0x865e3333, 0x1ec33052, 0xc31e2828, 0x22000200, 0xcb01f4ff, 0x2300f002, 0x73003000, 0x001100ba, 0x11320031, 0x00b83912, 0x00b81011, 0xb800d024,
    0x58450000, 0x2f1100b8, 0x1100b91b, 0x593e1f00, 0x450000b8, 0x0000b858, 0x00b91b2f, 0x3e130000, 0x1100b859, 0x2400b910, 0xbaf40500, 0x24000400,
    0x12110000, 0x0000b839, 0x1b00b910, 0xbaf40500, 0x11000b00, 0x12111b00, 0x1700ba39, 0x00002400, 0xba391211, 0x11002a00, 0x12111b00, 0x05313039,
    0x013d2622, 0x2707010e, 0x1137013e, 0x33023e34, 0x14151632, 0x14150706, 0x36323316, 0x030e1737, 0x020e2203, 0x013e1115, 0x2634013d, 0x4c4a1001,
    0x210e1b0e, 0x15142d15, 0x451e3425, 0x2b626947, 0x153a2e27, 0x2e230d37, 0x180e2c3a, 0x423f0a12, 0x4c5f0c22, 0x09120b0c, 0x101d0e34, 0x49363d01,
    0x5256132d, 0x2e5aac62, 0x2e3c3842, 0x26331d22, 0x0bbb0216, 0xfe232e1b, 0x438542fc, 0x002c3411, 0x27000400, 0xef030000, 0x1300c602, 0x35002100,
    0xb8003900, 0x001c00ba, 0x113b003a, 0x00b83912, 0x00b8101c, 0x00b8d005, 0x00b8101c, 0x00b8d033, 0x00b8101c, 0xb800d036, 0x58450000, 0x2f1500b8,
    0x1500b91b, 0x593e1d00, 0x450000b8, 0x1a00b858, 0x00b91b2f, 0x3e1d001a, 0x0000b859, 0x00b85845, 0xb91b2f0a, 0x1d000a00, 0x00b8593e, 0xb8584500,
    0x1b2f1400, 0x001400b9, 0xb8593e13, 0x58450000, 0x2f1d00b8, 0x1d00b91b, 0x593e1300, 0x002200ba, 0x111d000a, 0xb87c3912, 0x182f2200, 0x000000b9,
    0x00b8f406, 0x00b8101d, 0x00b8d018, 0x00b81015, 0x00b8d020, 0x00b9100a, 0xf406002c, 0x100000b8, 0xdc3700b8, 0x003600b9, 0x3130f406, 0x022e2201,
    0x023e3435, 0x021e3233, 0x020e1415, 0x13331301, 0x33133317, 0x27032303, 0x32010323, 0x3e013f36, 0x26343501, 0x0f062223, 0x15010e01, 0x37071614,
    0x34030721, 0x14232f1c, 0x2f472e17, 0x14232f1c, 0xfc462f17, 0x8d588cc4, 0x4b740432, 0x338c588c, 0xcc027404, 0x070b3326, 0x24250102, 0x070b3326,
    0x89250102, 0x0d08010d, 0x23146c01, 0x4d281d30, 0x2314253c, 0x4d281d31, 0x94fe243c, 0x5dfeba02, 0xfd4802a5, 0xac9c0146, 0x9f01b8fd, 0x08223536,
    0x2b240709, 0x08223537, 0x2a240709, 0x004040ab, 0x31000200, 0xff01f4ff, 0x1d00ba02, 0x7e003500, 0x000a00ba, 0x11370036, 0x00b83912, 0x00b8100a,
    0xb800d02a, 0x58450000, 0x2f1300b8, 0x1300b91b, 0x593e1d00, 0x450000b8, 0x0000b858, 0x00b91b2f, 0x3e130000, 0x1e00b959, 0xbaf40500, 0x13000a00,
    0x12111e00, 0x0a00b839, 0x0003412f, 0x000a00e0, 0x03415d01, 0x0a008000, 0x415d0100, 0x00200007, 0x0030000a, 0x0040000a, 0x5d03000a, 0x002a00b9,
    0x00baf405, 0x002a000d, 0x39121100, 0x22173130, 0x3435022e, 0x3233023e, 0x2e371716, 0x1e332703, 0x0e141503, 0x3e322702, 0x3e013f02, 0x26343501,
    0x020e2223, 0x010e010f, 0xec161415, 0x1a30452c, 0x35594125, 0x050e4536, 0x48382404, 0x3d1c6d27, 0x48282233, 0x341d3165, 0x0b071d29, 0x3a420304,
    0x1d29341d, 0x03040b07, 0x371f0c42, 0x6f3d2f4d, 0x2b303254, 0x4a512902, 0x4015183f, 0x53406c55, 0x44356088, 0x22392817, 0x0b171437, 0x28173e38,
    0x14372239, 0x3e380b17, 0xfbff0200, 0x88023d00, 0x23007d02, 0x83003700, 0x002400ba, 0x11390038, 0x00b83912, 0x00b81024, 0xb800d000, 0xba2f1200,
    0x12000000, 0x12113800, 0x0000b839, 0x1200b82f, 0x2e00b910, 0xbaf40500, 0x00000300, 0x12112e00, 0x0300b839, 0x0600b810, 0x0000b8d0, 0x2400b910,
    0xbaf40500, 0x12001000, 0x12112400, 0x1000b839, 0x0d00b810, 0x1500bad0, 0x24001200, 0xb8391211, 0xb8101500, 0xbad01800, 0x00002200, 0x12112e00,
    0x2200b839, 0x1f00b810, 0x253130d0, 0x07272622, 0x35263727, 0x013e3734, 0x17372737, 0x16323336, 0x07173717, 0x07141516, 0x1707010e, 0x27062707,
    0x013f3632, 0x3435013e, 0x06222326, 0x010e010f, 0x01161415, 0x173f2a1a, 0x0c7a2b74, 0x141d0806, 0x3d523655, 0x173d2a53, 0x0c7a2b74, 0x141d0806,
    0x3d523655, 0x0e533a4a, 0x3a02020d, 0x0e533a31, 0x3a02020d, 0x5f161777, 0x291f6434, 0x4527201d, 0x652c6a19, 0x5f16172b, 0x28206434, 0x45271f1e,
    0x652c6a19, 0x4241432b, 0x08140a40, 0x42412d30, 0x08140a40, 0x00002d30, 0x31000200, 0xdb018eff, 0x1c007602, 0x77002700, 0x001300ba, 0x11290028,
    0x00b83912, 0x00b81013, 0xb800d021, 0x58450000, 0x2f0800b8, 0x0800b91b, 0x593e1b00, 0x450000b8, 0x1a00b858, 0x00b91b2f, 0x3e13001a, 0x0000b859,
    0x0800b8d0, 0x0900b810, 0x0800b8dc, 0x0b00b810, 0x1200b9d0, 0xb8f40500, 0xb9101a00, 0x05001300, 0x1a00b8f4, 0x1c00b810, 0x0000b8dc, 0x2000b910,
    0xb8f40500, 0xb9100800, 0x05002100, 0x173130f4, 0x3435012e, 0x013f023e, 0x011e0733, 0x012e0717, 0x013e0327, 0x010e1737, 0x0323010f, 0x13171614,
    0x010f010e, 0x3db2010e, 0x573d2044, 0x16441537, 0x430f3d30, 0x4f1d220a, 0x3d1c3724, 0x14435e20, 0x22211e44, 0x0c3e334f, 0x04020211, 0x3f516a11,
    0x04385873, 0x3b0b6c68, 0x26201f2c, 0x0470fe08, 0x421e352e, 0x01660446, 0x0e3e2a27, 0x4a0a8901, 0x1a0b533c, 0x37000100, 0x6502f4ff, 0x2c00c602,
    0x00ba8d00, 0x002d0022, 0x3912112e, 0x0000b800, 0x00b85845, 0xb91b2f0a, 0x1d000a00, 0x00b8593e, 0xb8584500, 0x1b2f0000, 0x000000b9, 0xb8593e13,
    0xb9100a00, 0x0d001100, 0x1700baf4, 0x00000a00, 0xb8391211, 0x412f1700, 0x00af0003, 0x5d010017, 0x001400b9, 0x00baf401, 0x0011000e, 0x39121114,
    0x101700b8, 0x001c00b9, 0x0341f402, 0x1c000f00, 0xb95d0100, 0x01001f00, 0x0000b8f4, 0x2200b910, 0xbaf40d00, 0x1f002700, 0x12112200, 0x05313039,
    0x35022e22, 0x33023e34, 0x07171632, 0x2223012e, 0x07330706, 0x07030e23, 0x1e230733, 0x3e323301, 0x0e173702, 0x301b0103, 0x30233e53, 0x554b7c58,
    0x13471971, 0x6f49404b, 0xff0dfd1a, 0x03050603, 0xf60dff02, 0x25485203, 0x12252d39, 0x3e32183a, 0x47240c4c, 0xa25b4467, 0x4b4d4679, 0x5e3c3c29,
    0x1f0e4250, 0x420c1017, 0x22115f4f, 0x282e2030, 0x0013273c, 0xb7ff0100, 0x09027aff, 0x1500ba02, 0x00baaa00, 0x00160006, 0x39121117, 0x1500b800,
    0x0000b82f, 0x00b85845, 0xb91b2f09, 0x1d000900, 0x00bb593e, 0x000d0003, 0x2b040004, 0x101500b8, 0x000000b9, 0x0341f405, 0x03000000, 0x415d0100,
    0x00c00003, 0x5d010003, 0x90000341, 0x01000300, 0x0003415d, 0x00030060, 0x03415d01, 0x03003000, 0x415d0100, 0x00300003, 0x5d010004, 0xc0000341,
    0x01000400, 0x0003415d, 0x00040090, 0x03415d01, 0x04000000, 0x415d0100, 0x00600003, 0x5d010004, 0x100900b8, 0x000c00b9, 0x00b8f405, 0x00b81004,
    0x00b8d00d, 0x00b81003, 0x3130d010, 0x23133307, 0x3e373337, 0x07013b01, 0x07330323, 0x010e0323, 0x923c012b, 0x840e7e63, 0x39420e3b, 0x46970e78,
    0x59ad0ea7, 0x713a3f10, 0x44720142, 0x443935d8, 0xfe44fefe, 0x00343ab8, 0x1a000100, 0x4d020000, 0x2900c602, 0x00ba5d00, 0x002a0021, 0x3912112b,
    0x0000b800, 0x00b85845, 0xb91b2f11, 0x1d001100, 0x00b8593e, 0xb8584500, 0x1b2f0000, 0x000000b9, 0xbb593e13, 0x05000700, 0x04000800, 0x1100b82b,
    0x1800b910, 0xb8f40d00, 0xb8100800, 0xb8d01e00, 0xb8100700, 0xb8d02100, 0xb9100000, 0x0d002700, 0x333130f4, 0x35033e37, 0x2e333723, 0x3e343501,
    0x16323302, 0x012e0717, 0x15062223, 0x33171614, 0x030e2307, 0x0721010f, 0x2822151a, 0x0e570615, 0x25040345, 0x4b3a5e43, 0x14441b5e, 0x5a4d333f,
    0x0ed10203, 0x201401c0, 0x01021327, 0x0e660f60, 0x1435342f, 0x172f1744, 0x27465f39, 0x292d353f, 0x15626330, 0x2544142c, 0x0c293742, 0x00004805,
    0x0b000300, 0x3302aeff, 0x23000c03, 0x33002c00, 0x00ba0702, 0x00340030, 0x39121135, 0x103000b8, 0xd00700b8, 0x103000b8, 0xd02800b8, 0x00b87d00,
    0xb8182f0e, 0x412f0000, 0x000f0021, 0x001f0000, 0x002f0000, 0x003f0000, 0x004f0000, 0x005f0000, 0x006f0000, 0x007f0000, 0x008f0000, 0x009f0000,
    0x00af0000, 0x00bf0000, 0x00cf0000, 0x00df0000, 0x00ef0000, 0x00ff0000, 0x71100000, 0x0f000341, 0x01000000, 0x0600b972, 0x41f40500, 0x00e00005,
    0x00f0000e, 0x7102000e, 0x40000541, 0x50000e00, 0x02000e00, 0x00034171, 0x000e00cf, 0x05415d01, 0x0e008f00, 0x0e009f00, 0x415d0200, 0x005f0003,
    0x5d01000e, 0xff000341, 0x01000e00, 0x0003415d, 0x000e002e, 0x05415d01, 0x0e000000, 0x0e001000, 0x41710200, 0x00a00005, 0x00b0000e, 0x7102000e,
    0x70000541, 0x80000e00, 0x02000e00, 0x0e00b871, 0x3100b910, 0xbaf40500, 0x31000700, 0x12110000, 0x0e00b839, 0x0f00b810, 0x000f41dc, 0x000f009f,
    0x000f00af, 0x000f00bf, 0x000f00cf, 0x000f00df, 0x000f00ef, 0x000f00ff, 0x03417107, 0x0f000f00, 0x41720100, 0x000f000f, 0x001f000f, 0x002f000f,
    0x003f000f, 0x004f000f, 0x005f000f, 0x006f000f, 0x7107000f, 0x6f000941, 0x7f000f00, 0x8f000f00, 0x9f000f00, 0x04000f00, 0x0e00b85d, 0x1100b810,
    0x1800b9d0, 0xb8f40500, 0xb8100000, 0xb9d02100, 0x05002800, 0x1900baf4, 0x28001100, 0xb8391211, 0xb8100000, 0x41dc2300, 0x0000000d, 0x00100023,
    0x00200023, 0x00300023, 0x00400023, 0x00500023, 0x71060023, 0x90000f41, 0xa0002300, 0xb0002300, 0xc0002300, 0xd0002300, 0xe0002300, 0xf0002300,
    0x07002300, 0x00034171, 0x00230000, 0x09417201, 0x23006000, 0x23007000, 0x23008000, 0x23009000, 0xba5d0400, 0x18002700, 0x12112100, 0x3000ba39,
    0x06000e00, 0x30391211, 0x012e3331, 0x17163727, 0x34352613, 0x013f023e, 0x011e0733, 0x012e0717, 0x011e0727, 0x020e1415, 0x1323010f, 0x07272634,
    0x1403033e, 0x0e371716, 0x603fc601, 0x612f3b1c, 0x3b1ea334, 0x3c103b59, 0x17543911, 0x2b3b0f3f, 0x21535b2f, 0x103d5e40, 0x3932f73c, 0x273b2732,
    0x322ef514, 0x084c412d, 0x5531343c, 0x1e06010e, 0x36472889, 0x55500222, 0x302d3708, 0xed092f1e, 0x2d455311, 0x03243a4e, 0x2a250151, 0x03fb0b38,
    0x01312718, 0x0b342942, 0x004004e3, 0x43000100, 0x85020000, 0x1700ba02, 0x00ba7a00, 0x00180001, 0x39121119, 0x0000b800, 0x00b85845, 0xb91b2f0b,
    0x1d000b00, 0x00b8593e, 0xb8584500, 0x1b2f0f00, 0x000f00b9, 0xb8593e1d, 0x58450000, 0x2f0200b8, 0x0200b91b, 0x593e1300, 0x000800bb, 0x00090001,
    0x00b82b04, 0x00b91008, 0xf4020005, 0x000400b9, 0x00b8f401, 0x00b8d000, 0x00b81008, 0x00b8d014, 0x00b8d00e, 0x00b81009, 0x00b8d011, 0x00b81005,
    0x3130d015, 0x37230725, 0x37333723, 0x03333723, 0x13331333, 0x07330333, 0x07330723, 0x501e3b01, 0xa70da81e, 0x820ca714, 0x04685573, 0x86f95ee7,
    0xab14ab0c, 0x9191910d, 0x01426142, 0x01c8fe44, 0x42bcfe38, 0x00004261, 0x2b000500, 0x5202aeff, 0x18000c03, 0x28001c00, 0x38002c00, 0x00ba2001,
    0x00390019, 0x3912113a, 0x101900b8, 0xd01800b8, 0x101900b8, 0xd01d00b8, 0x101900b8, 0xd02a00b8, 0x101900b8, 0xd02d00b8, 0x0400b800, 0x0300b82f,
    0x0100b82f, 0x000341dc, 0x00010090, 0x03417101, 0x04004000, 0x41710100, 0x00ff0003, 0x5d010004, 0x5f000341, 0x01000400, 0x0003415d, 0x000400cf,
    0x03415d01, 0x04009f00, 0x415d0100, 0x002f0003, 0x5d010004, 0x00000541, 0x10000400, 0x02000400, 0x00034171, 0x000400a0, 0x03417101, 0x04007000,
    0xb8710100, 0xb8100400, 0xb8dc0600, 0xb8100400, 0xb8d00800, 0xb9100400, 0x05001b00, 0x0300b8f4, 0x2c00b910, 0xbaf40500, 0x1b002b00, 0x12112c00,
    0x2b00b839, 0x0003412f, 0x002b00bf, 0x05415d01, 0x2b000000, 0x2b001000, 0x41720200, 0x00e00003, 0x7101002b, 0x001c00b9, 0x00baf405, 0x002b000e,
    0x3912111c, 0x100300b8, 0xd01800b8, 0x101c00b8, 0xd01d00b8, 0x101b00b8, 0xd02800b8, 0x102c00b8, 0xd02d00b8, 0x102b00b8, 0xd03800b8, 0x23053130,
    0x33132337, 0x32073337, 0x06141516, 0x011e010f, 0x020e1415, 0x3713012b, 0x013b0723, 0x3e37013e, 0x26343501, 0x3703012b, 0x013b0723, 0x3e373632,
    0x26343501, 0x0b01012b, 0x84b9153c, 0x153c15b8, 0x3c475758, 0x1e332a01, 0x2a365439, 0x2a692a0f, 0x463405a4, 0x31060309, 0x2fa20a2c, 0x1da32e69,
    0x040b4435, 0x14323505, 0x91026652, 0x424b6767, 0x0411573f, 0x25373f0d, 0x01273e4c, 0x01d4d475, 0x1c0f2d28, 0xfd22250c, 0x2fe8e8ff, 0x0e1c1334,
    0x00002226, 0x2d000300, 0x5902aeff, 0x26000c03, 0x36002c00, 0x00ba2f02, 0x00370031, 0x39121138, 0x103100b8, 0xd02000b8, 0x103100b8, 0xd02900b8,
    0x00b87d00, 0xb8182f0c, 0x412f2200, 0x000f0021, 0x001f0022, 0x002f0022, 0x003f0022, 0x004f0022, 0x005f0022, 0x006f0022, 0x007f0022, 0x008f0022,
    0x009f0022, 0x00af0022, 0x00bf0022, 0x00cf0022, 0x00df0022, 0x00ef0022, 0x00ff0022, 0x71100022, 0x0f000341, 0x01002200, 0x0000b872, 0x000741dc,
    0x00000060, 0x00000070, 0x00000080, 0x0d415d03, 0x00000000, 0x00001000, 0x00002000, 0x00003000, 0x00004000, 0x00005000, 0x41710600, 0x0090000f,
    0x00a00000, 0x00b00000, 0x00c00000, 0x00d00000, 0x00e00000, 0x00f00000, 0x71070000, 0x00000341, 0x01000000, 0x2200b872, 0x2500b810, 0x0100b8d0,
    0x000541d0, 0x000c0070, 0x000c0080, 0x05417102, 0x0c000000, 0x0c001000, 0x41710200, 0x00ff0003, 0x5d01000c, 0x5f000341, 0x01000c00, 0x0005415d,
    0x000c008f, 0x000c009f, 0x03415d02, 0x0c002f00, 0x415d0100, 0x00cf0003, 0x5d01000c, 0xe0000541, 0xf0000c00, 0x02000c00, 0x00054171, 0x000c00a0,
    0x000c00b0, 0x05417102, 0x0c004000, 0x0c005000, 0xb8710200, 0xb8100c00, 0xb8d00900, 0xb8100c00, 0x41dc0a00, 0x009f000f, 0x00af000a, 0x00bf000a,
    0x00cf000a, 0x00df000a, 0x00ef000a, 0x00ff000a, 0x7107000a, 0x0f000341, 0x01000a00, 0x000f4172, 0x000a000f, 0x000a001f, 0x000a002f, 0x000a003f,
    0x000a004f, 0x000a005f, 0x000a006f, 0x09417107, 0x0a006f00, 0x0a007f00, 0x0a008f00, 0x0a009f00, 0xb85d0400, 0xb8100c00, 0xb8d00f00, 0xb8100a00,
    0xb8d01000, 0xb8100f00, 0xb9d01200, 0x05001700, 0x2200b8f4, 0x1f00b810, 0x1800b9d0, 0xb8f40500, 0xb8100000, 0xb8d02100, 0xb9102500, 0x05002700,
    0x2200b8f4, 0x2900b910, 0xb8f40500, 0xb9100f00, 0x05002a00, 0x0c00b8f4, 0x2c00b910, 0xb8f40500, 0xb9100100, 0x05003000, 0x0900b8f4, 0x3100b910,
    0x30f40500, 0x2e371731, 0x3e343501, 0x33013f02, 0x17011e07, 0x16073337, 0x27260717, 0x37013e03, 0x0f010e17, 0x2e372301, 0x37072701, 0x26131716,
    0x16140323, 0x010e1317, 0x5e06010f, 0x27312727, 0x19416848, 0x190e1744, 0x20441a0c, 0x11471d40, 0x44359a1e, 0x682b3b1d, 0x19441952, 0x1d0b190e,
    0xa21c1832, 0x13f71e18, 0x4d3a8f10, 0x5206170e, 0x4e682384, 0x4b729152, 0x0150550c, 0x6f570303, 0x35295225, 0x09fefd1b, 0x4a2e363f, 0x5352054c,
    0x60050602, 0x02030cab, 0x85fe0721, 0x01173523, 0x496216df, 0x00001e72, 0x1a000100, 0x4d020000, 0x2d00c602, 0x00baa900, 0x002e0025, 0x3912112f,
    0x0000b800, 0x00b85845, 0xb91b2f15, 0x1d001500, 0x00b8593e, 0xb8584500, 0x1b2f0100, 0x000100b9, 0xb8593e13, 0xb9101500, 0x0d001c00, 0x0e00baf4,
    0x01001c00, 0x7d391211, 0x2f0e00b8, 0x00034118, 0x000e001f, 0x03415d01, 0x0e00ef00, 0x415d0100, 0x004f0003, 0x5d01000e, 0x000900b9, 0x0341f402,
    0x09000f00, 0xb95d0100, 0x01000800, 0x0e00b8f4, 0x0f00b910, 0xb8f40100, 0xb8d01f00, 0xb8100e00, 0xb8d02200, 0xb8100900, 0xb8d02500, 0xb8100800,
    0xb8d02800, 0xb9100100, 0x0d002c00, 0x293130f4, 0x033e3701, 0x33372337, 0x2327012e, 0x033e3337, 0x17163233, 0x23012e07, 0x33070622, 0x011e2307,
    0x23073317, 0x010f010e, 0xfec40121, 0x22191556, 0x5d030d16, 0x0501540d, 0x290d3902, 0x5d442602, 0x1c594c3a, 0x353d1444, 0xea05574a, 0x0302dc0d,
    0xbc0dc301, 0x01213e0c, 0x0a666101, 0x1327241e, 0x182f1942, 0x425a3542, 0x2d353f25, 0x55593128, 0x17301942, 0x14533842, 0x00000005, 0x1c000300,
    0xb7020000, 0x1b00ba02, 0x25002000, 0x00bad700, 0x0026001c, 0x39121127, 0x101c00b8, 0xd00000b8, 0x101c00b8, 0xd02500b8, 0x0000b800, 0x00b85845,
    0xb91b2f0c, 0x1d000c00, 0x00b8593e, 0xb8584500, 0x1b2f1000, 0x001000b9, 0xb8593e1d, 0x58450000, 0x2f0300b8, 0x0300b91b, 0x593e1300, 0x450000b8,
    0x1b00b858, 0x00b91b2f, 0x3e13001b, 0x0900ba59, 0x03000c00, 0xb8391211, 0x412f0900, 0x000f0003, 0x5d010009, 0x9f000541, 0xaf000900, 0x02000900,
    0x0600b95d, 0xb9f40200, 0x01000500, 0x0100b8f4, 0x0900b8d0, 0x0a00b910, 0xb8f40100, 0xb8d00e00, 0xb8d01200, 0xb8100900, 0xb8d02500, 0xb8d01500,
    0xb8100600, 0xb8d02000, 0xb8d01600, 0xb8100100, 0xb8d01900, 0xb8100c00, 0xb8d01f00, 0xb8101b00, 0x30d02300, 0x07232531, 0x37233723, 0x37233733,
    0x17333733, 0x07333733, 0x07230733, 0x07230733, 0x012f0323, 0x011f0323, 0x01231333, 0x4830c268, 0x410d412f, 0x410d4114, 0xc8525d2f, 0x3d2f4830,
    0x3d143d0d, 0x602f3d0d, 0x033b2a69, 0x0342f23b, 0xeeeea93e, 0x426242ea, 0xeaeeeeea, 0xea426242, 0xb1762801, 0xc503d9fe, 0x00003201, 0x27000200,
    0xcb02f4ff, 0x3700ba02, 0x9e004300, 0x000100ba, 0x11450044, 0x00b83912, 0x00b81001, 0x7d00d041, 0x2f1b00b8, 0x0000b818, 0x00b85845, 0xb91b2f00,
    0x1d000000, 0x00b8593e, 0xb8584500, 0x1b2f3700, 0x003700b9, 0xb8593e13, 0x58450000, 0x2f3000b8, 0x3000b91b, 0x593e1300, 0x003500ba, 0x11370000,
    0x00b83912, 0x00b92f35, 0xf4050043, 0x000900ba, 0x11350043, 0x00b83912, 0x00b91030, 0xf405000d, 0x101b00b8, 0x002200b9, 0x00baf405, 0x00220013,
    0x39121130, 0x002800ba, 0x110d001b, 0x00b83912, 0x00b91000, 0xf4050042, 0x33133130, 0x14151632, 0x1707020e, 0x3233011e, 0x2f343536, 0x35012e01,
    0x33023e34, 0x07171632, 0x2223012e, 0x16141506, 0x1516011f, 0x23020e14, 0x012f2622, 0x13230323, 0x013f3632, 0x26343536, 0xb307012b, 0x134e41ab,
    0x40263925, 0x1d263012, 0x16182325, 0x3628171a, 0x12371820, 0x11250927, 0x140e291d, 0x26153018, 0x52402035, 0x4053451a, 0x402ff24e, 0x2a040809,
    0x022f5b26, 0x234547ba, 0x0c2e3c46, 0x242e33b8, 0x1b28281f, 0x1c203719, 0x10162632, 0x0b0a3311, 0x23111d25, 0x3f331917, 0x15273621, 0xfec54a41,
    0x308801bc, 0x1014272d, 0x00ec251f, 0x17000400, 0xa7030000, 0x1f00ba02, 0x27002300, 0x8e012b00, 0x001000ba, 0x112d002c, 0x00b83912, 0x00b81010,
    0x00b8d021, 0x00b81010, 0x00b8d026, 0x00b81010, 0xb800d02a, 0x58450000, 0x2f0c00b8, 0x0c00b91b, 0x593e1d00, 0x450000b8, 0x1000b858, 0x00b91b2f,
    0x3e1d0010, 0x0000b859, 0x00b85845, 0xb91b2f14, 0x1d001400, 0x00b8593e, 0xb8584500, 0x1b2f1f00, 0x001f00b9, 0xb8593e13, 0x58450000, 0x2f0300b8,
    0x0300b91b, 0x593e1300, 0x000600bb, 0x00090002, 0x03412b04, 0x06006f00, 0x41710100, 0x00cf0003, 0x71010006, 0x5f000341, 0x01000600, 0x0003415d,
    0x000600cf, 0x05415d01, 0x06008f00, 0x06009f00, 0x415d0200, 0x002f0003, 0x5d010006, 0x9f000341, 0x01000600, 0x00034171, 0x0006002f, 0x03417101,
    0x0600ff00, 0xb85d0100, 0xb9100600, 0x01000500, 0x0100b8f4, 0x000341d0, 0x000900ff, 0x03415d01, 0x09006f00, 0x41710100, 0x00cf0003, 0x71010009,
    0x2f000341, 0x01000900, 0x0003415d, 0x0009005f, 0x03415d01, 0x09009f00, 0x41710100, 0x002f0003, 0x71010009, 0xcf000341, 0x01000900, 0x0005415d,
    0x0009008f, 0x0009009f, 0x00b85d02, 0x00b91009, 0xf401000a, 0xd00e00b8, 0xd01200b8, 0xd01600b8, 0x100900b8, 0xd02200b8, 0xd02600b8, 0xd01900b8,
    0x100600b8, 0xd02b00b8, 0xd01a00b8, 0x100100b8, 0xd01d00b8, 0x100300b8, 0xd02300b8, 0x101f00b8, 0xd02700b8, 0x101000b8, 0xd02a00b8, 0x23253130,
    0x23272307, 0x23273337, 0x33273337, 0x33373317, 0x33373317, 0x23073307, 0x23073307, 0x13252307, 0x13251323, 0x03271323, 0x0b020323, 0x095968bc,
    0x055e0d6e, 0x0a450d54, 0x69ab064e, 0x65b00c5c, 0x0d416851, 0x0d5d2d52, 0xfe58686e, 0x078e83bc, 0x93818801, 0x050d4b0e, 0xe9e9e989, 0xe9426442,
    0xebebebeb, 0x426442e9, 0x2d0165e9, 0x0101d3fe, 0xc5d4fe2c, 0xcdfe3301, 0x27000200, 0xe6020000, 0x0f00ba02, 0x75002300, 0x000100ba, 0x11250024,
    0x00b83912, 0x00b81001, 0xb800d021, 0x58450000, 0x2f1100b8, 0x1100b91b, 0x593e1d00, 0x450000b8, 0x0900b858, 0x00b91b2f, 0x3e1d0009, 0x0000b859,
    0x00b85845, 0xb91b2f10, 0x13001000, 0x00b8593e, 0xb8584500, 0x1b2f0f00, 0x000f00b9, 0xb8593e13, 0xb9101100, 0x05002200, 0x0000b8f4, 0x0f00b8dc,
    0x0200b910, 0xb8f40500, 0x30dc1a00, 0x03330131, 0x023e3233, 0x03331337, 0x022b010e, 0x16323313, 0x07061415, 0x3e132303, 0x26343501, 0x0103012b,
    0x8a5e4e35, 0x1a232815, 0x644e6807, 0xde557214, 0x41df8ca2, 0x4403024f, 0x0202474e, 0x7e91232f, 0x28fe1c02, 0x222c190a, 0x0efe0502, 0xba026266,
    0x1b0d4649, 0x01aafe0f, 0x08160b64, 0x8afd202b, 0x15000300, 0x5c020000, 0x1c00e402, 0x34003000, 0x00bab600, 0x0035000c, 0x39121136, 0x100c00b8,
    0xd02800b8, 0x100c00b8, 0xd03400b8, 0x0000b800, 0x00b85845, 0xb91b2f15, 0x1f001500, 0x00b8593e, 0xb8584500, 0x1b2f3100, 0x003100b9, 0xb9593e13,
    0x05003200, 0x0400b8f4, 0x000741dc, 0x000400bf, 0x000400cf, 0x000400df, 0x00b95d03, 0xf405001d, 0x001300ba, 0x11320015, 0x00b83912, 0x00b92f13,
    0xf4060012, 0x000c00ba, 0x11040012, 0xb87d3912, 0x182f0c00, 0x000100ba, 0x110c001d, 0x00b93912, 0xf4050028, 0x000f00ba, 0x11040028, 0x00b83912,
    0x00b81013, 0x00b8d017, 0x00b81012, 0x00b8d01a, 0x00b81004, 0x3130d01c, 0x010e2325, 0x35262223, 0x33023e34, 0x33171632, 0x33372337, 0x33073337,
    0x23032307, 0x023e3227, 0x2e36013f, 0x06222302, 0x15010e07, 0x37071614, 0x79010721, 0x2d4b1a05, 0x391f4a44, 0x3c2f3150, 0x901c050e, 0x490c910b,
    0x410b400c, 0x1c674961, 0x0417242f, 0x1e0d0412, 0x41381829, 0x330a060b, 0x9b010dbd, 0x3630e90d, 0x663d4851, 0x26282849, 0x3c3c3c8a, 0x3520fe3c,
    0x142b2316, 0x19241659, 0x1d39400d, 0x2e2a0e35, 0x004242c1, 0x22000100, 0x86020000, 0x1300ba02, 0x00ba8b00, 0x00140009, 0x39121115, 0x0000b800,
    0x00b85845, 0xb91b2f06, 0x1d000600, 0x00b8593e, 0xb8584500, 0x1b2f0a00, 0x000a00b9, 0xb8593e1d, 0x58450000, 0x2f0100b8, 0x0100b91b, 0x593e1300,
    0x450000b8, 0x1100b858, 0x00b91b2f, 0x3e130011, 0x0300ba59, 0x01000600, 0xb8391211, 0x412f0300, 0x00e00003, 0x71010003, 0xe0000341, 0x01000300,
    0x0400b95d, 0xb8f40500, 0xb8d00800, 0xb8d00c00, 0xb8100300, 0xb8d01300, 0x30d00f00, 0x13233331, 0x13333723, 0x01330333, 0x07330133, 0x03231323,
    0x42507d23, 0x3d4c0e4d, 0x01483d50, 0xe7fe5f13, 0xa7c80ecd, 0x01509f5d, 0x2e014448, 0x2e01d2fe, 0xfe44d2fe, 0x004801b8, 0x71000100, 0x8f020000,
    0x1700ba02, 0x00ba3d00, 0x0018000a, 0x39121119, 0x0000b800, 0x00b85845, 0xb91b2f0d, 0x1d000d00, 0x00b8593e, 0xb8584500, 0x1b2f0200, 0x000200b9,
    0xb8593e13, 0xb9100d00, 0x0d000c00, 0x1000b8f4, 0x253130d0, 0x07372307, 0x3f07023f, 0x21372302, 0x37072307, 0x0737020f, 0x512b5801, 0x8d0f8e23,
    0x8e0e8d12, 0x010fd52c, 0x24d50ffb, 0x128f0e8e, 0xd6d60f8f, 0x404841ae, 0x4147405a, 0xb24848db, 0x5a414841, 0x00004841, 0x27000400, 0x82020000,
    0x1b00ba02, 0x25002100, 0x20012b00, 0x001800ba, 0x112d002c, 0x00b83912, 0x00b81018, 0x00b8d021, 0x00b81018, 0x00b8d025, 0x00b81018, 0xb800d026,
    0x58450000, 0x2f0800b8, 0x0800b91b, 0x593e1d00, 0x450000b8, 0x1b00b858, 0x00b91b2f, 0x3e13001b, 0x0800b859, 0x2100b910, 0xb8f40500, 0x41dc0600,
    0x00ef0005, 0x00ff0006, 0x5d020006, 0xa0000941, 0xb0000600, 0xc0000600, 0xd0000600, 0x04000600, 0x0500b95d, 0xb9f40100, 0x02000200, 0x000941f4,
    0x0002000f, 0x0002001f, 0x0002002f, 0x0002003f, 0x05415d04, 0x02008000, 0x02009000, 0xb95d0200, 0x01000100, 0x000941f4, 0x0001000f, 0x0001001f,
    0x0001002f, 0x0001003f, 0x00b85d04, 0x00b81006, 0x00b8d01c, 0x00b8d00c, 0x00b81005, 0x00b8d025, 0x00b8d00f, 0x00b81002, 0x00b8d022, 0x00b8d012,
    0x00b81001, 0x00b8d02a, 0x00b8d015, 0x00b81001, 0x0541dc2b, 0x2b00ef00, 0x2b00ff00, 0x415d0200, 0x00a00009, 0x00b0002b, 0x00c0002b, 0x00d0002b,
    0x5d04002b, 0x001900b9, 0x3130f405, 0x33372313, 0x33372337, 0x16323337, 0x23073317, 0x3307010e, 0x010e2307, 0x2307012b, 0x012e3313, 0x3307012b,
    0x32172337, 0x07233736, 0x4d0d4d74, 0x4d0d4d13, 0x4e53c81c, 0x4c0d5804, 0x48060802, 0x641d530d, 0x50278e4a, 0x2b04f1c0, 0xf72f8d27, 0x2a5cf715,
    0x0ef3113b, 0x60424c01, 0x3e4c8a42, 0x172f1a42, 0xc24c3e42, 0x26202d02, 0x22e866e8, 0x00004624, 0x37000300, 0x5e02aeff, 0x21000c03, 0x38002f00,
    0x00ba1b02, 0x00390038, 0x3912113a, 0x103800b8, 0xd01c00b8, 0x103800b8, 0xd02900b8, 0x00b87d00, 0xb8182f08, 0x412f1c00, 0x000f0021, 0x001f001c,
    0x002f001c, 0x003f001c, 0x004f001c, 0x005f001c, 0x006f001c, 0x007f001c, 0x008f001c, 0x009f001c, 0x00af001c, 0x00bf001c, 0x00cf001c, 0x00df001c,
    0x00ef001c, 0x00ff001c, 0x7110001c, 0x0f000341, 0x01001c00, 0x1f00b872, 0x0000b8d0, 0x000541d0, 0x000800a0, 0x000800b0, 0x05417102, 0x08000000,
    0x08001000, 0x41710200, 0x008f0005, 0x009f0008, 0x5d020008, 0xff000341, 0x01000800, 0x0003415d, 0x0008002f, 0x03415d01, 0x0800cf00, 0x415d0100,
    0x005f0003, 0x5d010008, 0xe0000541, 0xf0000800, 0x02000800, 0x00054171, 0x00080070, 0x00080080, 0x05417102, 0x08004000, 0x08005000, 0xb8710200,
    0xb8100800, 0xb8d00a00, 0xb8100800, 0x41dc0b00, 0x009f000f, 0x00af000b, 0x00bf000b, 0x00cf000b, 0x00df000b, 0x00ef000b, 0x00ff000b, 0x7107000b,
    0x0f000341, 0x01000b00, 0x000f4172, 0x000b000f, 0x000b001f, 0x000b002f, 0x000b003f, 0x000b004f, 0x000b005f, 0x000b006f, 0x09417107, 0x0b006f00,
    0x0b007f00, 0x0b008f00, 0x0b009f00, 0xb85d0400, 0xb8100a00, 0xb9d00d00, 0x05001400, 0x0800b8f4, 0x2900b910, 0xbaf40500, 0x29003800, 0x12111c00,
    0x3800b839, 0x1500b92f, 0xb8f40500, 0xb8101c00, 0x41dc2100, 0x0000000f, 0x00100021, 0x00200021, 0x00300021, 0x00400021, 0x00500021, 0x00600021,
    0x71070021, 0x90000f41, 0xa0002100, 0xb0002100, 0xc0002100, 0xd0002100, 0xe0002100, 0xf0002100, 0x07002100, 0x00034171, 0x00210000, 0x09417201,
    0x21006000, 0x21007000, 0x21008000, 0x21009000, 0xb85d0400, 0xb9100000, 0x05002500, 0x0a00b8f4, 0x2600b910, 0xb8f40500, 0xb9101f00, 0x05003000,
    0x1c00b8f4, 0x3300b910, 0x30f40500, 0x012e3731, 0x023e3435, 0x37173233, 0x011e0733, 0x012e0717, 0x07330727, 0x2223030e, 0x23072726, 0x17161403,
    0x23222613, 0x010f0622, 0x1617010e, 0x36323332, 0xba23013f, 0x5931463d, 0x16164a7b, 0x2f26411f, 0x07480d36, 0xda5a1e20, 0x503f1017, 0x140a2858,
    0x0f411f09, 0x0bc32729, 0x7154080b, 0x03031614, 0x050b0688, 0x0c106b49, 0x7a1e1498, 0x749d5d61, 0x64530341, 0x272a4716, 0xf812351e, 0x36614d71,
    0x52010114, 0x4d394a01, 0x02170217, 0x0f6e626c, 0x4d01c022, 0x00003c4e, 0x2d000100, 0x5e02f4ff, 0x3400c602, 0x00baf400, 0x00350026, 0x39121136,
    0x0000b800, 0x00b85845, 0xb91b2f1a, 0x1d001a00, 0x00b8593e, 0xb8584500, 0x1b2f0000, 0x000000b9, 0xba593e13, 0x1a000b00, 0x12110000, 0x0b00b839,
    0x0005412f, 0x000b0030, 0x000b0040, 0x03417102, 0x0b00b000, 0x41710100, 0x00000003, 0x7201000b, 0x90000341, 0x01000b00, 0x0005415d, 0x000b00d0,
    0x000b00e0, 0x03417102, 0x0b008000, 0x41710100, 0x00100003, 0x7101000b, 0x00000341, 0x01000b00, 0x0800b95d, 0x41f40200, 0x000f0003, 0x5d010008,
    0x000700b9, 0x00b8f401, 0x00b9100b, 0xf401000c, 0x101a00b8, 0x001300b9, 0x00baf40d, 0x00130016, 0x3912110c, 0x100c00b8, 0xd02200b8, 0x100b00b8,
    0xd02500b8, 0x100800b8, 0xd02600b8, 0x100700b8, 0xd02900b8, 0x100000b8, 0x002e00b9, 0x00baf40d, 0x00070031, 0x3912112e, 0x22053130, 0x36343526,
    0x33372337, 0x21372137, 0x3435013e, 0x06222326, 0x013e2707, 0x021e3233, 0x07061415, 0x07230733, 0x06210721, 0x33161415, 0x17373632, 0x0c01010e,
    0x0b0f6254, 0xb6750d43, 0x010de9fe, 0x380b096a, 0x24472630, 0x3065312c, 0x1a2f4127, 0x0d46080b, 0x1501b574, 0x2097fe0d, 0x4e28313d, 0x702f2b2f,
    0x1a4d5e0c, 0x6142132d, 0x14210e42, 0x231e342a, 0x16252e35, 0x15243a29, 0x61421026, 0x322d2642, 0x372b2339, 0x00002e30, 0x37000200, 0x6302aeff,
    0x27000c03, 0x03023700, 0x001700ba, 0x11390038, 0x00b83912, 0x00b81017, 0xb800d02f, 0x7d2f2200, 0x2f0800b8, 0x00214118, 0x0022000f, 0x0022001f,
    0x0022002f, 0x0022003f, 0x0022004f, 0x0022005f, 0x0022006f, 0x0022007f, 0x0022008f, 0x0022009f, 0x002200af, 0x002200bf, 0x002200cf, 0x002200df,
    0x002200ef, 0x002200ff, 0x03417110, 0x22000f00, 0xb8720100, 0xb8102200, 0xb8d02500, 0x41d00000, 0x00e00005, 0x00f00008, 0x71020008, 0x00000541,
    0x10000800, 0x02000800, 0x00034171, 0x000800cf, 0x03415d01, 0x08002f00, 0x415d0100, 0x005f0003, 0x5d010008, 0xff000341, 0x01000800, 0x0005415d,
    0x0008008f, 0x0008009f, 0x05415d02, 0x08004000, 0x08005000, 0x41710200, 0x00a00005, 0x00b00008, 0x71020008, 0x70000541, 0x80000800, 0x02000800,
    0x0800b871, 0x0a00b810, 0x0800b8d0, 0x0b00b810, 0x000f41dc, 0x000b000f, 0x000b001f, 0x000b002f, 0x000b003f, 0x000b004f, 0x000b005f, 0x000b006f,
    0x09417107, 0x0b006f00, 0x0b007f00, 0x0b008f00, 0x0b009f00, 0x415d0400, 0x009f000f, 0x00af000b, 0x00bf000b, 0x00cf000b, 0x00df000b, 0x00ef000b,
    0x00ff000b, 0x7107000b, 0x0f000341, 0x01000b00, 0x0a00b872, 0x0d00b810, 0x1300b9d0, 0xb8f40500, 0xb9102500, 0x05001400, 0x2200b8f4, 0x1700b910,
    0xb8f40500, 0xb8102200, 0x41dc2700, 0x0000000f, 0x00100027, 0x00200027, 0x00300027, 0x00400027, 0x00500027, 0x00600027, 0x71070027, 0x90000f41,
    0xa0002700, 0xb0002700, 0xc0002700, 0xd0002700, 0xe0002700, 0xf0002700, 0x07002700, 0x00034171, 0x00270000, 0x09417201, 0x27006000, 0x27007000,
    0x27008000, 0x27009000, 0xb85d0400, 0xb9100000, 0x05002b00, 0x0a00b8f4, 0x2c00b910, 0xb8f40500, 0xb9100800, 0x05002f00, 0x373130f4, 0x3435012e,
    0x3233023e, 0x07333717, 0x2e071716, 0x16032701, 0x3e323332, 0x0e173702, 0x26222303, 0x03230727, 0x13171614, 0x22232226, 0x010f020e, 0x3bb9010e,
    0x7b572f47, 0x1f17154c, 0x23552541, 0x1d230b47, 0x060b0ac5, 0x252d3825, 0x32183b12, 0x0b314d3e, 0x411f0e12, 0xc325280b, 0x2a060a09, 0x09273948,
    0x16030316, 0x5a61771d, 0x0344759e, 0x61246253, 0x10332429, 0x1101e4fd, 0x2e203121, 0x13273b28, 0x01540202, 0x174b3849, 0x1e011602, 0x6d2f4d37,
    0x0000220f, 0x52000200, 0x79020000, 0x0300ba02, 0x58000b00, 0x000700ba, 0x110d000c, 0x00b83912, 0x00b81007, 0xb800d001, 0x58450000, 0x2f0100b8,
    0x0100b91b, 0x593e1d00, 0x450000b8, 0x0600b858, 0x00b91b2f, 0x3e130006, 0x0100b859, 0x0000b910, 0xb8f40d00, 0x41dc0900, 0x00df0003, 0x71010009,
    0x000800b9, 0x00b8f40d, 0x3130d004, 0x0f213713, 0x13230301, 0x07213723, 0xf9010e72, 0x525ef20e, 0x010ed55e, 0x76020ef9, 0xfea04444, 0x44d6012a,
    0x00000044, 0x3c000100, 0x92020000, 0x1e00ba02, 0x00baab00, 0x001f0004, 0x39121120, 0x0000b800, 0x00b85845, 0xb91b2f0f, 0x1d000f00, 0x00b8593e,
    0xb8584500, 0x1b2f0000, 0x000000b9, 0xb8593e13, 0xb9100f00, 0x05000e00, 0x0900b8f4, 0x000341dc, 0x00090060, 0x03417201, 0x09006000, 0x415d0100,
    0x00c00005, 0x00d00009, 0x5d020009, 0x000800b9, 0x00b8f405, 0x0341dc03, 0x03001f00, 0x41710100, 0x00c00005, 0x00d00003, 0x5d020003, 0x60000341,
    0x01000300, 0x0200b95d, 0xb8f40500, 0xb8100e00, 0xb8d01200, 0xb8100900, 0xb8d01500, 0xb8100800, 0xb8d01800, 0xb8100200, 0x30d01d00, 0x23032131,
    0x36323337, 0x21372137, 0x012b2636, 0x23072137, 0x33171607, 0x030e2307, 0x4f011323, 0xce0e799a, 0xfe0c4540, 0x47010eb6, 0xd6332c02, 0x0e03020e,
    0x013501b9, 0x096b0e71, 0x33503b25, 0x452a019e, 0x2c452939, 0x04454533, 0x24454714, 0xfe192d3d, 0x000000d6, 0x30000100, 0x54020000, 0x1f00ba02,
    0x00ba4f00, 0x00200009, 0x39121121, 0x0000b800, 0x00b85845, 0xb91b2f08, 0x1d000800, 0x00b8593e, 0xb8584500, 0x1b2f1f00, 0x001f00b9, 0xb9593e13,
    0x0d001200, 0x0100baf4, 0x12000800, 0xba391211, 0x08001800, 0x12111200, 0x00b87d39, 0x30182f18, 0x3f073731, 0x023f0702, 0x0f370733, 0x020f3702,
    0x023e3233, 0x030e3337, 0x6696012b, 0x6612660e, 0x512c660f, 0xe50ee424, 0xe40ee412, 0x472a632a, 0x4f0b2938, 0x644b320d, 0x2ff4c33e, 0x2e5a2e48,
    0xb4dd2e48, 0x5b694768, 0xd5694769, 0x35573d21, 0x2f536f40, 0x00000200, 0x61020000, 0x1a00ba02, 0x8d002600, 0x002600ba, 0x11280027, 0x00b83912,
    0x00b81026, 0xb800d016, 0x58450000, 0x2f0b00b8, 0x0b00b91b, 0x593e1d00, 0x450000b8, 0x0200b858, 0x00b91b2f, 0x3e130002, 0x0400b859, 0x000541dc,
    0x00040020, 0x00040030, 0x03415d02, 0x0400a000, 0xb85d0100, 0xb8d00000, 0xb9100400, 0x01000500, 0x0800b9f4, 0xb9f40200, 0x05000900, 0x0800b8f4,
    0x1600b810, 0x0500b8d0, 0x1800b810, 0x0900b8d0, 0x1c00b810, 0x0b00b8d0, 0x2600b910, 0x30f40500, 0x23073731, 0x33372337, 0x33372337, 0x1e323313,
    0x0e141502, 0x07012b02, 0x33270721, 0x3e373632, 0x26343501, 0x1b9d012b, 0x0e4c1b51, 0x0e4c144b, 0x2ef9424c, 0x20132941, 0xbb36563c, 0x0e080114,
    0x4332b8d8, 0x2b05070a, 0x8888af35, 0x46604288, 0x2d194a01, 0x542f243d, 0x42602640, 0x223136e8, 0x2f240c1c, 0x2b000300, 0x5202aeff, 0x1f000c03,
    0x37002b00, 0x00ba1001, 0x00380008, 0x39121139, 0x100800b8, 0xd02100b8, 0x100800b8, 0xd02d00b8, 0x0600b800, 0x0500b82f, 0x0100b82f, 0x0500b8d0,
    0x0300b810, 0x000341dc, 0x00030090, 0x03417101, 0x0600a000, 0x41710100, 0x005f0003, 0x5d010006, 0xcf000341, 0x01000600, 0x0003415d, 0x0006002f,
    0x03415d01, 0x0600ff00, 0x415d0100, 0x009f0003, 0x5d010006, 0x00000541, 0x10000600, 0x02000600, 0x00034171, 0x00060070, 0x03417101, 0x06004000,
    0xb8710100, 0xb8100600, 0xb8dc0800, 0xb8100600, 0xb8d00a00, 0xb8100800, 0xb8d00c00, 0xb8100a00, 0xb8d00e00, 0xb9100600, 0x05002b00, 0x0500b8f4,
    0x2c00b910, 0xbaf40500, 0x2b003700, 0x12112c00, 0x3700b839, 0x0003412f, 0x003700bf, 0x05415d01, 0x37000000, 0x37001000, 0x41720200, 0x00e00003,
    0x71010037, 0x002000b9, 0x00baf405, 0x00200014, 0x39121137, 0x100100b8, 0xd01d00b8, 0x100300b8, 0xd01f00b8, 0x23253130, 0x23372307, 0x33373313,
    0x33373307, 0x15011e07, 0x010f0614, 0x1415011e, 0x010f020e, 0x32330323, 0x013e3736, 0x2b263435, 0x32330301, 0x013e3736, 0x2b263435, 0x3a130101,
    0x6a154415, 0x44156984, 0x44153a15, 0x473e3b16, 0x332a013c, 0x334f361c, 0xa3384415, 0x03094937, 0xae2c3106, 0x4435c066, 0x3505040b, 0x6614b832,
    0x67910266, 0x0a6b6767, 0x573f3748, 0x3f0d0411, 0x3d4a2437, 0x01660328, 0x0f2d28dc, 0x22250c1c, 0x342ffffd, 0x260e1c13, 0x00000022, 0xb5ff0200,
    0x2b0238ff, 0x1e00e402, 0xb5003000, 0x000800ba, 0x11320031, 0x00b83912, 0x00b81008, 0xb800d022, 0x58450000, 0x2f0000b8, 0x0000b91b, 0x593e1b00,
    0x450000b8, 0x0900b858, 0x00b91b2f, 0x3e1b0009, 0x0000b859, 0x00b85845, 0xb91b2f05, 0x1f000500, 0x00b8593e, 0xb8584500, 0x1b2f2800, 0x002800b9,
    0xb8593e1f, 0x58450000, 0x2f0e00b8, 0x0e00b91b, 0x593e1300, 0x450000b8, 0x1a00b858, 0x00b91b2f, 0x3e15001a, 0x0500b859, 0x0800b910, 0xb8f40500,
    0xb9100e00, 0x05000b00, 0x0900b8f4, 0x1500b910, 0xb8f40500, 0xb9101a00, 0x05001b00, 0x0000b8f4, 0x1e00b910, 0xb8f40500, 0xb8102800, 0x30dc1f00,
    0x37331331, 0x013b013e, 0x21072307, 0x23073303, 0x34352622, 0x03231337, 0x012b010e, 0x23133337, 0x35262225, 0x3e373634, 0x16323301, 0x07061415,
    0x554d010e, 0x3c370b16, 0x20690d4f, 0x49590c01, 0x2223430d, 0x6cbf4902, 0x433c370b, 0x55765d0d, 0x1317b101, 0x19040301, 0x01131719, 0x02190403,
    0x3d356e04, 0x40fe9c44, 0x0a1d2344, 0xfd6c010a, 0x443d35ea, 0x15bd4402, 0x0e0b030e, 0x0e151513, 0x130e0b03, 0x00000015, 0xb5ffffff, 0x390238ff,
    0x2700e402, 0x33011200, 0x06000000, 0x00000a00, 0x3300ffff, 0x1802f4ff, 0x26020c03, 0x00000400, 0x91030600, 0x00000029, 0x3300ffff, 0x1802f4ff,
    0x2602ee02, 0x00000400, 0x95030600, 0x00000029, 0x3300ffff, 0x1802f4ff, 0x26020603, 0x00000400, 0x94030600, 0x00000029, 0x3300ffff, 0x1802f4ff,
    0x2602fd02, 0x00000400, 0x93030600, 0x00000029, 0x3300ffff, 0x1802f4ff, 0x2602d102, 0x00000400, 0x8f030600, 0x00000029, 0x3300ffff, 0x180257ff,
    0x26021002, 0x00000400, 0xaf030700, 0x00000501, 0x3300ffff, 0x1802f4ff, 0x26020803, 0x00000400, 0x92030600, 0x00000029, 0x3300ffff, 0x1802f4ff,
    0x2602fd02, 0x00000400, 0xaa030700, 0x00004b01, 0x3300ffff, 0x1802f4ff, 0x2602c102, 0x00000400, 0x8d030600, 0x00000029, 0x33000200, 0x180231ff,
    0x35001002, 0xdb004a00, 0x002b00ba, 0x114c004b, 0x00b83912, 0x00b8102b, 0xb800d042, 0x58450000, 0x2f2b00b8, 0x2b00b91b, 0x593e1b00, 0x450000b8,
    0x3200b858, 0x00b91b2f, 0x3e1b0032, 0x0000b859, 0x00b85845, 0xb91b2f23, 0x13002300, 0x00b8593e, 0xb8584500, 0x1b2f1900, 0x001900b9, 0xb8593e13,
    0x58450000, 0x2f0f00b8, 0x0f00b91b, 0x593e1500, 0x101900b8, 0xd00000b8, 0x00001341, 0x10000f00, 0x20000f00, 0x30000f00, 0x40000f00, 0x50000f00,
    0x60000f00, 0x70000f00, 0x80000f00, 0x09000f00, 0x0f00b85d, 0x0800b910, 0xb8f40400, 0xb8dc0b00, 0xb9102300, 0x05003600, 0x2000baf4, 0x2b003600,
    0xb8391211, 0xb9102b00, 0x05004200, 0x3000baf4, 0x23004200, 0xb8391211, 0xb9101900, 0x05003400, 0x213130f4, 0x1415030e, 0x36323316, 0x010e1737,
    0x022e2223, 0x37363435, 0x26222327, 0x013f3435, 0x23010e23, 0x34352622, 0x3233023e, 0x3317021e, 0x33033337, 0x37363205, 0x013f013e, 0x23022e36,
    0x010f0622, 0x16141506, 0x2f27fa01, 0x0e130719, 0x250e1c0c, 0x1323300d, 0x44101b22, 0x22070139, 0x03050321, 0x47394e20, 0x5f3e1f56, 0x242c1740,
    0x1104061a, 0xfe495a4d, 0x173324dc, 0x19081f1a, 0x2d1e0d03, 0x0f51421e, 0x1a2f050f, 0x08141d27, 0x0e0d0f10, 0x08170e2c, 0x2a141d12, 0x22051a3b,
    0x170f0c1c, 0x5c693b41, 0x40657939, 0x1824180c, 0x0a40fe54, 0x3c1a171c, 0x24117c26, 0x4b52131d, 0x32171c4b, 0x00000043, 0x3300ffff, 0x1802f4ff,
    0x26022603, 0x00000400, 0x97030600, 0x00000029, 0x3300ffff, 0x1802f4ff, 0x2602bd03, 0x00000400, 0x98030600, 0x00000029, 0x3300ffff, 0x1802f4ff,
    0x2602d602, 0x00000400, 0x8b030600, 0x00000029, 0x3300ffff, 0x1802f4ff, 0x26027c03, 0x00000400, 0xb2030700, 0x00004b01, 0x3300ffff, 0x180257ff,
    0x2602ee02, 0x00000400, 0x95032600, 0x07000029, 0x0501af03, 0x00000000, 0x3300ffff, 0x1802f4ff, 0x26027b03, 0x00000400, 0xb3030700, 0x00004b01,
    0x3300ffff, 0x1802f4ff, 0x26027003, 0x00000400, 0xb4030700, 0x00004b01, 0x3300ffff, 0x1a02f4ff, 0x26027403, 0x00000400, 0xb5030700, 0x00004b01,
    0x3300ffff, 0x7602f4ff, 0x26028503, 0x00000400, 0xb9030700, 0x00004b01, 0x3300ffff, 0x180257ff, 0x2602fd02, 0x00000400, 0x93032600, 0x07000029,
    0x0501af03, 0x00000000, 0x3300ffff, 0x1802f4ff, 0x26027b03, 0x00000400, 0xbb030700, 0x00004b01, 0x3300ffff, 0x4e02f4ff, 0x26027003, 0x00000400,
    0xbc030700, 0x00004b01, 0x3300ffff, 0x1d02f4ff, 0x26027403, 0x00000400, 0xbe030700, 0x00004b01, 0x1600ffff, 0xd301f4ff, 0x26020c03, 0x00000500,
    0x91030600, 0x000000f9, 0x1600ffff, 0xd301f4ff, 0x2602ee02, 0x00000500, 0x95030600, 0x000000f9, 0x1600ffff, 0xe501f4ff, 0x26020603, 0x00000500,
    0x94030600, 0x000000f9, 0x1600ffff, 0xd301f4ff, 0x2602fd02, 0x00000500, 0x93030600, 0x000000f9, 0x1600ffff, 0xd301f4ff, 0x2602d102, 0x00000500,
    0x8f030600, 0x000000f9, 0x1600ffff, 0xd30157ff, 0x26021002, 0x00000500, 0xaf030700, 0x0000f300, 0x1600ffff, 0xd301f4ff, 0x26020803, 0x00000500,
    0x92030600, 0x000000f9, 0x1600ffff, 0xd301f4ff, 0x2602fd02, 0x00000500, 0xaa030700, 0x00001a01, 0x1600ffff, 0xd301f4ff, 0x2602c102, 0x00000500,
    0x8d030600, 0x000000f9, 0x16000200, 0xd30131ff, 0x3d001002, 0xde004d00, 0x003200ba, 0x114f004e, 0x00b83912, 0x00b81032, 0xb800d045, 0x58450000,
    0x2f1400b8, 0x1400b91b, 0x593e1b00, 0x450000b8, 0x0000b858, 0x00b91b2f, 0x3e130000, 0x0000b859, 0x00b85845, 0xb91b2f36, 0x13003600, 0x00b8593e,
    0xb8584500, 0x1b2f2d00, 0x002d00b9, 0xb8593e15, 0xb9101400, 0x05000d00, 0x4500baf4, 0x00000d00, 0xb8391211, 0xb92f4500, 0x06000600, 0x1000baf4,
    0x06000d00, 0xb8391211, 0xb9103600, 0x05001c00, 0x3600b8f4, 0x1e00b810, 0x001341d0, 0x002d0001, 0x002d0011, 0x002d0021, 0x002d0031, 0x002d0041,
    0x002d0051, 0x002d0061, 0x002d0071, 0x002d0081, 0x00b85d09, 0x00b9102d, 0xf4040026, 0xdc2900b8, 0x100000b8, 0x003e00b9, 0x00baf405, 0x003e003c,
    0x39121114, 0x22173130, 0x36343526, 0x3637013b, 0x23263435, 0x27070622, 0x3233013e, 0x1415021e, 0x07330307, 0x1415030e, 0x36323316, 0x010e1737,
    0x022e2223, 0x37363435, 0x35262227, 0x06233734, 0x023e3227, 0x2223013f, 0x010e0706, 0xa2161415, 0x78724a42, 0x36030a6a, 0x1c3e3031, 0x44651b2f,
    0x152a402b, 0x0d493704, 0x07192f27, 0x1c0c0e13, 0x300d250e, 0x1b221323, 0x01394410, 0x05022123, 0x341c5635, 0x11041b28, 0x08454265, 0x0c2c0204,
    0x60553845, 0x2a0d0f33, 0x2d25252d, 0x2818372a, 0x14141d34, 0x1a44edfe, 0x08141d27, 0x0e0d0f10, 0x08170e2c, 0x2a141d12, 0x22051a3b, 0x60080e1c,
    0x221a0e43, 0x26295715, 0x1f050f13, 0x00000021, 0x1600ffff, 0xd301f4ff, 0x26022603, 0x00000500, 0x97030600, 0x000000f9, 0x1600ffff, 0xd301f4ff,
    0x2602bd03, 0x00000500, 0x98030600, 0x000000f9, 0x1600ffff, 0xd801f4ff, 0x2602d602, 0x00000500, 0x8b030600, 0x000000f9, 0x1600ffff, 0xd301f4ff,
    0x26027c03, 0x00000500, 0xb2030700, 0x00001a01, 0x1600ffff, 0xd30157ff, 0x2602ee02, 0x00000500, 0x95032600, 0x070000f9, 0xf300af03, 0x00000000,
    0x1600ffff, 0xd301f4ff, 0x26027b03, 0x00000500, 0xb3030700, 0x00001a01, 0x1600ffff, 0xd301f4ff, 0x26027003, 0x00000500, 0xb4030700, 0x00001a01,
    0x1600ffff, 0xe901f4ff, 0x26027403, 0x00000500, 0xb5030700, 0x00001a01, 0x1600ffff, 0x4502f4ff, 0x26028503, 0x00000500, 0xb9030700, 0x00001a01,
    0x1600ffff, 0xd30157ff, 0x2602fd02, 0x00000500, 0x93032600, 0x070000f9, 0xf300af03, 0x00000000, 0x1600ffff, 0xd301f4ff, 0x26027b03, 0x00000500,
    0xbb030700, 0x00001a01, 0x1600ffff, 0x1d02f4ff, 0x26027003, 0x00000500, 0xbc030700, 0x00001a01, 0x1600ffff, 0xec01f4ff, 0x26027403, 0x00000500,
    0xbe030700, 0x00001a01, 0x16000300, 0x0c03f4ff, 0x0f001002, 0x54001d00, 0x00baeb00, 0x00550044, 0x39121156, 0x104400b8, 0xd00600b8, 0x104400b8,
    0xd01400b8, 0x0000b800, 0x00b85845, 0xb91b2f32, 0x1b003200, 0x00b8593e, 0xb8584500, 0x1b2f3900, 0x003900b9, 0xb8593e1b, 0x58450000, 0x2f4e00b8,
    0x4e00b91b, 0x593e1300, 0x450000b8, 0x1e00b858, 0x00b91b2f, 0x3e13001e, 0x0000b959, 0xb8f40500, 0xb9103200, 0x05002b00, 0x0600baf4, 0x00002b00,
    0xb8391211, 0x412f0600, 0x00bf0005, 0x00cf0006, 0x71020006, 0xaf000541, 0xbf000600, 0x02000600, 0x3900b85d, 0x1000b910, 0xb8f40500, 0xb9100600,
    0x06002500, 0x1400b8f4, 0x2e00bad0, 0x25002b00, 0xba391211, 0x1e003500, 0x12112b00, 0x0600b839, 0x4100b810, 0x4e00b8d0, 0x4700b910, 0xbaf40500,
    0x41004a00, 0x12114700, 0x5200ba39, 0x32000000, 0x30391211, 0x3e323731, 0x07013f02, 0x0e07010e, 0x16141501, 0x0f062201, 0x35033e01, 0x01022e34,
    0x34352622, 0x36023f36, 0x23263435, 0x27070622, 0x3233013e, 0x3e331716, 0x1e323301, 0x06141502, 0x15010e07, 0x32331614, 0x0e173736, 0x26222301,
    0x010e2327, 0x29311bb9, 0x6310041b, 0x04084e3a, 0xd3012c02, 0x050e5a43, 0x163b6752, 0xfe211910, 0x6f4d4535, 0x030b6b79, 0x3e2e3336, 0x651b301b,
    0x0e463e42, 0x395b2107, 0x1c2f3b1f, 0x0302afb3, 0x4f313c3f, 0x6d30321e, 0x14584339, 0x38631d07, 0x1423190e, 0x1a02044f, 0x050f1327, 0x9601211e,
    0x03184553, 0x1722180e, 0x06121e18, 0x414526fe, 0x0405504b, 0x2a0c0f3b, 0x2e24252c, 0x2b34372a, 0x2210322d, 0x4a572434, 0x0e1d0b01, 0x252d4332,
    0x372f3b2d, 0x00353533, 0x1600ffff, 0x0c03f4ff, 0x26020c03, 0x0000f500, 0x91030700, 0x00009d00, 0x3100ffff, 0xd901f4ff, 0x26020c03, 0x00000700,
    0x91030600, 0x00000010, 0x3100ffff, 0xfc01f4ff, 0x26020603, 0x00000700, 0x94030600, 0x00000010, 0x31000100, 0xd90131ff, 0x38001002, 0x00ba6e00,
    0x00390010, 0x3912113a, 0x0000b800, 0x00b85845, 0xb91b2f00, 0x1b000000, 0x00b8593e, 0xb8584500, 0x1b2f3100, 0x003100b9, 0xb8593e13, 0xb9100000,
    0x05000600, 0x3100b8f4, 0x1000b910, 0xb8f40500, 0xb8103100, 0xb8d01700, 0xb8103100, 0xb8dc1c00, 0xb8dc2f00, 0x41dc2900, 0x00bf0005, 0x00cf0029,
    0x5d020029, 0x002200b9, 0x3130f404, 0x17163201, 0x22232607, 0x0e010f06, 0x16141501, 0x37363233, 0x0f010e17, 0x013e1701, 0x15163233, 0x22230614,
    0x1e372726, 0x36323301, 0x2f263435, 0x012e3701, 0x023e3435, 0x57452e01, 0x531a400f, 0x110e4d3e, 0x3c3a0202, 0x3d1f3f26, 0x103c5d1e, 0x0b0f0502,
    0x303c2219, 0x280b3426, 0x16161e07, 0x1a201718, 0x23524a14, 0x10025d42, 0x511d3544, 0x0b54454e, 0x46380919, 0x3f1e3a2b, 0x02330547, 0x20180301,
    0x0f16312a, 0x140f0a29, 0x04131010, 0x6f0a4203, 0x5a784358, 0x00000034, 0x3100ffff, 0xdc01f4ff, 0x2602fd02, 0x00000700, 0x93030600, 0x00000010,
    0x3100ffff, 0xd901f4ff, 0x2602cf02, 0x00000700, 0x8e030600, 0x00000010, 0x3300ffff, 0xe302f4ff, 0x2600e402, 0x00000800, 0x9a030700, 0x00006001,
    0x33000200, 0x7202f4ff, 0x2500e402, 0xc8003a00, 0x001200ba, 0x113c003b, 0x00b83912, 0x00b81012, 0xb800d032, 0x58450000, 0x2f1200b8, 0x1200b91b,
    0x593e1b00, 0x450000b8, 0x1d00b858, 0x00b91b2f, 0x3e1f001d, 0x0000b859, 0x00b85845, 0xb91b2f0a, 0x13000a00, 0x00b8593e, 0xb8584500, 0x1b2f0000,
    0x000000b9, 0xb8593e13, 0xb9100a00, 0x05002600, 0x000741f4, 0x00120000, 0x00120010, 0x00120020, 0x00ba5d03, 0x00260007, 0x39121112, 0x101200b8,
    0x003200b9, 0x00baf405, 0x00320017, 0x3912110a, 0x101200b8, 0xdc1a00b8, 0xe0000341, 0x01001a00, 0x0003415d, 0x001a00a0, 0x00b95d01, 0xf406001b,
    0xd01f00b8, 0x101a00b8, 0xd02200b8, 0x100000b8, 0x002300b9, 0x3130f405, 0x35262221, 0x23013f34, 0x2223010e, 0x3e343526, 0x1e323302, 0x37331702,
    0x37333723, 0x07330733, 0x07330323, 0x37363225, 0x013f013e, 0x23022e36, 0x010f0622, 0x16141506, 0x2122b501, 0x20030503, 0x5647394e, 0x405f3e1f,
    0x1a242c17, 0x92230406, 0x4d0f920c, 0x3c0c3c0f, 0xfe0d496c, 0x173322eb, 0x15082019, 0x301c0805, 0x0f523f22, 0x222f050f, 0x170f0c1c, 0x5c693b41,
    0x40657939, 0x1824180c, 0x47473cb1, 0x44e3fd3c, 0x19171c3a, 0x1869273c, 0x5214212b, 0x171c4b4b, 0x00004233, 0x31000200, 0xff01f4ff, 0x2600f102,
    0xa8003a00, 0x001c00ba, 0x113c003b, 0x00b83912, 0x00b8101c, 0xb800d031, 0x58450000, 0x2f2000b8, 0x2000b91b, 0x593e1f00, 0x450000b8, 0x2500b858,
    0x00b91b2f, 0x3e1f0025, 0x0000b859, 0x00b85845, 0xb91b2f0a, 0x13000a00, 0x00b9593e, 0xf4050027, 0x001400ba, 0x11270020, 0xb87d3912, 0x182f1400,
    0x001c00ba, 0x11140020, 0x00b83912, 0x00ba2f1c, 0x001c001b, 0x39121125, 0x002400ba, 0x111c0025, 0x00ba3912, 0x001b0000, 0x39121124, 0x101400b8,
    0x003100b9, 0x00baf405, 0x00310017, 0x3912110a, 0x001e00ba, 0x111b0024, 0x31303912, 0x15031e01, 0x23020e14, 0x35022e22, 0x33023e34, 0x37171632,
    0x0727012e, 0x27263727, 0x17011e33, 0x32031737, 0x3e013f36, 0x26343501, 0x0f062223, 0x15010e01, 0xa0011614, 0x101a2213, 0x3e654828, 0x1a30452c,
    0x35594125, 0x050e4635, 0x59212605, 0x412c511a, 0x0e1a0b72, 0x3cfd1c5d, 0x020d0e54, 0x3b3a4304, 0x020d0e55, 0x8c024304, 0x574a3c19, 0x60885431,
    0x4d371f35, 0x546f3d2f, 0x022b3032, 0x392d6636, 0x252f352c, 0x3d0e180a, 0x5577fd2e, 0x150b4144, 0x553d360b, 0x150b4143, 0x003d370b, 0x3100ffff,
    0xe501f4ff, 0x26020c03, 0x00000900, 0x91030600, 0x0000001f, 0x3100ffff, 0xf801f4ff, 0x2602ee02, 0x00000900, 0x95030600, 0x0000001f, 0x3100ffff,
    0x0b02f4ff, 0x26020603, 0x00000900, 0x94030600, 0x0000001f, 0x3100ffff, 0xeb01f4ff, 0x2602fd02, 0x00000900, 0x93030600, 0x0000001f, 0x3100ffff,
    0xe901f4ff, 0x2602d102, 0x00000900, 0x8f030600, 0x0000001f, 0x3100ffff, 0xe501f4ff, 0x2602cf02, 0x00000900, 0x8e030600, 0x0000001f, 0x3100ffff,
    0xe50157ff, 0x26021002, 0x00000900, 0xaf030700, 0x0000f300, 0x3100ffff, 0xe501f4ff, 0x26020803, 0x00000900, 0x92030600, 0x0000001f, 0x3100ffff,
    0xe501f4ff, 0x2602fd02, 0x00000900, 0xaa030700, 0x00004101, 0x3100ffff, 0xeb01f4ff, 0x2602c102, 0x00000900, 0x8d030600, 0x0000001f, 0x31000200,
    0xe50131ff, 0x36001002, 0xf2004600, 0x001f00ba, 0x11480047, 0x00b83912, 0x00b8101f, 0xb800d037, 0x58450000, 0x2f1100b8, 0x1100b91b, 0x593e1b00,
    0x450000b8, 0x0900b858, 0x00b91b2f, 0x3e130009, 0x0000b859, 0x00b85845, 0xb91b2f00, 0x15000000, 0x1341593e, 0x00000000, 0x00001000, 0x00002000,
    0x00003000, 0x00004000, 0x00005000, 0x00006000, 0x00007000, 0x00008000, 0xb85d0900, 0xb9101100, 0x05003700, 0x0900b8f4, 0x1f00b910, 0xbaf40500,
    0x37001900, 0x12111f00, 0x1900b839, 0x0005412f, 0x0019004f, 0x0019005f, 0x05417102, 0x1900bf00, 0x1900cf00, 0x41710200, 0x007f0005, 0x008f0019,
    0x71020019, 0xaf000341, 0x01001900, 0x0005415d, 0x0019006f, 0x0019007f, 0x00ba5d02, 0x00190022, 0x3912111f, 0x100000b8, 0x003000b9, 0x00b8f404,
    0x00b8dc33, 0x00b91019, 0xf406003d, 0x22173130, 0x3435022e, 0x22273736, 0x3e343526, 0x1e323302, 0x06141502, 0x15010e07, 0x32331614, 0x0e173736,
    0x030e0703, 0x33161415, 0x17373632, 0x2213010e, 0x010f020e, 0x3435033e, 0x13e8022e, 0x3a101b22, 0x665d0133, 0x3d634727, 0x1b2e3c21, 0x0102b5af,
    0x4f313c3f, 0x230f321e, 0x16122524, 0x13131f28, 0x0e1c0c0e, 0x2c300d25, 0x1f2b371e, 0x68530607, 0x1a10153b, 0x1208cf23, 0x3826141d, 0x6a6e0317,
    0x355a7540, 0x23342211, 0x0b025255, 0x43370817, 0x142d252d, 0x0b13171c, 0x1f1c1b0d, 0x0d0f1010, 0x170e2c0e, 0x27169d02, 0x031d2239, 0x1b261b0f,
    0x07101b15, 0x3100ffff, 0xfe01f4ff, 0x2602d602, 0x00000900, 0x8b030600, 0x0000001f, 0x3100ffff, 0x6c02f4ff, 0x26028503, 0x00000900, 0xb9030700,
    0x00004101, 0x3100ffff, 0xeb0157ff, 0x2602fd02, 0x00000900, 0x93032600, 0x0700001f, 0xf300af03, 0x00000000, 0x3100ffff, 0xea01f4ff, 0x26027b03,
    0x00000900, 0xbb030700, 0x00004101, 0x3100ffff, 0x4402f4ff, 0x26027003, 0x00000900, 0xbc030700, 0x00004101, 0x3100ffff, 0x1302f4ff, 0x26027403,
    0x00000900, 0xbe030700, 0x00004101, 0x1a000200, 0xce01f4ff, 0x1c001002, 0x90002c00, 0x000e00ba, 0x112e002d, 0x00b83912, 0x00b8100e, 0xb800d01d,
    0x58450000, 0x2f1500b8, 0x1500b91b, 0x593e1b00, 0x450000b8, 0x0000b858, 0x00b91b2f, 0x3e130000, 0x1d00b959, 0xbaf40500, 0x1d000800, 0x12111500,
    0x0800b839, 0x0005412f, 0x000800a0, 0x000800b0, 0x05415d02, 0x08006000, 0x08007000, 0x415d0200, 0x00200005, 0x00300008, 0x5d020008, 0x101500b8,
    0x000e00b9, 0x00baf405, 0x000e0011, 0x39121108, 0x100800b8, 0x002300b9, 0x3130f406, 0x022e2217, 0x37363435, 0x3435013e, 0x06222326, 0x013e2707,
    0x15163233, 0x27020e14, 0x3f023e32, 0x15030e01, 0xc0021e14, 0x1b2e3c21, 0x0102b5af, 0x4f313c3f, 0x6d30321e, 0x27665d38, 0x1e356347, 0x071f2c36,
    0x3b685306, 0x231a1015, 0x3422110c, 0x02525523, 0x3708170b, 0x2d252d43, 0x6a6e2f3b, 0x355a7540, 0x38271642, 0x0f031d23, 0x151b261b, 0x0007101b,
    0xf1ffffff, 0x10022cff, 0x2602ee02, 0x00000d00, 0x95030600, 0x0000000a, 0xf1ffffff, 0x10022cff, 0x2602fd02, 0x00000d00, 0x93030600, 0x0000000a,
    0xf1ffffff, 0x10022cff, 0x26020603, 0x00000d00, 0x99030600, 0x00000000, 0xf1ffffff, 0x10022cff, 0x2602cf02, 0x00000d00, 0x8e030600, 0x0000000a,
    0x0800ffff, 0x18022cff, 0x2602ee02, 0x00000c00, 0x95030600, 0x0000002a, 0x0800ffff, 0x18022cff, 0x2602fd02, 0x00000c00, 0x93030600, 0x0000002a,
    0x0800ffff, 0x18022cff, 0x26020603, 0x00000c00, 0x99030600, 0x00000020, 0x0800ffff, 0x18022cff, 0x2602cf02, 0x00000c00, 0x8e030600, 0x0000002a,
    0x24000100, 0xfc010000, 0x2c00e402, 0x00baac00, 0x002d0005, 0x3912112e, 0x0000b800, 0x00b85845, 0xb91b2f0e, 0x1b000e00, 0x00b8593e, 0xb8584500,
    0x1b2f0400, 0x000400b9, 0xb8593e1f, 0x58450000, 0x2f2c00b8, 0x2c00b91b, 0x593e1300, 0x450000b8, 0x1800b858, 0x00b91b2f, 0x3e130018, 0x00074159,
    0x000e0000, 0x000e0010, 0x000e0020, 0x00b85d03, 0x00b8100e, 0x0341dc01, 0x0100e000, 0x415d0100, 0x00a00003, 0x5d010001, 0x000200b9, 0x00b8f406,
    0x00b8d006, 0x00b81001, 0x00b8d009, 0x00b9100e, 0xf4050025, 0x000b00ba, 0x11180025, 0x00b83912, 0x00b91018, 0xf4050015, 0x23133130, 0x33373337,
    0x23073307, 0x013e3307, 0x15163233, 0x010f0614, 0x22230733, 0x013c3526, 0x013e013f, 0x23263435, 0x010e0722, 0x9f230307, 0x0e3e0c3e, 0x0c900e4d,
    0x1b052890, 0x4243384b, 0x49320403, 0x231d490d, 0x02033002, 0x29362a25, 0x3a06241a, 0x3c62024d, 0xc43c4646, 0x434c383a, 0xfa13220e, 0x051e1c44,
    0x0fef0808, 0x2b2c091d, 0x1f481a29, 0x0000e0fe, 0x2400ffff, 0xfc010000, 0x26029b03, 0x00000e00, 0x93030700, 0x9e00b6ff, 0x33000100, 0xd9000000,
    0x0a000402, 0x00ba3500, 0x000b0008, 0x3912110c, 0x0000b800, 0x00b85845, 0xb91b2f06, 0x1b000600, 0x00b8593e, 0xb8584500, 0x1b2f0000, 0x000000b9,
    0xb9593e13, 0x05000800, 0x333130f4, 0x34352622, 0x03331337, 0x23780733, 0x4d560322, 0x230d495a, 0x010f081c, 0x4440feae, 0x3300ffff, 0x50010000,
    0x26020c03, 0x00001b01, 0x91030600, 0x00000097, 0x3300ffff, 0x70010000, 0x2602ee02, 0x00001b01, 0x95030600, 0x00000097, 0x3300ffff, 0x83010000,
    0x26020603, 0x00001b01, 0x94030600, 0x00000097, 0x2900ffff, 0x63010000, 0x2602fd02, 0x00001b01, 0x93030600, 0x00000097, 0x3300ffff, 0x61010000,
    0x2602d102, 0x00001b01, 0x8f030600, 0x00000097, 0x2a00ffff, 0x080157ff, 0x2602e402, 0x00000f00, 0xaf030600, 0x00000074, 0x3300ffff, 0xe5000000,
    0x26020803, 0x00001b01, 0x92030600, 0x00000097, 0x3300ffff, 0x30010000, 0x2602fd02, 0x00001b01, 0xaa030700, 0x0000b800, 0x3300ffff, 0x63010000,
    0x2602c102, 0x00001b01, 0x8d030600, 0x00000097, 0x01000200, 0x080131ff, 0x2200e402, 0xaa003400, 0x001700ba, 0x11360035, 0x00b83912, 0x00b81017,
    0xb800d026, 0x58450000, 0x2f2c00b8, 0x2c00b91b, 0x593e1f00, 0x450000b8, 0x1f00b858, 0x00b91b2f, 0x3e1b001f, 0x0000b859, 0x00b85845, 0xb91b2f19,
    0x13001900, 0x00b8593e, 0xb8584500, 0x1b2f0f00, 0x000f00b9, 0xb8593e15, 0xb8101900, 0x41d00000, 0x00000013, 0x0010000f, 0x0020000f, 0x0030000f,
    0x0040000f, 0x0050000f, 0x0060000f, 0x0070000f, 0x0080000f, 0x5d09000f, 0x100f00b8, 0x000800b9, 0x00b8f404, 0x00b8dc0b, 0x00b91019, 0xf4050021,
    0x102c00b8, 0xdc2300b8, 0x0e333130, 0x16141503, 0x37363233, 0x23010e17, 0x35022e22, 0x27373634, 0x35262223, 0x33133734, 0x22133303, 0x36343526,
    0x33013e37, 0x14151632, 0x010e0706, 0x192f27bb, 0x0c0e1307, 0x0d250e1c, 0x22132330, 0x3946101b, 0x23230601, 0x5a4d5603, 0x13170649, 0x19040301,
    0x01131719, 0x1a190403, 0x08141d27, 0x0e0d0f10, 0x08170e2c, 0x2a141d12, 0x23051a3b, 0x010f091c, 0x0240fead, 0x030e1539, 0x15130e0b, 0x0b030e15,
    0x0015130e, 0x3000ffff, 0x76010000, 0x2602d602, 0x00001b01, 0x8b030600, 0x00000097, 0x3300ffff, 0x0b0238ff, 0x2600e402, 0x00000f00, 0x10000700,
    0x00000301, 0x3300ffff, 0x410238ff, 0x26000c03, 0x00001b01, 0x29012700, 0x00000301, 0x91032600, 0x07000085, 0x88009103, 0x00000000, 0xa9ff0100,
    0xd90038ff, 0x08000402, 0x00ba3500, 0x00090002, 0x3912110a, 0x0000b800, 0x00b85845, 0xb91b2f02, 0x1b000200, 0x00b8593e, 0xb8584500, 0x1b2f0800,
    0x000800b9, 0xb9593e15, 0x05000000, 0x073130f4, 0x03331333, 0x012b010e, 0x4d825349, 0x35320b7b, 0x88028443, 0x31359afd, 0xa9ffffff, 0x500138ff,
    0x26020c03, 0x00002901, 0x91030600, 0x00000097, 0xa9ffffff, 0x630138ff, 0x2602fd02, 0x00002901, 0x93030600, 0x00000097, 0x2400ffff, 0x14020bff,
    0x2602e402, 0x00001100, 0xb0030700, 0x0000f000, 0x24000100, 0x2d020000, 0x12000402, 0x00ba6900, 0x00130004, 0x39121114, 0x0000b800, 0x00b85845,
    0xb91b2f00, 0x1b000000, 0x00b8593e, 0xb8584500, 0x1b2f0500, 0x000500b9, 0xb8593e1b, 0x58450000, 0x2f1200b8, 0x1200b91b, 0x593e1300, 0x450000b8,
    0x0b00b858, 0x00b91b2f, 0x3e13000b, 0x0200ba59, 0x12000500, 0xb9391211, 0x05000800, 0x0200b8f4, 0x1000b810, 0x133130d0, 0x3f330333, 0x17073301,
    0x22230733, 0x0f012f26, 0x4d8c2301, 0xc0690537, 0x4262f85d, 0x25232c0d, 0x1e68540d, 0xfe04024d, 0xe0a963f4, 0x1d1944e0, 0x009a5dc1, 0x3300ffff,
    0x77010000, 0x2602d403, 0x00001200, 0x91030700, 0xc800beff, 0x3300ffff, 0xa6010000, 0x2602e402, 0x00001200, 0x9a030600, 0x00000023, 0x0e00ffff,
    0x06010bff, 0x2602e402, 0x00001200, 0xb0030600, 0x00000074, 0x3300ffff, 0x65010000, 0x2600e402, 0x00001200, 0x8e030700, 0x96fef4ff, 0x25000100,
    0x36010000, 0x1200e402, 0x00ba6b00, 0x00130011, 0x39121114, 0x0000b800, 0x00b85845, 0xb91b2f0b, 0x1f000b00, 0x00b8593e, 0xb8584500, 0x1b2f0100,
    0x000100b9, 0xba593e13, 0x0b000900, 0x12110100, 0x0900b839, 0x0800b810, 0x0700b8dc, 0x0900b8d0, 0x0a00b810, 0x0d00b8d0, 0x0e00b8d0, 0x0700b8d0,
    0x1000b810, 0x0f00b8d0, 0x0100b8d0, 0x1100b910, 0x30f40500, 0x22233331, 0x3f343526, 0x013f0701, 0x37033313, 0x3303010f, 0x232347c3, 0x0d432f03,
    0x414d4644, 0x396e0d6e, 0x091c234e, 0x4315ee0f, 0xfe5b0116, 0x234525c0, 0x0000e3fe, 0x2400ffff, 0xfc010000, 0x26020c03, 0x00001400, 0x91030600,
    0x0000002d, 0x2400ffff, 0x19020000, 0x26020603, 0x00001400, 0x94030600, 0x0000002d, 0x2400ffff, 0xfc010bff, 0x26021002, 0x00001400, 0xb0030700,
    0x0000fb00, 0x2400ffff, 0x0c020000, 0x2602d602, 0x00001400, 0x8b030600, 0x0000002d, 0x6400ffff, 0xed020000, 0x2700ee02, 0xf1001400, 0x06000000,
    0x00006600, 0x24000100, 0xec0138ff, 0x21001002, 0x00ba6f00, 0x0022001f, 0x39121123, 0x0000b800, 0x00b85845, 0xb91b2f0f, 0x1b000f00, 0x00b8593e,
    0xb8584500, 0x1b2f1500, 0x001500b9, 0xb8593e1b, 0x58450000, 0x2f0e00b8, 0x0e00b91b, 0x593e1300, 0x450000b8, 0x2000b858, 0x00b91b2f, 0x3e150020,
    0x1500b859, 0x0700b910, 0xbaf40500, 0x07001200, 0x12110e00, 0x2000b839, 0x2100b910, 0x30f40500, 0x3e130531, 0x26343501, 0x0e072223, 0x23030701,
    0x33073313, 0x3233013e, 0x06141516, 0x010e0307, 0x0137012b, 0x02035a3e, 0x29362a25, 0x3a06241a, 0x154d684d, 0x384b1b05, 0x04034243, 0x35320b53,
    0x01840e43, 0x091d0fc2, 0x1a292b2c, 0xe0fe1f48, 0x3a660402, 0x0e434c38, 0x60fe1322, 0x00443135, 0x3100ffff, 0xf501f4ff, 0x26020c03, 0x00001500,
    0x91030600, 0x0000001c, 0x3100ffff, 0xf501f4ff, 0x2602ee02, 0x00001500, 0x95030600, 0x0000001c, 0x3100ffff, 0x0802f4ff, 0x26020603, 0x00001500,
    0x94030600, 0x0000001c, 0x3100ffff, 0xf501f4ff, 0x2602fd02, 0x00001500, 0x93030600, 0x0000001c, 0x3100ffff, 0xf501f4ff, 0x2602d102, 0x00001500,
    0x8f030600, 0x0000001c, 0x3100ffff, 0xf50157ff, 0x26021002, 0x00001500, 0xaf030700, 0x0000e900, 0x3100ffff, 0xf501f4ff, 0x26020803, 0x00001500,
    0x92030600, 0x0000001c, 0x3100ffff, 0xf501f4ff, 0x2602fd02, 0x00001500, 0xaa030700, 0x00003e01, 0x3100ffff, 0x2002f4ff, 0x26020b03, 0x00001500,
    0x90030600, 0x0000001c, 0x3100ffff, 0xf501f4ff, 0x2602c102, 0x00001500, 0x8d030600, 0x0000001c, 0xefff0300, 0x3702d7ff, 0x19002d02, 0x35002700,
    0x00ba9f00, 0x0036001a, 0x39121137, 0x101a00b8, 0xd01600b8, 0x101a00b8, 0xd02800b8, 0x0000b800, 0x00b85845, 0xb91b2f09, 0x1b000900, 0x00b8593e,
    0xb8584500, 0x1b2f1600, 0x001600b9, 0xb9593e13, 0x05001a00, 0x3200baf4, 0x09001a00, 0xb8391211, 0xb9100900, 0x05002800, 0x1800baf4, 0x28001600,
    0xba391211, 0x32000100, 0x12111800, 0x0b00ba39, 0x1a000900, 0xba391211, 0x28002400, 0x12111600, 0x0e00ba39, 0x24000b00, 0xba391211, 0x32002500,
    0x12111800, 0x3300ba39, 0x24000b00, 0x30391211, 0x2e370731, 0x3e343501, 0x17323302, 0x1e071737, 0x0e141501, 0x27222302, 0x36323707, 0x35033e37,
    0x1e012734, 0x06221301, 0x15030e07, 0x2e011714, 0x0b581101, 0x6246270b, 0x5033523b, 0x0b0b5827, 0x3b624627, 0xdf503352, 0x07105838, 0x03010408,
    0x2f0ff2fe, 0x1058385b, 0x01040807, 0x0f0e0103, 0x175b032f, 0x77412237, 0x5336365a, 0x37175b26, 0x5a774122, 0x62533636, 0x29224f52, 0x13060d1a,
    0x11ebfe0e, 0x52920114, 0x1a29224f, 0x0d14060d, 0x14111501, 0xefffffff, 0x3702d7ff, 0x26020c03, 0x00004301, 0x91030600, 0x00000023, 0x3100ffff,
    0xfb01f4ff, 0x2602d602, 0x00001500, 0x8b030600, 0x0000001c, 0x31000200, 0x3a02f4ff, 0x1b007402, 0x6c002d00, 0x001c00ba, 0x112f002e, 0x00b83912,
    0x00b8101c, 0xb800d000, 0x58450000, 0x2f0a00b8, 0x0a00b91b, 0x593e1b00, 0x450000b8, 0x0c00b858, 0x00b91b2f, 0x3e1b000c, 0x0000b859, 0x00b85845,
    0xb91b2f00, 0x13000000, 0x00b8593e, 0x00b8100c, 0x00b8dc0e, 0x00b8100c, 0x00b8dc14, 0x00b91000, 0xf405001c, 0x100a00b8, 0x002500b9, 0x3130f405,
    0x022e2217, 0x023e3435, 0x33173233, 0x0e073337, 0x1e012b01, 0x0e141501, 0x36322702, 0x3536013f, 0x22232634, 0x06010f06, 0xeb161415, 0x1c314429,
    0x3b624627, 0x165f2026, 0x1d051444, 0x15171724, 0x31624627, 0x0f105838, 0x383b3d05, 0x050f1058, 0x351b0c3d, 0x7741354f, 0x700c365a, 0x1e221c65,
    0x77412a4d, 0x5245365a, 0x14194b4f, 0x4f524336, 0x3614194b, 0x00000043, 0x3100ffff, 0x3a02f4ff, 0x26020c03, 0x00004601, 0x91030600, 0x0000001c,
    0x3100ffff, 0x3a0257ff, 0x26027402, 0x00004601, 0xaf030700, 0x0000e900, 0x3100ffff, 0x3a02f4ff, 0x26020803, 0x00004601, 0x92030600, 0x0000001c,
    0x3100ffff, 0x3a02f4ff, 0x2602fd02, 0x00004601, 0xaa030700, 0x00003e01, 0x3100ffff, 0x3a02f4ff, 0x2602d402, 0x00004601, 0x8c030600, 0x0000001c,
    0x3100ffff, 0x6902f4ff, 0x26028503, 0x00001500, 0xb9030700, 0x00003e01, 0x3100ffff, 0xf50157ff, 0x2602fd02, 0x00001500, 0x93032600, 0x0700001c,
    0xe900af03, 0x00000000, 0x3100ffff, 0xf501f4ff, 0x26027b03, 0x00001500, 0xbb030700, 0x00003e01, 0x3100ffff, 0x4102f4ff, 0x26027003, 0x00001500,
    0xbc030700, 0x00003e01, 0x3100ffff, 0x1002f4ff, 0x26027403, 0x00001500, 0xbe030700, 0x00003e01, 0x31000300, 0x4d03f4ff, 0x11001002, 0x4f002100,
    0x00bafc00, 0x00500025, 0x39121151, 0x102500b8, 0xd00600b8, 0x102500b8, 0xd01800b8, 0x0000b800, 0x00b85845, 0xb91b2f33, 0x1b003300, 0x00b8593e,
    0xb8584500, 0x1b2f3a00, 0x003a00b9, 0xb8593e1b, 0x58450000, 0x2f2900b8, 0x2900b91b, 0x593e1300, 0x450000b8, 0x2200b858, 0x00b91b2f, 0x3e130022,
    0x2900b859, 0x0000b910, 0xb8f40500, 0xb9103300, 0x05000900, 0x3a00b8f4, 0x1200b910, 0xb8f40500, 0xb9102200, 0x05004900, 0x4400baf4, 0x49001200,
    0xb8391211, 0x412f4400, 0x00af0005, 0x00bf0044, 0x5d020044, 0xbf000541, 0xcf004400, 0x02004400, 0x00054171, 0x0044004f, 0x0044005f, 0x05417102,
    0x44006f00, 0x44007f00, 0x415d0200, 0x007f0005, 0x008f0044, 0x71020044, 0x001800b9, 0x00baf406, 0x00000026, 0x39121133, 0x003600ba, 0x11290009,
    0x00ba3912, 0x0044004c, 0x39121149, 0x32373130, 0x36013f36, 0x23263435, 0x010f0622, 0x16141506, 0x020e2201, 0x033e010f, 0x022e3435, 0x27262203,
    0x23010e23, 0x35022e22, 0x33023e34, 0x33171632, 0x3233013e, 0x1415021e, 0x0607020e, 0x33161415, 0x17373632, 0x38f5010e, 0x050f1058, 0x58383b3d,
    0x3d050f10, 0x371ee501, 0x06071f2b, 0x153b6853, 0x55231a10, 0x05155a40, 0x29415a22, 0x271c3144, 0x393b6246, 0x23051455, 0x3c244062, 0x5628192d,
    0x3f035f87, 0x1c50303e, 0x396d3032, 0x194b4f52, 0x52433614, 0x14194b4f, 0x95014336, 0x22392716, 0x1b0f031d, 0x1b151b26, 0x26fe0710, 0x3c333936,
    0x354f351b, 0x365a7741, 0x3c333936, 0x1c302214, 0x162b422d, 0x35181501, 0x2d232f42, 0x00002f3b, 0x2400ffff, 0x9e010000, 0x26020c03, 0x00001800,
    0x91030600, 0x000000e5, 0x2400ffff, 0xd1010000, 0x26020603, 0x00001800, 0x94030600, 0x000000e5, 0xe4ffffff, 0x83010bff, 0x26020402, 0x00001800,
    0xb0030600, 0x0000004a, 0x0e00ffff, 0xb001f4ff, 0x26020c03, 0x00001900, 0x91030600, 0x000000ea, 0x0e00ffff, 0xd601f4ff, 0x26020603, 0x00001900,
    0x94030600, 0x000000ea, 0x0e000100, 0xb00131ff, 0x49001002, 0x00ba9200, 0x004a0044, 0x3912114b, 0x0000b800, 0x00b85845, 0xb91b2f27, 0x1b002700,
    0x00b8593e, 0xb8584500, 0x1b2f0f00, 0x000f00b9, 0xb8593e13, 0xb8dc4400, 0xb8dc0d00, 0x41dc0700, 0x00bf0005, 0x00cf0007, 0x5d020007, 0x000000b9,
    0x00b8f404, 0x00b91027, 0xf405002e, 0x001d00ba, 0x110f002e, 0x00b83912, 0x00b9100f, 0xf4050016, 0x001300ba, 0x1116001d, 0x00ba3912, 0x00270034,
    0x39121116, 0x002b00ba, 0x1134002e, 0x00b83912, 0x00b8100f, 0x3130d03f, 0x27262217, 0x33011e37, 0x34353632, 0x37012f26, 0x3727012e, 0x3233011e,
    0x26343536, 0x032e012f, 0x023e3435, 0x17163233, 0x23012e07, 0x14150622, 0x1e011f16, 0x0e141503, 0x17010f02, 0x3233013e, 0x06141516, 0x0b3426b7,
    0x161e0728, 0x20171816, 0x512f151a, 0x461b3519, 0x1f42332d, 0x331d272d, 0x30171525, 0x52393048, 0x3a11351d, 0x1f35392e, 0x331f272c, 0x311c1424,
    0x02102844, 0x190b0f05, 0x16cf3c22, 0x0f0a290f, 0x13101014, 0x08430304, 0x242f252e, 0x1a303126, 0x06080925, 0x202d1f13, 0x1b2d3b20, 0x182f2527,
    0x1b273220, 0x06080923, 0x202e2014, 0x192b3e26, 0x01023201, 0x2a201803, 0x00000031, 0x0e00ffff, 0xb601f4ff, 0x2602fd02, 0x00001900, 0x93030600,
    0x000000ea, 0x0e00ffff, 0xb0010bff, 0x26021002, 0x00001900, 0xb0030700, 0x0000c200, 0xb5ff0100, 0x850138ff, 0x1100e402, 0x00ba5a00, 0x00120007,
    0x39121113, 0x0000b800, 0x00b85845, 0xb91b2f0f, 0x1f000f00, 0x00b8593e, 0xb8584500, 0x1b2f0900, 0x000900b9, 0xb8593e1b, 0x58450000, 0x2f0400b8,
    0x0400b91b, 0x593e1500, 0x000500b9, 0x00b8f405, 0x00b91009, 0xf4050008, 0x100f00b8, 0x001000b9, 0x3130f405, 0x2b010e17, 0x13333701, 0x37333723,
    0x013b013e, 0x0b762307, 0x0d433c37, 0x0d55765d, 0x370b1655, 0x690d4f3c, 0x443d3556, 0x6e444402, 0x00443d35, 0x34000100, 0x5002f4ff, 0x4600f002,
    0x00ba9e00, 0x00470018, 0x39121148, 0x0000b800, 0x00b85845, 0xb91b2f32, 0x1f003200, 0x00b8593e, 0xb8584500, 0x1b2f2d00, 0x002d00b9, 0xb8593e1b,
    0x58450000, 0x2f1d00b8, 0x1d00b91b, 0x593e1b00, 0x450000b8, 0x0500b858, 0x00b91b2f, 0x3e130005, 0x0000b859, 0x00b85845, 0xb91b2f2a, 0x13002a00,
    0x00b8593e, 0x00b91005, 0xf405000c, 0x101d00b8, 0x003b00b9, 0x00baf405, 0x003b0012, 0x39121105, 0x103200b8, 0x002300b9, 0x00b8f405, 0x00b9102d,
    0xf405002c, 0x004100ba, 0x110c001d, 0x31303912, 0x020e1425, 0x27262223, 0x33011e37, 0x34353632, 0x2e012f26, 0x3e343503, 0x36373302, 0x23263435,
    0x07020e22, 0x23132303, 0x3e373337, 0x1e323301, 0x0f141502, 0x06222301, 0x1f161415, 0x02031e01, 0x42301b4a, 0x1f683c27, 0x2d461b35, 0x20163b2f,
    0x202b1927, 0x4e361e13, 0x3a060130, 0x2a372336, 0x4e69091d, 0x540e5459, 0x67841702, 0x1a2e4227, 0x4d2d0c06, 0x2720184d, 0x12202a18, 0x2c3d269a,
    0x2f2d3117, 0x2f302624, 0x0d0b1f1a, 0x2c1e1408, 0x2b391f21, 0x1a1f0519, 0x25103333, 0xf1fd2d3d, 0x0b46be01, 0x2c177071, 0x1f20273e, 0x1a2a303d,
    0x080d0b21, 0x002c1e13, 0x25000100, 0x1a0238ff, 0x2600e402, 0x00ba9500, 0x00270004, 0x39121128, 0x0000b800, 0x00b85845, 0xb91b2f04, 0x1f000400,
    0x00b8593e, 0xb8584500, 0x1b2f0800, 0x000800b9, 0xb8593e1b, 0x58450000, 0x2f0000b8, 0x0000b91b, 0x593e1300, 0x450000b8, 0x1400b858, 0x00b91b2f,
    0x3e150014, 0x0400b859, 0x0700b910, 0xb8f40500, 0xb9100800, 0x05002500, 0x0a00baf4, 0x25000800, 0xb8391211, 0xb9101400, 0x05001500, 0x2300baf4,
    0x15002500, 0xb8391211, 0xb82f2300, 0xb8d00b00, 0xb9102300, 0x05002200, 0x333130f4, 0x3b013e13, 0x07230701, 0x1e010f21, 0x0e141501, 0x37012b02,
    0x023e3233, 0x35013e37, 0x012b2634, 0x0323013f, 0x370b7e25, 0x9b0e823c, 0x0d400120, 0x28514ece, 0x41406949, 0x3e22390e, 0x04082332, 0x10494e02,
    0x5aebc40e, 0x3d357202, 0xf1419e42, 0x3c4b4f08, 0x45203f5d, 0x27331e0b, 0x320c1913, 0xfee3482d, 0x0000003e, 0x3b000100, 0x58010000, 0x1d009302,
    0x00ba9c00, 0x001e0011, 0x3912111f, 0x1200b800, 0x0000b82f, 0x00b85845, 0xb91b2f0d, 0x1b000d00, 0x00b8593e, 0xb8584500, 0x1b2f1400, 0x001400b9,
    0xb8593e1b, 0x58450000, 0x2f0100b8, 0x0100b91b, 0x593e1300, 0x001c00b9, 0x00baf405, 0x000d0009, 0x3912111c, 0x2f0900b8, 0x8f000541, 0x9f000900,
    0x02000900, 0x0005415d, 0x000900cf, 0x000900df, 0x00b95d02, 0xf4060008, 0x100d00b8, 0x000c00b9, 0x00b8f405, 0x00b91014, 0xf4050017, 0x100900b8,
    0xd01800b8, 0x100800b8, 0xd01b00b8, 0x23333130, 0x34352622, 0x3723013f, 0x37233733, 0x3f363233, 0x33073301, 0x33072307, 0x33072307, 0x23235ee9,
    0x0b2e2103, 0x0d4c1d2e, 0x05131c27, 0x6d1c4713, 0x591d6d0d, 0x6525590b, 0x0f091c23, 0x448d36a6, 0x8f5e1b16, 0xb9368d44, 0x4200ffff, 0xb6010000,
    0x2602ef02, 0x00001a00, 0x9a030600, 0x00000b33, 0x2900ffff, 0x55010bff, 0x26029302, 0x00001a00, 0xb0030700, 0x00008f00, 0x1f000100, 0x550131ff,
    0x2f009302, 0x00ba8000, 0x00300025, 0x39121131, 0x1c00b800, 0x0000b82f, 0x00b85845, 0xb91b2f17, 0x1b001700, 0x00b8593e, 0xb8584500, 0x1b2f2500,
    0x002500b9, 0xb8593e13, 0xb8dc2a00, 0xb8dc0d00, 0x41dc0700, 0x00bf0005, 0x00cf0007, 0x5d020007, 0x000000b9, 0x00b8f404, 0x00b91025, 0xf4050022,
    0x000f00ba, 0x11250022, 0x00b83912, 0x00b91017, 0xf4050016, 0x101700b8, 0xd01e00b8, 0x101600b8, 0xd02100b8, 0x22173130, 0x1e372726, 0x36323301,
    0x2f263435, 0x012e3701, 0x13373435, 0x32333723, 0x33013f36, 0x23073307, 0x23073303, 0x013e1707, 0x15163233, 0x26840614, 0x07280b34, 0x1816161e,
    0x171a2017, 0x49031a1a, 0x1c270d4c, 0x47130513, 0x6d0d6d1c, 0x3f0d654d, 0x0f050213, 0x3c22190b, 0x290f16cf, 0x10140f0a, 0x03041310, 0x1821054d,
    0x69010f09, 0x5e1b1644, 0x84fe448f, 0x01023e44, 0x2a201803, 0x00000031, 0xfcff0200, 0x090238ff, 0x1600e402, 0x81002d00, 0x000e00ba, 0x112f002e,
    0x00b83912, 0x00b8100e, 0xb800d017, 0x58450000, 0x2f0000b8, 0x0000b91b, 0x593e1f00, 0x450000b8, 0x0600b858, 0x00b91b2f, 0x3e1b0006, 0x0000b859,
    0x00b85845, 0xb91b2f16, 0x15001600, 0x00b8593e, 0xb8584500, 0x1b2f0e00, 0x000e00b9, 0xb8593e13, 0xb9100600, 0x05002200, 0x0300baf4, 0x0e002200,
    0xb8391211, 0xb9100e00, 0x05001700, 0x1300baf4, 0x06001700, 0x30391211, 0x03331331, 0x33013e33, 0x14151632, 0x2223020e, 0x2327022e, 0x32012303,
    0x36013f36, 0x022e3435, 0x07062223, 0x010f010e, 0xb9021e06, 0x2003444d, 0x5647394e, 0x405f3e1f, 0x1a242c17, 0x4d390406, 0x523f0a01, 0x0b050f0f,
    0x24192518, 0x20191733, 0x08051508, 0xe4022f1c, 0x3b41b0fe, 0x79395c69, 0x180c4065, 0xe4fe1824, 0x4b520201, 0x19171c4b, 0x1c12202a, 0x273c1917,
    0x212c1869, 0x00000013, 0x3f00ffff, 0x0302f4ff, 0x26020c03, 0x00001b00, 0x91030600, 0x00000025, 0x3f00ffff, 0x0302f4ff, 0x2602ee02, 0x00001b00,
    0x95030600, 0x00000025, 0x3f00ffff, 0x1102f4ff, 0x26020603, 0x00001b00, 0x94030600, 0x00000025, 0x3f00ffff, 0x0302f4ff, 0x2602fd02, 0x00001b00,
    0x93030600, 0x00000025, 0x3f00ffff, 0x0302f4ff, 0x2602d102, 0x00001b00, 0x8f030600, 0x00000025, 0x3f00ffff, 0x030257ff, 0x26020402, 0x00001b00,
    0xaf030700, 0x00000201, 0x3f00ffff, 0x0302f4ff, 0x26020803, 0x00001b00, 0x92030600, 0x00000025, 0x3f00ffff, 0x0302f4ff, 0x2602fd02, 0x00001b00,
    0xaa030700, 0x00004701, 0x3f00ffff, 0x2902f4ff, 0x26020b03, 0x00001b00, 0x90030600, 0x00000025, 0x3f00ffff, 0x0302f4ff, 0x2602c102, 0x00001b00,
    0x8d030600, 0x00000025, 0x3f000100, 0x030231ff, 0x3a000402, 0x00babf00, 0x003b0025, 0x3912113c, 0x0000b800, 0x00b85845, 0xb91b2f3a, 0x1b003a00,
    0x00b8593e, 0xb8584500, 0x1b2f0d00, 0x000d00b9, 0xb8593e1b, 0x58450000, 0x2f3300b8, 0x3300b91b, 0x593e1300, 0x450000b8, 0x2900b858, 0x00b91b2f,
    0x3e130029, 0x0000b859, 0x00b85845, 0xb91b2f20, 0x15002000, 0x00b8593e, 0x00b91033, 0xf4050007, 0x102900b8, 0x000f00b9, 0x00b8f405, 0x00b81029,
    0x1341d011, 0x20000000, 0x20001000, 0x20002000, 0x20003000, 0x20004000, 0x20005000, 0x20006000, 0x20007000, 0x20008000, 0xb85d0900, 0xb9102000,
    0x04001900, 0x1c00b8f4, 0x3000badc, 0x3a000700, 0x30391211, 0x0e031331, 0x16141501, 0x3e373233, 0x33133701, 0x0e073303, 0x16141503, 0x37363233,
    0x23010e17, 0x35022e22, 0x27373634, 0x34352622, 0x0e23013f, 0x26222301, 0x37363435, 0x0340d313, 0x352a2302, 0x06221c28, 0x495a4d3a, 0x192f270d,
    0x0c0e1307, 0x0d250e1c, 0x22132330, 0x3944101b, 0x04212901, 0x4a1b0502, 0x03424236, 0x04024004, 0x1d0fc2fe, 0x292c2b09, 0x011d471d, 0x4440fe20,
    0x141d271a, 0x0d0f1008, 0x170e2c0e, 0x141d1208, 0x051a3b2a, 0x130a1c23, 0x4c373b0a, 0x13220e43, 0x00003e01, 0x3f00ffff, 0x0302f4ff, 0x26022603,
    0x00001b00, 0x97030600, 0x00000025, 0x3f00ffff, 0x0402f4ff, 0x2602d602, 0x00001b00, 0x8b030600, 0x00000025, 0x3f000100, 0x6402f4ff, 0x2a007402,
    0x00ba7b00, 0x002b001b, 0x3912112c, 0x0000b800, 0x00b85845, 0xb91b2f11, 0x1b001100, 0x00b8593e, 0xb8584500, 0x1b2f1f00, 0x001f00b9, 0xb8593e1b,
    0x58450000, 0x2f0000b8, 0x0000b91b, 0x593e1300, 0x450000b8, 0x0a00b858, 0x00b91b2f, 0x3e13000a, 0x1900b959, 0xbaf40500, 0x19000700, 0x12111100,
    0x1f00b839, 0x2100b810, 0x1f00b8dc, 0x2700b810, 0x0000b8dc, 0x2800b910, 0x30f40500, 0x26222131, 0x013f3435, 0x23010e23, 0x34352622, 0x33133736,
    0x15010e03, 0x32331614, 0x37013e37, 0x33373313, 0x2b010e07, 0x07330301, 0x21219f01, 0x1b050204, 0x40413a49, 0x4d400403, 0x24020340, 0x1a28342a,
    0x543a0624, 0x05144416, 0x4f14231c, 0x1c230d49, 0x3a0a130a, 0x0f424c38, 0x3e011322, 0x1d0fc2fe, 0x292a2a0c, 0x011e491a, 0x1b657020, 0x4474fe24,
    0x3f00ffff, 0x6402f4ff, 0x26020c03, 0x00006f01, 0x91030600, 0x00000020, 0x3f00ffff, 0x640257ff, 0x26027402, 0x00006f01, 0xaf030700, 0x00000001,
    0x3f00ffff, 0x6402f4ff, 0x26020803, 0x00006f01, 0x92030600, 0x00000020, 0x3f00ffff, 0x6402f4ff, 0x2602fd02, 0x00006f01, 0xaa030700, 0x00004201,
    0x3f00ffff, 0x6402f4ff, 0x2602d402, 0x00006f01, 0x8c030600, 0x00000020, 0x3f00ffff, 0x0802f4ff, 0x26023103, 0x00001b00, 0xbd030700, 0x00004701,
    0x3f00ffff, 0x0302f4ff, 0x26027c03, 0x00001b00, 0xb6030700, 0x00004701, 0x3f00ffff, 0x0302f4ff, 0x26028a03, 0x00001b00, 0xb8030700, 0x00004701,
    0x3f00ffff, 0x1802f4ff, 0x26027b03, 0x00001b00, 0xb7030700, 0x00004701, 0x4d00ffff, 0xf8020000, 0x26020c03, 0x00001d00, 0x91030600, 0x0000007e,
    0x4d00ffff, 0xf8020000, 0x2602fd02, 0x00001d00, 0x93030600, 0x0000007e, 0x4d00ffff, 0xf8020000, 0x2602d102, 0x00001d00, 0x8f030600, 0x0000007e,
    0x4d00ffff, 0xf8020000, 0x26020803, 0x00001d00, 0x92030600, 0x0000007e, 0xecffffff, 0x080238ff, 0x26020c03, 0x00001f00, 0x91030600, 0x00000004,
    0xecffffff, 0x080238ff, 0x2602fd02, 0x00001f00, 0x93030600, 0x00000004, 0xecffffff, 0x080238ff, 0x2602d102, 0x00001f00, 0x8f030600, 0x00000004,
    0xecffffff, 0x080238ff, 0x26020402, 0x00001f00, 0xaf030700, 0x00005101, 0xecffffff, 0x080238ff, 0x26020803, 0x00001f00, 0x92030600, 0x00000004,
    0xecffffff, 0x080238ff, 0x2602fd02, 0x00001f00, 0xaa030700, 0x00002601, 0xecffffff, 0x080238ff, 0x2602d602, 0x00001f00, 0x8b030600, 0x00000004,
    0xfbffffff, 0xc9010000, 0x26020c03, 0x00002000, 0x91030600, 0x000000f8, 0xfbffffff, 0xe4010000, 0x26020603, 0x00002000, 0x94030600, 0x000000f8,
    0xfbffffff, 0xc9010000, 0x2602cf02, 0x00002000, 0x8e030600, 0x000000f8, 0xe5ffffff, 0x23020000, 0x2602b603, 0x00002100, 0xc5030600, 0x00000069,
    0xe5ffffff, 0x46020000, 0x26029803, 0x00002100, 0xc9030600, 0x00000069, 0xe5ffffff, 0x56020000, 0x2602b003, 0x00002100, 0xc8030600, 0x00000069,
    0xe5ffffff, 0x38020000, 0x2602a703, 0x00002100, 0xc7030600, 0x00000069, 0xe5ffffff, 0x33020000, 0x26027c03, 0x00002100, 0xc3030600, 0x00000069,
    0xe5ffffff, 0x230257ff, 0x2602ba02, 0x00002100, 0xaf030700, 0x00000601, 0xe5ffffff, 0x23020000, 0x2602b403, 0x00002100, 0xc6030600, 0x00000069,
    0xe5ffffff, 0x23020000, 0x2602a703, 0x00002100, 0xce030700, 0x00008b01, 0xe5ffffff, 0x36020000, 0x26026b03, 0x00002100, 0xc1030600, 0x00000069,
    0xe5ff0200, 0x290231ff, 0x1f00ba02, 0xb4002300, 0x000000ba, 0x11250024, 0x00b83912, 0xb800d021, 0x58450000, 0x2f0000b8, 0x0000b91b, 0x593e1d00,
    0x450000b8, 0x1f00b858, 0x00b91b2f, 0x3e13001f, 0x0000b859, 0x00b85845, 0xb91b2f1b, 0x13001b00, 0x00b8593e, 0xb8584500, 0x1b2f1100, 0x001100b9,
    0xb8593e15, 0xb8101b00, 0x41d00200, 0x00000013, 0x00100011, 0x00200011, 0x00300011, 0x00400011, 0x00500011, 0x00600011, 0x00700011, 0x00800011,
    0x5d090011, 0x101100b8, 0x000a00b9, 0x00b8f404, 0x00badc0d, 0x0000001d, 0x3912111f, 0x2f1d00b8, 0x100000b8, 0xd02100b8, 0x101d00b8, 0x002200b9,
    0x3130f40d, 0x0e133301, 0x16141503, 0x37363233, 0x23010e17, 0x35022e22, 0x27373634, 0x07212723, 0x03230123, 0x6b5a0133, 0x192f275e, 0x0c0e1307,
    0x0d250e1c, 0x22132330, 0x3944101b, 0xfe1a1501, 0x01566cf1, 0xe2b2059e, 0x46fdba02, 0x141d271a, 0x0d0f1008, 0x170e2c0e, 0x141d1208, 0x051a3b2a,
    0x6d02cece, 0x0000a9fe, 0xe5ffffff, 0x23020000, 0x2602d003, 0x00002100, 0xcb030600, 0x00000069, 0xe5ffffff, 0x2e020000, 0x26026004, 0x00002100,
    0xcc030600, 0x00000069, 0xe5ffffff, 0x4a020000, 0x26028103, 0x00002100, 0xbf030600, 0x00000069, 0xe5ffffff, 0x43020000, 0x26022804, 0x00002100,
    0xcf030700, 0x00008b01, 0xe5ffffff, 0x460257ff, 0x26029803, 0x00002100, 0xc9032600, 0x07000069, 0x0601af03, 0x00000000, 0xe5ffffff, 0x43020000,
    0x26022704, 0x00002100, 0xd0030700, 0x00008b01, 0xe5ffffff, 0x43020000, 0x26021a04, 0x00002100, 0xd1030700, 0x00008b01, 0xe5ffffff, 0x5d020000,
    0x26021e04, 0x00002100, 0xd2030700, 0x00008b01, 0xe5ffffff, 0xbe020000, 0x26022604, 0x00002100, 0xd6030700, 0x00008b01, 0xe5ffffff, 0x380257ff,
    0x2602a703, 0x00002100, 0xc7032600, 0x07000069, 0x0601af03, 0x00000000, 0xe5ffffff, 0x36020000, 0x26022504, 0x00002100, 0xd8030700, 0x00008b01,
    0xe5ffffff, 0x90020000, 0x26021a04, 0x00002100, 0xd9030700, 0x00008b01, 0xe5ffffff, 0x5f020000, 0x26021e04, 0x00002100, 0xdb030700, 0x00008b01,
    0xd6ff0200, 0x8f030000, 0x0f00ba02, 0xb9001300, 0x000400ba, 0x11150014, 0x00b83912, 0x00b81004, 0xb800d012, 0x58450000, 0x2f0400b8, 0x0400b91b,
    0x593e1d00, 0x450000b8, 0x0300b858, 0x00b91b2f, 0x3e130003, 0x0000b859, 0x00b85845, 0xb91b2f0f, 0x13000f00, 0x00ba593e, 0x00040001, 0x39121103,
    0x2f0100b8, 0x100400b8, 0x001000b9, 0x00b8f40d, 0x00b8d007, 0x00b9100f, 0xf40d000c, 0x000b00ba, 0x110c0007, 0x00b83912, 0x03412f0b, 0x0b00bf00,
    0x415d0100, 0x00df0003, 0x7101000b, 0xbf000341, 0x01000b00, 0x00034171, 0x000b008f, 0x03415d01, 0x0b008f00, 0xb9710100, 0x0d000800, 0x0100b8f4,
    0x1100b910, 0x30f40d00, 0x07232531, 0x07210123, 0x07210721, 0x07210721, 0x33031321, 0xd4910113, 0xe2015c8b, 0xfe0fd701, 0x28012fb7, 0x31d7fe0e,
    0xfe0e5a01, 0xb1ee7554, 0x02cdcd47, 0x48ec48ba, 0x770248f6, 0x63019dfe, 0xd6ffffff, 0x8f030000, 0x2602b603, 0x00009e01, 0xc5030700, 0x00006801,
    0x3700ffff, 0x6702f4ff, 0x2602b603, 0x00002300, 0xc5030600, 0x00000066, 0x3700ffff, 0x6702f4ff, 0x2602b003, 0x00002300, 0xc8030600, 0x00000066,
    0x37000100, 0x670231ff, 0x4100c602, 0x00ba6e00, 0x00420017, 0x39121143, 0x0000b800, 0x00b85845, 0xb91b2f3b, 0x1d003b00, 0x00b8593e, 0xb8584500,
    0x1b2f3100, 0x003100b9, 0xb8593e13, 0xb9103b00, 0x0d000000, 0x3100b8f4, 0x0e00b910, 0xb8f40d00, 0xb8103100, 0xb8d01700, 0xb8103100, 0xb8dc1c00,
    0xb8dc2f00, 0x41dc2900, 0x00bf0005, 0x00cf0029, 0x5d020029, 0x002200b9, 0x3130f404, 0x020e2201, 0x010e010f, 0x021e1415, 0x023e3233, 0x010e1737,
    0x3e17010f, 0x16323301, 0x23061415, 0x37272622, 0x3233011e, 0x26343536, 0x2e37012f, 0x3e343503, 0x16323302, 0x012e0717, 0x47287f01, 0x17092939,
    0x28160204, 0x3924263b, 0x4411252d, 0x1058792c, 0x0b0f0502, 0x303c2219, 0x280b3426, 0x16161e07, 0x1a201718, 0x34492c14, 0x7c58301d, 0x1a71554c,
    0x024a1349, 0x4d371e7d, 0x20137330, 0x3144290f, 0x3121121b, 0x5254221e, 0x01023203, 0x2a201803, 0x290f1631, 0x10140f0a, 0x03041310, 0x452a0742,
    0xa15b3d61, 0x514e4779, 0x003c3b21, 0x3700ffff, 0x6702f4ff, 0x2602a703, 0x00002300, 0xc7030600, 0x00000066, 0x3700ffff, 0x6702f4ff, 0x26027a03,
    0x00002300, 0xc2030600, 0x00000066, 0x2700ffff, 0x6f020000, 0x2602b003, 0x00002400, 0xc8030600, 0x00000057, 0x24000200, 0x72020000, 0x0e00ba02,
    0xb6001e00, 0x001c00ba, 0x1120001f, 0x00b83912, 0x00b8101c, 0xb800d00d, 0x58450000, 0x2f0400b8, 0x0400b91b, 0x593e1d00, 0x450000b8, 0x0e00b858,
    0x00b91b2f, 0x3e13000e, 0x0400b859, 0x1900b910, 0xbaf40d00, 0x19000100, 0x12110e00, 0x0100b839, 0x0005412f, 0x00010030, 0x00010040, 0x05417102,
    0x01009000, 0x0100a000, 0x41710200, 0x00f00003, 0x71010001, 0xd0000341, 0x01000100, 0x00054171, 0x00010060, 0x00010070, 0x03417102, 0x01001000,
    0x41710100, 0x00e00003, 0x5d010001, 0x000200b9, 0x00b8f405, 0x00b8d01a, 0x00b81001, 0x00b8d01d, 0x00b9100e, 0xf40d001e, 0x23133130, 0x33133337,
    0x14151632, 0x012b020e, 0x3f363237, 0x34353601, 0x07012b26, 0x03230733, 0x4a0d4a6e, 0x7f70cd3b, 0x5382592e, 0x7c5aeeec, 0x56061515, 0x852d8749,
    0x0135840d, 0x2a013e52, 0x9a518788, 0x70484977, 0x1f1e6969, 0x3ee25853, 0x0000f6fe, 0x2400ffff, 0x72020000, 0x0602ba02, 0x0000a601, 0x2700ffff,
    0x4e020000, 0x2602b603, 0x00002500, 0xc5030600, 0x00000056, 0x2700ffff, 0x4e020000, 0x26029803, 0x00002500, 0xc9030600, 0x00000056, 0x2700ffff,
    0x4e020000, 0x2602b003, 0x00002500, 0xc8030600, 0x00000056, 0x2700ffff, 0x4e020000, 0x2602a703, 0x00002500, 0xc7030600, 0x00000056, 0x2700ffff,
    0x4e020000, 0x26027c03, 0x00002500, 0xc3030600, 0x00000056, 0x2700ffff, 0x4e020000, 0x26027a03, 0x00002500, 0xc2030600, 0x00000056, 0x2700ffff,
    0x4e0257ff, 0x2602ba02, 0x00002500, 0xaf030700, 0x0000fc00, 0x2700ffff, 0x4e020000, 0x2602b403, 0x00002500, 0xc6030600, 0x00000056, 0x2700ffff,
    0x4e020000, 0x2602a703, 0x00002500, 0xce030700, 0x00007801, 0x2700ffff, 0x4e020000, 0x26026b03, 0x00002500, 0xc1030600, 0x00000056, 0x27000100,
    0x4e0231ff, 0x2300ba02, 0x00bad400, 0x0024001e, 0x39121125, 0x0000b800, 0x00b85845, 0xb91b2f00, 0x1d000000, 0x00b8593e, 0xb8584500, 0x1b2f2300,
    0x002300b9, 0xb8593e13, 0x58450000, 0x2f1900b8, 0x1900b91b, 0x593e1500, 0x100000b8, 0x000300b9, 0x00b8f40d, 0x00b91023, 0xf40d0008, 0x000700ba,
    0x11080003, 0x00b83912, 0x03412f07, 0x0700bf00, 0x415d0100, 0x00bf0003, 0x71010007, 0x8f000341, 0x01000700, 0x00034171, 0x0007008f, 0x03415d01,
    0x0700df00, 0xb9710100, 0x0d000400, 0x2300b8f4, 0x0a00b810, 0x001341d0, 0x00190000, 0x00190010, 0x00190020, 0x00190030, 0x00190040, 0x00190050,
    0x00190060, 0x00190070, 0x00190080, 0x00b85d09, 0x00b91019, 0xf4040012, 0xdc1500b8, 0x21133130, 0x21072107, 0x21072107, 0x15030e07, 0x32331614,
    0x0e173736, 0x2e222301, 0x36343502, 0xb3212737, 0xfe0f9b01, 0x28012fb7, 0x31d7fe0e, 0x270e5a01, 0x1307192f, 0x0e1c0c0e, 0x23300d25, 0x101b2213,
    0xfe013944, 0x48ba0292, 0x48f648ec, 0x141d271a, 0x0d0f1008, 0x170e2c0e, 0x141d1208, 0x051a3b2a, 0x2700ffff, 0x4e020000, 0x26028103, 0x00002500,
    0xbf030600, 0x00000056, 0x2700ffff, 0xab020000, 0x26022604, 0x00002500, 0xd6030700, 0x00007801, 0x2700ffff, 0x4e0257ff, 0x2602a703, 0x00002500,
    0xc7032600, 0x07000056, 0xfc00af03, 0x00000000, 0x2700ffff, 0x4e020000, 0x26022504, 0x00002500, 0xd8030700, 0x00007801, 0x2700ffff, 0x7d020000,
    0x26021a04, 0x00002500, 0xd9030700, 0x00007801, 0x2700ffff, 0x4e020000, 0x26021e04, 0x00002500, 0xdb030700, 0x00007801, 0x37000200, 0x8c02f4ff,
    0x2200c602, 0x69002c00, 0x002300ba, 0x112e002d, 0x00b83912, 0x00b81023, 0xb800d000, 0x58450000, 0x2f1900b8, 0x1900b91b, 0x593e1d00, 0x450000b8,
    0x0000b858, 0x00b91b2f, 0x3e130000, 0x2300b959, 0xbaf40d00, 0x23000900, 0x12111900, 0x0900b839, 0x1900b82f, 0x1000b910, 0xbaf40d00, 0x10001500,
    0x12110900, 0x0900b839, 0x2700b910, 0x30f40500, 0x2e220531, 0x36343502, 0x3e21013f, 0x26343501, 0x020e2223, 0x013e2707, 0x021e3233, 0x020e1415,
    0x37363227, 0x15010e21, 0x27011614, 0x23405835, 0x01040505, 0x580307eb, 0x373a1d54, 0x283d1635, 0x5c3c5f96, 0x5b2e203f, 0x7c615185, 0x036efe17,
    0x260c5504, 0x163d6345, 0x1d161a2e, 0x62500f2c, 0x29361f0d, 0x28605222, 0x543c6448, 0x494d7fa2, 0x270e747e, 0x005f4f0f, 0x3700ffff, 0x8002f4ff,
    0x26029803, 0x00002700, 0xc9030600, 0x00000077, 0x3700ffff, 0x8002f4ff, 0x2602a703, 0x00002700, 0xc7030600, 0x00000077, 0x3700ffff, 0x80020bff,
    0x2602c602, 0x00002700, 0xb0030700, 0x00001601, 0x3700ffff, 0x8002f4ff, 0x26027a03, 0x00002700, 0xc2030600, 0x00000077, 0x2a000200, 0xd7020000,
    0x1300ba02, 0xb0001700, 0x000900ba, 0x11190018, 0x00b83912, 0x00b81009, 0xb800d016, 0x58450000, 0x2f0800b8, 0x0800b91b, 0x593e1d00, 0x450000b8,
    0x0c00b858, 0x00b91b2f, 0x3e1d000c, 0x0000b859, 0x00b85845, 0xb91b2f13, 0x13001300, 0x00b8593e, 0xb8584500, 0x1b2f0300, 0x000300b9, 0xba593e13,
    0x08000100, 0x12110300, 0x0100b839, 0x0003412f, 0x000100bf, 0x03415d01, 0x01008f00, 0x415d0100, 0x00000003, 0x5d010001, 0x001700b9, 0x00baf40d,
    0x00080005, 0x39121117, 0x2f0500b8, 0x000600b9, 0x00b8f405, 0x00b8d00a, 0x00b8d00e, 0x00b81005, 0x00b8d016, 0x3130d011, 0x23032101, 0x33372313,
    0x21073337, 0x33073337, 0x23032307, 0x07213713, 0xadfe0e02, 0x42685140, 0x5117420d, 0x17540117, 0x0d421751, 0x4e516842, 0x1aacfe1a, 0xc2fe3e01,
    0x743e0802, 0x3e747474, 0x8601f8fd, 0x00008282, 0x2700ffff, 0xa9020000, 0x2602a703, 0x00002800, 0xc7030700, 0x00008c00, 0x0900ffff, 0xaa010000,
    0x2602b603, 0x00002900, 0xc5030600, 0x000000f3, 0x0900ffff, 0xd0010000, 0x26029803, 0x00002900, 0xc9030600, 0x000000f3, 0x0900ffff, 0xe0010000,
    0x2602b003, 0x00002900, 0xc8030600, 0x000000f3, 0x0900ffff, 0xc2010000, 0x2602a703, 0x00002900, 0xc7030600, 0x000000f3, 0x0900ffff, 0xbd010000,
    0x26027c03, 0x00002900, 0xc3030600, 0x000000f3, 0x0900ffff, 0x9f010000, 0x26027a03, 0x00002900, 0xc2030600, 0x000000f3, 0x0900ffff, 0x9f0157ff,
    0x2602ba02, 0x00002900, 0xaf030700, 0x00008d00, 0x0900ffff, 0x9f010000, 0x2602b403, 0x00002900, 0xc6030600, 0x000000f3, 0x0900ffff, 0x9f010000,
    0x2602a703, 0x00002900, 0xce030700, 0x00001401, 0x0900ffff, 0xc0010000, 0x26026b03, 0x00002900, 0xc1030600, 0x000000f3, 0x09000100, 0x9f0131ff,
    0x2300ba02, 0x00ba9f00, 0x00240012, 0x39121125, 0x0000b800, 0x00b85845, 0xb91b2f04, 0x1d000400, 0x00b8593e, 0xb8584500, 0x1b2f2300, 0x002300b9,
    0xb8593e13, 0x58450000, 0x2f1900b8, 0x1900b91b, 0x593e1500, 0x102300b8, 0x000000b9, 0x00b8f40d, 0x00b91004, 0xf40d0003, 0xd00700b8, 0x100000b8,
    0xd00800b8, 0x102300b8, 0xd00a00b8, 0x00001341, 0x10001900, 0x20001900, 0x30001900, 0x40001900, 0x50001900, 0x60001900, 0x70001900, 0x80001900,
    0x09001900, 0x1900b85d, 0x1200b910, 0xb8f40400, 0x30dc1500, 0x13333731, 0x07213723, 0x07330323, 0x1415030e, 0x36323316, 0x010e1737, 0x022e2223,
    0x37363435, 0x5d172327, 0x010e5d6f, 0x6f5d0e0b, 0x2f270e5d, 0x0e130719, 0x250e1c0c, 0x1323300d, 0x44101b22, 0x45cd0139, 0x45453002, 0x1a45d0fd,
    0x08141d27, 0x0e0d0f10, 0x08170e2c, 0x2a141d12, 0x00051a3b, 0x0900ffff, 0xd4010000, 0x26028103, 0x00002900, 0xbf030600, 0x000000f3, 0x4b000200,
    0x8002f4ff, 0x1200ba02, 0x5c001600, 0x000c00ba, 0x11180017, 0x00b83912, 0x00b8100c, 0xb800d014, 0xb82f1600, 0x58450000, 0x2f1200b8, 0x1200b91b,
    0x593e1d00, 0x450000b8, 0x1300b858, 0x00b91b2f, 0x3e1d0013, 0x0000b859, 0x00b85845, 0xb91b2f04, 0x13000400, 0x00b9593e, 0xf40d000c, 0x101200b8,
    0x001100b9, 0x3130f40d, 0x010e0301, 0x022e2223, 0x33163735, 0x13373632, 0x33233723, 0x80022303, 0x6e881760, 0x1c344a2e, 0x497e054b, 0x9c50105e,
    0x5251e00f, 0xfeba0251, 0x19787123, 0x13243c2d, 0x01505670, 0x68fe498e, 0x4b00ffff, 0x9d02f4ff, 0x2600b603, 0x00b9c503, 0xc5032700, 0x0000e600,
    0xcc010600, 0x00000000, 0x0300ffff, 0xef01f4ff, 0x2602b603, 0x00002a00, 0xc5030600, 0x00000023, 0x0300ffff, 0xf201f4ff, 0x2602a703, 0x00002a00,
    0xc7030600, 0x00000023, 0x2700ffff, 0x99020bff, 0x2602ba02, 0x00002b00, 0xb0030700, 0x00000301, 0x2700ffff, 0xa6010000, 0x2602b603, 0x00002c00,
    0xc5030600, 0x000000ba, 0x2700ffff, 0xbb010000, 0x2602e402, 0x00002c00, 0x9a030600, 0x00000038, 0x2700ffff, 0xa6010bff, 0x2602ba02, 0x00002c00,
    0xb0030700, 0x0000df00, 0x2700ffff, 0xb3010000, 0x2602ba02, 0x00002c00, 0x8e030700, 0xbafe4200, 0xf8ff0100, 0xab010000, 0x0d00ba02, 0x00ba6b00,
    0x000e0007, 0x3912110f, 0x0000b800, 0x00b85845, 0xb91b2f06, 0x1d000600, 0x00b8593e, 0xb8584500, 0x1b2f0100, 0x000100b9, 0xba593e13, 0x06000400,
    0x12110100, 0x0400b839, 0x0300b810, 0x0200b8dc, 0x0400b8d0, 0x0500b810, 0x0800b8d0, 0x0900b8d0, 0x0200b8d0, 0x0b00b810, 0x0a00b8d0, 0x0100b8d0,
    0x0c00b910, 0x30f40d00, 0x13012931, 0x13013f07, 0x0f370333, 0x9c012102, 0x69368ffe, 0x51486a0d, 0xbb0eba42, 0x0120012c, 0x2246210d, 0xb6fe6601,
    0xe03b4a3d, 0x2700ffff, 0xa9020000, 0x2602b603, 0x00002e00, 0xc5030700, 0x00008c00, 0x2700ffff, 0xa9020000, 0x2602b003, 0x00002e00, 0xc8030700,
    0x00008c00, 0x2700ffff, 0xa9020bff, 0x2602ba02, 0x00002e00, 0xb0030700, 0x00002201, 0x2700ffff, 0xa9020000, 0x26028103, 0x00002e00, 0xbf030700,
    0x00008c00, 0x27000100, 0xa90238ff, 0x1400ba02, 0x00ba7c00, 0x0015000c, 0x39121116, 0x0000b800, 0x00b85845, 0xb91b2f06, 0x1d000600, 0x00b8593e,
    0xb8584500, 0x1b2f0100, 0x000100b9, 0xb8593e1d, 0x58450000, 0x2f0000b8, 0x0000b91b, 0x593e1300, 0x450000b8, 0x1000b858, 0x00b91b2f, 0x3e130010,
    0x0000b859, 0x00b85845, 0xb91b2f0c, 0x15000c00, 0x00b8593e, 0x00b81010, 0x00b8d004, 0x00b9100c, 0xf40d000d, 0x100100b8, 0xd01300b8, 0x13333130,
    0x33171333, 0x0e033313, 0x37012b01, 0x03233733, 0x27032327, 0x37985e8c, 0xa04f7505, 0x4335320b, 0x0f1a520e, 0x75053798, 0x5cfeba02, 0xfc4b02a7,
    0x463135e4, 0xa7a40182, 0x0000b5fd, 0x3700ffff, 0x8c02f4ff, 0x2602b603, 0x00002f00, 0xc5030600, 0x00000073, 0x3700ffff, 0x8c02f4ff, 0x26029803,
    0x00002f00, 0xc9030600, 0x00000073, 0x3700ffff, 0x8c02f4ff, 0x2602b003, 0x00002f00, 0xc8030600, 0x00000073, 0x3700ffff, 0x8c02f4ff, 0x2602a703,
    0x00002f00, 0xc7030600, 0x00000073, 0x3700ffff, 0x8c02f4ff, 0x26027c03, 0x00002f00, 0xc3030600, 0x00000073, 0x3700ffff, 0x8c0257ff, 0x2602c602,
    0x00002f00, 0xaf030700, 0x00002101, 0x3700ffff, 0x8c02f4ff, 0x2602b403, 0x00002f00, 0xc6030600, 0x00000073, 0x3700ffff, 0x8c02f4ff, 0x2602a703,
    0x00002f00, 0xce030700, 0x00009501, 0x3700ffff, 0x8c02f4ff, 0x2602b403, 0x00002f00, 0xc4030600, 0x00000073, 0x3700ffff, 0x8c02f4ff, 0x26026b03,
    0x00002f00, 0xc1030600, 0x00000073, 0x03000300, 0xc002d2ff, 0x1900e802, 0x33002600, 0x00baa300, 0x00340027, 0x39121135, 0x102700b8, 0xd00000b8,
    0x102700b8, 0xd02300b8, 0x0000b800, 0x00b85845, 0xb91b2f0d, 0x1d000d00, 0x00b8593e, 0xb8584500, 0x1b2f0000, 0x000000b9, 0xb8593e13, 0xb9100d00,
    0x0d002300, 0x0200baf4, 0x00002300, 0xb8391211, 0xb9100000, 0x0d002700, 0x1f00baf4, 0x27000d00, 0xba391211, 0x1f000500, 0x12110200, 0x0f00ba39,
    0x27000d00, 0xba391211, 0x23003000, 0x12110000, 0x1200ba39, 0x30000f00, 0xba391211, 0x0f002000, 0x12113000, 0x3100ba39, 0x02001f00, 0x30391211,
    0x27220531, 0x2e372707, 0x3e343501, 0x17323302, 0x1e071737, 0x0e141501, 0x010e0302, 0x01171415, 0x2223012e, 0x32130706, 0x3e013f36, 0x27343501,
    0x01011e01, 0x5141622a, 0x14125a33, 0x53835c30, 0x33514162, 0x3014125a, 0x04ef835c, 0x78010c03, 0x5d263d17, 0x5d90167c, 0x0414167c, 0x88fe0c03,
    0x3b0c3d17, 0x20672d5d, 0xa257304e, 0x5d3b4c7d, 0x4e20672d, 0x7da25730, 0x133d014c, 0x21290f23, 0x1815ae01, 0xa8fe6d7b, 0x13646d7b, 0x21290f23,
    0x181552fe, 0x0300ffff, 0xc002d2ff, 0x2602b603, 0x0000e501, 0xc5030600, 0x00000073, 0x3700ffff, 0x8c02f4ff, 0x26028103, 0x00002f00, 0xbf030600,
    0x00000073, 0x37000200, 0xdd02f4ff, 0x1b002a03, 0x6c002f00, 0x001c00ba, 0x11310030, 0x00b83912, 0x00b8101c, 0xb800d00d, 0x58450000, 0x2f1700b8,
    0x1700b91b, 0x593e1d00, 0x450000b8, 0x1900b858, 0x00b91b2f, 0x3e1d0019, 0x0000b859, 0x00b85845, 0xb91b2f0d, 0x13000d00, 0x00b8593e, 0x00b81019,
    0x00b8dc05, 0x00b81019, 0x00b8dc1b, 0x00b9100d, 0xf40d001c, 0x101700b8, 0x002600b9, 0x3130f40d, 0x010e0701, 0x011e012b, 0x020e1415, 0x022e2223,
    0x023e3435, 0x33173233, 0x36320137, 0x013e013f, 0x23263435, 0x010f0622, 0x1415010e, 0x15dd0216, 0x44241b06, 0x5c302528, 0x59345383, 0x5c302541,
    0x262a5383, 0x9afe1699, 0x14167c5d, 0x515a0304, 0x14167c5d, 0x035a0304, 0x241b652a, 0x573f6a27, 0x234c7da2, 0x57426645, 0x0c4c7da2, 0x7b13fd70,
    0x2313646d, 0x7b5f500f, 0x2313646d, 0x005f500f, 0x3700ffff, 0xdd02f4ff, 0x2602b603, 0x0000e801, 0xc5030600, 0x00000073, 0x3700ffff, 0xdd0257ff,
    0x26022a03, 0x0000e801, 0xaf030700, 0x00002101, 0x3700ffff, 0xdd02f4ff, 0x2602b403, 0x0000e801, 0xc6030600, 0x00000073, 0x3700ffff, 0xdd02f4ff,
    0x2602a703, 0x0000e801, 0xce030700, 0x00009501, 0x3700ffff, 0xdd02f4ff, 0x26027e03, 0x0000e801, 0xc0030600, 0x00000073, 0x3700ffff, 0xc802f4ff,
    0x26022604, 0x00002f00, 0xd6030700, 0x00009501, 0x3700ffff, 0x8c0257ff, 0x2602a703, 0x00002f00, 0xc7032600, 0x07000073, 0x2101af03, 0x00000000,
    0x3700ffff, 0x8c02f4ff, 0x26022504, 0x00002f00, 0xd8030700, 0x00009501, 0x3700ffff, 0x9a02f4ff, 0x26021a04, 0x00002f00, 0xd9030700, 0x00009501,
    0x3700ffff, 0x8c02f4ff, 0x26021e04, 0x00002f00, 0xdb030700, 0x00009501, 0x37000200, 0xc303f4ff, 0x1c00c602, 0xd2002f00, 0x001a00ba, 0x11310030,
    0x00b83912, 0x00b8101a, 0xb800d020, 0x58450000, 0x2f0d00b8, 0x0d00b91b, 0x593e1d00, 0x450000b8, 0x1200b858, 0x00b91b2f, 0x3e1d0012, 0x0000b859,
    0x00b85845, 0xb91b2f03, 0x13000300, 0x00b8593e, 0xb8584500, 0x1b2f0000, 0x000000b9, 0xb8593e13, 0xb9101200, 0x0d001500, 0x0000b8f4, 0x1a00b910,
    0xbaf40d00, 0x15001900, 0x12111a00, 0x1900b839, 0x0003412f, 0x001900bf, 0x03415d01, 0x1900df00, 0x41710100, 0x00bf0003, 0x71010019, 0x8f000341,
    0x01001900, 0x0003415d, 0x0019008f, 0x00b97101, 0xf40d0016, 0x100300b8, 0x001d00b9, 0x00b8f40d, 0x00b8101a, 0x00b8d020, 0x00b81015, 0x00b8d021,
    0x00b9100d, 0xf40d0026, 0x0e213130, 0x2e222301, 0x3e343502, 0x1e323302, 0x07211702, 0x07210721, 0x07210721, 0x37363225, 0x23032e13, 0x010f0622,
    0x1415010e, 0x1e9c0116, 0x5935183b, 0x5c2f2541, 0x220c5a88, 0x010e2424, 0xb7fe0f9b, 0x0e28012f, 0x0132d8fe, 0xf5fd0e5a, 0x6d193c1a, 0x1f22200c,
    0x177d6a0c, 0x58030414, 0x45230705, 0xa2574266, 0x03024c7d, 0xec480304, 0x3d48f648, 0x26020807, 0x01030403, 0x14637177, 0x5f500f23, 0x2700ffff,
    0x59020000, 0x2602b603, 0x00003200, 0xc5030600, 0x00000063, 0x2700ffff, 0x59020000, 0x2602b003, 0x00003200, 0xc8030600, 0x00000063, 0x2700ffff,
    0x59020bff, 0x2602ba02, 0x00003200, 0xb0030700, 0x00000f01, 0x0b00ffff, 0x3b02f4ff, 0x2602b603, 0x00003300, 0xc5030600, 0x0000003c, 0x0b00ffff,
    0x3b02f4ff, 0x2602b003, 0x00003300, 0xc8030600, 0x0000003c, 0x0b000100, 0x3b0231ff, 0x4600c602, 0x00ba8200, 0x00470005, 0x39121148, 0x0000b800,
    0x00b85845, 0xb91b2f40, 0x1d004000, 0x00b8593e, 0xb8584500, 0x1b2f2800, 0x002800b9, 0xb8593e13, 0xb9104000, 0x0d000000, 0x2800b8f4, 0x2f00b910,
    0xbaf40d00, 0x40000500, 0x12112f00, 0x2800b839, 0x0e00b810, 0x2800b8d0, 0x1300b810, 0x2600b8dc, 0x2000b8dc, 0x000541dc, 0x002000bf, 0x002000cf,
    0x00b95d02, 0xf4040019, 0x003800ba, 0x11280000, 0x31303912, 0x15062201, 0x1e011f14, 0x0e141501, 0x17010f02, 0x3233013e, 0x06141516, 0x27262223,
    0x33011e37, 0x34353632, 0x37012f26, 0x3727012e, 0x3233011e, 0x3435023e, 0x2e012f26, 0x3e343501, 0x16323302, 0x012e0717, 0x54475501, 0x4f4a436a,
    0x3c5e4021, 0x0f050210, 0x3c22190b, 0x0b342630, 0x161e0728, 0x20171816, 0x6a42141a, 0x5a1f3e1d, 0x2d442c39, 0x43383217, 0x3d204f4a, 0x6d513a5a,
    0x521d3b23, 0x3d427d02, 0x0e0d1558, 0x502e4858, 0x3202253d, 0x18030102, 0x16312a20, 0x0f0a290f, 0x13101014, 0x06420304, 0x352d3a3b, 0x3629172c,
    0x0b362d1f, 0x44590e0d, 0x21384b2a, 0x2731303c, 0x0000002d, 0x0b00ffff, 0x3b02f4ff, 0x2602a703, 0x00003300, 0xc7030600, 0x0000003c, 0x0b00ffff,
    0x3b020bff, 0x2602c602, 0x00003300, 0xb0030700, 0x0000f000, 0x27000100, 0xad02f4ff, 0x2200ba02, 0x00ba7000, 0x0023000b, 0x39121124, 0x0000b800,
    0x00b85845, 0xb91b2f10, 0x1d001000, 0x00b8593e, 0xb8584500, 0x1b2f1c00, 0x001c00b9, 0xb8593e13, 0x58450000, 0x2f0f00b8, 0x0f00b91b, 0x593e1300,
    0x101c00b8, 0x000000b9, 0x00baf405, 0x0010000b, 0x39121100, 0x2f0b00b8, 0x000a00b9, 0x00b8f405, 0x00b91010, 0xf40d000d, 0x100b00b8, 0xd01400b8,
    0x32253130, 0x013e3736, 0x2b263435, 0x21013f01, 0x21132303, 0x011e020f, 0x020e1415, 0x27262223, 0x01011e37, 0x0c473c89, 0x383d0407, 0xfee50f58,
    0x8c517dab, 0xdf10fa01, 0x23615a01, 0x40375a40, 0x183e1c69, 0x38413b48, 0x2b081a20, 0xfdd94830, 0x52ba028e, 0x4e0204d3, 0x485d324b, 0x2d37322b,
    0x0000252a, 0x5e000100, 0x6b020000, 0x0f00ba02, 0x00babf00, 0x00100001, 0x39121111, 0x0000b800, 0x00b85845, 0xb91b2f09, 0x1d000900, 0x00b8593e,
    0xb8584500, 0x1b2f0200, 0x000200b9, 0xba593e13, 0x09000400, 0x12110200, 0x00b87d39, 0x41182f04, 0x008f0003, 0x5d010004, 0x6f000541, 0x7f000400,
    0x02000400, 0x00054171, 0x0004003f, 0x0004004f, 0x05417202, 0x04000f00, 0x04001f00, 0x41720200, 0x00df0003, 0x71010004, 0xbf000341, 0x01000400,
    0x0005415d, 0x0004005f, 0x0004006f, 0x05415d02, 0x04002f00, 0x04003f00, 0xb85d0200, 0xb8d00000, 0xb9100400, 0x05000500, 0x0900b8f4, 0x0800b910,
    0xb8f40d00, 0xb8d00c00, 0xb8100500, 0x30d00d00, 0x23030131, 0x33372313, 0x21372337, 0x33072307, 0x434e0107, 0x0d9f4351, 0x0ed52d9f, 0xd50efb01,
    0x010d9e2d, 0x01b1fe4f, 0x48e1424f, 0x0042e148, 0x6200ffff, 0x6b020000, 0x2602b003, 0x00003400, 0xc8030600, 0x0000004c, 0x6200ffff, 0x6b020bff,
    0x2602ba02, 0x00003400, 0xb0030700, 0x0000e300, 0x62000100, 0x6b0231ff, 0x2200ba02, 0x00ba6000, 0x00230017, 0x39121124, 0x0000b800, 0x00b85845,
    0xb91b2f13, 0x1d001300, 0x00b8593e, 0xb8584500, 0x1b2f1000, 0x001000b9, 0xb8593e13, 0xb8d01800, 0xb8dc1d00, 0xb8dc0d00, 0x41dc0700, 0x00bf0005,
    0x00cf0007, 0x5d020007, 0x000000b9, 0x00b8f404, 0x00b91013, 0xf40d0012, 0xd01600b8, 0x22173130, 0x1e372726, 0x36323301, 0x2f263435, 0x13233701,
    0x07213723, 0x07230323, 0x33013e17, 0x14151632, 0x3426d806, 0x1e07280b, 0x17181616, 0x10171a20, 0x010ed57d, 0x7dd50efb, 0x05021310, 0x22190b0f,
    0x0f16cf3c, 0x140f0a29, 0x04131010, 0x72024c03, 0x8efd4848, 0x0301023e, 0x312a2018, 0x26000200, 0x3c020000, 0x1000ba02, 0xab001c00, 0x000200ba,
    0x111e001d, 0x00b83912, 0x00b81002, 0xb800d012, 0x58450000, 0x2f0100b8, 0x0100b91b, 0x593e1d00, 0x450000b8, 0x0000b858, 0x00b91b2f, 0x3e130000,
    0x0100b859, 0x0300b810, 0x000341dc, 0x000300ef, 0x05417101, 0x03002f00, 0x03003f00, 0x415d0200, 0x007f0003, 0x71010003, 0x0f000541, 0x1f000300,
    0x02000300, 0x0000b871, 0x0f00b810, 0x000541dc, 0x000f00cf, 0x000f00df, 0x03415d02, 0x0f00df00, 0x41710100, 0x007f0003, 0x5d01000f, 0xe0000341,
    0x01000f00, 0x1100b95d, 0xb8f40d00, 0xb9100300, 0x0d001c00, 0x333130f4, 0x33073313, 0x15021e32, 0x2b020e14, 0x33370701, 0x3e373632, 0x26343501,
    0x8d26012b, 0x2ea81d51, 0x21132a42, 0xbc36573c, 0x32b92e1f, 0x05070a42, 0x02b1352a, 0x2c1990ba, 0x5531243d, 0xe29a253f, 0x1c223135, 0x002c240c,
    0x5200ffff, 0x9102f4ff, 0x2602b603, 0x00003500, 0xc5030600, 0x00000076, 0x5200ffff, 0x9102f4ff, 0x26029803, 0x00003500, 0xc9030600, 0x00000076,
    0x5200ffff, 0x9102f4ff, 0x2602b003, 0x00003500, 0xc8030600, 0x00000076, 0x5200ffff, 0x9102f4ff, 0x2602a703, 0x00003500, 0xc7030600, 0x00000076,
    0x5200ffff, 0x9102f4ff, 0x26027c03, 0x00003500, 0xc3030600, 0x00000076, 0x5200ffff, 0x910257ff, 0x2602ba02, 0x00003500, 0xaf030700, 0x00001601,
    0x5200ffff, 0x9102f4ff, 0x2602b403, 0x00003500, 0xc6030600, 0x00000076, 0x5200ffff, 0x9102f4ff, 0x2602a703, 0x00003500, 0xce030700, 0x00009801,
    0x5200ffff, 0x9102f4ff, 0x2602b403, 0x00003500, 0xc4030600, 0x00000076, 0x5200ffff, 0x9102f4ff, 0x26026b03, 0x00003500, 0xc1030600, 0x00000076,
    0x52000100, 0x910231ff, 0x3300ba02, 0x00ba9800, 0x0034001f, 0x39121135, 0x0000b800, 0x00b85845, 0xb91b2f33, 0x1d003300, 0x00b8593e, 0xb8584500,
    0x1b2f0d00, 0x000d00b9, 0xb8593e1d, 0x58450000, 0x2f2300b8, 0x2300b91b, 0x593e1500, 0x450000b8, 0x2c00b858, 0x00b91b2f, 0x3e13002c, 0x0700b959,
    0xbaf40d00, 0x07001400, 0x12112c00, 0x00134139, 0x00230000, 0x00230010, 0x00230020, 0x00230030, 0x00230040, 0x00230050, 0x00230060, 0x00230070,
    0x00230080, 0x00b85d09, 0x00b91023, 0xf404001c, 0xdc1f00b8, 0x03133130, 0x1415010e, 0x3e323316, 0x33133702, 0x07030e03, 0x1415030e, 0x36323316,
    0x010e1737, 0x022e2223, 0x37363435, 0x35262227, 0x13373634, 0x030556ff, 0x412a3c44, 0x530c2332, 0x2f115451, 0x231f3d38, 0x1308182b, 0x0e1c0c0e,
    0x23300d25, 0x101b2213, 0x6a01343a, 0x51060568, 0x53feba02, 0x40112017, 0x55351848, 0xfe9e013d, 0x3963565c, 0x2113111e, 0x1008161d, 0x2c0e0d0f,
    0x1208170e, 0x3a26141d, 0x60690414, 0x011e3417, 0x00000094, 0x5200ffff, 0x9102f4ff, 0x2602d003, 0x00003500, 0xcb030600, 0x00000076, 0x5200ffff,
    0x9102f4ff, 0x26028103, 0x00003500, 0xbf030600, 0x00000076, 0x52000100, 0xf402f4ff, 0x22002a03, 0x00ba5600, 0x00230007, 0x39121124, 0x0000b800,
    0x00b85845, 0xb91b2f22, 0x1d002200, 0x00b8593e, 0xb8584500, 0x1b2f0d00, 0x000d00b9, 0xb8593e1d, 0x58450000, 0x2f1b00b8, 0x1b00b91b, 0x593e1300,
    0x000700b9, 0x00b8f40d, 0x00b8100d, 0x00b8dc0f, 0x00b8100d, 0x3130dc15, 0x010e0313, 0x33161415, 0x37023e32, 0x33373313, 0x2b010e07, 0x030e0301,
    0x35262223, 0x13373634, 0x030556ff, 0x412a3c44, 0x530c2332, 0x1444165a, 0x15231d05, 0x47311049, 0x685e3e5f, 0x02510605, 0x1753feba, 0x48401120,
    0x3d553518, 0x66709e01, 0x90fe241a, 0x1e456f50, 0x34176069, 0x0094011e, 0x5200ffff, 0xf402f4ff, 0x2602b603, 0x00000f02, 0xc5030600, 0x00000076,
    0x5200ffff, 0xf40257ff, 0x26022a03, 0x00000f02, 0xaf030700, 0x00001601, 0x5200ffff, 0xf402f4ff, 0x2602b403, 0x00000f02, 0xc6030600, 0x00000076,
    0x5200ffff, 0xf402f4ff, 0x2602a703, 0x00000f02, 0xce030700, 0x00009801, 0x5200ffff, 0xf402f4ff, 0x26027e03, 0x00000f02, 0xc0030600, 0x00000076,
    0x5200ffff, 0x9102f4ff, 0x2602db03, 0x00003500, 0xda030700, 0x00009801, 0x5200ffff, 0x9102f4ff, 0x26022604, 0x00003500, 0xd3030700, 0x00009801,
    0x5200ffff, 0x9102f4ff, 0x26022504, 0x00003500, 0xd5030700, 0x00009801, 0x5200ffff, 0x9102f4ff, 0x26022504, 0x00003500, 0xd4030700, 0x00009801,
    0x6700ffff, 0xa7030000, 0x2602b603, 0x00003700, 0xc5030700, 0x0000db00, 0x6700ffff, 0xa7030000, 0x2602a703, 0x00003700, 0xc7030700, 0x0000db00,
    0x6700ffff, 0xa7030000, 0x26027c03, 0x00003700, 0xc3030700, 0x0000db00, 0x6700ffff, 0xa7030000, 0x2602b403, 0x00003700, 0xc6030700, 0x0000db00,
    0x6900ffff, 0x8b020000, 0x2602b603, 0x00003900, 0xc5030600, 0x00000047, 0x6900ffff, 0x8b020000, 0x2602a703, 0x00003900, 0xc7030600, 0x00000047,
    0x6900ffff, 0x8b0257ff, 0x2602ba02, 0x00003900, 0xaf030700, 0x0000ec00, 0x6900ffff, 0x8b020000, 0x26027c03, 0x00003900, 0xc3030600, 0x00000047,
    0x6900ffff, 0x8b020000, 0x2602b403, 0x00003900, 0xc6030600, 0x00000047, 0x6900ffff, 0x8b020000, 0x2602a703, 0x00003900, 0xce030700, 0x00006901,
    0x6900ffff, 0x8b020000, 0x26028103, 0x00003900, 0xbf030600, 0x00000047, 0xf1ffffff, 0x5b020000, 0x2602b603, 0x00003a00, 0xc5030600, 0x0000003e,
    0xf1ffffff, 0x5b020000, 0x2602b003, 0x00003a00, 0xc8030600, 0x0000003e, 0xf1ffffff, 0x5b020000, 0x26027a03, 0x00003a00, 0xc2030600, 0x0000003e,
    0xfcff0100, 0x090238ff, 0x24000402, 0x00ba8a00, 0x0025000b, 0x39121126, 0x0000b800, 0x00b85845, 0xb91b2f01, 0x1b000100, 0x00b8593e, 0xb8584500,
    0x1b2f0f00, 0x000f00b9, 0xb8593e1b, 0x58450000, 0x2f0000b8, 0x0000b91b, 0x593e1500, 0x450000b8, 0x1e00b858, 0x00b91b2f, 0x3e13001e, 0x0000b859,
    0x00b85845, 0xb91b2f14, 0x13001400, 0x00b8593e, 0x00b9101e, 0xf4050009, 0x101400b8, 0x001100b9, 0x00baf405, 0x0009001b, 0x39121101, 0x002100ba,
    0x11010009, 0x31303912, 0x03331307, 0x1415010e, 0x37323316, 0x1337013e, 0x07330333, 0x35262223, 0x23013f34, 0x2223010e, 0x0f232726, 0x4d900401,
    0x23020340, 0x1c28352a, 0x4d3a0622, 0x450d495a, 0x02042122, 0x2f401b05, 0x05052e34, 0x02c81e07, 0x0fc2fecc, 0x2c2b091d, 0x1d471d29, 0x40fe2001,
    0x0a1c2344, 0x373b0a13, 0x949a353d, 0xf6ff0200, 0x21020000, 0x0500ba02, 0x49000900, 0x000100ba, 0x110b000a, 0x00b83912, 0x00b81001, 0xb800d007,
    0x58450000, 0x2f0100b8, 0x0100b91b, 0x593e1d00, 0x450000b8, 0x0500b858, 0x00b91b2f, 0x3e130005, 0x0100b859, 0x0700b810, 0x0500b8d0, 0x0800b910,
    0x30f40d00, 0x33013731, 0x01210713, 0x06210123, 0x5c6b5401, 0x01e4fd0f, 0xdbfe058d, 0x024d7601, 0x4d93fd6d, 0xdbfd6d02, 0x1d000100, 0xc20238ff,
    0x0b00ba02, 0x00ba5200, 0x000c0008, 0x3912110d, 0x0000b800, 0x00b85845, 0xb91b2f03, 0x1d000300, 0x00b8593e, 0xb8584500, 0x1b2f0000, 0x000000b9,
    0xb8593e15, 0x58450000, 0x2f0800b8, 0x0800b91b, 0x593e1500, 0x100300b8, 0x000200b9, 0x00b8f40d, 0x00b8d00a, 0x3130d006, 0x37231317, 0x03230721,
    0x03211323, 0x0e4fa61d, 0x4e0e4002, 0xfea651a6, 0x03c8a6ff, 0xfc48483a, 0xfc3a03c6, 0x000000c6, 0xc5ff0100, 0x320238ff, 0x0d00ba02, 0x00ba6300,
    0x000e0003, 0x3912110f, 0x0000b800, 0x00b85845, 0xb91b2f06, 0x1d000600, 0x00b8593e, 0xb8584500, 0x1b2f0100, 0x000100b9, 0xba593e15, 0x0a000b00,
    0xb82b0300, 0xb9100100, 0x0d000c00, 0x0200b8f4, 0x0b00b8d0, 0x0300b810, 0x0a00b8d0, 0x0400b810, 0x0600b8d0, 0x0900b910, 0xb8f40d00, 0x30d00500,
    0x37210531, 0x37033701, 0x13210721, 0x01210107, 0x0f47fe7e, 0xb0014501, 0x0fb9010f, 0x0bad95fe, 0x5f01d4fe, 0x76014dc8, 0x4d6d0105, 0x379cfe48,
    0x0000a9fe, 0xf0ff0100, 0x88020000, 0x3100c602, 0x00ba6600, 0x00320018, 0x39121133, 0x0000b800, 0x00b85845, 0xb91b2f0a, 0x1d000a00, 0x00b8593e,
    0xb8584500, 0x1b2f3100, 0x003100b9, 0xb8593e13, 0x58450000, 0x2f1800b8, 0x1800b91b, 0x593e1300, 0x103100b8, 0x000000b9, 0x00b8f40d, 0x00b91018,
    0xf40d0015, 0x100000b8, 0xdc1900b8, 0x100a00b8, 0x002500b9, 0x3130f40d, 0x2e373327, 0x3e343501, 0x1e323302, 0x0e141502, 0x33010f02, 0x3e372307,
    0x3e013f01, 0x2e343501, 0x06222302, 0x010e010f, 0x17161415, 0x9c012307, 0x352c2f03, 0x334a7e5d, 0x15233f56, 0x033b4f30, 0x17e10f9d, 0x160e593b,
    0x29160303, 0x7a5d273d, 0x01021315, 0xe1172530, 0x771f0c48, 0x6f945445, 0x61422340, 0x646f333e, 0x480c1652, 0x455e166f, 0x171f0f6d, 0x192b3c23,
    0x0b5f6878, 0x56390b1b, 0x00006f0f, 0x33000200, 0x8102f4ff, 0x1c001002, 0x8b003100, 0x001200ba, 0x11330032, 0x00b83912, 0x00b81012, 0xb800d029,
    0x58450000, 0x2f1200b8, 0x1200b91b, 0x593e1b00, 0x450000b8, 0x1800b858, 0x00b91b2f, 0x3e1b0018, 0x0000b859, 0x00b85845, 0xb91b2f0a, 0x13000a00,
    0x00b8593e, 0xb8584500, 0x1b2f0100, 0x000100b9, 0xb8593e13, 0xb9100a00, 0x05001d00, 0x1200b8f4, 0x2900b910, 0xbaf40500, 0x1d000500, 0x12112900,
    0x1500ba39, 0x1d002900, 0xb8391211, 0xb9100100, 0x05001b00, 0x213130f4, 0x013f2223, 0x23030e23, 0x34352622, 0x3233023e, 0x3f331716, 0x17033301,
    0x3e320533, 0x27013f02, 0x2223032e, 0x06010f06, 0x02161415, 0x0148332a, 0x361d0402, 0x4e1e3735, 0x5e402150, 0x034f4b3d, 0x56253604, 0xfe3a1a9e,
    0x211e0fa7, 0x0f351724, 0x1e171106, 0x0f533613, 0x4a30050f, 0x2d4b3b6e, 0x3e606511, 0x5b3d617b, 0xfe467269, 0x090abdfd, 0x54242d1a, 0x1a2d2255,
    0x4b4b520a, 0x363f171c, 0x3300ffff, 0x1802f4ff, 0x06021002, 0x00000400, 0xfcff0200, 0x180238ff, 0x1c00f002, 0x84003900, 0x001d00ba, 0x113b003a,
    0x00b83912, 0x00b8101d, 0xb800d014, 0x58450000, 0x2f0300b8, 0x0300b91b, 0x593e1f00, 0x450000b8, 0x1c00b858, 0x00b91b2f, 0x3e15001c, 0x0000b859,
    0x00b85845, 0xb91b2f14, 0x13001400, 0x00b8593e, 0x00b91003, 0xf4050027, 0x003800ba, 0x11140027, 0x00b83912, 0x00b92f38, 0xf405001e, 0x000b00ba,
    0x111e0038, 0x00b83912, 0x00b91014, 0xf4050030, 0x001a00ba, 0x11030030, 0x31303912, 0x33013e13, 0x14151632, 0x010f020e, 0x1415011e, 0x2223020e,
    0x2327022e, 0x33012303, 0x3e373632, 0x26343501, 0x07062223, 0x021e0603, 0x37363233, 0x3435013e, 0x168c012b, 0x574b6173, 0x223b2c1a, 0x22413f01,
    0x1733553d, 0x061a242c, 0x014d3904, 0x3c472315, 0x2b04030b, 0x114d3332, 0x1c080546, 0x533a232f, 0x7e03020d, 0x6c050224, 0x2c48507f, 0x051d2f44,
    0x4e560c04, 0x233f5835, 0x1824180c, 0x7d02e4fe, 0x1c0e333b, 0x4a2c260b, 0x18a3fe51, 0x3c13212c, 0x121b0d47, 0x0000007a, 0x2d000100, 0x030238ff,
    0x15000402, 0x00ba7400, 0x00160013, 0x39121117, 0x0000b800, 0x00b85845, 0xb91b2f03, 0x1b000300, 0x00b8593e, 0xb8584500, 0x1b2f0d00, 0x000d00b9,
    0xb8593e1b, 0x58450000, 0x2f1500b8, 0x1500b91b, 0x593e1500, 0x450000b8, 0x0000b858, 0x00b91b2f, 0x3e130000, 0x0000b859, 0x00b85845, 0xb91b2f13,
    0x13001300, 0x00b8593e, 0x00b91003, 0xf4050001, 0x100000b8, 0xd00900b8, 0x03333130, 0x32333723, 0x33021f16, 0x3337013e, 0x010f030e, 0x353c9e23,
    0x21212b0d, 0x05111a04, 0x4e207149, 0x5b442f10, 0x014d283a, 0x1f1d44c0, 0xd968a8c7, 0x8072356a, 0x00c84f8e, 0x31000200, 0x3002f4ff, 0x1d00e402,
    0x6f003100, 0x000100ba, 0x11330032, 0x00b83912, 0x00b81001, 0xb800d02c, 0x58450000, 0x2f1b00b8, 0x1b00b91b, 0x593e1f00, 0x450000b8, 0x0d00b858,
    0x00b91b2f, 0x3e13000d, 0x1b00b859, 0x0000b910, 0xb8f40500, 0xb9100d00, 0x05002c00, 0x0300baf4, 0x2c001b00, 0xba391211, 0x00001900, 0x12110d00,
    0x0000b839, 0x1a00b810, 0x1900b8d0, 0x2100b810, 0x013130d0, 0x1e170727, 0x0e141503, 0x2e222302, 0x3e343502, 0x2f373302, 0x07213701, 0x27263403,
    0x0e07030e, 0x16141501, 0x37363233, 0x5501013e, 0x27670153, 0x270f2136, 0x293a6247, 0x281c3144, 0x013b6448, 0x01117d0a, 0x1d7b0e65, 0x36442a28,
    0x09080a26, 0x53383b3d, 0x020c0a11, 0x5d0405a0, 0x413c3e23, 0x5b794326, 0x4f351b35, 0x57723f35, 0x780a0534, 0xabfe4459, 0x052e4629, 0x2b473521,
    0x360e3724, 0x25434d43, 0x00000048, 0x26000100, 0xf301f4ff, 0x33001002, 0x00ba5d00, 0x00340027, 0x39121135, 0x0000b800, 0x00b85845, 0xb91b2f12,
    0x1b001200, 0x00b8593e, 0xb8584500, 0x1b2f0300, 0x000300b9, 0xb9593e13, 0x05003000, 0x2400baf4, 0x30001200, 0xb8391211, 0xb92f2400, 0x01002700,
    0x0a00baf4, 0x24002700, 0xb8391211, 0xb9101200, 0x05001b00, 0x253130f4, 0x2223010e, 0x36343526, 0x012e013f, 0x023e3435, 0x021e3233, 0x012e0717,
    0x07062223, 0x1415010e, 0x07013b16, 0x07062223, 0x1415010e, 0x36323316, 0x33c30137, 0x5c5b456e, 0x2c01484a, 0x52361c2d, 0x2c352236, 0x18351125,
    0x423f333f, 0x2f010106, 0x760d6c33, 0x02084238, 0x35393801, 0x36532756, 0x383b4c29, 0x0804094f, 0x3a1e2631, 0x13091c2e, 0x1d2f131d, 0x05212c1a,
    0x211a080c, 0x08262a41, 0x2621080b, 0x00002a20, 0x27000100, 0xf30158ff, 0x2000e402, 0x00ba5500, 0x00210012, 0x39121122, 0x0000b800, 0x00b85845,
    0xb91b2f00, 0x1f000000, 0x00b8593e, 0xb8584500, 0x1b2f1300, 0x001300b9, 0xb8593e13, 0xb9100000, 0x05002000, 0x0200baf4, 0x20000000, 0xb8391211,
    0xb9101300, 0x05000b00, 0x1300b8f4, 0x1100b810, 0x133130dc, 0x0e010f21, 0x1f141503, 0x15011e01, 0x27010f14, 0x012e2737, 0x023e3435, 0x2307023f,
    0x0d4a01a9, 0x233c2dd7, 0x1b4e5d0f, 0x43330e18, 0x4b4e4739, 0x34472b12, 0x995601ab, 0xdc42e402, 0x39404b2e, 0x161b4b1c, 0x17171d08, 0x7f1c721f,
    0x415a1614, 0x574b4522, 0x0505ab34, 0x31000100, 0xf90138ff, 0x23001002, 0x00ba6f00, 0x00240016, 0x39121125, 0x0000b800, 0x00b85845, 0xb91b2f03,
    0x1b000300, 0x00b8593e, 0xb8584500, 0x1b2f0e00, 0x000e00b9, 0xb8593e1b, 0x58450000, 0x2f0000b8, 0x0000b91b, 0x593e1300, 0x450000b8, 0x1600b858,
    0x00b91b2f, 0x3e150016, 0x0300b859, 0x0200b910, 0xb8f40500, 0xb9100e00, 0x05001d00, 0x0a00baf4, 0x00001d00, 0x30391211, 0x23133331, 0x16323337,
    0x010f1415, 0x33013e33, 0x14151632, 0x23030706, 0x35013e13, 0x22232634, 0x07010e07, 0x495a3103, 0x2121460d, 0x1b050204, 0x4243384b, 0x4d680403,
    0x25020368, 0x1a29362a, 0x013a0624, 0x1c2344c0, 0x3a0a130a, 0x0e434c38, 0xfafd1322, 0x1d0f0602, 0x292b2c09, 0xfe1f481a, 0x000000e0, 0x20000200,
    0x1902f4ff, 0x3200f002, 0x78004300, 0x000a00ba, 0x11450044, 0x00b83912, 0x00b8100a, 0xb800d041, 0x58450000, 0x2f1c00b8, 0x1c00b91b, 0x593e1f00,
    0x450000b8, 0x2700b858, 0x00b91b2f, 0x3e130027, 0x0a00b959, 0xb8f40500, 0xb9101c00, 0x05003e00, 0x1100baf4, 0x27003e00, 0xb8391211, 0x412f1100,
    0x003f0003, 0x5d010011, 0x003900b9, 0x00baf405, 0x00110032, 0x39121139, 0x2f3200b8, 0x003100b9, 0x3130f405, 0x15163213, 0x06010f14, 0x32331415,
    0x013f023e, 0x022e2223, 0x37363435, 0x3233013e, 0x0e141516, 0x010e0702, 0x022e2223, 0x3f363435, 0x013f2301, 0x3b021e14, 0x35363701, 0x06222334,
    0x69010e07, 0x0e032121, 0x35216409, 0x120c1f2a, 0x29463565, 0x1e202010, 0x5353324a, 0x20352615, 0x29324923, 0x05152a3e, 0x0d3f0d08, 0x2d1a0bb8,
    0x09046623, 0x0a3f3564, 0x8d010204, 0x0f091c23, 0x67203046, 0x3e563619, 0x392b1a5e, 0x2059261f, 0x56661c1e, 0x7b93983c, 0x1b1b2320, 0x11274230,
    0x44422727, 0x141f1684, 0x432d160a, 0x12303867, 0x00000015, 0x33000100, 0xe4000000, 0x0a000402, 0x00ba3500, 0x000b0007, 0x3912110c, 0x0000b800,
    0x00b85845, 0xb91b2f07, 0x1b000700, 0x00b8593e, 0xb8584500, 0x1b2f0100, 0x000100b9, 0xb9593e13, 0x05000900, 0x333130f4, 0x35262223, 0x33133734,
    0x5ed73303, 0x56032323, 0x23655a4d, 0x010f091c, 0x0040fead, 0x24000100, 0x18020000, 0x12000402, 0x00ba6d00, 0x00130008, 0x39121114, 0x0000b800,
    0x00b85845, 0xb91b2f04, 0x1b000400, 0x00b8593e, 0xb8584500, 0x1b2f0c00, 0x000c00b9, 0xb8593e1b, 0x58450000, 0x2f0300b8, 0x0300b91b, 0x593e1300,
    0x450000b8, 0x1200b858, 0x00b91b2f, 0x3e130012, 0x0600ba59, 0x03000c00, 0xb8391211, 0xb8100600, 0xb8d00100, 0xb9100c00, 0x05000f00, 0x373130f4,
    0x1323010f, 0x3f330733, 0x3b013e01, 0x07230701, 0x4fe32313, 0x4d684d23, 0x88690432, 0x31182211, 0x9fb23a0e, 0xae47f558, 0x61f90402, 0x440d0f7c,
    0x00e2fea2, 0xd6ff0100, 0xc3010000, 0x1300e402, 0x00ba6d00, 0x00140003, 0x39121115, 0x0000b800, 0x00b85845, 0xb91b2f02, 0x1f000200, 0x00b8593e,
    0xb8584500, 0x1b2f1300, 0x001300b9, 0xb8593e1b, 0x58450000, 0x2f0a00b8, 0x0a00b91b, 0x593e1300, 0x450000b8, 0x1200b858, 0x00b91b2f, 0x3e130012,
    0x0200b859, 0x0100b910, 0xb8f40500, 0xb9100a00, 0x05000700, 0x1300b8f4, 0x0f00b810, 0x133130d0, 0x32333723, 0x33131716, 0x2f222307, 0x03072302,
    0x67f40123, 0x21215d0d, 0x0d3f4704, 0x17064035, 0x9657050a, 0x02300152, 0x1e1e44a0, 0x3c449cfd, 0xfeadadc6, 0x000402fe, 0xfcffffff, 0x090238ff,
    0x06020402, 0x00002702, 0x2d000100, 0x06020000, 0x13000402, 0x00ba5200, 0x00140013, 0x39121115, 0x0000b800, 0x00b85845, 0xb91b2f03, 0x1b000300,
    0x00b8593e, 0xb8584500, 0x1b2f0d00, 0x000d00b9, 0xb8593e1b, 0x58450000, 0x2f0000b8, 0x0000b91b, 0x593e1300, 0x100300b8, 0x000200b9, 0x00b8f405,
    0x00b81000, 0x3130d009, 0x37230333, 0x1f163233, 0x013e3302, 0x030e3337, 0x35399b07, 0x21212b0d, 0x050e1904, 0x4e20734e, 0x5b442f10, 0x44c0013a,
    0xb8c31f1d, 0x356adc71, 0x4f8e8072, 0x2c000100, 0xfc0158ff, 0x3300e402, 0x00ba6d00, 0x00340015, 0x39121135, 0x0000b800, 0x00b85845, 0xb91b2f31,
    0x1f003100, 0x00b8593e, 0xb8584500, 0x1b2f1e00, 0x001e00b9, 0xb8593e13, 0xb9103100, 0x05003000, 0x0000b8f4, 0x1e00b8d0, 0x1600b910, 0xbaf40500,
    0x30000900, 0x12111600, 0x0900b839, 0x0c00b92f, 0xb8f40500, 0xb8101e00, 0xbadc1c00, 0x0c002800, 0x12110900, 0x01313039, 0x0e070622, 0x16141501,
    0x2307013b, 0x0e070622, 0x16141501, 0x011e011f, 0x010f1415, 0x2e273727, 0x3e343501, 0x2e013f02, 0x36343501, 0x3723013f, 0x83010721, 0x020c593f,
    0x552a2f02, 0x524a570e, 0x2c02020b, 0x181b4e36, 0x3943330e, 0x17495547, 0x012f472f, 0x38392e2d, 0x010d8202, 0xa0020d70, 0x130c4144, 0x4427280b,
    0x110c3d41, 0x0f33240b, 0x171d0816, 0x1c721f17, 0x5818147f, 0x38442341, 0x0b040525, 0x5638293a, 0x44440718, 0x3100ffff, 0xf501f4ff, 0x06021002,
    0x00001500, 0x3c000100, 0x76020000, 0x12000402, 0x00ba5c00, 0x00130003, 0x39121114, 0x0000b800, 0x00b85845, 0xb91b2f0c, 0x1b000c00, 0x00b8593e,
    0xb8584500, 0x1b2f0900, 0x000900b9, 0xb8593e13, 0x58450000, 0x2f0000b8, 0x0000b91b, 0x593e1300, 0x100c00b8, 0x000b00b9, 0x00b8f405, 0x00b8d007,
    0x00b8d00f, 0x00b91000, 0xf4050010, 0x22213130, 0x37343526, 0x23032313, 0x21372313, 0x33032307, 0x22a60107, 0xc7490321, 0x5f5a4d5a, 0x0e2c020e,
    0x0d494d6c, 0x0f091c23, 0x40fe6901, 0x4444c001, 0x004484fe, 0xe4ff0200, 0xf10138ff, 0x13001002, 0x66002600, 0x000b00ba, 0x11280027, 0x00b83912,
    0x00b8100b, 0xb800d01e, 0x58450000, 0x2f0300b8, 0x0300b91b, 0x593e1b00, 0x450000b8, 0x0b00b858, 0x00b91b2f, 0x3e13000b, 0x0000b859, 0x00b85845,
    0xb91b2f13, 0x15001300, 0x00b8593e, 0x00b9100b, 0xf4050014, 0x100300b8, 0x001e00b9, 0x00baf405, 0x00140011, 0x3912111e, 0x3e133130, 0x16323301,
    0x020e1415, 0x022e2223, 0x23032327, 0x3f363201, 0x35013e01, 0x22232634, 0x06010f06, 0x1745021e, 0x6355637a, 0x405f3e1f, 0x1a242c17, 0x4d390406,
    0x533f0a01, 0x03020e0f, 0x5436373c, 0x08051810, 0x1a01301c, 0x66698472, 0x40627635, 0x1824180c, 0x0201e4fe, 0x0d454b51, 0x4233121b, 0x18784f51,
    0x0013212c, 0x31000100, 0xd50158ff, 0x22001002, 0x00ba4b00, 0x0023001a, 0x39121124, 0x0000b800, 0x00b85845, 0xb91b2f09, 0x1b000900, 0x00b8593e,
    0xb8584500, 0x1b2f0000, 0x000000b9, 0xb8593e13, 0xb9100900, 0x05000f00, 0x0000b8f4, 0x1b00b910, 0xb8f40500, 0xb8100000, 0x30dc2100, 0x2e270531,
    0x3e343501, 0x16323302, 0x23260717, 0x0e070622, 0x16141503, 0x011e011f, 0x010f1415, 0x471d0127, 0x3f214f56, 0x57453c5d, 0x531a400f, 0x030e4e3d,
    0x33030506, 0x181b4e36, 0x0d43330e, 0x5a601814, 0x3558703a, 0x511d3544, 0x1e0d454e, 0x3807191c, 0x08160f38, 0x1f17171d, 0x00001c72, 0x31000200,
    0x4802f4ff, 0x14000402, 0x4f002700, 0x001500ba, 0x11290028, 0x00b83912, 0x00b81015, 0xb800d012, 0x58450000, 0x2f1200b8, 0x1200b91b, 0x593e1b00,
    0x450000b8, 0x0800b858, 0x00b91b2f, 0x3e130008, 0x1200b859, 0x1500b910, 0xb8f40500, 0xb8d00000, 0xb9100800, 0x05001e00, 0x013130f4, 0x14151607,
    0x2223020e, 0x3435022e, 0x2133023e, 0x06222107, 0x1506010f, 0x32331614, 0x36013f36, 0x27263435, 0x3702be01, 0x3b624526, 0x1c314429, 0x3b624526,
    0xfe0d0f01, 0x105b3ffe, 0x3b3d050d, 0x0d105838, 0x01140f05, 0x5b2e07c0, 0x3559723c, 0x354f351b, 0x3558723d, 0x3f4f5344, 0x43361419, 0x193f4f52,
    0x17362d14, 0x37000100, 0xdb010000, 0x0e000402, 0x00ba4700, 0x000f000c, 0x39121110, 0x0000b800, 0x00b85845, 0xb91b2f08, 0x1b000800, 0x00b8593e,
    0xb8584500, 0x1b2f0000, 0x000000b9, 0xb8593e13, 0xb9100800, 0x05000700, 0x0b00b8f4, 0x0000b8d0, 0x0c00b910, 0x30f40500, 0x26223331, 0x13373435,
    0x07213723, 0x07330323, 0x032323d3, 0x010ea249, 0x4da70e96, 0x1c230d6f, 0x69010f09, 0x84fe4444, 0x00000044, 0x46000100, 0x0e02f4ff, 0x18000402,
    0x00ba4600, 0x00190006, 0x3912111a, 0x0000b800, 0x00b85845, 0xb91b2f17, 0x1b001700, 0x00b8593e, 0xb8584500, 0x1b2f0c00, 0x000c00b9, 0xb8593e1b,
    0x58450000, 0x2f1100b8, 0x1100b91b, 0x593e1300, 0x000600b9, 0x3130f405, 0x15010e37, 0x32331614, 0x1337023e, 0x010e0333, 0x35262223, 0x33133734,
    0x3206059d, 0x242d1c32, 0x4d370b1c, 0x5d711b39, 0x340c584e, 0x2e18f74d, 0x102c321a, 0x01384728, 0x84e6fe14, 0x264e5d72, 0x0003013c, 0x33000200,
    0x910238ff, 0x21001002, 0x87002f00, 0x002200ba, 0x11310030, 0x00b83912, 0x00b81022, 0xb800d01f, 0x58450000, 0x2f1700b8, 0x1700b91b, 0x593e1b00,
    0x450000b8, 0x0800b858, 0x00b91b2f, 0x3e1b0008, 0x0000b859, 0x00b85845, 0xb91b2f00, 0x13000000, 0x00b8593e, 0xb8584500, 0x1b2f2100, 0x002100b9,
    0xb8593e15, 0xb9101700, 0x05002c00, 0x0900baf4, 0x2c001700, 0xb8391211, 0xb9100000, 0x05001300, 0x0000b8f4, 0x1f00b810, 0x1300b8d0, 0x2200b810,
    0x173130d0, 0x34352622, 0x1737023e, 0x010f010e, 0x1415010e, 0x3e373316, 0x16323301, 0x020e1415, 0x13230723, 0x013f3632, 0x3435013e, 0x06222326,
    0x695ffb07, 0x304b341b, 0x11453c23, 0x3d040308, 0x67192d4d, 0x29494151, 0x26527c52, 0x6e5d814d, 0x04040c10, 0x3d2b2125, 0x58640c0f, 0x475d6d3b,
    0x611a3b14, 0x1c0f2651, 0xe33a390c, 0x5c4f7282, 0x35628753, 0x5c0101bc, 0x2b144054, 0x482a2c0d, 0x0000004e, 0xb1ff0100, 0xfb0138ff, 0x15000402,
    0x00ba7500, 0x00160004, 0x39121117, 0x0000b800, 0x00b85845, 0xb91b2f15, 0x1b001500, 0x00b8593e, 0xb8584500, 0x1b2f0500, 0x000500b9, 0xb8593e1b,
    0x58450000, 0x2f1100b8, 0x1100b91b, 0x593e1500, 0x450000b8, 0x0b00b858, 0x00b91b2f, 0x3e15000b, 0x0800b959, 0xbaf40500, 0x15000300, 0x12110800,
    0x1500b839, 0x1400b910, 0xbaf40500, 0x14000f00, 0x12110b00, 0x13313039, 0x33011f32, 0x13033313, 0x22230733, 0x03230327, 0x23031323, 0x0a3a7637,
    0x58b7052d, 0x0d4441f1, 0x330a3a3a, 0xfd58c305, 0x020d443b, 0x01ea3004, 0xfea2fe1a, 0x013044d6, 0x01cffe01, 0x44130175, 0x46000100, 0xa40238ff,
    0x2300c602, 0x00ba8700, 0x00240015, 0x39121125, 0x0000b800, 0x00b85845, 0xb91b2f0a, 0x1b000a00, 0x00b8593e, 0xb8584500, 0x1b2f1300, 0x001300b9,
    0xb8593e1d, 0x58450000, 0x2f1b00b8, 0x1b00b91b, 0x593e1b00, 0x450000b8, 0x0000b858, 0x00b91b2f, 0x3e150000, 0x0000b859, 0x00b85845, 0xb91b2f01,
    0x13000100, 0x00b8593e, 0xb8584500, 0x1b2f2200, 0x002200b9, 0xb8593e13, 0xb9100100, 0x05001200, 0x2200b8f4, 0x1500b910, 0x30f40500, 0x22371731,
    0x3435022e, 0x33133736, 0x15010e03, 0x13331614, 0x3e320333, 0x33133702, 0x23030e03, 0x2e26de07, 0x05193047, 0x364d3406, 0x453b0406, 0x2d834d83,
    0x0b1e2d3f, 0x0f384d36, 0x3b5d452f, 0x1abcc826, 0x1126412e, 0x02011e30, 0x261df3fe, 0x02353511, 0x1173fd8d, 0x0138492b, 0x48ecfe0e, 0xbc193a61,
    0x35000100, 0xa402f4ff, 0x3a001002, 0x00ba8100, 0x003b0039, 0x3912113c, 0x0000b800, 0x00b85845, 0xb91b2f2a, 0x1b002a00, 0x00b8593e, 0xb8584500,
    0x1b2f1300, 0x001300b9, 0xb8593e1b, 0x58450000, 0x2f2200b8, 0x2200b91b, 0x593e1300, 0x450000b8, 0x1b00b858, 0x00b91b2f, 0x3e13001b, 0x0600b959,
    0xb8f40500, 0xb9102200, 0x05003500, 0x2b00baf4, 0x35002a00, 0xb8391211, 0xb82f2b00, 0xbad01200, 0x2a003900, 0x12112200, 0x3900b839, 0x2531302f,
    0x1415010e, 0x3e323316, 0x3e013f02, 0x26343501, 0x011e3727, 0x020e1415, 0x27262223, 0x23010e23, 0x34352622, 0x1737023e, 0x010f010e, 0x1415010e,
    0x36323316, 0x0133013f, 0x2504048e, 0x1f231323, 0x03090b1b, 0x32212003, 0x351a2c2f, 0x393e3750, 0x4a150403, 0x1c494132, 0x23304c34, 0x0911453c,
    0x21250404, 0x1d0f3d2b, 0x2b14db4d, 0x102a2c0d, 0x2c344429, 0x320c1e0e, 0x24341b41, 0x7838475d, 0x3e414064, 0x5c4f3e41, 0x485f7541, 0x611a3b14,
    0x2b142e51, 0x482a2c0d, 0x00008e4e, 0xe5ffffff, 0x23020000, 0x0602ba02, 0x00002100, 0x2700ffff, 0x5b020000, 0x0602ba02, 0x00002200, 0x2700ffff,
    0x1f020000, 0x0602ba02, 0x0000a302, 0xf6ffffff, 0x21020000, 0x0602ba02, 0x00002802, 0x2700ffff, 0x4e020000, 0x0602ba02, 0x00002500, 0xf1ffffff,
    0x5b020000, 0x0602ba02, 0x00003a00, 0x2700ffff, 0xa9020000, 0x0602ba02, 0x00002800, 0x37000300, 0x8c02f4ff, 0x1300c602, 0x2b002700, 0x00ba8700,
    0x002c0014, 0x3912112d, 0x101400b8, 0xd00000b8, 0x101400b8, 0xd02900b8, 0x0000b800, 0x00b85845, 0xb91b2f0a, 0x1d000a00, 0x00b8593e, 0xb8584500,
    0x1b2f0000, 0x000000b9, 0xb9593e13, 0x0d001400, 0x0a00b8f4, 0x1e00b910, 0xbaf40d00, 0x0a002800, 0x12110000, 0x2800b839, 0x0003412f, 0x002800bf,
    0x03417101, 0x2800df00, 0x41710100, 0x00bf0003, 0x5d010028, 0x8f000341, 0x01002800, 0x2900b95d, 0x30f40d00, 0x2e220531, 0x3e343502, 0x1e323302,
    0x0e141502, 0x36322702, 0x013e013f, 0x23263435, 0x010f0622, 0x1415010e, 0x21370316, 0x342a0107, 0x30254159, 0x3453835c, 0x30254159, 0x5d4b835c,
    0x0414167c, 0x5d515a03, 0x0414167c, 0x0f165a03, 0x0c0f2001, 0x42664523, 0x4c7da257, 0x42654524, 0x4c7da257, 0x646d7b49, 0x500f2313, 0x646d7b5f,
    0x500f2313, 0x4801015f, 0x00000048, 0x0900ffff, 0x9f010000, 0x0602ba02, 0x00002900, 0x2700ffff, 0x99020000, 0x0602ba02, 0x00002b00, 0xe5ff0100,
    0x19020000, 0x0900ba02, 0x00ba4800, 0x000a0009, 0x3912110b, 0x0000b800, 0x00b85845, 0xb91b2f09, 0x1d000900, 0x00b8593e, 0xb8584500, 0x1b2f0800,
    0x000800b9, 0xb8593e13, 0x58450000, 0x2f0200b8, 0x0200b91b, 0x593e1300, 0x100900b8, 0xd00500b8, 0x13013130, 0x23010b23, 0x0123010b, 0x5359c001,
    0x8a052028, 0x700156b4, 0x46fdba02, 0x0f015e01, 0xa2fef1fe, 0x0000ba02, 0x2700ffff, 0x0d030000, 0x0602ba02, 0x00002d00, 0x2700ffff, 0xa9020000,
    0x0602ba02, 0x00002e00, 0x0b000300, 0x61020000, 0x0300ba02, 0x0b000700, 0x00ba6300, 0x000c0000, 0x3912110d, 0xd00400b8, 0x100000b8, 0xd00a00b8,
    0x0000b800, 0x00b85845, 0xb91b2f00, 0x1d000000, 0x00b8593e, 0xb8584500, 0x1b2f0b00, 0x000b00b9, 0xb8593e13, 0xb9100000, 0x0d000300, 0x0700baf4,
    0x0b000300, 0xb8391211, 0xb92f0700, 0x0d000400, 0x0b00b8f4, 0x0800b910, 0x30f40d00, 0x07211331, 0x07211721, 0x07210721, 0xc9019821, 0x0837fe0f,
    0xfe0e5a01, 0xc90169a6, 0x0237fe0f, 0x48ec48ba, 0x000048f6, 0x3700ffff, 0x8c02f4ff, 0x0602c602, 0x00002f00, 0x2700ffff, 0x9b020000, 0x0602ba02,
    0x0000b302, 0x2700ffff, 0x59020000, 0x0602ba02, 0x00003000, 0xf7ff0100, 0x3a020000, 0x0b00ba02, 0x00ba4700, 0x000c0002, 0x3912110d, 0x0000b800,
    0x00b85845, 0xb91b2f04, 0x1d000400, 0x00b8593e, 0xb8584500, 0x1b2f0000, 0x000000b9, 0xb9593e13, 0x0d000900, 0x0100b8f4, 0x0400b8d0, 0x0700b910,
    0xb8f40d00, 0x30d00300, 0x01372331, 0x07213703, 0x21011321, 0x01100907, 0x0110ad1f, 0xa7fe0fb1, 0x01e0feb5, 0x014e0e66, 0x4e0a0114, 0xfeebfe48,
    0x000048eb, 0x6200ffff, 0x6b020000, 0x0602ba02, 0x00003400, 0x6900ffff, 0x8b020000, 0x0602ba02, 0x00003900, 0x33000300, 0x0403e3ff, 0x1d00d502,
    0x37002a00, 0x00ba1001, 0x0038001a, 0x39121139, 0x101a00b8, 0xd01f00b8, 0x101a00b8, 0xd03700b8, 0x0b00b800, 0x0100b82f, 0x000b412f, 0x00010070,
    0x00010080, 0x00010090, 0x000100a0, 0x000100b0, 0x03415d05, 0x0b004000, 0x41710100, 0x009f0003, 0x5d01000b, 0x2f000341, 0x01000b00, 0x0003415d,
    0x000b005f, 0x05415d01, 0x0b00d000, 0x0b00e000, 0x415d0200, 0x00000005, 0x0010000b, 0x7102000b, 0x70000341, 0x01000b00, 0x0b00b871, 0x0d00b810,
    0x000941dc, 0x000d00cf, 0x000d00df, 0x000d00ef, 0x000d00ff, 0x0f415d04, 0x0d000f00, 0x0d001f00, 0x0d002f00, 0x0d003f00, 0x0d004f00, 0x0d005f00,
    0x0d006f00, 0xb8710700, 0xb8100b00, 0xb8d01000, 0xb8100100, 0xb8d01a00, 0xb8100100, 0x41dc1d00, 0x00c00009, 0x00d0001d, 0x00e0001d, 0x00f0001d,
    0x5d04001d, 0x100b00b8, 0x001f00b9, 0x00b8f40d, 0x00b91001, 0xf40d0029, 0xd02b00b8, 0x101f00b8, 0xd03500b8, 0x23253130, 0x35022e22, 0x3b023e34,
    0x07333701, 0x021e3233, 0x020e1415, 0x2307012b, 0x06222313, 0x010e010f, 0x3b161415, 0x3f363202, 0x35013e01, 0x012b2634, 0x0a320103, 0x1e3e5b3e,
    0x5b8c5f31, 0x0a510a0a, 0x3e5c3d0a, 0x8c5f311e, 0x510c0a5b, 0x8b6c0a83, 0x02020b16, 0x550a6254, 0x0b168b6c, 0x62540202, 0x231f660a, 0x4e385b40,
    0x30436f90, 0x5b402330, 0x6f914e38, 0x7e023c42, 0x0c366b7c, 0x5851121a, 0x0c366b7c, 0x5851121a, 0x000002fe, 0xe7ffffff, 0x8d020000, 0x0602ba02,
    0x00003800, 0x69000100, 0x13030000, 0x2100ba02, 0x00ba7100, 0x00220020, 0x39121123, 0x0000b800, 0x00b85845, 0xb91b2f09, 0x1d000900, 0x00b8593e,
    0xb8584500, 0x1b2f1200, 0x001200b9, 0xb8593e1d, 0x58450000, 0x2f1a00b8, 0x1a00b91b, 0x593e1d00, 0x450000b8, 0x2100b858, 0x00b91b2f, 0x3e130021,
    0x0000ba59, 0x21001200, 0xb8391211, 0xb92f0000, 0x0d001100, 0x1400b8f4, 0x0000b8d0, 0x1f00b810, 0x253130d0, 0x35022e22, 0x013f3634, 0x010e0733,
    0x33161415, 0x32033313, 0x013f023e, 0x010e0733, 0x01230723, 0x36563c4b, 0x2108081a, 0x06082551, 0x5155554c, 0x3a4e3455, 0x51270e27, 0x8ca41d2a,
    0x20cc5129, 0x20274736, 0xb7a32641, 0x45113426, 0xfeaa0143, 0x5a381856, 0x93d1bf41, 0x0000cc8a, 0xf0ffffff, 0x88020000, 0x0602c602, 0x00002b02,
    0x3300ffff, 0x8102f4ff, 0x26020c03, 0x00002c02, 0x9d030600, 0x00000019, 0x3300ffff, 0x1802f4ff, 0x26020c03, 0x00000400, 0x9d030600, 0x0000001d,
    0x2600ffff, 0xf301f4ff, 0x26020c03, 0x00003102, 0x9d030600, 0x00000012, 0x3100ffff, 0xf90138ff, 0x26020c03, 0x00003302, 0x9d030600, 0x00000032,
    0x3300ffff, 0x32010000, 0x26020c03, 0x00003502, 0x9d030600, 0x00000091, 0x3300ffff, 0x67010000, 0x2602d102, 0x00003502, 0x8f030600, 0x0000009d,
    0x3300ffff, 0x77010000, 0x26020c03, 0x00003502, 0x9e030600, 0x00000087, 0x3100ffff, 0xf501f4ff, 0x26020c03, 0x00001500, 0x9d030600, 0x00000010,
    0x4600ffff, 0x0e02f4ff, 0x26020c03, 0x00004102, 0x9d030600, 0x00000020, 0x4600ffff, 0x0e02f4ff, 0x2602d102, 0x00004102, 0x8f030600, 0x0000002c,
    0x4600ffff, 0x0e02f4ff, 0x26020c03, 0x00004102, 0x9e030600, 0x00000016, 0x3500ffff, 0xa402f4ff, 0x26020c03, 0x00004502, 0x9d030600, 0x0000007a,
    0xe5ffffff, 0x23020000, 0x26020c03, 0x00002100, 0xcd030700, 0x00004dff, 0x3b00ffff, 0x76020000, 0x26000c03, 0x00282500, 0xcd030700, 0x000023ff,
    0x3b00ffff, 0xd1020000, 0x26000c03, 0x00282800, 0xcd030700, 0x000023ff, 0x3b00ffff, 0xe6010000, 0x26000c03, 0x00472900, 0xcd030700, 0x000023ff,
    0x0900ffff, 0xbd010000, 0x26027c03, 0x00002900, 0xc3030600, 0x000000f3, 0x3b00ffff, 0xb102f4ff, 0x26000c03, 0x00252f00, 0xcd030700, 0x000023ff,
    0x3b00ffff, 0xe7020000, 0x26000c03, 0x005c3900, 0xcd030700, 0x000023ff, 0x6900ffff, 0x8b020000, 0x26027c03, 0x00003900, 0xc3030600, 0x00000047,
    0x1200ffff, 0xaa020000, 0x27000c03, 0x23ffcd03, 0x06000000, 0x00222b02, 0x3300ffff, 0x1802f4ff, 0x06021002, 0x00000400, 0x1600ffff, 0xd301f4ff,
    0x06021002, 0x00000500, 0x33000200, 0x2702f4ff, 0x2200ec02, 0x70003400, 0x002300ba, 0x11360035, 0x00b83912, 0x00b81023, 0xb800d000, 0x58450000,
    0x2f0e00b8, 0x0e00b91b, 0x593e1f00, 0x450000b8, 0x1900b858, 0x00b91b2f, 0x3e1b0019, 0x0000b859, 0x00b85845, 0xb91b2f00, 0x13000000, 0x00b8593e,
    0x00b9100e, 0xf405000f, 0x101900b8, 0x002c00b9, 0x00b8f405, 0x00b91000, 0xf4050023, 0x001600ba, 0x1123002c, 0x31303912, 0x022e2217, 0x023e3435,
    0x3f013e37, 0x0e010f01, 0x3e330703, 0x1e323301, 0x0e141502, 0x36322702, 0x3536013f, 0x22232634, 0x06010f06, 0xed161415, 0x1c314429, 0x263a2715,
    0x9a445723, 0x3c289c10, 0x05162a32, 0x213e4b1b, 0x261b2d3d, 0x38316145, 0x050c1058, 0x58383b3d, 0x3d050c10, 0x4f351b0c, 0x817a2a35, 0x26232676,
    0x124f1208, 0x59361905, 0x1b353443, 0x442e4932, 0x45355a79, 0x193f4f52, 0x54433614, 0x14193d4f, 0x00004336, 0x24000300, 0xee010000, 0x11000402,
    0x28001c00, 0x00ba6d00, 0x00290012, 0x3912112a, 0x101200b8, 0xd01000b8, 0x101200b8, 0xd01d00b8, 0x0000b800, 0x00b85845, 0xb91b2f00, 0x1b000000,
    0x00b8593e, 0xb8584500, 0x1b2f1100, 0x001100b9, 0xb9593e13, 0x05001c00, 0x2800baf4, 0x1c000000, 0xb8391211, 0xb92f2800, 0x05001b00, 0x0700baf4,
    0x28001b00, 0xb8391211, 0xb9100000, 0x05002700, 0x133130f4, 0x15163233, 0x010f0614, 0x1415011e, 0x012b020e, 0x37363237, 0x26343536, 0x3707012b,
    0x3e373632, 0x26343501, 0x8d07012b, 0x43453ce0, 0x312a0136, 0x28402e19, 0x342af4fc, 0x22250508, 0x21c0229c, 0x01020838, 0x1e941d25, 0x333b0402,
    0x030c4335, 0x20263108, 0x421f323f, 0x0c16232a, 0xeaaa1f1c, 0x11082626, 0x96181405, 0x3b000300, 0x1302f4ff, 0x1800f002, 0x38002900, 0x00ba7100,
    0x00390019, 0x3912113a, 0x101900b8, 0xd00000b8, 0x101900b8, 0xd02a00b8, 0x0000b800, 0x00b85845, 0xb91b2f09, 0x1f000900, 0x00b8593e, 0xb8584500,
    0x1b2f0000, 0x000000b9, 0xb8593e13, 0xb9100900, 0x05003400, 0x2200baf4, 0x00003400, 0xb8391211, 0xb92f2200, 0x05002a00, 0x1200baf4, 0x2a002200,
    0xb8391211, 0xb9100000, 0x05001900, 0x173130f4, 0x34352622, 0x013e1337, 0x021e3233, 0x0f061415, 0x14151601, 0x3227020e, 0x3e013f36, 0x2b343501,
    0x010e0701, 0x13161415, 0x013f3632, 0x3435013e, 0x06222326, 0x58f2010f, 0x1241065f, 0x44285472, 0x49531b32, 0x42257201, 0x4d3c315a, 0x02020b0b,
    0x021e856e, 0x366c3b02, 0x02040a4d, 0x33333e03, 0x0c1e0a41, 0x211d5562, 0x645c4701, 0x253f2e1a, 0x04176341, 0x5f378608, 0x3b452845, 0x12093739,
    0x0996590b, 0x38340a15, 0x313a6f01, 0x08140c14, 0x3337322a, 0x00000099, 0x24000100, 0xc0010000, 0x05000402, 0x00ba3900, 0x00060003, 0x39121107,
    0x0000b800, 0x00b85845, 0xb91b2f00, 0x1b000000, 0x00b8593e, 0xb8584500, 0x1b2f0500, 0x000500b9, 0xb8593e13, 0xb9100000, 0x05000300, 0x133130f4,
    0x03230721, 0x35018b23, 0x4d5ae70e, 0xfe440402, 0x00000040, 0x1f000100, 0xb301f4ff, 0x29001002, 0x00ba5300, 0x002a0006, 0x3912112b, 0x0000b800,
    0x00b85845, 0xb91b2f15, 0x1b001500, 0x00b8593e, 0xb8584500, 0x1b2f0000, 0x000000b9, 0xb9593e13, 0x05002100, 0x0500baf4, 0x21001500, 0xb8391211,
    0xb9101500, 0x05000c00, 0x1c00baf4, 0x00000c00, 0x30391211, 0x26221731, 0x013f3435, 0x3435013e, 0x06222326, 0x033e2707, 0x15163233, 0x010f0614,
    0x16141506, 0x37363233, 0xc2030e17, 0x28b4564d, 0x2a2f3932, 0x2a244327, 0x312e2f19, 0x5f504b1c, 0x326a2955, 0x2b422a30, 0x3230192e, 0x3d440c37,
    0x0a082688, 0x221f2333, 0x18312320, 0x3e091520, 0x115d413a, 0x24481608, 0x2e2c2327, 0x0b18271b, 0x31000200, 0xfa01f4ff, 0x2a00f002, 0x70004000,
    0x000a00ba, 0x11420041, 0x00b83912, 0x00b8100a, 0xb800d035, 0x58450000, 0x2f1c00b8, 0x1c00b91b, 0x593e1f00, 0x450000b8, 0x0a00b858, 0x00b91b2f,
    0x3e1b000a, 0x0000b859, 0x00b85845, 0xb91b2f00, 0x13000000, 0x00b8593e, 0x00b9100a, 0xf4050035, 0x100000b8, 0x002b00b9, 0x00baf405, 0x0035000d,
    0x3912112b, 0x101c00b8, 0x001500b9, 0x3130f405, 0x022e2217, 0x023e3435, 0x17163233, 0x26343533, 0x23012e27, 0x37070622, 0x3233013e, 0x031e1716,
    0x040e1415, 0x3f363227, 0x35013e01, 0x22232634, 0x010f020e, 0x1415010e, 0x4429eb16, 0x41241c31, 0x4433365a, 0x1716040b, 0x18243f1a, 0x0b0f1022,
    0x563f121e, 0x111a121e, 0x28190b08, 0x372b513d, 0x05071255, 0x1a393904, 0x08212b34, 0x3c02030d, 0x4f351b0c, 0x59723c35, 0x1e243635, 0x1a175147,
    0x49020216, 0x1e220202, 0x503b2b12, 0x626a3337, 0x45264058, 0x17235a51, 0x43360b1d, 0x273c2814, 0x0a160d41, 0x00004336, 0x0800ffff, 0x18022cff,
    0x06021002, 0x00000c00, 0x3100ffff, 0xe501f4ff, 0x06021002, 0x00000900, 0xf6ff0100, 0xf3020000, 0x3f000402, 0x00babb00, 0x00400036, 0x39121141,
    0x0000b800, 0x00b85845, 0xb91b2f0c, 0x1b000c00, 0x00b8593e, 0xb8584500, 0x1b2f1e00, 0x001e00b9, 0xb8593e1b, 0x58450000, 0x2f1500b8, 0x1500b91b,
    0x593e1b00, 0x450000b8, 0x3f00b858, 0x00b91b2f, 0x3e13003f, 0x0000b859, 0x00b85845, 0xb91b2f2b, 0x13002b00, 0x00b8593e, 0xb8584500, 0x1b2f3700,
    0x003700b9, 0xb8593e13, 0xb9103f00, 0x05000000, 0x0c00b8f4, 0x0b00b910, 0xbaf40500, 0x0c003900, 0x12113f00, 0x3900b839, 0x1300b92f, 0xb8f40500,
    0xb8d01700, 0xb9101e00, 0x05001f00, 0x2b00b8f4, 0x2a00b910, 0xb8f40500, 0xb8103900, 0x30d03500, 0x3e333731, 0x013e3701, 0x27263435, 0x32333723,
    0x06141516, 0x33373307, 0x033e3307, 0x2307013b, 0x0e07010e, 0x16141501, 0x23073317, 0x34352622, 0x2337023e, 0x23372307, 0x012b030e, 0x220f5604,
    0x0609080d, 0x200e4605, 0x03033634, 0x2c4b2c71, 0x2a210d6f, 0x0e2f2235, 0x0d230f4d, 0x05060908, 0x34280e4e, 0x02030136, 0x4b2f7002, 0x210e6f2f,
    0x3822352b, 0x44511444, 0x1a18432c, 0x3f440e24, 0x14270c54, 0x543ddada, 0x14441633, 0x462c4451, 0x0e241a15, 0x07543f44, 0x09191916, 0x5a44ebeb,
    0x00001736, 0xf6ff0100, 0xff020000, 0x3f00e402, 0x00babb00, 0x00400036, 0x39121141, 0x0000b800, 0x00b85845, 0xb91b2f15, 0x1f001500, 0x00b8593e,
    0xb8584500, 0x1b2f0d00, 0x000d00b9, 0xb8593e1b, 0x58450000, 0x2f1e00b8, 0x1e00b91b, 0x593e1b00, 0x450000b8, 0x3700b858, 0x00b91b2f, 0x3e130037,
    0x0000b859, 0x00b85845, 0xb91b2f3f, 0x13003f00, 0x00b8593e, 0xb8584500, 0x1b2f2b00, 0x002b00b9, 0xb8593e13, 0xb9103f00, 0x05000000, 0x0d00b8f4,
    0x0b00b910, 0xbaf40500, 0x0d003900, 0x12113f00, 0x3900b839, 0x1300b92f, 0xb8f40500, 0xb8d01700, 0xb9101e00, 0x05001f00, 0x2b00b8f4, 0x2a00b910,
    0xb8f40500, 0xb8103900, 0x30d03500, 0x3e333731, 0x013e3701, 0x27263435, 0x32333723, 0x06141516, 0x33133307, 0x033e3303, 0x2307013b, 0x0e07010e,
    0x16141501, 0x23073317, 0x34352622, 0x2337023e, 0x23372307, 0x012b030e, 0x220f5604, 0x0609080d, 0x200e4605, 0x03033634, 0x584b5877, 0x2a210d75,
    0x0e2f2235, 0x0d230f4d, 0x05060908, 0x34280e4e, 0x02030136, 0x4b2f7602, 0x210e752f, 0x3822352b, 0x44511444, 0x1a18432c, 0x3f440e24, 0x14270c54,
    0x46feba01, 0x1633543d, 0x44511444, 0x1a15462c, 0x3f440e24, 0x19160754, 0xebeb0919, 0x17365a44, 0x00000100, 0xb001f4ff, 0x2f001002, 0x00ba5d00,
    0x0030000f, 0x39121131, 0x0000b800, 0x00b85845, 0xb91b2f21, 0x1b002100, 0x00b8593e, 0xb8584500, 0x1b2f0000, 0x000000b9, 0xb9593e13, 0x05000600,
    0x1100baf4, 0x21000600, 0xb8391211, 0xb92f1100, 0x05001000, 0x2100b8f4, 0x1a00b910, 0xbaf40500, 0x11002700, 0x12111000, 0x17313039, 0x37272622,
    0x36323316, 0x35013e37, 0x012b2634, 0x36323337, 0x34353637, 0x06222326, 0x013e2707, 0x15163233, 0x010f0614, 0x1415011e, 0x4abb020e, 0x2639175a,
    0x08413f5c, 0x312f0302, 0x26600d5f, 0x3004063f, 0x2343312b, 0x425f222c, 0x39435353, 0x1f303001, 0x340c4f39, 0x2e492a2f, 0x06150a23, 0x2841211c,
    0x1b0b1420, 0x30211e1e, 0x37462c27, 0x04094335, 0x28293205, 0x001c3244, 0xc4ff0100, 0x9f012cff, 0x38001002, 0x00ba5d00, 0x00390020, 0x3912113a,
    0x0000b800, 0x00b85845, 0xb91b2f26, 0x1b002600, 0x00b8593e, 0xb8584500, 0x1b2f0000, 0x000000b9, 0xb9593e15, 0x05000700, 0x2600b8f4, 0x2000b910,
    0xbaf40500, 0x20001100, 0x12110000, 0x1100b839, 0x1400b92f, 0xbaf40500, 0x11003000, 0x12111400, 0x17313039, 0x37272622, 0x3233011e, 0x36013f36,
    0x26343534, 0x3337012b, 0x3f023e32, 0x35343601, 0x22232634, 0x013e2707, 0x021e3233, 0x020e1415, 0x011e1507, 0x020e1415, 0x15664281, 0x2d42103b,
    0x070b5338, 0x453c4402, 0x351c440f, 0x05051c29, 0x512b3502, 0x6719402b, 0x2e402640, 0x3b2c181a, 0x253c3322, 0x3dd45640, 0x2d292b33, 0x07223743,
    0x372d050d, 0x2b201245, 0x09081c19, 0x552e2605, 0x18433a1d, 0x20233b2b, 0x0824333d, 0x3c520804, 0x25415631, 0x3f00ffff, 0x0302f4ff, 0x06020402,
    0x00001b00, 0x3f00ffff, 0x0302f4ff, 0x2602e702, 0x00001b00, 0x96030600, 0x0000001b, 0x24000100, 0x1b020000, 0x1d000402, 0x00ba8300, 0x001e0003,
    0x3912111f, 0x0000b800, 0x00b85845, 0xb91b2f00, 0x1b000000, 0x00b8593e, 0xb8584500, 0x1b2f0700, 0x000700b9, 0xb8593e1b, 0x58450000, 0x2f1d00b8,
    0x1d00b91b, 0x593e1300, 0x450000b8, 0x1600b858, 0x00b91b2f, 0x3e130016, 0x1b00ba59, 0x1d000000, 0xb8391211, 0xb92f1b00, 0x05000200, 0x0700b8f4,
    0x0a00b910, 0xbaf40500, 0x1b000e00, 0x12110200, 0x1600b839, 0x1300b910, 0x30f40500, 0x07331331, 0x013e3733, 0x2307013b, 0x0f010e07, 0x1f011e01,
    0x23073301, 0x012f2622, 0x8c230723, 0x8a5c2c4d, 0x2e1d2815, 0x1172390e, 0x12011219, 0x373a0b16, 0x2423260e, 0x2f5c430f, 0xd904024d, 0x44141aab,
    0x0310148d, 0x1c160504, 0x2424448d, 0x0000eaa2, 0x24000100, 0x18020000, 0x1800e402, 0x00ba6f00, 0x00190015, 0x3912111a, 0x0000b800, 0x00b85845,
    0xb91b2f00, 0x1f000000, 0x00b8593e, 0xb8584500, 0x1b2f0400, 0x000400b9, 0xb8593e1b, 0x58450000, 0x2f1800b8, 0x1800b91b, 0x593e1300, 0x450000b8,
    0x1000b858, 0x00b91b2f, 0x3e130010, 0x1600ba59, 0x10000400, 0xb8391211, 0xb92f1600, 0x05000200, 0x0900baf4, 0x02001600, 0x30391211, 0x03331331,
    0x07333733, 0x010f010e, 0x011f011e, 0x22230733, 0x23012f26, 0x4db92307, 0x5ab95859, 0x121e10b2, 0x0b161201, 0x260e373a, 0x430f2423, 0x024d2f5c,
    0xd947fee4, 0x031113d1, 0x1c160504, 0x2424448d, 0x0000eaa2, 0xd2ff0100, 0xf5010000, 0x16000402, 0x00ba5400, 0x0017000c, 0x39121118, 0x0000b800,
    0x00b85845, 0xb91b2f07, 0x1b000700, 0x00b8593e, 0xb8584500, 0x1b2f1600, 0x001600b9, 0xb8593e13, 0x58450000, 0x2f0a00b8, 0x0a00b91b, 0x593e1300,
    0x101600b8, 0x000000b9, 0x00b8f405, 0x00b91007, 0xf405000c, 0x33273130, 0x013f033e, 0x13230321, 0x030e0723, 0x2b010e07, 0x0f3f2001, 0x0d1c1c1e,
    0x6848011c, 0x0db25a4d, 0x1f1f2010, 0x2036180f, 0x3613441e, 0x8a41624a, 0xc001fcfd, 0x51734f41, 0x12180f33, 0xdfff0100, 0x9c010000, 0x09000402,
    0x00ba4800, 0x000a0000, 0x3912110b, 0x0000b800, 0x00b85845, 0xb91b2f00, 0x1b000000, 0x00b8593e, 0xb8584500, 0x1b2f0900, 0x000900b9, 0xb8593e13,
    0x58450000, 0x2f0300b8, 0x0300b91b, 0x593e1300, 0x100000b8, 0xd00600b8, 0x33133130, 0x27032313, 0x23030723, 0x4c4661f5, 0x5a051422, 0x0402528a,
    0x0001fcfd, 0x00ffb0b0, 0x24000100, 0x83020000, 0x10000402, 0x00ba6d00, 0x00110003, 0x39121112, 0x0000b800, 0x00b85845, 0xb91b2f00, 0x1b000000,
    0x00b8593e, 0xb8584500, 0x1b2f0400, 0x000400b9, 0xb8593e1b, 0x58450000, 0x2f1000b8, 0x1000b91b, 0x593e1300, 0x450000b8, 0x0700b858, 0x00b91b2f,
    0x3e130007, 0x1000b859, 0x0b00b810, 0x0200b8dc, 0x0400b8d0, 0x0900b810, 0x0000b8d0, 0x0d00b810, 0x133130d0, 0x13331333, 0x13230333, 0x2f010f23,
    0x23032301, 0x0362608c, 0x4a6860d2, 0xc4270554, 0x5405135b, 0xfe04024a, 0xfd0f01f1, 0x37a001fc, 0xfe38fcfd, 0x00000060, 0x24000100, 0x0d020000,
    0x0b000402, 0x00ba6500, 0x000c0001, 0x3912110d, 0x0000b800, 0x00b85845, 0xb91b2f00, 0x1b000000, 0x00b8593e, 0xb8584500, 0x1b2f0400, 0x000400b9,
    0xb8593e1b, 0x58450000, 0x2f0b00b8, 0x0b00b91b, 0x593e1300, 0x450000b8, 0x0700b858, 0x00b91b2f, 0x3e130007, 0x0900ba59, 0x00000b00, 0xb8391211,
    0xb92f0900, 0x05000200, 0x133130f4, 0x37330733, 0x37230333, 0x8c230723, 0x2ce72c4d, 0x2f4d684d, 0x024d2fe7, 0xfdd8d804, 0x00e8e8fc, 0x3100ffff,
    0xf501f4ff, 0x06021002, 0x00001500, 0x2400ffff, 0xfc010000, 0x06021002, 0x00001400, 0xfcffffff, 0x090238ff, 0x06021002, 0x00001600, 0x3100ffff,
    0xd901f4ff, 0x06021002, 0x00000700, 0x37000100, 0xe2010000, 0x07000402, 0x00ba3d00, 0x00080000, 0x39121109, 0x0000b800, 0x00b85845, 0xb91b2f02,
    0x1b000200, 0x00b8593e, 0xb8584500, 0x1b2f0700, 0x000700b9, 0xb8593e13, 0xb9100200, 0x0d000100, 0x0500b8f4, 0x133130d0, 0x07213723, 0xdf230323,
    0x9d010ea8, 0x4d5aa80e, 0x4444c001, 0x000040fe, 0x2400ffff, 0x17030000, 0x06021002, 0x00001300, 0xecffffff, 0x080238ff, 0x06020402, 0x00001f00,
    0x34000300, 0xd10238ff, 0x2900c602, 0x4f003c00, 0x00bad300, 0x00500012, 0x39121151, 0x101200b8, 0xd03100b8, 0x101200b8, 0xd04d00b8, 0x0000b800,
    0x00b85845, 0xb91b2f0e, 0x1b000e00, 0x00b8593e, 0xb8584500, 0x1b2f1300, 0x001300b9, 0xb8593e1d, 0x58450000, 0x2f1900b8, 0x1900b91b, 0x593e1b00,
    0x450000b8, 0x0400b858, 0x00b91b2f, 0x3e130004, 0x0000b859, 0x00b85845, 0xb91b2f29, 0x15002900, 0x00b8593e, 0xb8584500, 0x1b2f2300, 0x002300b9,
    0xb8593e13, 0xb9100400, 0x05002a00, 0x0e00b8f4, 0x3400b910, 0xbaf40500, 0x2a000100, 0x12113400, 0x1100ba39, 0x2a003400, 0xb8391211, 0xb9101900,
    0x05004600, 0x2300b8f4, 0x3d00b910, 0xbaf40500, 0x46001600, 0x12113d00, 0x2600ba39, 0x46003d00, 0x30391211, 0x0e232531, 0x26222301, 0x043e3435,
    0x17163233, 0x03331333, 0x33013e33, 0x14151632, 0x2223040e, 0x03232726, 0x36320323, 0x3f013e37, 0x23263601, 0x010f0622, 0x1415010e, 0x3f363221,
    0x35013e01, 0x06222334, 0x0f010e07, 0x01160601, 0x3b1a0337, 0x0d463c29, 0x3e322619, 0x0b372725, 0x364d3603, 0x293b1a03, 0x190d463c, 0x253e3226,
    0x030b3727, 0x18334d37, 0x16141226, 0x2b0a2106, 0x10453328, 0x0105070e, 0x1045335d, 0x4a05070e, 0x14122618, 0x09210616, 0x2a2c4a2a, 0x56274b56,
    0x223b4c55, 0x0c012c2a, 0x2a2cf4fe, 0x56274b56, 0x223b4c55, 0xeefe2c2a, 0x12120201, 0xa31f2714, 0x4b52402f, 0x172c2144, 0x444b524b, 0x4b172c21,
    0x27141212, 0x402fa31f, 0x2c000300, 0x960238ff, 0x1d00e402, 0x36002900, 0x00ba9100, 0x0037001f, 0x39121138, 0x101f00b8, 0xd01a00b8, 0x101f00b8,
    0xd03600b8, 0x0000b800, 0x00b85845, 0xb91b2f0d, 0x1f000d00, 0x00b8593e, 0xb8584500, 0x1b2f0c00, 0x000c00b9, 0xb8593e1b, 0x58450000, 0x2f1d00b8,
    0x1d00b91b, 0x593e1500, 0x450000b8, 0x0000b858, 0x00b91b2f, 0x3e130000, 0x0c00b859, 0x0f00b810, 0x0000b8d0, 0x1b00b810, 0x0000b8d0, 0x1e00b910,
    0xb8f40500, 0xb9100c00, 0x05001f00, 0x3500b8f4, 0x1e00b8d0, 0x3600b810, 0x053130d0, 0x022e2223, 0x023e3435, 0x3337013b, 0x1e323307, 0x0e141502,
    0x07012b02, 0x23011b23, 0x010f0622, 0x16141506, 0x3632013b, 0x013e013f, 0x2b263435, 0x05010301, 0x394e2d05, 0x6d512d20, 0x4c2a1941, 0x4a2d0e2a,
    0x512d1e36, 0x2617416e, 0x1951334d, 0x0b10654b, 0x6a435004, 0x0b106748, 0x404a0203, 0x220c510e, 0x4230523c, 0xd4315574, 0x513b20d4, 0x55754431,
    0x0001bc31, 0x4e579401, 0x42171136, 0x364c594f, 0x4209160e, 0x006cfe4a, 0xe4ffffff, 0x06020000, 0x06020402, 0x00001e00, 0x3f000100, 0x030274ff,
    0x25000402, 0x00ba7900, 0x0026001c, 0x39121127, 0x0000b800, 0x00b85845, 0xb91b2f12, 0x1b001200, 0x00b8593e, 0xb8584500, 0x1b2f2000, 0x002000b9,
    0xb8593e1b, 0x58450000, 0x2f0b00b8, 0x0b00b91b, 0x593e1300, 0x450000b8, 0x0100b858, 0x00b91b2f, 0x3e130001, 0x0b00b859, 0x1a00b910, 0xbaf40500,
    0x1a000800, 0x12111200, 0x0100b839, 0x2200b910, 0xb8f40500, 0xb9100b00, 0x0b002500, 0x213130f4, 0x35262223, 0x23013f34, 0x2223010e, 0x36343526,
    0x03331337, 0x1415010e, 0x37323316, 0x1337013e, 0x07330333, 0x0cab0123, 0x02041f23, 0x364a1b05, 0x04034242, 0x03404d40, 0x352a2302, 0x06221c28,
    0x565a4d3a, 0x1c21462a, 0x3b0a130c, 0x0e434c37, 0x3e011322, 0x1d0fc2fe, 0x292c2b09, 0x011d471d, 0xd040fe20, 0x40000100, 0xe4010000, 0x1d000402,
    0x00ba7400, 0x001e0014, 0x3912111f, 0x0000b800, 0x00b85845, 0xb91b2f0c, 0x1b000c00, 0x00b8593e, 0xb8584500, 0x1b2f1a00, 0x001a00b9, 0xb8593e1b,
    0x58450000, 0x2f1d00b8, 0x1d00b91b, 0x593e1300, 0x001400ba, 0x111d000c, 0x00b83912, 0x05412f14, 0x14000f00, 0x14001f00, 0x415d0200, 0x004f0003,
    0x5d010014, 0x000000ba, 0x110c0014, 0x00b93912, 0xf4050004, 0x23013130, 0x2223010e, 0x3435022e, 0x0733013f, 0x1415010e, 0x3e323316, 0x33013f02,
    0x67012303, 0x384b1b05, 0x1222311f, 0x204d2007, 0x26270203, 0x19293722, 0x684d1c04, 0x3215014d, 0x29201332, 0x9d232017, 0x0a180f9d, 0x2619221d,
    0xfd8b152e, 0x000000fc, 0x3f000100, 0x0d03f4ff, 0x37000402, 0x00baa500, 0x00380014, 0x39121139, 0x0000b800, 0x00b85845, 0xb91b2f06, 0x1b000600,
    0x00b8593e, 0xb8584500, 0x1b2f1400, 0x001400b9, 0xb8593e1b, 0x58450000, 0x2f2200b8, 0x2200b91b, 0x593e1b00, 0x450000b8, 0x0000b858, 0x00b91b2f,
    0x3e130000, 0x0000b859, 0x00b85845, 0xb91b2f31, 0x13003100, 0x00b8593e, 0xb8584500, 0x1b2f2700, 0x002700b9, 0xb8593e13, 0xb9100000, 0x05000d00,
    0x3100b8f4, 0x1b00b910, 0xb8f40500, 0xb9102700, 0x05002400, 0x2e00baf4, 0x14001b00, 0xba391211, 0x0d003500, 0x12110600, 0x17313039, 0x34352622,
    0x03331337, 0x16141506, 0x37363233, 0x1337013e, 0x15060333, 0x32331614, 0x013e3736, 0x03331337, 0x22230733, 0x3f343526, 0x010e2301, 0x27262223,
    0xbc010e23, 0x40073c41, 0x2006404d, 0x1426182a, 0x3a062119, 0x1d06404d, 0x11291a25, 0x3a06241c, 0x0d495a4d, 0x04212146, 0x451b0502, 0x06363638,
    0x0c491a06, 0x2320444a, 0xc1fe3f01, 0x2a2a191e, 0x48191514, 0xfe200120, 0x281c1ec2, 0x1c12162a, 0x20011e48, 0x234440fe, 0x0a110c1c, 0x363c383a,
    0x0000383a, 0x3f000100, 0x0d0374ff, 0x39000402, 0x00baaf00, 0x003a0026, 0x3912113b, 0x0000b800, 0x00b85845, 0xb91b2f18, 0x1b001800, 0x00b8593e,
    0xb8584500, 0x1b2f2600, 0x002600b9, 0xb8593e1b, 0x58450000, 0x2f3400b8, 0x3400b91b, 0x593e1b00, 0x450000b8, 0x1200b858, 0x00b91b2f, 0x3e130012,
    0x0000b859, 0x00b85845, 0xb91b2f0b, 0x13000b00, 0x00b8593e, 0xb8584500, 0x1b2f0100, 0x000100b9, 0xb8593e13, 0xb9100b00, 0x05002d00, 0x0800baf4,
    0x26002d00, 0xb8391211, 0xb9101200, 0x05001f00, 0x0f00baf4, 0x18001f00, 0xb8391211, 0xb9100100, 0x05003600, 0x1200b8f4, 0x3900b910, 0x30f40b00,
    0x22232131, 0x3f343526, 0x010e2301, 0x27262223, 0x23010e23, 0x34352622, 0x03331337, 0x16141506, 0x37363233, 0x1337013e, 0x15060333, 0x32331614,
    0x013e3736, 0x03331337, 0x02230733, 0x1f230cb5, 0x1b050204, 0x36363845, 0x491a0606, 0x073c4139, 0x06404d40, 0x26182a20, 0x06211914, 0x06404d3a,
    0x291a251d, 0x06241c11, 0x565a4d3a, 0x1c21462a, 0x3a0a130c, 0x3a363c38, 0x20444a38, 0xfe3f0123, 0x2a191ec1, 0x1915142a, 0x20012048, 0x1c1ec2fe,
    0x12162a28, 0x011e481c, 0xd040fe20, 0x37000200, 0xfe010000, 0x0e000402, 0x6c001900, 0x000300ba, 0x111b001a, 0x00b83912, 0x00b81003, 0xb800d00f,
    0x58450000, 0x2f0200b8, 0x0200b91b, 0x593e1b00, 0x450000b8, 0x0e00b858, 0x00b91b2f, 0x3e13000e, 0x0200b859, 0x0100b910, 0xb8f40500, 0xb9100e00,
    0x05001900, 0x0400baf4, 0x19000200, 0xb8391211, 0x412f0400, 0x000f0005, 0x001f0004, 0x71020004, 0x001800b9, 0x3130f405, 0x33372313, 0x16323307,
    0x020e1415, 0x3237012b, 0x35013e37, 0x012b2634, 0x0e84bb07, 0x4c7d26d1, 0x49321a45, 0x5cdada2e, 0x25020415, 0x01277f2c, 0x44bb44c0, 0x3748283e,
    0x0e554420, 0x1f1e0b16, 0x000000c1, 0x32000200, 0x0202f4ff, 0x17000402, 0x69002800, 0x000900ba, 0x112a0029, 0x00b83912, 0x00b81009, 0xb800d018,
    0x58450000, 0x2f0800b8, 0x0800b91b, 0x593e1b00, 0x450000b8, 0x0000b858, 0x00b91b2f, 0x3e130000, 0x0800b859, 0x0600b910, 0xbaf40500, 0x08000e00,
    0x12110000, 0x0e00b839, 0x2000b92f, 0xbaf40500, 0x20000b00, 0x12110000, 0x0000b839, 0x1800b910, 0x30f40500, 0x26220531, 0x013f3435, 0x07333723,
    0x33013e33, 0x15021e32, 0x27020e14, 0x36013f32, 0x23263435, 0x010f0622, 0x16141506, 0x5a4c2701, 0x0e853006, 0x1c052ad1, 0x341e2647, 0x3b221526,
    0x19632650, 0x2d310307, 0x070b4435, 0x590c3603, 0xf01e1a4b, 0x2824d344, 0x233c2b18, 0x243e5431, 0x0c207045, 0x372b2611, 0x0c0f2333, 0x00002e28,
    0x24000300, 0x9b020000, 0x0c000402, 0x1b001700, 0x00ba8800, 0x001c000f, 0x3912111d, 0x100f00b8, 0xd00300b8, 0x100f00b8, 0xd01b00b8, 0x0000b800,
    0x00b85845, 0xb91b2f00, 0x1b000000, 0x00b8593e, 0xb8584500, 0x1b2f1800, 0x001800b9, 0xb8593e1b, 0x58450000, 0x2f1b00b8, 0x1b00b91b, 0x593e1300,
    0x450000b8, 0x0c00b858, 0x00b91b2f, 0x3e13000c, 0x1700b959, 0xbaf40500, 0x00000200, 0x12111700, 0x0200b839, 0x0005412f, 0x0002000f, 0x0002001f,
    0x00b97102, 0xf4050016, 0x33133130, 0x16323307, 0x020e1415, 0x3237012b, 0x35013e37, 0x012b2634, 0x03330107, 0x264d8c23, 0x1a454c75, 0xd22e4932,
    0x04155cd2, 0x772c2502, 0x4dd00127, 0x04024d68, 0x283e44bb, 0x44203748, 0x0b160e55, 0x01c11f1e, 0x00fcfdc0, 0x24000200, 0xc1010000, 0x0c000402,
    0x5e001700, 0x000b00ba, 0x11190018, 0x00b83912, 0x00b8100b, 0xb800d00d, 0x58450000, 0x2f0000b8, 0x0000b91b, 0x593e1b00, 0x450000b8, 0x0c00b858,
    0x00b91b2f, 0x3e13000c, 0x1700b959, 0xbaf40500, 0x00000200, 0x12111700, 0x0200b839, 0x0005412f, 0x0002000f, 0x0002001f, 0x00b97102, 0xf4050016,
    0x33133130, 0x16323307, 0x020e1415, 0x3237012b, 0x35013e37, 0x012b2634, 0x264d8c07, 0x1a454c7d, 0xda2e4932, 0x04155cda, 0x7f2c2502, 0xbb040227,
    0x48283e44, 0x55442037, 0x1e0b160e, 0x0000c11f, 0x40000200, 0xc101f4ff, 0x15000402, 0x5f002700, 0x001600ba, 0x11290028, 0x00b83912, 0x00b81016,
    0xb800d000, 0x58450000, 0x2f0600b8, 0x0600b91b, 0x593e1b00, 0x450000b8, 0x0000b858, 0x00b91b2f, 0x3e130000, 0x0c00ba59, 0x00000600, 0xb8391211,
    0xb92f0c00, 0x05001e00, 0x0900baf4, 0x00001e00, 0xb8391211, 0xb9100000, 0x05001600, 0x173130f4, 0x34352622, 0x07331337, 0x33013e33, 0x15021e32,
    0x27020e14, 0x36013f32, 0x23263435, 0x010f0622, 0x1415010e, 0x5a4ce616, 0x2b4d3e06, 0x26471c05, 0x1526341e, 0x26503b22, 0x03071963, 0x45352d31,
    0x0202060a, 0x4b590c36, 0x34011e1a, 0x182824d3, 0x31233c2b, 0x45243e54, 0x110c2070, 0x33372b26, 0x050d0c20, 0x00002e28, 0x08000100, 0xbf01f4ff,
    0x22001002, 0x00ba5700, 0x00230006, 0x39121124, 0x0000b800, 0x00b85845, 0xb91b2f0d, 0x1b000d00, 0x00b8593e, 0xb8584500, 0x1b2f1700, 0x001700b9,
    0xb9593e13, 0x05001d00, 0x0000baf4, 0x1d000d00, 0xb8391211, 0xb82f0000, 0xb9100d00, 0x05000600, 0x0000b8f4, 0x2200b910, 0x30f40500, 0x36331331,
    0x23263435, 0x27070622, 0x3233013e, 0x1415021e, 0x2223020e, 0x16372726, 0x3f363233, 0xd29d2301, 0x2d423d03, 0x222f1f42, 0x482e4561, 0x43241a31,
    0x5e463c60, 0x5b1c3f10, 0x050e4f42, 0x152501d3, 0x27463913, 0x382d2c26, 0x304d381e, 0x345a7744, 0x5a1d3948, 0x0018454f, 0x24000200, 0xc802f4ff,
    0x19001002, 0x81002b00, 0x002600ba, 0x112d002c, 0x00b83912, 0x00b81026, 0xb800d000, 0x58450000, 0x2f0a00b8, 0x0a00b91b, 0x593e1b00, 0x450000b8,
    0x1200b858, 0x00b91b2f, 0x3e1b0012, 0x0000b859, 0x00b85845, 0xb91b2f09, 0x13000900, 0x00b8593e, 0xb8584500, 0x1b2f0000, 0x000000b9, 0xba593e13,
    0x09000700, 0x12110a00, 0x0700b839, 0x0c00b92f, 0xb8f40500, 0xb9100000, 0x05001a00, 0x1200b8f4, 0x2300b910, 0x30f40500, 0x26220531, 0x37013c35,
    0x13230723, 0x3e330733, 0x16323303, 0x020e1415, 0x3f363227, 0x34353601, 0x06222326, 0x1506010f, 0xc2011614, 0x6d016551, 0x4d684d2f, 0x2e0c6a2c,
    0x51305140, 0x61452565, 0x10543831, 0x3b39050f, 0x0f105438, 0x6a0c3905, 0x0811086a, 0xd90402e9, 0x233e5430, 0x77416a6a, 0x5245365a, 0x14194b4f,
    0x4f524336, 0x3614194b, 0x00000043, 0x24000200, 0xbe02f4ff, 0x1900e402, 0x89002b00, 0x002600ba, 0x112d002c, 0x00b83912, 0x00b81026, 0xb800d000,
    0x58450000, 0x2f0a00b8, 0x0a00b91b, 0x593e1f00, 0x450000b8, 0x1200b858, 0x00b91b2f, 0x3e1b0012, 0x0000b859, 0x00b85845, 0xb91b2f09, 0x13000900,
    0x00b8593e, 0xb8584500, 0x1b2f0000, 0x000000b9, 0xba593e13, 0x12000700, 0x12110000, 0x0700b839, 0x0c00b92f, 0xb8f40500, 0xb9100000, 0x05001a00,
    0x1200b8f4, 0x2300b910, 0xb8f40500, 0xb8100c00, 0x30d02600, 0x26220531, 0x37013c35, 0x13230723, 0x3e330333, 0x16323303, 0x020e1415, 0x3f363227,
    0x34353601, 0x06222326, 0x1506010f, 0xb8011614, 0x63016551, 0x4d954c30, 0x2e0c6059, 0x51305140, 0x61452565, 0x10543831, 0x3b39050f, 0x0f105438,
    0x6a0c3905, 0x0811086a, 0xfee402e9, 0x3e543047, 0x416a6a23, 0x45365a77, 0x194b4f52, 0x52433614, 0x14194b4f, 0x00004336, 0xfdff0200, 0xe7010000,
    0x18000402, 0x76002400, 0x001900ba, 0x11260025, 0x00b83912, 0x00b81019, 0xb800d00e, 0x58450000, 0x2f0e00b8, 0x0e00b91b, 0x593e1b00, 0x450000b8,
    0x1100b858, 0x00b91b2f, 0x3e130011, 0x0000b859, 0x00b85845, 0xb91b2f18, 0x13001800, 0x00b9593e, 0xf4050000, 0x002200ba, 0x110e0018, 0x00b83912,
    0x00b92f22, 0xf4050013, 0x000600ba, 0x11220013, 0x00b83912, 0x00b9100e, 0xf4050019, 0x33373130, 0x3f013e37, 0x35012e01, 0x3b023e34, 0x37230301,
    0x010e0723, 0x2201012b, 0x010e0706, 0x3b161415, 0x370b3701, 0x15200e40, 0x19403901, 0xda2f4731, 0x69294d68, 0x212f165f, 0x35100130, 0x02020635,
    0x257e2c25, 0x15145e44, 0x40080402, 0x33422235, 0xc8fcfd1f, 0x011c208c, 0x071e30c0, 0x20260912, 0x000000b6, 0xe5ffffff, 0x23020000, 0x0602ba02,
    0x00002100, 0x27000200, 0x4b020000, 0x0e00ba02, 0x5f001a00, 0x000d00ba, 0x111c001b, 0x00b83912, 0x00b8100d, 0xb800d00f, 0x58450000, 0x2f0000b8,
    0x0000b91b, 0x593e1d00, 0x450000b8, 0x0e00b858, 0x00b91b2f, 0x3e13000e, 0x0000b859, 0x0300b910, 0xb8f40d00, 0xb9100e00, 0x0d001a00, 0x0400baf4,
    0x00001a00, 0xb8391211, 0xb92f0400, 0x0d001900, 0x133130f4, 0x07210721, 0x15163233, 0x23020e14, 0x36322521, 0x35013e37, 0x012b2634, 0x9801b303,
    0x29b9fe0e, 0x21515cac, 0xfe36573c, 0x322101eb, 0x06060a42, 0x37b5352a, 0xd048ba02, 0x59344f61, 0x33482540, 0x0e311d32, 0xeefe2c25, 0x2700ffff,
    0x5b020000, 0x0602ba02, 0x00002200, 0x27000100, 0x1f020000, 0x0500ba02, 0x00ba3900, 0x00060003, 0x39121107, 0x0000b800, 0x00b85845, 0xb91b2f00,
    0x1d000000, 0x00b8593e, 0xb8584500, 0x1b2f0500, 0x000500b9, 0xb8593e13, 0xb9100000, 0x0d000300, 0x133130f4, 0x03210721, 0x6c01b323, 0x7ee5fe0e,
    0x48ba0251, 0x00008efd, 0xb7ff0200, 0x90026aff, 0x1000ba02, 0x5f001a00, 0x001300ba, 0x111c001b, 0x00b83912, 0x00b81013, 0xb800d007, 0x58450000,
    0x2f0700b8, 0x0700b91b, 0x593e1d00, 0x450000b8, 0x0e00b858, 0x00b91b2f, 0x3e13000e, 0x0100b959, 0xb8f40d00, 0xb8d00900, 0xb8100e00, 0xb8dc1000,
    0xb8d00c00, 0xb9100700, 0x0d001300, 0x0100b8f4, 0x1a00b810, 0x273130d0, 0x3f033e33, 0x33032101, 0x21372307, 0x13252307, 0x030e0723, 0x4b1d010f,
    0x2b292815, 0x94012518, 0x4a2d607d, 0x1f06fe1e, 0x6e0b024a, 0x271618f5, 0x010f2124, 0x62371348, 0xfdb87599, 0x9696de8e, 0x772a02de, 0x3a62946c,
    0x00000512, 0xb7ff0200, 0x76026aff, 0x0b00ba02, 0x5f001100, 0x001000ba, 0x11130012, 0x00b83912, 0x00b81010, 0xb800d002, 0x58450000, 0x2f0200b8,
    0x0200b91b, 0x593e1d00, 0x450000b8, 0x0900b858, 0x00b91b2f, 0x3e130009, 0x1100b959, 0xb8f40d00, 0xb8d00100, 0xb8101100, 0xb8d00400, 0xb9100900,
    0x0b000b00, 0x0700b8f4, 0x0200b8d0, 0x0f00b810, 0x273130d0, 0x13330133, 0x37230733, 0x25230721, 0x07232703, 0x01461d03, 0x46536b49, 0xfe1e4a2d,
    0x024a1f03, 0x05172b26, 0x0248b266, 0xde8efd72, 0x01de9696, 0xfed1d352, 0x000000ac, 0x2700ffff, 0x4e020000, 0x0602ba02, 0x00002500, 0xf5ff0100,
    0xba030000, 0x3900ba02, 0x00bae500, 0x003a002f, 0x3912113b, 0x0000b800, 0x00b85845, 0xb91b2f0c, 0x1d000c00, 0x00b8593e, 0xb8584500, 0x1b2f1b00,
    0x001b00b9, 0xb8593e1d, 0x58450000, 0x2f1300b8, 0x1300b91b, 0x593e1d00, 0x450000b8, 0x3900b858, 0x00b91b2f, 0x3e130039, 0x0000b859, 0x00b85845,
    0xb91b2f28, 0x13002800, 0x00b8593e, 0xb8584500, 0x1b2f3000, 0x003000b9, 0xb8593e13, 0xb9103900, 0x0d000000, 0x3200baf4, 0x39000c00, 0xb8391211,
    0x412f3200, 0x008f0003, 0x5d010032, 0xdf000341, 0x01003200, 0x1100b971, 0xbaf40d00, 0x11000600, 0x12113200, 0x0c00b839, 0x0b00b910, 0xb8f40d00,
    0xb8101100, 0xb8d01500, 0xb9101b00, 0x0d001c00, 0x2100baf4, 0x32001100, 0xb8391211, 0xb9102800, 0x0d002700, 0x3200b8f4, 0x2e00b810, 0x373130d0,
    0x013e3733, 0x012e013f, 0x3723012f, 0x1f163233, 0x33133301, 0x3e373303, 0x07013b01, 0x010e0723, 0x011e010f, 0x0733011f, 0x2f262223, 0x23032301,
    0x0e072313, 0x03012b03, 0x27159538, 0x150f0118, 0x0e39350b, 0x0a25202a, 0x513e743f, 0x179d743e, 0x0e27292f, 0x22148538, 0x170f0114, 0x0e3a430b,
    0x0c23202d, 0x513f754f, 0x0daf7440, 0x131f1b18, 0x1ed9482a, 0x0505031d, 0x48c9231d, 0x01f0261f, 0xf7cbfe35, 0xd1481b23, 0x0505191e, 0xd5231b05,
    0xfb261e48, 0x3f01c1fe, 0x0f1912ff, 0x00000006, 0xe8ff0100, 0xc3030000, 0x2300ba02, 0x00baa700, 0x0024001d, 0x39121125, 0x0000b800, 0x00b85845,
    0xb91b2f07, 0x1d000700, 0x00b8593e, 0xb8584500, 0x1b2f0b00, 0x000b00b9, 0xb8593e1d, 0x58450000, 0x2f0f00b8, 0x0f00b91b, 0x593e1d00, 0x450000b8,
    0x2200b858, 0x00b91b2f, 0x3e130022, 0x0000b859, 0x00b85845, 0xb91b2f1e, 0x13001e00, 0x00b8593e, 0xb8584500, 0x1b2f1a00, 0x001a00b9, 0xba593e13,
    0x07001f00, 0x12112200, 0x1f00b839, 0x0a00b92f, 0xbaf40d00, 0x1f000200, 0x12110a00, 0x0d00b839, 0x1500bad0, 0x1f000a00, 0xb8391211, 0xb8101f00,
    0x30d01c00, 0x3f361331, 0x27012e01, 0x33133303, 0x33033313, 0x0e033313, 0x1e010f01, 0x23131701, 0x23032303, 0x23032313, 0x302bc513, 0x0c180f01,
    0x746c5060, 0x743e513e, 0x15d05be5, 0x0f011428, 0x56770e19, 0x513f7385, 0x61f47340, 0x382101dd, 0x1d050506, 0xfe110123, 0xfe3501cb, 0xfe3501cb,
    0x051b1ce7, 0x221c0505, 0x3f01e3fe, 0x3f01c1fe, 0x2101c1fe, 0x0b000100, 0x2302f4ff, 0x2f00c602, 0x00ba6600, 0x0030000f, 0x39121131, 0x0000b800,
    0x00b85845, 0xb91b2f22, 0x1d002200, 0x00b8593e, 0xb8584500, 0x1b2f0000, 0x000000b9, 0xb9593e13, 0x05000700, 0x1200baf4, 0x07002200, 0xb8391211,
    0x412f1200, 0x007f0003, 0x72010012, 0x000f00b9, 0x00b8f40d, 0x00b91022, 0xf405001b, 0x002800ba, 0x1112000f, 0x31303912, 0x27262217, 0x33011e37,
    0x3e373632, 0x2b343501, 0x32333701, 0x013e3736, 0x23263435, 0x27070622, 0x3233013e, 0x06141516, 0x1516010f, 0xf5020e14, 0x3f23794e, 0x3c355a1e,
    0x03020e58, 0x520f617c, 0x020b4e4b, 0x383b3a02, 0x29361e58, 0x65624d75, 0x6a014a4f, 0x0c5e4326, 0x332f3e3d, 0x0c413a2e, 0x485c0c16, 0x150a333c,
    0x2d302a0b, 0x3a303226, 0x61484b53, 0x661b0515, 0x223f5936, 0x27000100, 0xa9020000, 0x0f00ba02, 0x00ba5d00, 0x00100001, 0x39121111, 0x0000b800,
    0x00b85845, 0xb91b2f00, 0x1d000000, 0x00b8593e, 0xb8584500, 0x1b2f0600, 0x000600b9, 0xb8593e1d, 0x58450000, 0x2f0900b8, 0x0900b91b, 0x593e1300,
    0x450000b8, 0x0f00b858, 0x00b91b2f, 0x3e13000f, 0x0300b859, 0x0600b8d0, 0x0c00b810, 0x133130d0, 0x33070333, 0x03330137, 0x23371323, 0xb3230107,
    0x0326594f, 0x4880015b, 0x26594f8c, 0x80fe5b03, 0xfeba0248, 0x017e8d48, 0x0146fdc7, 0xfe7e8db8, 0x00000039, 0x2700ffff, 0xa9020000, 0x26029103,
    0x0000aa02, 0xca030600, 0x0000007e, 0x27000100, 0x91020000, 0x1f00ba02, 0x00ba9500, 0x00200003, 0x39121121, 0x0000b800, 0x00b85845, 0xb91b2f00,
    0x1d000000, 0x00b8593e, 0xb8584500, 0x1b2f0900, 0x000900b9, 0xb8593e1d, 0x58450000, 0x2f1f00b8, 0x1f00b91b, 0x593e1300, 0x450000b8, 0x1800b858,
    0x00b91b2f, 0x3e130018, 0x1d00ba59, 0x1f000000, 0xb8391211, 0x412f1d00, 0x00df0003, 0x7101001d, 0x8f000341, 0x01001d00, 0x0200b95d, 0xb8f40d00,
    0xb9100900, 0x0d000c00, 0x1000baf4, 0x02001d00, 0xb8391211, 0xb9101800, 0x0d001500, 0x133130f4, 0x37330333, 0x013b033e, 0x0e072307, 0x1e010f01,
    0x33011f01, 0x26222307, 0x0323012f, 0x3e51b323, 0x180fbc79, 0x320e1817, 0x11aa390e, 0x1101131d, 0x38670b16, 0x231b2e0e, 0x3f7a7410, 0xfeba0251,
    0x1813f7cb, 0xe048050e, 0x05041217, 0xe3171806, 0xff231d48, 0x0000c1fe, 0x27000100, 0x8d020000, 0x1300ba02, 0x00ba6f00, 0x00140003, 0x39121115,
    0x0000b800, 0x00b85845, 0xb91b2f00, 0x1d000000, 0x00b8593e, 0xb8584500, 0x1b2f0400, 0x000400b9, 0xb8593e1d, 0x58450000, 0x2f1300b8, 0x1300b91b,
    0x593e1300, 0x450000b8, 0x0f00b858, 0x00b91b2f, 0x3e13000f, 0x1100ba59, 0x13000000, 0xb8391211, 0xb92f1100, 0x0d000200, 0x0a00baf4, 0x02001100,
    0x30391211, 0x03331331, 0x03331333, 0x010f010e, 0x1317011e, 0x03230323, 0x3e51b323, 0xeb5df575, 0x01131e12, 0x920b1611, 0x3f789b58, 0xfeba0251,
    0xfe3501cb, 0x041217d8, 0x17180605, 0x3f01d5fe, 0x0000c1fe, 0xd9ff0100, 0x90020000, 0x1600ba02, 0x00ba5400, 0x0017000c, 0x39121118, 0x0000b800,
    0x00b85845, 0xb91b2f07, 0x1d000700, 0x00b8593e, 0xb8584500, 0x1b2f1600, 0x001600b9, 0xb8593e13, 0x58450000, 0x2f0a00b8, 0x0a00b91b, 0x593e1300,
    0x101600b8, 0x000100b9, 0x00b8f40d, 0x00b91007, 0xf40d000c, 0x33273130, 0x013f033e, 0x13230321, 0x030e0723, 0x2b010e07, 0x16431901, 0x17282729,
    0x8c980129, 0x1cf97d51, 0x25252617, 0x2a3e1d14, 0x34134822, 0xcc70925d, 0x720246fd, 0x61946f8b, 0x191d1439, 0xe5ffffff, 0x19020000, 0x0602ba02,
    0x00005002, 0x2700ffff, 0x0d030000, 0x0602ba02, 0x00002d00, 0x2700ffff, 0xa9020000, 0x0602ba02, 0x00002800, 0x3700ffff, 0x8c02f4ff, 0x0602c602,
    0x00002f00, 0x27000100, 0x9b020000, 0x0700ba02, 0x00ba4a00, 0x00080005, 0x39121109, 0x0000b800, 0x00b85845, 0xb91b2f00, 0x1d000000, 0x00b8593e,
    0xb8584500, 0x1b2f0700, 0x000700b9, 0xb8593e13, 0x58450000, 0x2f0300b8, 0x0300b91b, 0x593e1300, 0x100000b8, 0x000500b9, 0x3130f40d, 0x23032113,
    0x23032113, 0x8de801b3, 0xbbfe7e51, 0xba02517e, 0x720246fd, 0x00008efd, 0x2700ffff, 0x59020000, 0x0602ba02, 0x00003000, 0x3700ffff, 0x6702f4ff,
    0x0602c602, 0x00002300, 0x6200ffff, 0x6b020000, 0x0602ba02, 0x00003400, 0x49000100, 0x6d020000, 0x1100ba02, 0x00ba5800, 0x00120006, 0x39121113,
    0x0000b800, 0x00b85845, 0xb91b2f03, 0x1d000300, 0x00b8593e, 0xb8584500, 0x1b2f0900, 0x000900b9, 0xb8593e1d, 0x58450000, 0x2f1100b8, 0x1100b91b,
    0x593e1300, 0x000000b9, 0x00baf40d, 0x00030002, 0x39121111, 0x100200b8, 0xd00600b8, 0x33373130, 0x13330337, 0x13373317, 0x030e0133, 0x6157012b,
    0x48537e31, 0xad480618, 0x0d9afe54, 0x16201a17, 0x0256484a, 0x87cdfe1c, 0xfd310189, 0x101c168e, 0x00000006, 0x2f000300, 0x0003e3ff, 0x1d00d502,
    0x3d002c00, 0x00ba8000, 0x003e001b, 0x3912113f, 0x101b00b8, 0xd02000b8, 0x101b00b8, 0xd03d00b8, 0x0c00b800, 0x0000b82f, 0x0003412f, 0x000c0000,
    0x03415d01, 0x0c003000, 0x415d0100, 0x00600003, 0x5d01000c, 0x100c00b8, 0xdc0d00b8, 0x100c00b8, 0xd00f00b8, 0x100000b8, 0xd01b00b8, 0x100000b8,
    0xdc1d00b8, 0x100000b8, 0x001e00b9, 0x00b8f40d, 0x00b9100c, 0xf40d001f, 0xd03c00b8, 0x101e00b8, 0xd03d00b8, 0x23253130, 0x35022e22, 0x3b023e34,
    0x07333701, 0x021e3233, 0x020e1415, 0x2307012b, 0x22231337, 0x010f020e, 0x1415010e, 0x32013b16, 0x013f023e, 0x3435013e, 0x012b022e, 0x1a360103,
    0x203e5738, 0x5483592f, 0x1251121a, 0x3e58371a, 0x83592f20, 0x51121a54, 0x2f1d5821, 0x082b3f51, 0x5802020b, 0x512f8157, 0x0b082b3f, 0x2c160202,
    0x58182b42, 0x533d223d, 0x607e4430, 0x225a5a3a, 0x4430533d, 0x5a3a607e, 0x1db6019e, 0x36284632, 0x410b170c, 0x45331c54, 0x170c3629, 0x2837200b,
    0x004afe16, 0x31000300, 0x0403caff, 0x1900ee02, 0x37002800, 0x00ba7200, 0x0038001c, 0x39121139, 0x101c00b8, 0xd01700b8, 0x101c00b8, 0xd03700b8,
    0x1900b800, 0x0000b82f, 0x00b85845, 0xb91b2f0b, 0x1f000b00, 0x00ba593e, 0x00190017, 0x3912110b, 0x2f1700b8, 0xd00000b8, 0x000d00ba, 0x1119000b,
    0x00b83912, 0x00b82f0d, 0x00b8d00a, 0x00b91017, 0xf40d0037, 0xd01a00b8, 0x100d00b8, 0x003600b9, 0x00b8f40d, 0x3130d01b, 0x26222325, 0x023e3435,
    0x3337013b, 0x16323307, 0x020e1415, 0x2307012b, 0x22231337, 0x010f020e, 0x1415010e, 0x32013b16, 0x013f023e, 0x3435013e, 0x03012b26, 0x70183401,
    0x845f357b, 0x51121750, 0x7b711712, 0x4f855f35, 0x23511217, 0x54301a60, 0x0c092d42, 0x515b0302, 0x42533080, 0x020c092e, 0x1a525b03, 0x75822460,
    0x37648a54, 0x76805a5a, 0x37648b54, 0xe8019e5a, 0x314e381e, 0x0c1a0e3e, 0x371f544d, 0x0e3e304f, 0x554d0b1a, 0x000018fe, 0xe7ffffff, 0x8d020000,
    0x0602ba02, 0x00003800, 0x27000100, 0x9a026aff, 0x0b00ba02, 0x00ba5200, 0x000c0003, 0x3912110d, 0x0000b800, 0x00b85845, 0xb91b2f02, 0x1d000200,
    0x00b8593e, 0xb8584500, 0x1b2f0600, 0x000600b9, 0xb8593e1d, 0x58450000, 0x2f0100b8, 0x0100b91b, 0x593e1300, 0x000400b9, 0x00b8f40d, 0x00b8d008,
    0x00b81001, 0x3130dc0b, 0x33130129, 0x33132103, 0x23073303, 0x03fe2402, 0x017d518c, 0x7d517d45, 0x024a2d60, 0x028efdba, 0xde8efd72, 0x62000100,
    0x6b020000, 0x1900ba02, 0x00ba6700, 0x001a0013, 0x3912111b, 0x0000b800, 0x00b85845, 0xb91b2f0b, 0x1d000b00, 0x00b8593e, 0xb8584500, 0x1b2f1600,
    0x001600b9, 0xb8593e1d, 0x58450000, 0x2f1900b8, 0x1900b91b, 0x593e1300, 0x001300ba, 0x1119000b, 0x00b83912, 0x03412f13, 0x1300bf00, 0xb95d0100,
    0x0d000400, 0x0100baf4, 0x13000400, 0x30391211, 0x0e230131, 0x26222301, 0x3f363435, 0x0e073301, 0x16141501, 0x13373233, 0x01230333, 0x4e1e04c5,
    0x0762672a, 0x24511f08, 0x43430705, 0x51463b62, 0x1501518c, 0x565c0e0c, 0x99263618, 0x10291ab2, 0x0119363c, 0x0046fd5e, 0x27000100, 0x92030000,
    0x0b00ba02, 0x00ba5b00, 0x000c0006, 0x3912110d, 0x0000b800, 0x00b85845, 0xb91b2f00, 0x1d000000, 0x00b8593e, 0xb8584500, 0x1b2f0400, 0x000400b9,
    0xb8593e1d, 0x58450000, 0x2f0800b8, 0x0800b91b, 0x593e1d00, 0x450000b8, 0x0b00b858, 0x00b91b2f, 0x3e13000b, 0x0200b959, 0xb8f40d00, 0x30d00600,
    0x03331331, 0x03331333, 0x03331333, 0x7d51b321, 0x7d517df6, 0x8b517df6, 0xba0220fd, 0x72028efd, 0x72028efd, 0x000046fd, 0x27000100, 0x92036aff,
    0x0f00ba02, 0x00ba6b00, 0x00100008, 0x39121111, 0x0000b800, 0x00b85845, 0xb91b2f02, 0x1d000200, 0x00b8593e, 0xb8584500, 0x1b2f0600, 0x000600b9,
    0xb8593e1d, 0x58450000, 0x2f0a00b8, 0x0a00b91b, 0x593e1d00, 0x450000b8, 0x0100b858, 0x00b91b2f, 0x3e130001, 0x0400b959, 0xb8f40d00, 0xb8d00800,
    0xb8100400, 0xb8d00c00, 0xb8100100, 0x30dc0f00, 0x13012931, 0x13330333, 0x13330333, 0x07330333, 0xfd1c0323, 0x7d518c0b, 0x7d517df6, 0x7d517df6,
    0x024a2d60, 0x028efdba, 0x028efd72, 0xde8efd72, 0x62000200, 0x9c020000, 0x0e00ba02, 0x5f001a00, 0x000300ba, 0x111c001b, 0x00b83912, 0x00b81003,
    0xb800d019, 0x58450000, 0x2f0200b8, 0x0200b91b, 0x593e1d00, 0x450000b8, 0x0e00b858, 0x00b91b2f, 0x3e13000e, 0x0200b859, 0x0100b910, 0xb8f40d00,
    0xb9100e00, 0x0d001a00, 0x0400baf4, 0x02001a00, 0xb8391211, 0xb92f0400, 0x0d001900, 0x013130f4, 0x03333723, 0x15163233, 0x23020e14, 0x36322521,
    0x35013e37, 0x012b2634, 0xaf110103, 0xb637ff0f, 0x3c21515c, 0xe1fe3657, 0x42322b01, 0x2a06060a, 0x0237bf35, 0xe8fe4872, 0x59355060, 0x33482440,
    0x0e311d32, 0xeefe2c25, 0x27000300, 0x49030000, 0x0c00ba02, 0x1c001800, 0x00ba7f00, 0x001d0010, 0x3912111e, 0x101000b8, 0xd00300b8, 0x101000b8,
    0xd01c00b8, 0x0000b800, 0x00b85845, 0xb91b2f00, 0x1d000000, 0x00b8593e, 0xb8584500, 0x1b2f1900, 0x001900b9, 0xb8593e1d, 0x58450000, 0x2f0c00b8,
    0x0c00b91b, 0x593e1300, 0x450000b8, 0x1c00b858, 0x00b91b2f, 0x3e13001c, 0x0c00b859, 0x1800b910, 0xbaf40d00, 0x00000200, 0x12111800, 0x0200b839,
    0x1700b92f, 0x30f40d00, 0x03331331, 0x15163233, 0x23020e14, 0x36322521, 0x35013e37, 0x012b2634, 0x03330103, 0x3751b323, 0x21515cac, 0xfe36573c,
    0x322101eb, 0x06060a42, 0x37b5352a, 0x8c517102, 0xfeba0251, 0x355060e8, 0x48244059, 0x311d3233, 0xfe2c250e, 0xfd7202ee, 0x00000046, 0x27000200,
    0x30020000, 0x0c00ba02, 0x51001800, 0x000b00ba, 0x111a0019, 0x00b83912, 0x00b8100b, 0xb800d00d, 0x58450000, 0x2f0000b8, 0x0000b91b, 0x593e1d00,
    0x450000b8, 0x0c00b858, 0x00b91b2f, 0x3e13000c, 0x1800b959, 0xbaf40d00, 0x00000200, 0x12111800, 0x0200b839, 0x1700b92f, 0x30f40d00, 0x03331331,
    0x15163233, 0x23020e14, 0x36322521, 0x35013e37, 0x012b2634, 0x3751b303, 0x21515cb6, 0xfe36573c, 0x322b01e1, 0x06060a42, 0x37bf352a, 0xe8feba02,
    0x59355060, 0x33482440, 0x0e311d32, 0xeefe2c25, 0x0e000100, 0x4902f4ff, 0x2800c602, 0x00ba6000, 0x00290007, 0x3912112a, 0x0000b800, 0x00b85845,
    0xb91b2f10, 0x1d001000, 0x00b8593e, 0xb8584500, 0x1b2f1a00, 0x001a00b9, 0xb9593e13, 0x0d002100, 0x0000baf4, 0x21001000, 0xb8391211, 0x412f0000,
    0x007f0003, 0x72010000, 0x101000b8, 0x000700b9, 0x00b8f40d, 0x00b91000, 0xf40d0028, 0x21133130, 0x3435013e, 0x0e222326, 0x3e270702, 0x1e323301,
    0x0e141502, 0x26222302, 0x011e3727, 0x023e3233, 0xda21013f, 0x02031901, 0x36235053, 0x4213282d, 0x35607b2d, 0x31233f58, 0x584c7d5a, 0x15491d72,
    0x4828444d, 0x09092a3b, 0x8601e8fe, 0x530e1f11, 0x2f1e0f66, 0x534f221f, 0x43684724, 0x4578a25d, 0x45215c4e, 0x4e361d3d, 0x00002f31, 0x27000200,
    0x7d03f4ff, 0x1900c602, 0x81002d00, 0x002700ba, 0x112f002e, 0x00b83912, 0x00b81027, 0xb800d000, 0x58450000, 0x2f0a00b8, 0x0a00b91b, 0x593e1d00,
    0x450000b8, 0x1200b858, 0x00b91b2f, 0x3e1d0012, 0x0000b859, 0x00b85845, 0xb91b2f09, 0x13000900, 0x00b8593e, 0xb8584500, 0x1b2f0000, 0x000000b9,
    0xba593e13, 0x0a000700, 0x12110900, 0x0700b839, 0x0c00b92f, 0xb8f40d00, 0xb9100000, 0x0d001a00, 0x1200b8f4, 0x2400b910, 0x30f40d00, 0x26220531,
    0x37363435, 0x13230323, 0x3e330333, 0x16323303, 0x020e1415, 0x3f363227, 0x35013e01, 0x22232634, 0x0e010f06, 0x16141501, 0x7a692b02, 0x40920101,
    0x3e518c51, 0x543c0f90, 0x7a693c69, 0x447d5930, 0x14167950, 0x4b500304, 0x14167950, 0x0c500304, 0x2012858b, 0x02c2fe08, 0x45ccfeba, 0x8b315575,
    0x7ea25785, 0x6f79494b, 0x0f231364, 0x6f795956, 0x0f231364, 0x00005956, 0xfeff0200, 0x6c020000, 0x1700ba02, 0x7a002300, 0x001200ba, 0x11250024,
    0x00b83912, 0x00b81012, 0xb800d021, 0x58450000, 0x2f0d00b8, 0x0d00b91b, 0x593e1d00, 0x450000b8, 0x1700b858, 0x00b91b2f, 0x3e130017, 0x0000b859,
    0x00b85845, 0xb91b2f10, 0x13001000, 0x00b8593e, 0x00b91017, 0xf40d0000, 0x002100ba, 0x110d0017, 0x00b83912, 0x00b92f21, 0xf40d0012, 0x000500ba,
    0x11210012, 0x00b83912, 0x00b9100d, 0xf40d0018, 0x33373130, 0x013f3637, 0x3435012e, 0x2133023e, 0x23132303, 0x2b010e07, 0x06220101, 0x15010e07,
    0x013b1614, 0x74380c13, 0x4e012e24, 0x573c2145, 0x8c0a0136, 0x9c953c51, 0x2a273219, 0x43325801, 0x2a06050a, 0x4833af35, 0x050636b0, 0x31454e05,
    0xfd243f55, 0xec2c0146, 0x72021b25, 0x27173233, 0x012c250c, 0x00000000, 0xfdff0200, 0x5f020000, 0x1100ba02, 0x70001d00, 0x000f00ba, 0x111f001e,
    0x00b83912, 0x00b8100f, 0xb800d01d, 0x58450000, 0x2f0b00b8, 0x0b00b91b, 0x593e1d00, 0x450000b8, 0x1000b858, 0x00b91b2f, 0x3e130010, 0x0000b859,
    0x00b85845, 0xb91b2f0d, 0x13000d00, 0x00ba593e, 0x000b001d, 0x3912110d, 0x2f1d00b8, 0x000f00b9, 0x00baf40d, 0x000f0003, 0x3912111d, 0x100b00b8,
    0x001300b9, 0x3130f40d, 0x013f3613, 0x3e343526, 0x03213302, 0x03231323, 0x23130123, 0x0e070622, 0x16141501, 0x2a22b133, 0x3c219301, 0x0a013657,
    0x8f3c518c, 0xd00160d2, 0x4332b733, 0x2a06050a, 0x30000135, 0x8f090504, 0x243f5531, 0x2c0146fd, 0x7201d4fe, 0x32330001, 0x250c2717, 0x0000002c,
    0x3300ffff, 0x1802f4ff, 0x2602d102, 0x00000400, 0x8f030600, 0x00000029, 0x3300ffff, 0x1802f4ff, 0x2602e702, 0x00000400, 0x96030600, 0x0000001f,
    0x1600ffff, 0xd301f4ff, 0x2602d102, 0x00000500, 0x8f030600, 0x000000f9, 0x1600ffff, 0xd301f4ff, 0x2602e702, 0x00000500, 0x96030600, 0x000000ef,
    0x1600ffff, 0x0c03f4ff, 0x06021002, 0x0000f500, 0x2400ffff, 0xc0010000, 0x26020c03, 0x00007802, 0x91030600, 0x000000ef, 0x24000100, 0xdc010000,
    0x07009002, 0x00ba4100, 0x00080005, 0x39121109, 0x0000b800, 0x00b85845, 0xb91b2f00, 0x1b000000, 0x00b8593e, 0xb8584500, 0x1b2f0700, 0x000700b9,
    0xb8593e13, 0xb8100000, 0xb8dc0200, 0xb9100000, 0x05000500, 0x133130f4, 0x07333733, 0x8b230323, 0x2a461cef, 0x024d5ae7, 0xfed08c04, 0x00000040,
    0x24000100, 0xc00174ff, 0x09000402, 0x00ba4d00, 0x000a0005, 0x3912110b, 0x0000b800, 0x00b85845, 0xb91b2f00, 0x1b000000, 0x00b8593e, 0xb8584500,
    0x1b2f0900, 0x000900b9, 0xb8593e13, 0xb9100000, 0x05000300, 0x0900b8f4, 0x0400b910, 0xb8f40500, 0xb9100900, 0x0b000700, 0x133130f4, 0x03230721,
    0x37230733, 0x35018b23, 0x564ce70e, 0x5d1c462a, 0xfe440402, 0x008cd084, 0x1a000100, 0xce010000, 0x0d000402, 0x00ba7700, 0x000e0007, 0x3912110f,
    0x0000b800, 0x00b85845, 0xb91b2f04, 0x1b000400, 0x00b8593e, 0xb8584500, 0x1b2f0d00, 0x000d00b9, 0xba593e13, 0x0d000200, 0x12110400, 0x0200b839,
    0x0005412f, 0x0002004f, 0x0002005f, 0x05417102, 0x0200cf00, 0x0200df00, 0xb95d0200, 0x05000100, 0x0400b8f4, 0x0700b910, 0xb8f40500, 0xb8100200,
    0xb8d00800, 0xb8100100, 0x30d00b00, 0x37233731, 0x07213733, 0x07330723, 0x60230723, 0x2d460c46, 0xe70e3501, 0x9e0c9e20, 0x3ce74d2e, 0x3c9d44e1,
    0x000000e7, 0x24000100, 0xc00138ff, 0x28000402, 0x00ba8800, 0x00290001, 0x3912112a, 0x0000b800, 0x00b85845, 0xb91b2f12, 0x1b001200, 0x00b8593e,
    0xb8584500, 0x1b2f1100, 0x001100b9, 0xb8593e13, 0x58450000, 0x2f2800b8, 0x2800b91b, 0x593e1500, 0x000000b9, 0x00baf405, 0x0012001a, 0x39121111,
    0x2f1a00b8, 0xcf000541, 0xdf001a00, 0x02001a00, 0x0005415d, 0x001a0000, 0x001a0010, 0x00b97102, 0xf405000a, 0x101200b8, 0x001500b9, 0x00baf405,
    0x000a0016, 0x39121111, 0x33173130, 0x3e013f36, 0x26343501, 0x020e2223, 0x1323010f, 0x07230721, 0x33013e33, 0x15021e32, 0x0e010f14, 0xc7012b03,
    0x16152654, 0x26270203, 0x1a293620, 0x674d1604, 0xe70e3501, 0x481e0530, 0x22311f36, 0x0b180712, 0x22382e22, 0x67268433, 0x0a180f6c, 0x2216221d,
    0x026d152b, 0x2cef4404, 0x2a20132e, 0x76232016, 0x152f4c37, 0x3100ffff, 0xe501f4ff, 0x26020803, 0x00000900, 0x92030600, 0x0000001f, 0x3100ffff,
    0xe901f4ff, 0x2602d102, 0x00000900, 0x8f030600, 0x0000001f, 0x3100ffff, 0xf401f4ff, 0x2602e702, 0x00000900, 0x96030600, 0x00000015, 0x31000100,
    0xe101f4ff, 0x26001002, 0x00ba5700, 0x0027001e, 0x39121128, 0x0000b800, 0x00b85845, 0xb91b2f0a, 0x1b000a00, 0x00b8593e, 0xb8584500, 0x1b2f0000,
    0x000000b9, 0xb8593e13, 0xb9100a00, 0x05001100, 0x0000b8f4, 0x1e00b910, 0xbaf40500, 0x1e001500, 0x12110a00, 0x1500b839, 0x1800b92f, 0x30f40500,
    0x2e221731, 0x3e343502, 0x16323302, 0x012e0717, 0x0f062223, 0x23073301, 0x1415010e, 0x3e323316, 0x0e173702, 0x472ef001, 0x42231931, 0x57493d5f,
    0x340d400f, 0x0e4d4230, 0xd20dd204, 0x403a0202, 0x1e202315, 0x63203e0f, 0x4d381e0c, 0x5a784330, 0x1d364334, 0x454e272a, 0x190b4113, 0x09453909,
    0x1d1b2516, 0x0000483f, 0xf6ffffff, 0xf3020000, 0x2602d102, 0x00007d02, 0x8f030700, 0x00008f00, 0xf6ffffff, 0xf3020000, 0x2602e702, 0x00007d02,
    0x96030700, 0x00008500, 0xf6ff0100, 0xf30274ff, 0x40000402, 0x00bac500, 0x00410029, 0x39121142, 0x0000b800, 0x00b85845, 0xb91b2f20, 0x1b002000,
    0x00b8593e, 0xb8584500, 0x1b2f2900, 0x002900b9, 0xb8593e1b, 0x58450000, 0x2f3100b8, 0x3100b91b, 0x593e1b00, 0x450000b8, 0x1300b858, 0x00b91b2f,
    0x3e130013, 0x0000b859, 0x00b85845, 0xb91b2f0b, 0x13000b00, 0x00b8593e, 0xb8584500, 0x1b2f0000, 0x000000b9, 0xba593e13, 0x20000d00, 0x12111300,
    0x0d00b839, 0x0900b82f, 0x1300b8d0, 0x1400b910, 0xb8f40500, 0xb9102000, 0x05001f00, 0x0d00b8f4, 0x2700b910, 0xb8f40500, 0xb8d02b00, 0xb9103100,
    0x05003400, 0x0000b8f4, 0x3d00b910, 0xb8f40500, 0xb9101300, 0x0b004000, 0x213130f4, 0x34352622, 0x2337023e, 0x23372307, 0x012b030e, 0x013e3337,
    0x35013e37, 0x23272634, 0x16323337, 0x07061415, 0x07333733, 0x3b033e33, 0x0e230701, 0x010e0701, 0x17161415, 0x02230733, 0x01353369, 0x70020203,
    0x6f2f4b2f, 0x352b210e, 0x560e3822, 0x080d220f, 0x46050609, 0x3634200e, 0x2c710303, 0x0d6f2c4b, 0x22352a21, 0x0f4d0e2f, 0x09080d23, 0x2a6b0506,
    0x07534046, 0x09191916, 0x5a44ebeb, 0x14441736, 0x432c4451, 0x0e241a18, 0x0c543f44, 0xdada1427, 0x1633543d, 0x44511444, 0x1a15462c, 0x00d00e24,
    0xd9ff0200, 0xa4020000, 0x1e000402, 0xb3002400, 0x001700ba, 0x11260025, 0x00b83912, 0x00b81017, 0xb800d024, 0x58450000, 0x2f0800b8, 0x0800b91b,
    0x593e1b00, 0x450000b8, 0x1d00b858, 0x00b91b2f, 0x3e13001d, 0x0000b859, 0x00b85845, 0xb91b2f12, 0x13001200, 0x00b8593e, 0xb8584500, 0x1b2f1800,
    0x001800b9, 0xb8593e13, 0xb9101d00, 0x05000100, 0x2400baf4, 0x1d000800, 0xb8391211, 0xb92f2400, 0x05001900, 0x0500baf4, 0x19002400, 0xb8391211,
    0xb9100800, 0x05002200, 0x0700b8f4, 0x2200b8d0, 0x0a00b810, 0x0b00bad0, 0x24001900, 0xb8391211, 0xb9101200, 0x05001000, 0x1900b8f4, 0x1600b810,
    0x273130d0, 0x013e3733, 0x3727013f, 0x16020f21, 0x0733011f, 0x012f2223, 0x37230723, 0x2b060723, 0x013f0101, 0x19170721, 0x2a0f5733, 0x0d5b0114,
    0xa20d3302, 0x200b2801, 0x441f0e35, 0x2e582512, 0x6c582e4d, 0x012c4026, 0xfe0180da, 0x44480184, 0x031d1788, 0x4444b904, 0x310604b9, 0x9a494488,
    0x3ca7e3e3, 0x06932701, 0x00009306, 0x0000ffff, 0xb401f4ff, 0x2602d102, 0x00007f02, 0x8f030600, 0x000000ea, 0x00000100, 0xb00174ff, 0x32001002,
    0x00ba6f00, 0x0033000f, 0x39121134, 0x0000b800, 0x00b85845, 0xb91b2f21, 0x1b002100, 0x00b8593e, 0xb8584500, 0x1b2f0000, 0x000000b9, 0xb9593e13,
    0x05000600, 0x1200baf4, 0x21000600, 0xb8391211, 0xb92f1200, 0x05000f00, 0x2100b8f4, 0x1a00b910, 0xbaf40500, 0x12002700, 0x12110f00, 0x0000b839,
    0x3000b810, 0x0000b8d0, 0x3200b910, 0x30f40b00, 0x012e1731, 0x33163727, 0x3e373632, 0x26343501, 0x3337012b, 0x36373632, 0x23263435, 0x27070622,
    0x3233013e, 0x06141516, 0x011e010f, 0x020e1415, 0x8b23010f, 0x39124534, 0x413f5c26, 0x2f030208, 0x600d5f31, 0x04063f26, 0x43312b30, 0x5f222c23,
    0x43535342, 0x30300139, 0x2c47331c, 0x0809461a, 0x492a2632, 0x150a232e, 0x41211c06, 0x0b142028, 0x211e1e1b, 0x462c2730, 0x09433537, 0x29320504,
    0x1e324026, 0x00008103, 0xd4ff0100, 0xd10138ff, 0x26000402, 0x00ba5f00, 0x0027001c, 0x39121128, 0x0000b800, 0x00b85845, 0xb91b2f19, 0x1b001900,
    0x00b8593e, 0xb8584500, 0x1b2f0000, 0x000000b9, 0xb9593e15, 0x05000700, 0x1d00baf4, 0x00001900, 0xb8391211, 0xb92f1d00, 0x05001200, 0x1d00b8f4,
    0x1400b810, 0x1900b8d0, 0x1700b910, 0xb8f40500, 0x30d01b00, 0x26221731, 0x011e3727, 0x023e3233, 0x35013e37, 0x012b2634, 0x2307023f, 0x020f2137,
    0x15021e32, 0x91020e14, 0x3e185e47, 0x1b323e17, 0x081e2a31, 0x43340602, 0x01e30e4e, 0x010ebc45, 0x01de0d5a, 0x1a2d3e23, 0xc85d4325, 0x332a3a41,
    0x33200e2d, 0x0a200b25, 0xe8413728, 0x42440505, 0x291404e5, 0x5d3a2a3e, 0x00002342, 0x24000100, 0x06010000, 0x0300e402, 0x00ba2f00, 0x00040002,
    0x39121105, 0x0000b800, 0x00b85845, 0xb91b2f00, 0x1f000000, 0x00b8593e, 0xb8584500, 0x1b2f0300, 0x000300b9, 0x30593e13, 0x03331331, 0x954db923,
    0xfde4024d, 0x0000001c, 0x3f00ffff, 0x0302f4ff, 0x2602d102, 0x00001b00, 0x8f030600, 0x00000025, 0x3f00ffff, 0x0302f4ff, 0x26020803, 0x00001b00,
    0x92030600, 0x00000025, 0x3f00ffff, 0x0302f4ff, 0x2602c102, 0x00001b00, 0x8d030600, 0x00000025, 0x2400ffff, 0x1b020000, 0x26020c03, 0x00008302,
    0x91030600, 0x00000019, 0x24000100, 0x1b0274ff, 0x1e000402, 0x00ba8d00, 0x001f000b, 0x39121120, 0x0000b800, 0x00b85845, 0xb91b2f08, 0x1b000800,
    0x00b8593e, 0xb8584500, 0x1b2f0f00, 0x000f00b9, 0xb8593e1b, 0x58450000, 0x2f0000b8, 0x0000b91b, 0x593e1300, 0x450000b8, 0x0700b858, 0x00b91b2f,
    0x3e130007, 0x0500ba59, 0x07000800, 0xb8391211, 0xb92f0500, 0x05000a00, 0x0f00b8f4, 0x1200b910, 0xbaf40500, 0x0a001600, 0x12110500, 0x0000b839,
    0x1b00b910, 0xb8f40500, 0xb9100700, 0x0b001e00, 0x213130f4, 0x012f012e, 0x13230723, 0x37330733, 0x013b013e, 0x0e072307, 0x1e010f01, 0x33011f01,
    0x91012307, 0x430f251e, 0x684d2f5c, 0x8a5c2c4d, 0x2e1d2815, 0x1172390e, 0x12011219, 0x533a0b16, 0x2101462a, 0x02eaa226, 0x1aabd904, 0x148d4414,
    0x05040310, 0xd08d1c16, 0x24000100, 0x39020000, 0x25000402, 0x00ba9f00, 0x00260006, 0x39121127, 0x0000b800, 0x00b85845, 0xb91b2f0b, 0x1b000b00,
    0x00b8593e, 0xb8584500, 0x1b2f0000, 0x000000b9, 0xb8593e1b, 0x58450000, 0x2f1a00b8, 0x1a00b91b, 0x593e1300, 0x450000b8, 0x2500b858, 0x00b91b2f,
    0x3e130025, 0x2300ba59, 0x25000000, 0xb8391211, 0xb92f2300, 0x05000200, 0x0400b8f4, 0x0200b8dc, 0x0600b810, 0x0b00b8d0, 0x0e00b910, 0xbaf40500,
    0x02001200, 0x12112300, 0x1a00b839, 0x1700b910, 0xb8f40500, 0xb8102300, 0xb8d01f00, 0xb8102300, 0x30dc2100, 0x07331331, 0x07333733, 0x013e3733,
    0x2307013b, 0x0f010e07, 0x1f011e01, 0x23073301, 0x012f2622, 0x37230723, 0x8c230723, 0x182a2c4d, 0x7e221838, 0x2e1d2916, 0x1265390e, 0x0f01111c,
    0x37330c15, 0x2323260e, 0x18223b0e, 0x2f2a1838, 0xd904024d, 0x1da77777, 0x18864415, 0x03040313, 0x448c2015, 0x77a22523, 0x0000ea77, 0x37000100,
    0x58020000, 0x1f000402, 0x00ba8d00, 0x0020001c, 0x39121121, 0x0000b800, 0x00b85845, 0xb91b2f02, 0x1b000200, 0x00b8593e, 0xb8584500, 0x1b2f0900,
    0x000900b9, 0xb8593e1b, 0x58450000, 0x2f1f00b8, 0x1f00b91b, 0x593e1300, 0x450000b8, 0x1800b858, 0x00b91b2f, 0x3e130018, 0x0200b859, 0x0100b910,
    0xbaf40500, 0x02001d00, 0x12111f00, 0x1d00b839, 0x0400b92f, 0xb8f40500, 0xb9100900, 0x05000c00, 0x1000baf4, 0x1d000400, 0xb8391211, 0xb9101800,
    0x05001500, 0x133130f4, 0x07333723, 0x013e3733, 0x2307013b, 0x0f010e07, 0x1f011e01, 0x23073301, 0x012f2622, 0xbb230723, 0x2cd10e84, 0x28158a5c,
    0x390e2e1d, 0x12191172, 0x0b161201, 0x260e373a, 0x430f2423, 0x014d2f5c, 0xabd944c0, 0x8d44141a, 0x04031014, 0x8d1c1605, 0xa2242444, 0x000000ea,
    0x24000100, 0x1b020000, 0x2500e402, 0x00bab000, 0x0026000b, 0x39121127, 0x0000b800, 0x00b85845, 0xb91b2f0f, 0x1b000f00, 0x00b8593e, 0xb8584500,
    0x1b2f0400, 0x000400b9, 0xb8593e1f, 0x58450000, 0x2f1e00b8, 0x1e00b91b, 0x593e1300, 0x450000b8, 0x2500b858, 0x00b91b2f, 0x3e130025, 0x0900ba59,
    0x25000400, 0xb8391211, 0x412f0900, 0x00400005, 0x00500009, 0x5d020009, 0xd00000b8, 0x100900b8, 0x000600b9, 0x00b8f403, 0x00bad003, 0x000f0023,
    0x3912111e, 0x2f2300b8, 0x000a00b9, 0x00b8f405, 0x00b9100f, 0xf4050012, 0x001600ba, 0x110a0023, 0x00b83912, 0x00b9101e, 0xf405001b, 0x23133130,
    0x33373337, 0x23073307, 0x3e373303, 0x07013b01, 0x010e0723, 0x011e010f, 0x0733011f, 0x2f262223, 0x23072301, 0x3e0c3e94, 0x90194d19, 0x5c34900c,
    0x1d28158a, 0x72390e2e, 0x01121a10, 0x3a0b1612, 0x23260e37, 0x5c430f24, 0x2c024d2f, 0x3c7c7c3c, 0x1aabfffe, 0x148d4414, 0x05040310, 0x448d1c16,
    0xeaa22424, 0xd2ff0200, 0xc1020000, 0x1f000402, 0x8b002a00, 0x002a00ba, 0x112c002b, 0x00b83912, 0x00b8102a, 0xb800d014, 0x58450000, 0x2f0700b8,
    0x0700b91b, 0x593e1b00, 0x450000b8, 0x1f00b858, 0x00b91b2f, 0x3e13001f, 0x0000b859, 0x00b85845, 0xb91b2f13, 0x13001300, 0x00b8593e, 0x00b9101f,
    0xf4050000, 0x101300b8, 0x002a00b9, 0x00baf405, 0x002a0009, 0x39121107, 0x2f0900b8, 0x0f000541, 0x1f000900, 0x02000900, 0x0700b871, 0x1500b910,
    0xb8f40500, 0xb9100900, 0x05002900, 0x273130f4, 0x3f033e33, 0x33072101, 0x14151632, 0x012b020e, 0x0e072313, 0x010e0703, 0x3225012b, 0x35013e37,
    0x012b2634, 0x0f3f2007, 0x0d1c1c1e, 0x2634011c, 0x1a454c75, 0xd22e4932, 0x100d9e5a, 0x0f1f1f20, 0x1e203618, 0x155c2c02, 0x2c250204, 0x13442777,
    0x41624a36, 0x3e44bb8a, 0x20374828, 0x4f41c001, 0x0f335173, 0x55441218, 0x1e0b160e, 0x0000c11f, 0x24000100, 0x0d0274ff, 0x0f000402, 0x00ba7900,
    0x00100001, 0x39121111, 0x0000b800, 0x00b85845, 0xb91b2f06, 0x1b000600, 0x00b8593e, 0xb8584500, 0x1b2f0a00, 0x000a00b9, 0xb8593e1b, 0x58450000,
    0x2f0500b8, 0x0500b91b, 0x593e1300, 0x450000b8, 0x0100b858, 0x00b91b2f, 0x3e130001, 0x0300ba59, 0x05000600, 0xb8391211, 0xb92f0300, 0x05000800,
    0x0100b8f4, 0x0c00b910, 0xb8f40500, 0xb9100100, 0x0b000f00, 0x213130f4, 0x07233723, 0x07331323, 0x03333733, 0x01230733, 0xe72f5db5, 0x4d684d2f,
    0x4d2ce72c, 0x462a565a, 0x0402e8e8, 0x40fed8d8, 0x000000d0, 0x24000200, 0xd9020000, 0x14000402, 0x98001f00, 0x000300ba, 0x11210020, 0x00b83912,
    0x00b81003, 0xb800d01f, 0x58450000, 0x2f0000b8, 0x0000b91b, 0x593e1b00, 0x450000b8, 0x0400b858, 0x00b91b2f, 0x3e1b0004, 0x0000b859, 0x00b85845,
    0xb91b2f14, 0x13001400, 0x00b8593e, 0xb8584500, 0x1b2f1000, 0x001000b9, 0xba593e13, 0x00001200, 0x12111400, 0x1200b839, 0x0200b92f, 0xb8f40500,
    0xb9101000, 0x05001f00, 0x0600baf4, 0x1f000400, 0xb8391211, 0x412f0600, 0x000f0005, 0x001f0006, 0x71020006, 0x001e00b9, 0x3130f405, 0x33073313,
    0x33073337, 0x14151632, 0x012b020e, 0x23072337, 0x3e373225, 0x26343501, 0x8c07012b, 0x2cd32c4d, 0x4c75264d, 0x49321a45, 0xd32fd22e, 0xf2014d2f,
    0x0204155c, 0x27772c25, 0xd8d80402, 0x283e44bb, 0xe8203748, 0x0e5544e8, 0x1f1e0b16, 0x000000c1, 0x24000100, 0xe1020000, 0x0d000402, 0x00ba6f00,
    0x000e000a, 0x3912110f, 0x0000b800, 0x00b85845, 0xb91b2f00, 0x1b000000, 0x00b8593e, 0xb8584500, 0x1b2f0400, 0x000400b9, 0xb8593e1b, 0x58450000,
    0x2f0d00b8, 0x0d00b91b, 0x593e1300, 0x450000b8, 0x0900b858, 0x00b91b2f, 0x3e130009, 0x0b00ba59, 0x0d000000, 0xb8391211, 0xb92f0b00, 0x05000200,
    0x0400b8f4, 0x0700b910, 0x30f40500, 0x07331331, 0x07213733, 0x37230323, 0x8c230723, 0x2bd42c4d, 0xe70e3501, 0xd32e4d5a, 0x04024d2f, 0xfe44d8d8,
    0x00e8e840, 0x3100ffff, 0xf501f4ff, 0x2602d102, 0x00001500, 0x8f030600, 0x0000001c, 0x31000300, 0xf501f4ff, 0x13001002, 0x3d002700, 0x00ba8b00,
    0x003e001d, 0x3912113f, 0x101d00b8, 0xd00000b8, 0x101d00b8, 0xd03200b8, 0x0000b800, 0x00b85845, 0xb91b2f0a, 0x1b000a00, 0x00b8593e, 0xb8584500,
    0x1b2f0000, 0x000000b9, 0xb9593e13, 0x05001400, 0x2f00baf4, 0x14000a00, 0xb8391211, 0x412f2f00, 0x00af0005, 0x00bf002f, 0x5d02002f, 0xef000541,
    0xff002f00, 0x02002f00, 0x3500b85d, 0x1a00b9dc, 0xb8f40600, 0xb9102f00, 0x06002000, 0x0a00b8f4, 0x2800b910, 0x30f40500, 0x2e221731, 0x3e343502,
    0x1e323302, 0x0e141502, 0x36322702, 0x2306013f, 0x2e272622, 0x0f222301, 0x14150601, 0x06221316, 0x013e010f, 0x17163233, 0x3233011e, 0x013e3736,
    0xeb263435, 0x1c314429, 0x3b624627, 0x1c314528, 0x31624627, 0x03115738, 0x22182619, 0x121f1116, 0x05012321, 0x5838773d, 0x220b0110, 0x16221812,
    0x11121f11, 0x02021023, 0x351b0c3d, 0x7741354f, 0x351b365a, 0x77413450, 0x5245365a, 0x0d180e4f, 0x1b0b0b0c, 0x36141905, 0x53920143, 0x0c0b054f,
    0x0b0b0c0d, 0x130c0d0f, 0x0043360b, 0x31000300, 0xf501f4ff, 0x13001002, 0x29001e00, 0x00ba8a00, 0x002a0014, 0x3912112b, 0x101400b8, 0xd00000b8,
    0x101400b8, 0xd02600b8, 0x0000b800, 0x00b85845, 0xb91b2f0a, 0x1b000a00, 0x00b8593e, 0xb8584500, 0x1b2f0000, 0x000000b9, 0xb9593e13, 0x05001400,
    0x1f00baf4, 0x14000a00, 0xb8391211, 0x412f1f00, 0x000f0005, 0x001f001f, 0x7102001f, 0x7f000541, 0x8f001f00, 0x02001f00, 0x00054171, 0x001f004f,
    0x001f005f, 0x00b97102, 0xf4050019, 0x100a00b8, 0x002600b9, 0x3130f405, 0x022e2217, 0x023e3435, 0x021e3233, 0x020e1415, 0x3f363227, 0x06072101,
    0x27161415, 0x35013e21, 0x22232634, 0x29eb0706, 0x271c3144, 0x283b6246, 0x271c3145, 0x38316246, 0xfe031157, 0x3d0502ec, 0x0214012a, 0x383b3d03,
    0x1b0c1058, 0x41354f35, 0x1b365a77, 0x41345035, 0x45365a77, 0x090e4f52, 0x43361419, 0x0b170ceb, 0x4f534336, 0x24000100, 0x090274ff, 0x26001002,
    0x00ba7900, 0x00270022, 0x39121128, 0x0000b800, 0x00b85845, 0xb91b2f01, 0x1b000100, 0x00b8593e, 0xb8584500, 0x1b2f0700, 0x000700b9, 0xb8593e1b,
    0x58450000, 0x2f0000b8, 0x0000b91b, 0x593e1300, 0x450000b8, 0x1200b858, 0x00b91b2f, 0x3e130012, 0x0700b859, 0x2000b910, 0xbaf40500, 0x20000300,
    0x12110000, 0x1200b839, 0x0e00b910, 0xb8f40500, 0xb9101200, 0x0b001000, 0x333130f4, 0x33073313, 0x3233013e, 0x06141516, 0x0733010f, 0x22233723,
    0x013c3526, 0x013e013f, 0x23263435, 0x010e0722, 0x68240307, 0x1b05154d, 0x4243384b, 0x56320403, 0x0f1c462a, 0x3002231d, 0x2a250203, 0x241a2936,
    0x04023a06, 0x4c383a66, 0x13220e43, 0x1c8cd0fa, 0x0808051e, 0x091d0fef, 0x1a292b2c, 0xe0fe1f48, 0x24000100, 0xea0238ff, 0x3f001002, 0x00ba9000,
    0x00400012, 0x39121141, 0x0000b800, 0x00b85845, 0xb91b2f20, 0x1b002000, 0x00b8593e, 0xb8584500, 0x1b2f2600, 0x002600b9, 0xb8593e1b, 0x58450000,
    0x2f1f00b8, 0x1f00b91b, 0x593e1300, 0x450000b8, 0x1100b858, 0x00b91b2f, 0x3e130011, 0x0000b859, 0x00b85845, 0xb91b2f3f, 0x15003f00, 0x00b9593e,
    0xf4050001, 0x003100ba, 0x113f0026, 0x00b83912, 0x00b92f31, 0xf405000a, 0x102600b8, 0x001800b9, 0x00baf405, 0x00180022, 0x3912111f, 0x33053130,
    0x3e013f36, 0x26343501, 0x020e2223, 0x1323010f, 0x3435013e, 0x07222326, 0x0307010e, 0x07331323, 0x33013e33, 0x14151632, 0x33010f06, 0x3233013e,
    0x1415021e, 0x030e010f, 0xf101012b, 0x16152654, 0x23250203, 0x1a28341e, 0x404d1604, 0x2a250203, 0x241a2936, 0x684d3a06, 0x1b05154d, 0x4243384b,
    0x05160403, 0x1e34451e, 0x0711212f, 0x2e220b18, 0x84332238, 0x0f6c6726, 0x221d0a18, 0x152b2216, 0x0f3e016d, 0x2b2c091d, 0x1f481a29, 0x0402e0fe,
    0x4c383a66, 0x13220e43, 0x132e2c6d, 0x20162a20, 0x4c377623, 0x0000152f, 0x31000100, 0xd90174ff, 0x21001002, 0x00ba5500, 0x00220018, 0x39121123,
    0x0000b800, 0x00b85845, 0xb91b2f08, 0x1b000800, 0x00b8593e, 0xb8584500, 0x1b2f0000, 0x000000b9, 0xb8593e13, 0xb9100800, 0x05000e00, 0x0000b8f4,
    0x1800b910, 0xb8f40500, 0xb8100000, 0xb8d01f00, 0xb9100000, 0x0b002100, 0x173130f4, 0x3435012e, 0x3233023e, 0x26071716, 0x0f062223, 0x15010e01,
    0x32331614, 0x0e173736, 0x23010f01, 0x234c45c2, 0x453b5d42, 0x1a400f57, 0x0e4d3e53, 0x3a020211, 0x1f3f263c, 0x38581d3d, 0x0e08461a, 0x7843546d,
    0x3544345a, 0x454e511d, 0x09190b54, 0x3a2b4638, 0x08473c1e, 0x00000081, 0x37000100, 0xe20174ff, 0x0b000402, 0x00ba5100, 0x000c0000, 0x3912110d,
    0x0000b800, 0x00b85845, 0xb91b2f02, 0x1b000200, 0x00b8593e, 0xb8584500, 0x1b2f0b00, 0x000b00b9, 0xb8593e13, 0xb9100200, 0x05000000, 0x0500b8f4,
    0x0b00b8d0, 0x0600b910, 0xb8f40500, 0xb9100b00, 0x0b000900, 0x133130f4, 0x07213723, 0x07330323, 0xdf233723, 0x9d010ea8, 0x564ca80e, 0x5d1c462a,
    0x4444c001, 0x8cd084fe, 0x3f00ffff, 0x030274ff, 0x2600c102, 0x00258d03, 0x93020600, 0x00000000, 0xecffffff, 0x080238ff, 0x2602c102, 0x00001f00,
    0x8d030600, 0x00000004, 0xecffffff, 0x080238ff, 0x2602d102, 0x00001f00, 0x8f030600, 0x00000004, 0xecffffff, 0x080238ff, 0x26020b03, 0x00001f00,
    0x90030600, 0x00000004, 0xecffffff, 0x080238ff, 0x2602e702, 0x00001f00, 0x96030600, 0x000000fb, 0x43000100, 0x070238ff, 0x0b000402, 0x00ba5d00,
    0x000c0009, 0x3912110d, 0x0000b800, 0x00b85845, 0xb91b2f01, 0x1b000100, 0x00b8593e, 0xb8584500, 0x1b2f0700, 0x000700b9, 0xb8593e1b, 0x58450000,
    0x2f0b00b8, 0x0b00b91b, 0x593e1500, 0x450000b8, 0x0000b858, 0x00b91b2f, 0x3e130000, 0x0400b859, 0x0000b8d0, 0x0900b810, 0x333130d0, 0x17133303,
    0x33133733, 0x98230701, 0x14294b55, 0x52905505, 0x4d28defe, 0xfdfe0402, 0x0301a8a8, 0x00c8fcfd, 0x15000100, 0x070238ff, 0x11000402, 0x00ba6b00,
    0x0012000a, 0x39121113, 0x0000b800, 0x00b85845, 0xb91b2f02, 0x1b000200, 0x00b8593e, 0xb8584500, 0x1b2f0800, 0x000800b9, 0xb8593e1b, 0x58450000,
    0x2f0f00b8, 0x0f00b91b, 0x593e1500, 0x450000b8, 0x0100b858, 0x00b91b2f, 0x3e130001, 0x0500b859, 0x0100b8d0, 0x0a00b810, 0x0100b8d0, 0x1000b910,
    0xb8f40500, 0x30d00d00, 0x03013b31, 0x33171333, 0x01331337, 0x07230733, 0x21233723, 0x294b5577, 0x90550514, 0x77defe52, 0x4d1c770c, 0x0402771c,
    0xa8a8fdfe, 0xfcfd0301, 0x008c8c3c, 0xe4ff0100, 0x060274ff, 0x11000402, 0x00ba7500, 0x00120009, 0x39121113, 0x0000b800, 0x00b85845, 0xb91b2f07,
    0x1b000700, 0x00b8593e, 0xb8584500, 0x1b2f0b00, 0x000b00b9, 0xb8593e1b, 0x58450000, 0x2f0500b8, 0x0500b91b, 0x593e1300, 0x450000b8, 0x0100b858,
    0x00b91b2f, 0x3e130001, 0x0300ba59, 0x01000b00, 0xba391211, 0x07000900, 0x12110500, 0x0e00b939, 0xb8f40500, 0xb9100500, 0x0b001100, 0x213130f4,
    0x07232723, 0x33271323, 0x33373317, 0x07331703, 0x338d0123, 0x58b20567, 0x5d547eea, 0xe058a805, 0x462a5665, 0x0b01d2d2, 0xffc6c6f9, 0x00d0c000,
    0x4000ffff, 0xe4010000, 0x2602d102, 0x00009402, 0x8f030600, 0x00000008, 0x40000100, 0xe40174ff, 0x21000402, 0x00ba8800, 0x00220001, 0x39121123,
    0x0000b800, 0x00b85845, 0xb91b2f0e, 0x1b000e00, 0x00b8593e, 0xb8584500, 0x1b2f1c00, 0x001c00b9, 0xb8593e1b, 0x58450000, 0x2f0100b8, 0x0100b91b,
    0x593e1300, 0x001600ba, 0x1101000e, 0x00b83912, 0x03412f16, 0x16004f00, 0x415d0100, 0x000f0005, 0x001f0016, 0x5d020016, 0x000300ba, 0x110e0016,
    0x00b93912, 0xf4050006, 0x100100b8, 0x001e00b9, 0x00b8f405, 0x00b91001, 0xf40b0021, 0x23213130, 0x010e2313, 0x022e2223, 0x013f3435, 0x010e0733,
    0x33161415, 0x3f023e32, 0x33033301, 0x8c012307, 0x1b05385d, 0x311f384b, 0x20071222, 0x0203204d, 0x37222627, 0x1c041929, 0x2a565a4d, 0x32150146,
    0x29201332, 0x9d232017, 0x0a180f9d, 0x2619221d, 0xfe8b152e, 0x0000d040, 0x40000100, 0xe4010000, 0x22000402, 0x00ba9000, 0x00230019, 0x39121124,
    0x0000b800, 0x00b85845, 0xb91b2f0e, 0x1b000e00, 0x00b8593e, 0xb8584500, 0x1b2f1f00, 0x001f00b9, 0xb8593e1b, 0x58450000, 0x2f2200b8, 0x2200b91b,
    0x593e1300, 0x001600ba, 0x1122000e, 0x00b83912, 0x05412f16, 0x16000f00, 0x16001f00, 0x415d0200, 0x004f0003, 0x5d010016, 0x000100ba, 0x110e0016,
    0x00b93912, 0xf4050006, 0xd00300b8, 0x100600b8, 0xdc0500b8, 0x101600b8, 0xdc1700b8, 0x101600b8, 0xd01900b8, 0x23013130, 0x23010f06, 0x35032e37,
    0x33013f34, 0x15010e07, 0x37171614, 0x033e0733, 0x0333013f, 0x05660123, 0x3a124524, 0x202f1e12, 0x4d200711, 0x20020320, 0x1d3a1d1d, 0x121c291a,
    0x684d1d03, 0x4811014d, 0x01585b15, 0x16291f14, 0x9d9d2320, 0x1a0a180f, 0x90900321, 0x26231b07, 0xfcfd8f12, 0x2400ffff, 0x9b020000, 0x2602d102,
    0x00009902, 0x8f030600, 0x00000076, 0x34000200, 0xd1010000, 0x1400c602, 0x8d001f00, 0x001300ba, 0x11210020, 0x00b83912, 0x00b81013, 0xb800d015,
    0x58450000, 0x2f0400b8, 0x0400b91b, 0x593e1d00, 0x450000b8, 0x0300b858, 0x00b91b2f, 0x3e1b0003, 0x0000b859, 0x00b85845, 0xb91b2f14, 0x13001400,
    0x00b8593e, 0x00b91003, 0xf4050000, 0x100300b8, 0xd00600b8, 0x100000b8, 0xd00900b8, 0x000a00ba, 0x11140000, 0x00b83912, 0x05412f0a, 0x0a00ef00,
    0x0a00ff00, 0xb95d0200, 0x05001e00, 0x1400b8f4, 0x1f00b910, 0x30f40500, 0x37231331, 0x07333733, 0x07230733, 0x15163233, 0x2b020e14, 0x37323701,
    0x3435013e, 0x07012b26, 0x4d0d4c8e, 0x90274d27, 0x7d18900e, 0x321a454c, 0xdada2e49, 0x0204155c, 0x277f2c25, 0xc244c001, 0x447744c2, 0x3748283e,
    0x0e554420, 0x1f1e0b16, 0x000000c1, 0x0e00ffff, 0xb001f4ff, 0x06021002, 0x00001900, 0x3f000200, 0x030238ff, 0x23000402, 0x90002700, 0x001100ba,
    0x11290028, 0x00b83912, 0x00b81011, 0xb800d025, 0x58450000, 0x2f0700b8, 0x0700b91b, 0x593e1b00, 0x450000b8, 0x1500b858, 0x00b91b2f, 0x3e1b0015,
    0x0000b859, 0x00b85845, 0xb91b2f00, 0x13000000, 0x00b8593e, 0xb8584500, 0x1b2f1a00, 0x001a00b9, 0xb8593e13, 0x58450000, 0x2f2700b8, 0x2700b91b,
    0x593e1500, 0x100000b8, 0x000f00b9, 0x00b8f405, 0x00b9101a, 0xf4050017, 0x002100ba, 0x1107000f, 0x00b83912, 0x00b81000, 0x3130dc24, 0x35262217,
    0x13373634, 0x010e0333, 0x33161415, 0x013e3732, 0x03331337, 0x22230733, 0x3f343526, 0x010e2301, 0x23073307, 0x034242c3, 0x404d4004, 0x2a230203,
    0x221c2835, 0x5a4d3a06, 0x21460d49, 0x05020421, 0x464b4a1b, 0x4c0c461e, 0x13220e43, 0xc2fe3e01, 0x2b091d0f, 0x471d292c, 0xfe20011d, 0x1c234440,
    0x3b0a130a, 0x00962637, 0x3300ffff, 0x08010000, 0x0602e402, 0x00000f00, 0x3300ffff, 0x61010000, 0x2602d102, 0x00001b01, 0x8f030600, 0x00000097,
    0xa9ffffff, 0x080138ff, 0x0602e402, 0x00001000, 0x24000100, 0xec0138ff, 0x2900e402, 0x00baa000, 0x002a0028, 0x3912112b, 0x0000b800, 0x00b85845,
    0xb91b2f14, 0x1f001400, 0x00b8593e, 0xb8584500, 0x1b2f1e00, 0x001e00b9, 0xb8593e1b, 0x58450000, 0x2f0f00b8, 0x0f00b91b, 0x593e1300, 0x450000b8,
    0x2900b858, 0x00b91b2f, 0x3e150029, 0x0000b959, 0x41f40500, 0x00000007, 0x0010001e, 0x0020001e, 0x5d03001e, 0x101e00b8, 0x000800b9, 0x00baf405,
    0x00140012, 0x3912111e, 0x2f1200b8, 0x001100b9, 0x00b8f40c, 0x00b81012, 0x00b8d016, 0x00b81011, 0x00bad019, 0x0008001a, 0x3912110f, 0x33173130,
    0x35013e13, 0x22232634, 0x07010e07, 0x23132303, 0x33373337, 0x23073307, 0x013e3307, 0x15163233, 0x03070614, 0x012b010e, 0x035a53eb, 0x362a2502,
    0x06241a29, 0x3e7b4d3a, 0x4d0e3e0c, 0x900c900e, 0x4b1b0528, 0x03424338, 0x320b5304, 0x01844335, 0x091d0fc2, 0x1a292b2c, 0xe0fe1f48, 0x463c6202,
    0x3ac43c46, 0x0e434c38, 0x60fe1322, 0x00003135, 0x2400ffff, 0xfc010000, 0x0602e402, 0x00001901, 0x2400ffff, 0xfc010000, 0x0602e402, 0x00000e00,
    0x1a00ffff, 0xce01f4ff, 0x06021002, 0x00001001, 0x1b000200, 0x4602f4ff, 0x2a001002, 0x71003a00, 0x000000ba, 0x113c003b, 0x00b83912, 0xb800d030,
    0x58450000, 0x2f1600b8, 0x1600b91b, 0x593e1b00, 0x450000b8, 0x0000b858, 0x00b91b2f, 0x3e130000, 0x1600b859, 0x2b00b910, 0xb8f40500, 0xb9100000,
    0x05002400, 0x1e00baf4, 0x24002b00, 0xb8391211, 0xb82f1e00, 0xb8d00600, 0xb9101e00, 0x06003100, 0x1100b8f4, 0x2700bad0, 0x24001e00, 0x30391211,
    0x26220531, 0x37013c35, 0x35262223, 0x013f013c, 0x3e330733, 0x1e323303, 0x06141502, 0x15010e07, 0x32331614, 0x0e173736, 0x0e221301, 0x3e010f02,
    0x2e343503, 0x5d550102, 0x1d460166, 0x46160215, 0x2d0a3817, 0x21345744, 0xaf1b2e3c, 0x3f0102b5, 0x1e4f313c, 0x0b6d3032, 0x1f2b371e, 0x68530607,
    0x1a10153b, 0x6a6e0c23, 0x16090602, 0x080a0413, 0x5a33706d, 0x22112743, 0x52552334, 0x08170b02, 0x252d4337, 0x012f3b2d, 0x392716da, 0x0f031d22,
    0x151b261b, 0x0007101b, 0x1b000200, 0x460274ff, 0x2d001002, 0x83003d00, 0x000200ba, 0x113f003e, 0x00b83912, 0x00b81002, 0xb800d033, 0x58450000,
    0x2f1800b8, 0x1800b91b, 0x593e1b00, 0x450000b8, 0x0200b858, 0x00b91b2f, 0x3e130002, 0x0000b959, 0xb8f40b00, 0xb9101800, 0x05002e00, 0x0200b8f4,
    0x2600b910, 0xbaf40500, 0x2e002000, 0x12112600, 0x2000b839, 0x0800b82f, 0x2000b8d0, 0x3400b910, 0xb8f40600, 0xbad01300, 0x26002900, 0x12112000,
    0x0200b839, 0x2d00b810, 0x053130d0, 0x012e3723, 0x37013c35, 0x35262223, 0x013f013c, 0x3e330733, 0x1e323303, 0x06141502, 0x15010e07, 0x32331614,
    0x0e173736, 0x22130701, 0x010f020e, 0x3435033e, 0x5701022e, 0x50491a46, 0x151d4601, 0x17461602, 0x442d0a38, 0x3c213457, 0xb5af1b2e, 0x3c3f0102,
    0x321e4f31, 0x27315e2a, 0x1f2b371e, 0x68530607, 0x1a10153b, 0x0c838c23, 0x06025d6c, 0x04131609, 0x706d080a, 0x27435a33, 0x23342211, 0x0b025255,
    0x43370817, 0x332d252d, 0xd9010531, 0x22392716, 0x1b0f031d, 0x1b151b26, 0x00000710, 0x33000200, 0x6a02d4ff, 0x38001002, 0x8f004a00, 0x001400ba,
    0x114c004b, 0x00b83912, 0x00b81014, 0xb800d039, 0x58450000, 0x2f1000b8, 0x1000b91b, 0x593e1b00, 0x450000b8, 0x0600b858, 0x00b91b2f, 0x3e130006,
    0x0100b859, 0x0600b8dc, 0x2100b910, 0xbaf40500, 0x06000400, 0x12112100, 0x00b87c39, 0xb8182f04, 0xb9101000, 0x05001600, 0x1000b8f4, 0x2c00b810,
    0x3c00badc, 0x2c002100, 0xba391211, 0x04003400, 0x12113c00, 0x0100b839, 0x3700b910, 0xb8f40500, 0xb9102c00, 0x05004500, 0x053130f4, 0x27262223,
    0x2e222306, 0x3e343502, 0x16323302, 0x23260717, 0x010f0622, 0x1e141506, 0x36323302, 0x35012e37, 0x33023e34, 0x14151632, 0x1e07020e, 0x27013b01,
    0x3e171614, 0x36013f01, 0x23263435, 0x010f0622, 0x2f360206, 0x271d4b2c, 0x38563b34, 0x5d43241c, 0x08160e39, 0x3b100c11, 0x050f0e56, 0x283e2a16,
    0x1b081206, 0x4e381f1c, 0x1849422f, 0x0d243d2b, 0xef321826, 0x492f1a1d, 0x24050e0b, 0x0c3c2925, 0x182c050e, 0x3b210c14, 0x73413152, 0x02023257,
    0x45520440, 0x1f13174c, 0x01172835, 0x2a4a1d02, 0x294a6a40, 0x5c34454f, 0x05123a4d, 0x401ca107, 0x33551314, 0x1f161745, 0x453c3c2c, 0x00000017,
    0x43000100, 0x24020000, 0x0e000402, 0x00ba5000, 0x000f000e, 0x39121110, 0x0000b800, 0x00b85845, 0xb91b2f0a, 0x1b000a00, 0x00b8593e, 0xb8584500,
    0x1b2f0100, 0x000100b9, 0xb8593e1b, 0x58450000, 0x2f0000b8, 0x0000b91b, 0x593e1300, 0x000400b9, 0x00b8f40d, 0x00b9100a, 0xf405000d, 0x03333130,
    0x33011f33, 0x013e013f, 0x2307013b, 0x4b4d9003, 0x55051326, 0x25291163, 0xe5460e41, 0xbcff0402, 0x1a20c4bd, 0x0040fe44, 0xe5ffffff, 0x33020000,
    0x26027c03, 0x00002100, 0xc3030600, 0x00000069, 0xe5ffffff, 0x40020000, 0x26029103, 0x00002100, 0xca030600, 0x0000005f, 0xd6ffffff, 0x8f030000,
    0x0602ba02, 0x00009e01, 0x2700ffff, 0x1f020000, 0x2602b603, 0x0000a302, 0xc5030600, 0x00000038, 0x27000100, 0x3d020000, 0x07005003, 0x00ba4100,
    0x00080005, 0x39121109, 0x0000b800, 0x00b85845, 0xb91b2f00, 0x1d000000, 0x00b8593e, 0xb8584500, 0x1b2f0700, 0x000700b9, 0xb8593e13, 0xb8100000,
    0xb8dc0200, 0xb9100000, 0x0d000500, 0x133130f4, 0x07333721, 0xb3230321, 0x4a1e2201, 0x7ee5fe2c, 0x96ba0251, 0x008efdde, 0x27000100, 0x1f026aff,
    0x0900ba02, 0x00ba4d00, 0x000a0003, 0x3912110b, 0x0000b800, 0x00b85845, 0xb91b2f00, 0x1d000000, 0x00b8593e, 0xb8584500, 0x1b2f0900, 0x000900b9,
    0xb8593e13, 0xb9100000, 0x0d000300, 0x0900b8f4, 0x0400b910, 0xb8f40d00, 0xb9100900, 0x0b000700, 0x133130f4, 0x03210721, 0x37230733, 0x6c01b323,
    0x70e5fe0e, 0x1e4a2d60, 0x48ba0266, 0x96ded6fd, 0x22000100, 0x37020000, 0x0d00ba02, 0x00ba6a00, 0x000e0007, 0x3912110f, 0x0000b800, 0x00b85845,
    0xb91b2f04, 0x1d000400, 0x00b8593e, 0xb8584500, 0x1b2f0d00, 0x000d00b9, 0xba593e13, 0x04000100, 0x12110d00, 0x0100b839, 0x0005412f, 0x000100cf,
    0x000100df, 0x00b95d02, 0xf40d0002, 0x100400b8, 0x000700b9, 0x00b8f40d, 0x00b81002, 0x00b8d008, 0x00b81001, 0x3130d00b, 0x33372313, 0x21072113,
    0x23073307, 0x60822303, 0x013c600d, 0xe5fe0e6c, 0xbd0dbc2d, 0x4f015143, 0x48290142, 0xb1fe42e1, 0x27000100, 0x1f025cff, 0x2300ba02, 0x00ba8000,
    0x00240022, 0x39121125, 0x2300b800, 0x0000b82f, 0x00b85845, 0xb91b2f10, 0x1d001000, 0x00b8593e, 0xb8584500, 0x1b2f0f00, 0x000f00b9, 0xb8593e13,
    0xb9102300, 0x0d000000, 0x1800baf4, 0x0f001000, 0xb8391211, 0x412f1800, 0x001f0003, 0x71010018, 0xef000341, 0x01001800, 0x0003415d, 0x0018000f,
    0x00b95d01, 0xf40d000a, 0x101000b8, 0x001300b9, 0x00baf40d, 0x00180015, 0x3912110a, 0x33173130, 0x013f013e, 0x26343536, 0x07062223, 0x21132303,
    0x33072107, 0x3233013e, 0x06141516, 0x010e010f, 0x55ff012b, 0x0b0e3421, 0x2d3f400b, 0x513e1d4e, 0x0e6c018c, 0x0432e5fe, 0x63264e1e, 0x0b060561,
    0x2c547d1a, 0x4154175c, 0x3c1d3536, 0xfe0c0c36, 0x48ba02ce, 0x5c0e0cfa, 0x1e2b1156, 0x00767e36, 0x2700ffff, 0x4e020000, 0x2602b403, 0x00002500,
    0xc6030600, 0x00000056, 0x2700ffff, 0x4e020000, 0x26027c03, 0x00002500, 0xc3030600, 0x00000056, 0x2700ffff, 0x4e020000, 0x26029103, 0x00002500,
    0xca030600, 0x0000004c, 0x37000100, 0x7102f4ff, 0x2900c602, 0x00ba6000, 0x002a0021, 0x3912112b, 0x0000b800, 0x00b85845, 0xb91b2f0a, 0x1d000a00,
    0x00b8593e, 0xb8584500, 0x1b2f0000, 0x000000b9, 0xb8593e13, 0xb9100a00, 0x0d001100, 0x0000b8f4, 0x2100b910, 0xbaf40d00, 0x21001600, 0x12110a00,
    0x1600b839, 0x0003412f, 0x0016007f, 0x00b97201, 0xf40d0017, 0x22053130, 0x3435022e, 0x3233023e, 0x2e071716, 0x06222301, 0x0721010f, 0x010e0721,
    0x021e1415, 0x023e3233, 0x010e1737, 0x58362701, 0x5830233f, 0x705b4e7f, 0x4a13491a, 0x14755647, 0x0e190108, 0x0401e7fe, 0x3d2a1502, 0x2e3b2728,
    0x2e441124, 0x47240c7e, 0xa15b4467, 0x514e4779, 0x703c3b21, 0x05482760, 0x290f2113, 0x121b3144, 0x221e3121, 0x00005257, 0xf5ffffff, 0xba030000,
    0x26027c03, 0x0000a702, 0xc3030700, 0x00000701, 0xf5ffffff, 0xba030000, 0x26029103, 0x0000a702, 0xca030700, 0x0000fd00, 0xf5ff0100, 0xba036aff,
    0x3b00ba02, 0x00baed00, 0x003c0007, 0x3912113d, 0x0000b800, 0x00b85845, 0xb91b2f1e, 0x1d001e00, 0x00b8593e, 0xb8584500, 0x1b2f2500, 0x002500b9,
    0xb8593e1d, 0x58450000, 0x2f2c00b8, 0x2c00b91b, 0x593e1d00, 0x450000b8, 0x1100b858, 0x00b91b2f, 0x3e130011, 0x0000b859, 0x00b85845, 0xb91b2f08,
    0x13000800, 0x00b8593e, 0xb8584500, 0x1b2f0100, 0x000100b9, 0xba593e13, 0x1e000a00, 0x12111100, 0x0a00b839, 0x0003412f, 0x000a00df, 0x03417101,
    0x0a008f00, 0xb85d0100, 0xb8d00600, 0xb9101100, 0x0d001200, 0x0a00b8f4, 0x2300b910, 0xbaf40d00, 0x0a001800, 0x12112300, 0x1e00b839, 0x1d00b910,
    0xb8f40d00, 0xb8102300, 0xb8d02700, 0xb9102c00, 0x0d002f00, 0x3300baf4, 0x23000a00, 0xb8391211, 0xb9100100, 0x0d003800, 0x1100b8f4, 0x3b00b810,
    0x213130dc, 0x2f262223, 0x23032301, 0x0e072313, 0x37012b03, 0x013e3733, 0x012e013f, 0x3723012f, 0x1f163233, 0x33133301, 0x3e373303, 0x07013b01,
    0x010e0723, 0x011e010f, 0x0733011f, 0x081f0323, 0x4f0c2320, 0x40513f75, 0x180daf74, 0x2a131f1b, 0x1595380e, 0x0f011827, 0x39350b15, 0x25202a0e,
    0x3e743f0a, 0x9d743e51, 0x27292f17, 0x1485380e, 0x0f011422, 0x60430b17, 0x261e4a2d, 0x01c1fefb, 0x1912ff3f, 0xd948060f, 0x05031d1e, 0xc9231d05,
    0xf0261f48, 0xcbfe3501, 0x481b23f7, 0x05191ed1, 0x231b0505, 0x0000ded5, 0xe8ff0200, 0x94030000, 0x1600ba02, 0x9f001c00, 0x001100ba, 0x111e001d,
    0x00b83912, 0x00b81011, 0xb800d01c, 0x58450000, 0x2f0500b8, 0x0500b91b, 0x593e1d00, 0x450000b8, 0x1200b858, 0x00b91b2f, 0x3e130012, 0x0000b859,
    0x00b85845, 0xb91b2f16, 0x13001600, 0x00b8593e, 0xb8584500, 0x1b2f0e00, 0x000e00b9, 0xba593e13, 0x05001c00, 0x12111600, 0x1c00b839, 0x1400b92f,
    0xbaf40d00, 0x14000300, 0x12111c00, 0x0500b839, 0x1a00b910, 0xb8f40d00, 0xb8d00400, 0xb8101a00, 0xbad00700, 0x1c000800, 0x12111400, 0x1400b839,
    0x1000b810, 0x133130d0, 0x03013f36, 0x03072137, 0x17011e07, 0x23032313, 0x23132303, 0x37012303, 0x17152135, 0x01302bc5, 0xe0020e7b, 0x1001e40e,
    0x56770e18, 0x513f7385, 0x61f47340, 0xfdc57502, 0x21016ada, 0x01050638, 0xfe48480e, 0x1d0605f3, 0x01e3fe20, 0x01c1fe3f, 0x01c1fe3f, 0x0505e885,
    0x000000e8, 0x0b00ffff, 0x2302f4ff, 0x26027c03, 0x0000a902, 0xc3030600, 0x0000003e, 0x0b000100, 0x23026aff, 0x3200c602, 0x00ba7600, 0x0033000f,
    0x39121134, 0x0000b800, 0x00b85845, 0xb91b2f22, 0x1d002200, 0x00b8593e, 0xb8584500, 0x1b2f3000, 0x003000b9, 0xb8593e13, 0xb8d00000, 0xb9103000,
    0x0d000700, 0x1100baf4, 0x07002200, 0xb8391211, 0x412f1100, 0x007f0003, 0x72010011, 0x001000b9, 0x00b8f40d, 0x00b91022, 0xf40d001b, 0x002800ba,
    0x11110010, 0x00b83912, 0x00b81030, 0x3130dc32, 0x27012e17, 0x33011e37, 0x3e373632, 0x2b343501, 0x32333701, 0x013e3736, 0x23263435, 0x27070622,
    0x3233013e, 0x06141516, 0x1516010f, 0x0f020e14, 0x3bbd2301, 0x1e3f1c5b, 0x583c355a, 0x7c03020e, 0x4b520f61, 0x02020b4e, 0x58383b3a, 0x7529361e,
    0x4f65624d, 0x236a014a, 0x1c34573e, 0x3a0a084a, 0x2e332f33, 0x160c413a, 0x3c485c0c, 0x0b150a33, 0x262d302a, 0x533a3032, 0x1561484b, 0x34661b05,
    0x03253e56, 0x0000008a, 0x13000100, 0x3702f4ff, 0x2800ba02, 0x00ba5f00, 0x00290014, 0x3912112a, 0x0000b800, 0x00b85845, 0xb91b2f1b, 0x1d001b00,
    0x00b8593e, 0xb8584500, 0x1b2f0000, 0x000000b9, 0xb9593e13, 0x0d000900, 0x1f00baf4, 0x00001b00, 0xb8391211, 0xb92f1f00, 0x05001400, 0x1f00b8f4,
    0x1600b810, 0x1b00b8d0, 0x1900b910, 0xb8f40d00, 0x30d01d00, 0x2e221731, 0x1e372702, 0x36323301, 0x35013e37, 0x2b022e34, 0x37253701, 0x21372307,
    0x1e32020f, 0x0e141502, 0x4626f502, 0x400d2e3b, 0x44335219, 0x0303105a, 0x24321f0e, 0x0d010f64, 0x0fec4b01, 0xe2148401, 0x32412301, 0x5e43251e,
    0x3222130c, 0x30382b1f, 0x120d5041, 0x1d25150b, 0x05cc4610, 0xab644905, 0x412b1505, 0x45603c2b, 0x00000025, 0x0900ffff, 0x9f010000, 0x0602ba02,
    0x00002900, 0x2700ffff, 0xa9020000, 0x26027c03, 0x0000aa02, 0xc3030700, 0x00008800, 0x2700ffff, 0xa9020000, 0x2602b403, 0x0000aa02, 0xc6030700,
    0x00008800, 0x2700ffff, 0xa9020000, 0x26026b03, 0x0000aa02, 0xc1030700, 0x00008800, 0x2700ffff, 0x91020000, 0x2602b603, 0x0000ac02, 0xc5030600,
    0x00000063, 0x27000100, 0x91026aff, 0x2100ba02, 0x00ba9d00, 0x0022000c, 0x39121123, 0x0000b800, 0x00b85845, 0xb91b2f09, 0x1d000900, 0x00b8593e,
    0xb8584500, 0x1b2f1200, 0x001200b9, 0xb8593e1d, 0x58450000, 0x2f0800b8, 0x0800b91b, 0x593e1300, 0x450000b8, 0x0100b858, 0x00b91b2f, 0x3e130001,
    0x0600ba59, 0x08000900, 0xb8391211, 0x412f0600, 0x00df0003, 0x71010006, 0x8f000341, 0x01000600, 0x0b00b95d, 0xb8f40d00, 0xb9101200, 0x0d001500,
    0x1900baf4, 0x0b000600, 0xb8391211, 0xb9100100, 0x0d001e00, 0x0800b8f4, 0x2100b810, 0x213130dc, 0x2f262223, 0x23032301, 0x33033313, 0x3b033e37,
    0x07230701, 0x010f010e, 0x011f011e, 0x01230733, 0x231b0bfe, 0x3f7a7410, 0x3e518c51, 0x180fbc79, 0x320e1817, 0x11aa390e, 0x1101131d, 0x60670b16,
    0x231d4a2d, 0x02c1feff, 0xf7cbfeba, 0x050e1813, 0x1217e048, 0x18060504, 0x00dee317, 0x27000100, 0xaf020000, 0x2500ba02, 0x00bab100, 0x0026001e,
    0x39121127, 0x0000b800, 0x00b85845, 0xb91b2f00, 0x1d000000, 0x00b8593e, 0xb8584500, 0x1b2f0b00, 0x000b00b9, 0xb8593e1d, 0x58450000, 0x2f2500b8,
    0x2500b91b, 0x593e1300, 0x450000b8, 0x1a00b858, 0x00b91b2f, 0x3e13001a, 0x2300ba59, 0x25000000, 0xb8391211, 0x412f2300, 0x00df0003, 0x71010023,
    0x8f000341, 0x01002300, 0x0200b95d, 0xb8f40d00, 0xb8dc0400, 0xb8100200, 0xb8d00600, 0xb9100b00, 0x0d000e00, 0x1200baf4, 0x02002300, 0xb8391211,
    0xb9101a00, 0x0d001700, 0x2300b8f4, 0x1f00b810, 0x2300b8d0, 0x2100b810, 0x133130dc, 0x37330333, 0x37330733, 0x013b013e, 0x0e072307, 0x1e010f01,
    0x33011f01, 0x26222307, 0x0723012f, 0x03233723, 0x3e51b323, 0x1f3d1f38, 0x2d1ab22c, 0x390e321d, 0x131b11a2, 0x0b141101, 0x2e0e385f, 0x6b0f231b,
    0x1f3d1f2c, 0x02513f39, 0x9bcbfeba, 0x1925f79b, 0x1117e148, 0x18060504, 0x1d48e218, 0x9b9bff23, 0x0000c1fe, 0x62000100, 0xfd020000, 0x2100ba02,
    0x00ba9f00, 0x00220003, 0x39121123, 0x0000b800, 0x00b85845, 0xb91b2f02, 0x1d000200, 0x00b8593e, 0xb8584500, 0x1b2f0b00, 0x000b00b9, 0xb8593e1d,
    0x58450000, 0x2f2100b8, 0x2100b91b, 0x593e1300, 0x450000b8, 0x1a00b858, 0x00b91b2f, 0x3e13001a, 0x0200b859, 0x0100b910, 0xbaf40d00, 0x02001f00,
    0x12112100, 0x1f00b839, 0x0003412f, 0x001f008f, 0x03415d01, 0x1f00df00, 0xb9710100, 0x0d000400, 0x0b00b8f4, 0x0e00b910, 0xbaf40d00, 0x1f001200,
    0x12110400, 0x1a00b839, 0x1700b910, 0x30f40d00, 0x37230131, 0x37330333, 0x013b033e, 0x0e072307, 0x1e010f01, 0x33011f01, 0x26222307, 0x0323012f,
    0xae100123, 0x793eff0f, 0x17180fbc, 0x0e320e18, 0x1d11aa39, 0x16110113, 0x0e38670b, 0x10231b2e, 0x513f7a74, 0xfe487202, 0x1813f7cb, 0xe048050e,
    0x05041217, 0xe3171806, 0xff231d48, 0x0000c1fe, 0x4f000100, 0xb9020000, 0x2700ba02, 0x00bab900, 0x00280005, 0x39121129, 0x0000b800, 0x00b85845,
    0xb91b2f04, 0x1d000400, 0x00b8593e, 0xb8584500, 0x1b2f1100, 0x001100b9, 0xb8593e1d, 0x58450000, 0x2f2700b8, 0x2700b91b, 0x593e1300, 0x450000b8,
    0x2000b858, 0x00b91b2f, 0x3e130020, 0x0a00ba59, 0x27000400, 0xb8391211, 0x412f0a00, 0x000f0003, 0x5d01000a, 0x000900ba, 0x110a0004, 0x00b83912,
    0x03412f09, 0x09001000, 0xb85d0100, 0xb8d00000, 0xb9100900, 0x05000600, 0x0300b8f4, 0x1100b8d0, 0x1300b910, 0xb8f40d00, 0xb9100a00, 0x0d002500,
    0x1800baf4, 0x0a002500, 0xb8391211, 0xb9102000, 0x0d001e00, 0x133130f4, 0x37333723, 0x07330733, 0x37330723, 0x013b033e, 0x0e072307, 0x1e010f01,
    0x33011f01, 0x26222307, 0x0323012f, 0x0d6bbf23, 0x1051106a, 0x22920d93, 0x180fbc79, 0x320e1817, 0x11aa390e, 0x1101131d, 0x38670b16, 0x231b2e0e,
    0x3f7a7410, 0x402a0251, 0xa5405050, 0x0e1813f7, 0x17e04805, 0x06050412, 0x48e31718, 0xfeff231d, 0x000000c1, 0xd9ff0200, 0x9e030000, 0x1f00ba02,
    0x7e002b00, 0x002b00ba, 0x112d002c, 0x00b83912, 0x00b8102b, 0xb800d014, 0x58450000, 0x2f0700b8, 0x0700b91b, 0x593e1d00, 0x450000b8, 0x1f00b858,
    0x00b91b2f, 0x3e13001f, 0x0000b859, 0x00b85845, 0xb91b2f13, 0x13001300, 0x00b8593e, 0x00b9101f, 0xf40d0000, 0x101300b8, 0x002b00b9, 0x00baf40d,
    0x002b0009, 0x39121107, 0x2f0900b8, 0x100700b8, 0x001500b9, 0x00b8f40d, 0x00b91009, 0xf40d002a, 0x33273130, 0x013f033e, 0x32330321, 0x0e141516,
    0x13212302, 0x030e0723, 0x2b010e07, 0x36322501, 0x35013e37, 0x012b2634, 0x16431903, 0x17282729, 0x37840129, 0x21515cac, 0xfe36573c, 0x1ce57deb,
    0x25252617, 0x2a3e1d14, 0x32e70222, 0x06060a42, 0x37b5352a, 0x5d341348, 0xfecc7092, 0x355060e8, 0x02244059, 0x946f8b72, 0x1d143961, 0x32334819,
    0x250e311d, 0x00eefe2c, 0x27000100, 0xa9026aff, 0x0f00ba02, 0x00ba9200, 0x00100007, 0x39121111, 0x0000b800, 0x00b85845, 0xb91b2f06, 0x1d000600,
    0x00b8593e, 0xb8584500, 0x1b2f0a00, 0x000a00b9, 0xb8593e1d, 0x58450000, 0x2f0500b8, 0x0500b91b, 0x593e1300, 0x450000b8, 0x0100b858, 0x00b91b2f,
    0x3e130001, 0x0300ba59, 0x05000600, 0xb8391211, 0x412f0300, 0x007f0003, 0x72010003, 0xdf000341, 0x01000300, 0x00034171, 0x0003008f, 0x00b95d01,
    0xf40d0008, 0x100100b8, 0x000c00b9, 0x00b8f40d, 0x00b81001, 0x3130dc0f, 0x21132321, 0x33132303, 0x33132103, 0x23073303, 0x3f663202, 0x5140adfe,
    0x013d518c, 0x7e513e53, 0x014a2d60, 0x02c2fe3e, 0x01ccfeba, 0xde8efd34, 0x27000200, 0xb6030000, 0x1400ba02, 0xa6002000, 0x001100ba, 0x11220021,
    0x00b83912, 0x00b81011, 0xb800d020, 0x58450000, 0x2f0000b8, 0x0000b91b, 0x593e1d00, 0x450000b8, 0x0400b858, 0x00b91b2f, 0x3e1d0004, 0x0000b859,
    0x00b85845, 0xb91b2f14, 0x13001400, 0x00b8593e, 0xb8584500, 0x1b2f1000, 0x001000b9, 0xba593e13, 0x00001200, 0x12111400, 0x1200b839, 0x0003412f,
    0x001200df, 0x03417101, 0x12007f00, 0x41720100, 0x008f0003, 0x5d010012, 0x000200b9, 0x00b8f40d, 0x00b91010, 0xf40d0020, 0x000600ba, 0x11040020,
    0x00b83912, 0x00b92f06, 0xf40d001f, 0x33133130, 0x33132103, 0x16323303, 0x020e1415, 0x21132123, 0x32252303, 0x013e3736, 0x2b263435, 0x51b30301,
    0x3e3e013d, 0x5cac3751, 0x573c2151, 0x40ebfe36, 0x5140c1fe, 0x4232b102, 0x2a06060a, 0x0237b535, 0x01ccfeba, 0x60e8fe34, 0x40593550, 0xfe3e0124,
    0x323348c2, 0x250e311d, 0x00eefe2c, 0x27000100, 0xaf030000, 0x0d00ba02, 0x00ba8a00, 0x000e0009, 0x3912110f, 0x0000b800, 0x00b85845, 0xb91b2f00,
    0x1d000000, 0x00b8593e, 0xb8584500, 0x1b2f0400, 0x000400b9, 0xb8593e1d, 0x58450000, 0x2f0d00b8, 0x0d00b91b, 0x593e1300, 0x450000b8, 0x0900b858,
    0x00b91b2f, 0x3e130009, 0x0b00ba59, 0x0d000000, 0xb8391211, 0x412f0b00, 0x007f0003, 0x7201000b, 0xdf000341, 0x01000b00, 0x00034171, 0x000b008f,
    0x00b95d01, 0xf40d0002, 0x100400b8, 0x000700b9, 0x3130f40d, 0x21033313, 0x21072113, 0x21132303, 0x51b32303, 0x3e3e013d, 0xfe0e6c01, 0x40517ee5,
    0x5140c1fe, 0xccfeba02, 0xfd483401, 0xfe3e018e, 0x000000c2, 0x3700ffff, 0x8c02f4ff, 0x26027c03, 0x00002f00, 0xc3030600, 0x00000073, 0x37000300,
    0x8c02f4ff, 0x1300c602, 0x40002a00, 0x00ba7100, 0x0041001e, 0x39121142, 0x101e00b8, 0xd00000b8, 0x101e00b8, 0xd03500b8, 0x0000b800, 0x00b85845,
    0xb91b2f0a, 0x1d000a00, 0x00b8593e, 0xb8584500, 0x1b2f0000, 0x000000b9, 0xb9593e13, 0x0d001400, 0x3200baf4, 0x14000a00, 0xb8391211, 0xb82f3200,
    0xb9dc3800, 0x05001b00, 0x3200b8f4, 0x2100b910, 0xb8f40500, 0xb9100a00, 0x0d002b00, 0x053130f4, 0x35022e22, 0x33023e34, 0x15021e32, 0x27020e14,
    0x013f3632, 0x2223010e, 0x012e2726, 0x0f062223, 0x15010e01, 0x22131614, 0x3e010f06, 0x16323301, 0x33011e17, 0x3e373632, 0x26343501, 0x59342a01,
    0x5c302541, 0x59345383, 0x5c302541, 0x7c5d4b83, 0x30130516, 0x1e332418, 0x161f3019, 0x0402192f, 0x5db05a03, 0x1004167c, 0x33241a31, 0x1f30181f,
    0x051a2d17, 0x230c5a03, 0x57426645, 0x244c7da2, 0x57426545, 0x494c7da2, 0x0e1a6d7b, 0x0e111011, 0x0c131010, 0x500f2213, 0x7b40025f, 0x120d126d,
    0x100e1110, 0x24151310, 0x005f500f, 0x37000300, 0x8c02f4ff, 0x1300c602, 0x2a001f00, 0x00ba6300, 0x002b0014, 0x3912112c, 0x101400b8, 0xd00000b8,
    0x101400b8, 0xd02700b8, 0x0000b800, 0x00b85845, 0xb91b2f0a, 0x1d000a00, 0x00b8593e, 0xb8584500, 0x1b2f0000, 0x000000b9, 0xb9593e13, 0x0d001400,
    0x2000baf4, 0x14000a00, 0xb8391211, 0xb92f2000, 0x0d001900, 0x0a00b8f4, 0x2700b910, 0x30f40d00, 0x2e220531, 0x3e343502, 0x1e323302, 0x0e141502,
    0x36322702, 0x0721013f, 0x1415010e, 0x3e210316, 0x26343501, 0x07062223, 0x59342a01, 0x5c302541, 0x59345383, 0x5c302541, 0x7c5d4b83, 0x6bfe0516,
    0x5a030403, 0x05950142, 0x5d515a03, 0x230c167c, 0x57426645, 0x244c7da2, 0x57426545, 0x494c7da2, 0x0e196d7b, 0x500f2213, 0x1549015f, 0x5f500f24,
    0x00006d7b, 0x27000100, 0x9b026aff, 0x0b00ba02, 0x00ba5a00, 0x000c0007, 0x3912110d, 0x0000b800, 0x00b85845, 0xb91b2f00, 0x1d000000, 0x00b8593e,
    0xb8584500, 0x1b2f0b00, 0x000b00b9, 0xb8593e13, 0x58450000, 0x2f0700b8, 0x0700b91b, 0x593e1300, 0x000200b9, 0x00b8f40d, 0x00b91007, 0xf40b0005,
    0x100000b8, 0x000900b9, 0x3130f40d, 0x33032113, 0x23372307, 0x23032113, 0x7fe801b3, 0x1e4a2d61, 0xbbfe7e67, 0xba02517e, 0x96de8efd, 0x8efd7202,
    0x27000100, 0x8c035cff, 0x2400ba02, 0x00ba6c00, 0x0025000d, 0x39121126, 0x2400b800, 0x0000b82f, 0x00b85845, 0xb91b2f13, 0x1d001300, 0x00b8593e,
    0xb8584500, 0x1b2f1200, 0x001200b9, 0xb8593e13, 0x58450000, 0x2f0e00b8, 0x0e00b91b, 0x593e1300, 0x102400b8, 0x000100b9, 0x00baf40d, 0x00130019,
    0x39121112, 0x2f1900b8, 0x000a00b9, 0x00b8f40d, 0x00b91013, 0xf40d0010, 0x33053130, 0x013f013e, 0x26343536, 0x03072223, 0x03211323, 0x03211323,
    0x33013e33, 0x14151632, 0x0e010f06, 0x02012b01, 0x3421556d, 0x3a0b0b0e, 0x3e39553b, 0xd0fe7d51, 0x018c517e, 0x1e0441d4, 0x5b5f2347, 0x1a0b0605,
    0x5c2c547d, 0x36415417, 0x363c1d35, 0x02cefe18, 0x028efd72, 0x0cbefeba, 0x11565c0e, 0x7e361e2b, 0x00000076, 0x37000100, 0x67026aff, 0x2a00c602,
    0x00ba5300, 0x002b001f, 0x3912112c, 0x0000b800, 0x00b85845, 0xb91b2f0a, 0x1d000a00, 0x00b8593e, 0xb8584500, 0x1b2f0000, 0x000000b9, 0xb8593e13,
    0xb9100a00, 0x0d001100, 0x0000b8f4, 0x1f00b910, 0xb8f40d00, 0xb8100000, 0xb8d02800, 0xb8100000, 0x30dc2a00, 0x032e1731, 0x023e3435, 0x17163233,
    0x23012e07, 0x0f020e22, 0x15010e01, 0x33021e14, 0x37023e32, 0x0f010e17, 0x29f12301, 0x301b3145, 0x554c7c58, 0x13491a71, 0x4728424a, 0x17092939,
    0x28160204, 0x3924263b, 0x4411252d, 0x1c54712c, 0x2b08074a, 0x5b3b5e45, 0x4e4779a1, 0x3c3b2151, 0x304d371e, 0x0f201373, 0x1b314429, 0x1e312112,
    0x04525222, 0x0000008b, 0x62000100, 0x6b026aff, 0x0b00ba02, 0x00ba5100, 0x000c0001, 0x3912110d, 0x0000b800, 0x00b85845, 0xb91b2f09, 0x1d000900,
    0x00b8593e, 0xb8584500, 0x1b2f0600, 0x000600b9, 0xb8593e13, 0xb9100900, 0x0d000700, 0x0000b8f4, 0x0600b8d0, 0x0100b910, 0xb8f40d00, 0xb9100600,
    0x0b000400, 0x013130f4, 0x23073303, 0x23132337, 0x01072137, 0x2d616f88, 0x7d671e4a, 0xfb010ed5, 0xfd72020e, 0x0296ded6, 0x00484872, 0x62000100,
    0x37036aff, 0x0f00ba02, 0x00ba6600, 0x00100007, 0x39121111, 0x0000b800, 0x00b85845, 0xb91b2f04, 0x1d000400, 0x00b8593e, 0xb8584500, 0x1b2f0a00,
    0x000a00b9, 0xb8593e1d, 0x58450000, 0x2f0100b8, 0x0100b91b, 0x593e1300, 0x100400b8, 0x000200b9, 0x00b8f40d, 0x00b8d007, 0x00b91001, 0xf40d0008,
    0xd00c00b8, 0x100100b8, 0x000f00b9, 0x3130f40b, 0x23130129, 0x23072137, 0x33132103, 0x23073303, 0xf9fdc102, 0x010ed57d, 0x6ed50efb, 0x517d4f01,
    0x4a2d607d, 0x48487202, 0x7202d6fd, 0x00de8efd, 0x4900ffff, 0x6d020000, 0x26026b03, 0x0000b702, 0xc1030600, 0x00000041, 0x4900ffff, 0x6d020000,
    0x26027c03, 0x0000b702, 0xc3030600, 0x00000041, 0x4900ffff, 0x6d020000, 0x2602b403, 0x0000b702, 0xc4030600, 0x00000041, 0x4900ffff, 0x6d020000,
    0x26029103, 0x0000b702, 0xca030600, 0x00000037, 0x6900ffff, 0x8b020000, 0x0602ba02, 0x00003900, 0x4f000100, 0x8b020000, 0x0f00ba02, 0x00ba6c00,
    0x0010000e, 0x39121111, 0x0000b800, 0x00b85845, 0xb91b2f04, 0x1d000400, 0x00b8593e, 0xb8584500, 0x1b2f0800, 0x000800b9, 0xb8593e1d, 0x58450000,
    0x2f0f00b8, 0x0f00b91b, 0x593e1300, 0x000300ba, 0x110f0004, 0x00b83912, 0x00b92f03, 0xf4050000, 0x100300b8, 0xd00600b8, 0x100300b8, 0xd00a00b8,
    0x100000b8, 0xd00d00b8, 0x23373130, 0x33033337, 0x33133313, 0x23073301, 0x9eed2307, 0x52929f0d, 0x5dfa0574, 0x0d9fc1fe, 0xcf5129a0, 0xfea90142,
    0xfe5501ab, 0x00cf4257, 0xe7ff0100, 0x8d026aff, 0x1100ba02, 0x00ba7300, 0x00120002, 0x39121113, 0x0000b800, 0x00b85845, 0xb91b2f07, 0x1d000700,
    0x00b8593e, 0xb8584500, 0x1b2f0b00, 0x000b00b9, 0xb8593e1d, 0x58450000, 0x2f0500b8, 0x0500b91b, 0x593e1300, 0x450000b8, 0x0100b858, 0x00b91b2f,
    0x3e130001, 0x0300ba59, 0x01000b00, 0xba391211, 0x07000900, 0x12110500, 0x0e00b939, 0xb8f40d00, 0xb8100500, 0x30dc1100, 0x03232131, 0x01230323,
    0x33133303, 0x13013313, 0x01230733, 0x04783de4, 0x20015ee6, 0x0477558f, 0xdbfe5ee7, 0x4a2d6075, 0xe2fe1e01, 0x54016601, 0x1f01e1fe, 0xf1fe9dfe,
    0x000000de, 0x6200ffff, 0x6b020000, 0x26027c03, 0x0000bc02, 0xc3030600, 0x0000005b, 0x62000100, 0x6b026aff, 0x1d00ba02, 0x00ba7900, 0x001e0015,
    0x3912111f, 0x0000b800, 0x00b85845, 0xb91b2f0d, 0x1d000d00, 0x00b8593e, 0xb8584500, 0x1b2f1800, 0x001800b9, 0xb8593e1d, 0x58450000, 0x2f0100b8,
    0x0100b91b, 0x593e1300, 0x001500ba, 0x1101000d, 0x00b83912, 0x03412f15, 0x1500bf00, 0xb95d0100, 0x0d000600, 0x0300baf4, 0x15000600, 0xb8391211,
    0xb9100100, 0x0d001a00, 0x0100b8f4, 0x1d00b810, 0x213130dc, 0x0e231323, 0x26222301, 0x3f363435, 0x0e073301, 0x16141501, 0x13373233, 0x07330333,
    0x66f40123, 0x4e1e0437, 0x0762672a, 0x24511f08, 0x43430705, 0x51463b62, 0x4a2d607e, 0x0e0c1501, 0x3618565c, 0x1ab29926, 0x363c1029, 0xfd5e0119,
    0x0000de8e, 0x62000100, 0x6b020000, 0x2000ba02, 0x00ba7a00, 0x00210017, 0x39121122, 0x0000b800, 0x00b85845, 0xb91b2f0e, 0x1d000e00, 0x00b8593e,
    0xb8584500, 0x1b2f1d00, 0x001d00b9, 0xb8593e1d, 0x58450000, 0x2f2000b8, 0x2000b91b, 0x593e1300, 0x001600ba, 0x1120000e, 0x00b83912, 0x00b92f16,
    0xf40d0007, 0x000100ba, 0x11160007, 0x00b83912, 0x00b8d004, 0x00b81007, 0x00b8dc06, 0x00b81016, 0x00b8dc17, 0x00b81016, 0x3130d019, 0x010e2301,
    0x3723010f, 0x3435012e, 0x33013f36, 0x15010e07, 0x37171614, 0x013e0733, 0x03331337, 0x04c50123, 0x1c214119, 0x52551c3d, 0x511f0807, 0x33070524,
    0x223d2233, 0x46184226, 0x01518c51, 0x020d0a15, 0x5a088c8c, 0x2636184f, 0x291ab299, 0x06343610, 0x0c02aaa8, 0xfd5e010b, 0x00000046, 0x2700ffff,
    0x49030000, 0x26027c03, 0x0000c002, 0xc3030700, 0x0000dc00, 0x50000200, 0x59020000, 0x1400ba02, 0x79002000, 0x000500ba, 0x11220021, 0x00b83912,
    0x00b81005, 0xb800d015, 0x58450000, 0x2f0400b8, 0x0400b91b, 0x593e1d00, 0x450000b8, 0x1400b858, 0x00b91b2f, 0x3e130014, 0x0a00ba59, 0x14000400,
    0xb8391211, 0xba2f0a00, 0x0a000900, 0x12110400, 0x0900b839, 0x0000b82f, 0x0900b8d0, 0x0600b910, 0xb8f40500, 0xb8d00300, 0xb9100a00, 0x0d001f00,
    0x1400b8f4, 0x2000b910, 0x30f40d00, 0x37231331, 0x07333733, 0x07230733, 0x15163233, 0x23020e14, 0x36322521, 0x35013e37, 0x012b2634, 0x0f6bbe03,
    0x1051106a, 0x19bc0fbd, 0x21515cb6, 0xfe36573c, 0x322b01e1, 0x06060a42, 0x37bf352a, 0x50482202, 0x60804850, 0x40593550, 0x32334824, 0x250e311d,
    0x00eefe2c, 0x0b00ffff, 0x3b02f4ff, 0x0602c602, 0x00003300, 0x27000100, 0x9a026aff, 0x0b00ba02, 0x00ba5600, 0x000c0009, 0x3912110d, 0x0000b800,
    0x00b85845, 0xb91b2f02, 0x1d000200, 0x00b8593e, 0xb8584500, 0x1b2f0600, 0x000600b9, 0xb8593e1d, 0x58450000, 0x2f0100b8, 0x0100b91b, 0x593e1300,
    0x000400b9, 0x00b8f40d, 0x00b81001, 0x00b8d009, 0x00b81001, 0x3130dc0b, 0x33132333, 0x33132103, 0x23072303, 0x518ccff6, 0x7d45017d, 0x1ecf8b51,
    0xfdba024a, 0xfd72028e, 0x00009646, 0x0900ffff, 0x9f010000, 0x0602ba02, 0x00002900, 0x0900ffff, 0xbd010000, 0x26027c03, 0x00002900, 0xc3030600,
    0x000000f3, 0x0300ffff, 0xef01f4ff, 0x0602ba02, 0x00002a00, 0x62000100, 0xb7025cff, 0x2500ba02, 0x00ba7200, 0x00260015, 0x39121127, 0x2500b800,
    0x0000b82f, 0x00b85845, 0xb91b2f12, 0x1d001200, 0x00b8593e, 0xb8584500, 0x1b2f0f00, 0x000f00b9, 0xb8593e13, 0xb9102500, 0x0d000000, 0x1a00baf4,
    0x0f001200, 0xb8391211, 0x412f1a00, 0x00400003, 0x5d01001a, 0x000a00b9, 0x00b8f40d, 0x00b91012, 0xf40d0011, 0xd01500b8, 0x001600ba, 0x110a001a,
    0x31303912, 0x013e3305, 0x3536013f, 0x22232634, 0x23030706, 0x21372313, 0x33072307, 0x3233013e, 0x06141516, 0x010e010f, 0xa001012b, 0x0c281d55,
    0x3f400b15, 0x441d4e2d, 0x0ed57d51, 0xd50efb01, 0x4e1e042b, 0x05616326, 0x6f181506, 0x155c2c52, 0x356b3e49, 0x0d363c1d, 0x02aafe0c, 0xd5484872,
    0x565c0e0c, 0x6b1e2b11, 0x00006a7a, 0x62000100, 0xc1020000, 0x1d00ba02, 0x00ba7500, 0x001e0005, 0x3912111f, 0x0000b800, 0x00b85845, 0xb91b2f02,
    0x1d000200, 0x00b8593e, 0xb8584500, 0x1b2f1d00, 0x001d00b9, 0xb8593e13, 0x58450000, 0x2f1200b8, 0x1200b91b, 0x593e1300, 0x100200b8, 0x000100b9,
    0x00b8f40d, 0x00bad005, 0x0002000a, 0x3912111d, 0x2f0a00b8, 0x40000341, 0x01000a00, 0x1900b95d, 0xbaf40d00, 0x0a000600, 0x12111900, 0x01313039,
    0x07213723, 0x3e330723, 0x16323301, 0x0f061415, 0x3e372301, 0x26343501, 0x03072223, 0xd5370123, 0x0efb010e, 0x1e042bd5, 0x62672a4f, 0x511d0807,
    0x43070522, 0x443b6243, 0x48720251, 0x0e0cd548, 0x3618565c, 0x1aaa9126, 0x363c1029, 0x00aafe19, 0x27000100, 0x30020000, 0x1900ba02, 0x00ba6700,
    0x001a0015, 0x3912111b, 0x0000b800, 0x00b85845, 0xb91b2f00, 0x1d000000, 0x00b8593e, 0xb8584500, 0x1b2f1900, 0x001900b9, 0xb8593e13, 0x58450000,
    0x2f0e00b8, 0x0e00b91b, 0x593e1300, 0x000600ba, 0x11190000, 0x00b83912, 0x03412f06, 0x06004000, 0xb95d0100, 0x0d001500, 0x0200baf4, 0x15000600,
    0x30391211, 0x03331331, 0x33013e33, 0x14151632, 0x23010f06, 0x35013e37, 0x22232634, 0xb3230307, 0x1e043751, 0x62672a4e, 0x511f0807, 0x43070524,
    0x463b6243, 0xfeba0251, 0x5c0e0ceb, 0x26361856, 0x291ab299, 0x19363c10, 0x0000a2fe, 0x3700ffff, 0x8c02f4ff, 0x0602c602, 0x0000b901, 0x27000200,
    0xfe02f4ff, 0x2f00c602, 0x79003900, 0x001900ba, 0x113b003a, 0x00b83912, 0x00b81019, 0xb800d033, 0x58450000, 0x2f0000b8, 0x0000b91b, 0x593e1d00,
    0x450000b8, 0x1900b858, 0x00b91b2f, 0x3e130019, 0x0a00ba59, 0x19000000, 0xb8391211, 0xb82f0a00, 0xb9101900, 0x0d001000, 0x1500baf4, 0x0a001000,
    0xb8391211, 0xb8100a00, 0xb8d02100, 0xb9100a00, 0x0d003300, 0x2b00b8f4, 0x0000b8d0, 0x3000b910, 0x30f40d00, 0x1e320131, 0x06141502, 0x0e21010f,
    0x16141501, 0x023e3233, 0x010e1737, 0x022e2223, 0x37363435, 0x35262223, 0x33013f34, 0x033e3307, 0x07062217, 0x35013e21, 0x0e022634, 0x23405835,
    0xfe040505, 0x58030715, 0x373b1c54, 0x283d1734, 0x5c3c5f96, 0x0202203f, 0x03161d53, 0x49164517, 0x71563a0f, 0x177c613f, 0x04039201, 0x26c60255,
    0x163d6345, 0x1d161a2e, 0x62500f2c, 0x29361f0d, 0x28605222, 0x113c6448, 0x13161121, 0x71760f07, 0x32567340, 0x0e747e49, 0x5f4f0f27, 0x27000200,
    0xfe026aff, 0x3200c602, 0x83003c00, 0x001c00ba, 0x113e003d, 0x00b83912, 0x00b8101c, 0xb800d036, 0x58450000, 0x2f0000b8, 0x0000b91b, 0x593e1d00,
    0x450000b8, 0x1900b858, 0x00b91b2f, 0x3e130019, 0x0a00ba59, 0x19000000, 0xb9391211, 0x0d001000, 0x1500baf4, 0x0a001000, 0xb8391211, 0xb9101900,
    0x0b001b00, 0x1900b8f4, 0x1c00b810, 0x0a00b8d0, 0x2400b810, 0x0a00b8d0, 0x3600b910, 0xb8f40d00, 0xb8d02e00, 0xb9100000, 0x0d003300, 0x013130f4,
    0x15021e32, 0x010f0614, 0x15010e21, 0x32331614, 0x1737023e, 0x010f010e, 0x032e3723, 0x37363435, 0x35262223, 0x33013f34, 0x033e3307, 0x07062217,
    0x35013e21, 0x0e022634, 0x23405835, 0xfe040505, 0x58030715, 0x373b1c54, 0x243d1734, 0x4a1c5381, 0x354e331c, 0x5302021c, 0x1703161d, 0x0f491645,
    0x3f71563a, 0x01177c61, 0x55040392, 0x4526c602, 0x2e163d63, 0x2c1d161a, 0x0d62500f, 0x2229361f, 0x8c095d4a, 0x462d068c, 0x2111375e, 0x07131611,
    0x4071760f, 0x49325673, 0x270e747e, 0x005f4f0f, 0x3d000200, 0x3303d4ff, 0x3900c502, 0x8f005100, 0x003a00ba, 0x11530052, 0x00b83912, 0x00b8103a,
    0xb800d025, 0x58450000, 0x2f0f00b8, 0x0f00b91b, 0x593e1d00, 0x450000b8, 0x0700b858, 0x00b91b2f, 0x3e130007, 0x0100b859, 0x0700b8dc, 0x2200b910,
    0xbaf40d00, 0x07000400, 0x12112200, 0x00b87c39, 0xb8182f04, 0xb9100f00, 0x0d001400, 0x0f00b8f4, 0x2d00b810, 0x3d00badc, 0x2d002200, 0xba391211,
    0x04003500, 0x12113d00, 0x0100b839, 0x3800b910, 0xb8f40d00, 0xb9102d00, 0x05004900, 0x053130f4, 0x27262223, 0x2223010e, 0x3e343526, 0x17323302,
    0x22232607, 0x010f020e, 0x1415010e, 0x3233021e, 0x012e3736, 0x023e3435, 0x15163233, 0x07020e14, 0x013b011e, 0x17161425, 0x013f033e, 0x3435013e,
    0x0e222326, 0x0e010f02, 0x3ee40201, 0x1a235c3a, 0x9b952145, 0x4c7c5930, 0x12111724, 0x3c4a2a18, 0x03150a2b, 0x593f2204, 0x0e180b36, 0x4c2c2a28,
    0x66523e69, 0x37583e22, 0x401e3819, 0x262fb9fe, 0x23354225, 0x04031507, 0x38203938, 0x15071e2d, 0x1d2c0403, 0x9f0b0917, 0x71985791, 0x06490541,
    0x304c351c, 0x0c1f1069, 0x1c364e32, 0x6b260202, 0x62895542, 0x44626435, 0x1750697d, 0x33e1060b, 0x2c0c1c57, 0x69214138, 0x2e0c1f10, 0x39291841,
    0x1f106921, 0x6f000100, 0xd2020000, 0x0e00ba02, 0x00ba5000, 0x000f000e, 0x39121110, 0x0000b800, 0x00b85845, 0xb91b2f01, 0x1d000100, 0x00b8593e,
    0xb8584500, 0x1b2f0a00, 0x000a00b9, 0xb8593e1d, 0x58450000, 0x2f0000b8, 0x0000b91b, 0x593e1300, 0x000400b9, 0x00b8f40d, 0x00b9100a, 0xf40d000d,
    0x03333130, 0x33011b33, 0x013e011b, 0x2307013b, 0x5153c201, 0x7c031b26, 0x262d0e92, 0xfe620e5f, 0xfeba02c5, 0x01f8fea2, 0x1c240108, 0x8efd481e,
    0x50000200, 0x7b014301, 0x0f00c002, 0x47002100, 0x001c00ba, 0x11230022, 0x00b83912, 0x00b8101c, 0xb800d000, 0x58450000, 0x2f0800b8, 0x0800b91b,
    0x593e1d00, 0x450000b8, 0x0000b858, 0x00b91b2f, 0x3e170000, 0x1000b959, 0xb8f40c00, 0xb9100800, 0x0c001900, 0x133130f4, 0x34352622, 0x3233023e,
    0x0e141516, 0x36322702, 0x013e013f, 0x22233435, 0x0e010f06, 0xc8141501, 0x2d183f39, 0x3f392b43, 0x26432d18, 0x10092e26, 0x26400202, 0x0210092e,
    0x47430102, 0x44593040, 0x30404729, 0x32294459, 0x08502e37, 0x37430811, 0x1108502e, 0x00004308, 0x40000100, 0x4e014901, 0x0b00ba02, 0x00ba4100,
    0x000c0002, 0x3912110d, 0x0000b800, 0x00b85845, 0xb91b2f07, 0x1d000700, 0x00b8593e, 0xb8584500, 0x1b2f0b00, 0x000b00b9, 0xb9593e17, 0x0c000a00,
    0x0200b8f4, 0x0700b8d0, 0x0400b810, 0x133130d0, 0x23133337, 0x33372707, 0x40073303, 0x0637690a, 0x5c6d1e60, 0x010a5f40, 0x11013149, 0xfe54254a,
    0x000031c0, 0x2d000100, 0x5e014901, 0x2100c002, 0x00ba5300, 0x00220003, 0x39121123, 0x0000b800, 0x00b85845, 0xb91b2f15, 0x1d001500, 0x00b8593e,
    0xb8584500, 0x1b2f0100, 0x000100b9, 0xb9593e17, 0x0c002000, 0x0300baf4, 0x20001500, 0xb8391211, 0xb9101500, 0x0c000e00, 0x1f00baf4, 0x01000e00,
    0x30391211, 0x3f210131, 0x37033e01, 0x3435013e, 0x06222326, 0x013e2707, 0x021e3233, 0x020e1415, 0x0133010f, 0x0cfbfe32, 0x181e1285, 0x02010310,
    0x271e1a21, 0x4011330b, 0x202c1838, 0x2d271a13, 0x01c06014, 0x0d603b49, 0x111a1716, 0x17050a04, 0x1719251a, 0x180c3525, 0x2f1e1925, 0x430e1f27,
    0x2c000100, 0x5c014301, 0x3100c002, 0x00ba9400, 0x00320020, 0x39121133, 0x0000b800, 0x00b85845, 0xb91b2f11, 0x1d001100, 0x00b8593e, 0xb8584500,
    0x1b2f2000, 0x002000b9, 0xb8593e17, 0xb9101100, 0x0c000a00, 0x2000b8f4, 0x2700b910, 0xbaf40c00, 0x0a002f00, 0x12112700, 0x2f00b839, 0x0007412f,
    0x002f00d0, 0x002f00e0, 0x002f00f0, 0x07417203, 0x2f006000, 0x2f007000, 0x2f008000, 0x41710300, 0x00900007, 0x00a0002f, 0x00b0002f, 0x7203002f,
    0x000000b9, 0x00baf40c, 0x00000017, 0x3912112f, 0x32133130, 0x3637023e, 0x23263435, 0x27070622, 0x3233013e, 0x06141516, 0x011e1507, 0x020e1415,
    0x27262223, 0x33011e37, 0x36373632, 0x2b263435, 0x16cf3701, 0x0208111c, 0x1b1a1b02, 0x16241130, 0x3935303f, 0x221c2335, 0x21362615, 0x2d0c3f39,
    0x2924290b, 0x23010624, 0x020a2b20, 0x140f0a21, 0x10050a09, 0x22181819, 0x2634231c, 0x02073128, 0x19212505, 0x2a12202b, 0x1c171f1b, 0x06051e21,
    0x00311b17, 0x31000200, 0x5d014901, 0x0a00ba02, 0x5b000e00, 0x000000ba, 0x1110000f, 0x00b83912, 0xb800d00d, 0x58450000, 0x2f0400b8, 0x0400b91b,
    0x593e1d00, 0x450000b8, 0x0000b858, 0x00b91b2f, 0x3e170000, 0x0200ba59, 0x00000400, 0xb8391211, 0xb92f0200, 0x0c000d00, 0x0600b8f4, 0x0200b8d0,
    0x0900b810, 0x0400b8d0, 0x0c00b810, 0x133130d0, 0x013f2337, 0x07330733, 0x23130723, 0x0fd83307, 0x4bd60ab6, 0x33093332, 0x9f03020f, 0x4949017e,
    0x2efaf434, 0xb52c0149, 0x43000100, 0x72014301, 0x2300ba02, 0x00ba6100, 0x00240003, 0x39121125, 0x0000b800, 0x00b85845, 0xb91b2f22, 0x1d002200,
    0x00b8593e, 0xb8584500, 0x1b2f0e00, 0x000e00b9, 0xb8593e17, 0xb9102200, 0x0c000100, 0x0e00b8f4, 0x1500b910, 0xbaf40c00, 0x22000600, 0x12111500,
    0x0600b839, 0x1d00b92f, 0xbaf40c00, 0x1d000200, 0x12110e00, 0x01313039, 0x3e330723, 0x16323301, 0x020e1415, 0x27262223, 0x33011e37, 0x36373632,
    0x23263435, 0x27070622, 0x68013337, 0x0f0328aa, 0x362b1d31, 0x29392410, 0x2f0d3b36, 0x2b23220b, 0x1e020623, 0x0d24171e, 0x02da3a36, 0x18198789,
    0x31193134, 0x1c281928, 0x291c1720, 0x160b0a1e, 0x070d101d, 0x000000cd, 0x50000200, 0x60014301, 0x1700ba02, 0x5b002700, 0x000d00ba, 0x11290028,
    0x00b83912, 0x00b8100d, 0xb800d018, 0x58450000, 0x2f0800b8, 0x0800b91b, 0x593e1d00, 0x450000b8, 0x0000b858, 0x00b91b2f, 0x3e170000, 0x1800b959,
    0xbaf40c00, 0x08001000, 0x12111800, 0x1000b839, 0x2000b92f, 0xbaf40c00, 0x20000c00, 0x12110000, 0x13313039, 0x34352622, 0x3337023e, 0x1707010e,
    0x3233013e, 0x0e141516, 0x36322702, 0x34353637, 0x06222326, 0x14150607, 0x3e3cca16, 0x21413521, 0x12654e58, 0x1d2f0f04, 0x2716372f, 0x2c1f1f37,
    0x1f220208, 0x02082c1f, 0x3c430122, 0x45502935, 0x61281137, 0x1c190234, 0x321e2d37, 0x202f1524, 0x1a080a26, 0x0a26211e, 0x001e1908, 0x57000100,
    0x7e014901, 0x0800ba02, 0x00ba3d00, 0x00090008, 0x3912110a, 0x0000b800, 0x00b85845, 0xb91b2f05, 0x1d000500, 0x00b8593e, 0xb8584500, 0x1b2f0000,
    0x000000b9, 0xb8593e17, 0xb9100500, 0x0c000200, 0x0400b8f4, 0x1b3130dc, 0x23072301, 0x03072137, 0x0e9bcb6a, 0x0f011835, 0x4901c50b, 0x77464001,
    0x00c5fe36, 0x4e000300, 0x78014301, 0x1b00c002, 0x39002900, 0x00ba7700, 0x003a0025, 0x3912113b, 0x102500b8, 0xd00700b8, 0x102500b8, 0xd02a00b8,
    0x0000b800, 0x00b85845, 0xb91b2f0f, 0x1d000f00, 0x00b8593e, 0xb8584500, 0x1b2f0000, 0x000000b9, 0xb9593e17, 0x0c002a00, 0x1c00baf4, 0x2a000f00,
    0xb8391211, 0xb92f1c00, 0x0c003200, 0x0700baf4, 0x32001c00, 0xba391211, 0x1c001500, 0x12113200, 0x0f00b839, 0x2300b910, 0x30f40c00, 0x26221331,
    0x3f363435, 0x35012e01, 0x33023e34, 0x14151632, 0x1e010f06, 0x06141501, 0x36373227, 0x23263435, 0x15060722, 0x32071614, 0x35363736, 0x22232634,
    0x15060706, 0x3ccb1614, 0x012b3241, 0x25141c16, 0x3d342034, 0x1d01232c, 0x411f541e, 0x1a22020a, 0x22020a41, 0x05242c07, 0x2c202402, 0x24020524,
    0x29334301, 0x0508372a, 0x161a2308, 0x30121e28, 0x0a2e2526, 0x1d220a05, 0x34db4537, 0x1814090a, 0x14090a34, 0x1a24ac18, 0x1b16070a, 0x070a1a24,
    0x00001b16, 0x5b000200, 0x6b014901, 0x1700c002, 0x5f002700, 0x000500ba, 0x11290028, 0x00b83912, 0x00b81005, 0xb800d023, 0x58450000, 0x2f1500b8,
    0x1500b91b, 0x593e1d00, 0x450000b8, 0x0600b858, 0x00b91b2f, 0x3e170006, 0x1500b859, 0x2000b910, 0xbaf40c00, 0x06000d00, 0x12112000, 0x0d00b839,
    0x1800b92f, 0xbaf40c00, 0x18000a00, 0x12111500, 0x01313039, 0x07020e14, 0x37013e23, 0x23010e27, 0x34352622, 0x3233023e, 0x36320716, 0x34353637,
    0x06222326, 0x14150607, 0x216b0116, 0x58214135, 0x0412654e, 0x2f1d2f0f, 0x37271637, 0x913e3c22, 0x02082c1f, 0x2c1f1f22, 0x02220208, 0x4550294f,
    0x61281038, 0x1c190234, 0x321e2d37, 0x833c1524, 0x080a2621, 0x26201e19, 0x1e1a080a, 0x0e000200, 0x3901faff, 0x0f007701, 0x47002100, 0x001900ba,
    0x11230022, 0x00b83912, 0x00b81019, 0xb800d008, 0x58450000, 0x2f0800b8, 0x0800b91b, 0x593e1900, 0x450000b8, 0x0000b858, 0x00b91b2f, 0x3e130000,
    0x1000b959, 0xb8f40c00, 0xb9100800, 0x0c001900, 0x173130f4, 0x34352622, 0x3233023e, 0x0e141516, 0x36322702, 0x013e013f, 0x22233435, 0x0e010f06,
    0x86141501, 0x2d183f39, 0x3f392b43, 0x26432d18, 0x10092e26, 0x26400202, 0x0210092e, 0x40470602, 0x29445930, 0x59304047, 0x37322944, 0x1108502e,
    0x2e374308, 0x08110850, 0x00000043, 0xfeff0100, 0x0c010000, 0x0b007101, 0x00ba4100, 0x000c0003, 0x3912110d, 0x0000b800, 0x00b85845, 0xb91b2f07,
    0x19000700, 0x00b8593e, 0xb8584500, 0x1b2f0b00, 0x000b00b9, 0xb9593e13, 0x0c000a00, 0x0200b8f4, 0x0700b8d0, 0x0400b810, 0x233130d0, 0x23133337,
    0x33372707, 0x02073303, 0x0637690a, 0x5c6d1e60, 0x310a5f40, 0x254a1101, 0x31c0fe54, 0xf3ff0100, 0x24010000, 0x21007701, 0x00ba5300, 0x0022000e,
    0x39121123, 0x0000b800, 0x00b85845, 0xb91b2f15, 0x19001500, 0x00b8593e, 0xb8584500, 0x1b2f0100, 0x000100b9, 0xb9593e13, 0x0c002000, 0x0300baf4,
    0x20001500, 0xb8391211, 0xb9101500, 0x0c000e00, 0x1f00baf4, 0x01000e00, 0x30391211, 0x3f213331, 0x37033e01, 0x3435013e, 0x06222326, 0x013e2707,
    0x021e3233, 0x020e1415, 0xf833010f, 0x850cfbfe, 0x10181e12, 0x21020103, 0x0b271e1a, 0x38401133, 0x13202c18, 0x142d271a, 0x603bc060, 0x1a17160d,
    0x050a0411, 0x19251a17, 0x0c352517, 0x1e192518, 0x0e1f272f, 0x00000043, 0xebff0100, 0x1b01faff, 0x31007701, 0x00ba8c00, 0x0032000a, 0x39121133,
    0x0000b800, 0x00b85845, 0xb91b2f11, 0x19001100, 0x00b8593e, 0xb8584500, 0x1b2f2000, 0x002000b9, 0xb8593e13, 0xb9101100, 0x0c000a00, 0x2000b8f4,
    0x2700b910, 0xbaf40c00, 0x0a002f00, 0x12112700, 0x2f00b839, 0x0003412f, 0x002f00f0, 0x07417201, 0x2f006000, 0x2f007000, 0x2f008000, 0x41710300,
    0x00900007, 0x00a0002f, 0x00b0002f, 0x7203002f, 0x000000b9, 0x00baf40c, 0x00000017, 0x3912112f, 0x32373130, 0x3637023e, 0x23263435, 0x27070622,
    0x3233013e, 0x06141516, 0x011e1507, 0x020e1415, 0x27262223, 0x33011e37, 0x36373632, 0x2b263435, 0x168e3701, 0x0208111c, 0x1b1a1b02, 0x16241130,
    0x3935303f, 0x221c2335, 0x21362615, 0x2d0c3f39, 0x2924290b, 0x23010624, 0xd80a2b20, 0x09140f0a, 0x1910050a, 0x1c221818, 0x28263423, 0x05020731,
    0x2b192125, 0x1b2a1220, 0x211c171f, 0x1706051e, 0x0000311b, 0xf2ff0200, 0x1e010000, 0x0a007101, 0x5f000e00, 0x000100ba, 0x1110000f, 0x00b83912,
    0x00b81001, 0xb800d00e, 0x58450000, 0x2f0400b8, 0x0400b91b, 0x593e1900, 0x450000b8, 0x0000b858, 0x00b91b2f, 0x3e130000, 0x0200ba59, 0x00000400,
    0xb8391211, 0xb92f0200, 0x0c000d00, 0x0600b8f4, 0x0200b8d0, 0x0900b810, 0x0400b8d0, 0x0c00b810, 0x333130d0, 0x013f2337, 0x07330733, 0x23130723,
    0x0f993307, 0x4bd60ab6, 0x33093332, 0x9f03020f, 0xf434497e, 0x01492efa, 0x0000b52c, 0x01000100, 0x3001faff, 0x23007101, 0x00ba6100, 0x00240005,
    0x39121125, 0x0000b800, 0x00b85845, 0xb91b2f21, 0x19002100, 0x00b8593e, 0xb8584500, 0x1b2f0d00, 0x000d00b9, 0xb8593e13, 0xb9102100, 0x0c000000,
    0x0d00b8f4, 0x1400b910, 0xbaf40c00, 0x21000500, 0x12111400, 0x0500b839, 0x1c00b92f, 0xbaf40c00, 0x1c000100, 0x12110d00, 0x13313039, 0x013e3307,
    0x15163233, 0x23020e14, 0x37272622, 0x3233011e, 0x35363736, 0x22232634, 0x37270706, 0x287c0733, 0x1d310f03, 0x2410362b, 0x3b362939, 0x220b2f0d,
    0x06232b23, 0x171e1e02, 0x3a360d24, 0x40010ada, 0x34181987, 0x28311931, 0x201c2819, 0x1e291c17, 0x1d160b0a, 0xcd070d10, 0x00000031, 0x12000200,
    0x2201faff, 0x17007101, 0x5b002700, 0x002000ba, 0x11290028, 0x00b83912, 0x00b81020, 0xb800d010, 0x58450000, 0x2f0800b8, 0x0800b91b, 0x593e1900,
    0x450000b8, 0x0000b858, 0x00b91b2f, 0x3e130000, 0x1800b959, 0xbaf40c00, 0x08001000, 0x12111800, 0x1000b839, 0x2000b92f, 0xbaf40c00, 0x20000c00,
    0x12110000, 0x17313039, 0x34352622, 0x3337023e, 0x1707010e, 0x3233013e, 0x0e141516, 0x36322702, 0x34353637, 0x06222326, 0x14150607, 0x3e3c8c16,
    0x21413521, 0x12654e58, 0x1d2f0f04, 0x2716372f, 0x2c1f1f37, 0x1f220208, 0x02082c1f, 0x353c0622, 0x37455029, 0x34612811, 0x371c1902, 0x24321e2d,
    0x26202f15, 0x1e1a080a, 0x080a2621, 0x00001e19, 0x1d000100, 0x44010000, 0x08007101, 0x00ba3d00, 0x00090008, 0x3912110a, 0x0000b800, 0x00b85845,
    0xb91b2f05, 0x19000500, 0x00b8593e, 0xb8584500, 0x1b2f0000, 0x000000b9, 0xb8593e13, 0xb9100500, 0x0c000200, 0x0400b8f4, 0x333130dc, 0x23072313,
    0x03072137, 0x0e9bcb30, 0x0f011835, 0x4001c50b, 0xfe367746, 0x000000c5, 0x15000300, 0x3f01faff, 0x1b007701, 0x39002b00, 0x00ba7700, 0x003a002c,
    0x3912113b, 0x102c00b8, 0xd00f00b8, 0x102c00b8, 0xd02400b8, 0x0000b800, 0x00b85845, 0xb91b2f0f, 0x19000f00, 0x00b8593e, 0xb8584500, 0x1b2f0000,
    0x000000b9, 0xb9593e13, 0x0c001c00, 0x2c00baf4, 0x1c000f00, 0xb8391211, 0xb92f2c00, 0x0c002400, 0x0700baf4, 0x24002c00, 0xba391211, 0x2c001500,
    0x12112400, 0x0f00b839, 0x3300b910, 0x30f40c00, 0x26221731, 0x3f363435, 0x35012e01, 0x33023e34, 0x14151632, 0x1e010f06, 0x06141501, 0x37363227,
    0x26343536, 0x07062223, 0x16141506, 0x36373237, 0x23263435, 0x15060722, 0x3c921614, 0x012b3241, 0x25141c16, 0x3d342034, 0x1d01232c, 0x2c40541e,
    0x24020524, 0x05242c20, 0x41412402, 0x1a22020a, 0x22020a41, 0x2a293306, 0x08050837, 0x28161a23, 0x2630121e, 0x050a2e25, 0x371d220a, 0x1a242f45,
    0x1b16070a, 0x070a1a24, 0x34ac1b16, 0x1814090a, 0x14090a34, 0x00000018, 0x1d000200, 0x2d010000, 0x17007701, 0x5f002700, 0x002000ba, 0x11290028,
    0x00b83912, 0x00b81020, 0xb800d015, 0x58450000, 0x2f1500b8, 0x1500b91b, 0x593e1900, 0x450000b8, 0x0600b858, 0x00b91b2f, 0x3e130006, 0x1500b859,
    0x2000b910, 0xbaf40c00, 0x06000d00, 0x12112000, 0x0d00b839, 0x1800b92f, 0xbaf40c00, 0x18000a00, 0x12111500, 0x01313039, 0x07020e14, 0x37013e23,
    0x23010e27, 0x34352622, 0x3233023e, 0x36320716, 0x34353637, 0x06222326, 0x14150607, 0x212d0116, 0x58214135, 0x0412654e, 0x2f1d2f0f, 0x37271637,
    0x913e3c22, 0x02082c1f, 0x2c1f1f22, 0x01220208, 0x45502906, 0x61281038, 0x1c190234, 0x321e2d37, 0x833c1524, 0x080a2621, 0x26201e19, 0x1e1a080a,
    0x4000ffff, 0x29030000, 0x2600ba02, 0x00004b03, 0x7b002700, 0x00006c01, 0x56030700, 0x00000502, 0x4000ffff, 0x2103faff, 0x2600ba02, 0x00004b03,
    0x7b002700, 0x00006c01, 0x57030700, 0x00000502, 0x2d00ffff, 0x2103faff, 0x2600c002, 0x00004c03, 0x7b002700, 0x00006c01, 0x57030700, 0x00000502,
    0x4000ffff, 0x21030000, 0x2600ba02, 0x00004b03, 0x7b002700, 0x00006c01, 0x58030700, 0x0000ec01, 0x2c00ffff, 0x0d030000, 0x2600c002, 0x00004d03,
    0x7b002700, 0x00005801, 0x58030700, 0x0000d801, 0x4000ffff, 0x3003faff, 0x2600ba02, 0x00004b03, 0x7b002700, 0x00006c01, 0x59030700, 0x00000002,
    0x2d00ffff, 0x3003faff, 0x2600c002, 0x00004c03, 0x7b002700, 0x00006c01, 0x59030700, 0x00000002, 0x2c00ffff, 0x1c03faff, 0x2600c002, 0x00004d03,
    0x7b002700, 0x00005801, 0x59030700, 0x0000ec01, 0x3100ffff, 0x2603faff, 0x2600ba02, 0x00004e03, 0x7b002700, 0x00006201, 0x59030700, 0x0000f601,
    0x4000ffff, 0x2103faff, 0x2600ba02, 0x00004b03, 0x7b002700, 0x00006c01, 0x5a030700, 0x0000ec01, 0x4300ffff, 0x1103faff, 0x2600ba02, 0x00004f03,
    0x7b002700, 0x00005c01, 0x5a030700, 0x0000dc01, 0x4000ffff, 0x5d030000, 0x2600ba02, 0x00004b03, 0x7b002700, 0x00006c01, 0x5b030700, 0x00001902,
    0x4000ffff, 0x3f03faff, 0x2600ba02, 0x00004b03, 0x7b002700, 0x00006c01, 0x5c030700, 0x00000002, 0x2c00ffff, 0x2b03faff, 0x2600c002, 0x00004d03,
    0x7b002700, 0x00005801, 0x5c030700, 0x0000ec01, 0x4300ffff, 0x2f03faff, 0x2600ba02, 0x00004f03, 0x7b002700, 0x00005c01, 0x5c030700, 0x0000f001,
    0x4a00ffff, 0x1203faff, 0x2600ba02, 0x00005103, 0x7b002700, 0x00003f01, 0x5c030700, 0x0000d301, 0x4000ffff, 0x37030000, 0x2600ba02, 0x00004b03,
    0x7b002700, 0x00006c01, 0x5d030700, 0x00000a02, 0x7e000100, 0x12030000, 0x0900cb02, 0x00ba2a00, 0x000a0000, 0x3912110b, 0x0300b800, 0x0800b82f,
    0x0000b82f, 0x00b85845, 0xb91b2f01, 0x13000100, 0x00b8593e, 0x3130d005, 0x37032321, 0x37331713, 0xbe011713, 0x8144ee52, 0xe54f0450, 0x21d90147,
    0xa6a6f8fe, 0x001cd901, 0x78000100, 0x18030d00, 0x0b00ad02, 0x00ba1d00, 0x000c0001, 0x3912110d, 0x0600b800, 0x0800b82f, 0x0000b82f, 0x0200b82f,
    0x2531302f, 0x09270109, 0x01093701, 0x02010917, 0xfee3fee5, 0x1d0133e3, 0x0133e3fe, 0x331d011d, 0x1d01e3fe, 0xfe1d010d, 0x1d0133e3, 0xfe331d01,
    0x331d01e3, 0xe3fee3fe, 0x37000100, 0xfd028e00, 0x0e002c02, 0x00ba1700, 0x000f000c, 0x39121110, 0x0800bb00, 0x05000500, 0x302b0400, 0x0f170131,
    0x21371701, 0x07272115, 0x2707011f, 0x57310601, 0x01610132, 0x6113feed, 0x31573201, 0x302c02cf, 0x06032a56, 0x2a030644, 0x00cf3056, 0xcb000100,
    0x69020000, 0x0e00c602, 0x00ba2f00, 0x000f000e, 0x39121110, 0x0000b800, 0x00b85845, 0xb91b2f0e, 0x1d000e00, 0x00b8593e, 0xb8584500, 0x1b2f0700,
    0x000700b9, 0x30593e13, 0x2f070131, 0x11170701, 0x27371123, 0x3727010f, 0x56306902, 0x4406032a, 0x562a0306, 0xf701cf30, 0x01325731, 0x0113fe61,
    0x320161ed, 0x00cf3157, 0xcb000100, 0x6902f4ff, 0x0e00ba02, 0x00ba2f00, 0x000f000e, 0x39121110, 0x0000b800, 0x00b85845, 0xb91b2f06, 0x1d000600,
    0x00b8593e, 0xb8584500, 0x1b2f0e00, 0x000e00b9, 0x30593e13, 0x1f013f31, 0x11273701, 0x17071133, 0x0717013f, 0x2a5630cb, 0x06440603, 0x30562a03,
    0x5731c3cf, 0x01610132, 0x6113feed, 0x31573201, 0x000000cf, 0x37000100, 0xfd028e00, 0x0e002c02, 0x00ba1700, 0x000f0001, 0x39121110, 0x0600bb00,
    0x07000500, 0x302b0400, 0x3f272531, 0x21072701, 0x37172135, 0x1737012f, 0x57312e02, 0xfe610132, 0x61ed0113, 0x31573201, 0x56308ecf, 0x4406032a,
    0x562a0306, 0x0000cf30, 0xaa000100, 0xb8025800, 0x0e006602, 0x00ba1700, 0x000f0001, 0x39121110, 0x0200bb00, 0x0e000500, 0x302b0400, 0x23150131,
    0x01170727, 0x07270107, 0x11231517, 0x417acf01, 0x5d014801, 0x40a3fe30, 0x02440603, 0x03064466, 0x30a3fe40, 0x01485d01, 0x25017a41, 0x7c000100,
    0x8a025800, 0x0e006602, 0x00ba1700, 0x000f000c, 0x39121110, 0x0c00bb00, 0x0d000500, 0x302b0400, 0x35230131, 0x01072737, 0x27370127, 0x21352307,
    0x06448a02, 0xa3fe4003, 0x485d0130, 0x017a4101, 0x7a410125, 0xfe480141, 0x5d0130a3, 0x44060340, 0xaa000100, 0xb8026500, 0x0e007302, 0x00ba1700,
    0x000f000d, 0x39121110, 0x0e00bb00, 0x0b000500, 0x302b0400, 0x15331331, 0x01371707, 0x17070117, 0x21153337, 0x030644aa, 0x305d0140, 0x0148a3fe,
    0xdbfe7a41, 0x417a8a01, 0x5d014801, 0x40a3fe30, 0x00440603, 0x7c000100, 0x8a026500, 0x0e007302, 0x00ba1700, 0x000f0000, 0x39121110, 0x0000bb00,
    0x01000500, 0x302b0400, 0x33352531, 0x01273717, 0x37170137, 0x11333527, 0x417a6501, 0xa3fe4801, 0x405d0130, 0x65440603, 0x40030644, 0xfe305d01,
    0x410148a3, 0x00dbfe7a, 0x82000100, 0x73020000, 0x1000c602, 0x00ba3900, 0x0011000e, 0x39121112, 0x0000b800, 0x00b85845, 0xb91b2f00, 0x1d000000,
    0x00b8593e, 0xb8584500, 0x1b2f0800, 0x000800b9, 0xbb593e13, 0x05000a00, 0x04000500, 0x0131302b, 0x17010f17, 0x23112137, 0x07272311, 0x2707011f,
    0x56305101, 0x01600132, 0x60d54419, 0x30563201, 0x30c602cf, 0x06032a56, 0xd501e7fd, 0x562a0306, 0x0000cf30, 0x82000100, 0x7302f4ff, 0x1000ba02,
    0x00ba3900, 0x0011000e, 0x39121112, 0x0000b800, 0x00b85845, 0xb91b2f07, 0x1d000700, 0x00b8593e, 0xb8584500, 0x1b2f0f00, 0x000f00b9, 0xbb593e13,
    0x05000a00, 0x04000500, 0x0131302b, 0x17010f17, 0x33113337, 0x07272111, 0x2707011f, 0x56305101, 0xd5600132, 0x60e7fe44, 0x30563201, 0x309201cf,
    0x06032a56, 0xe7fdd501, 0x562a0306, 0x0000cf30, 0x37000100, 0xfd028300, 0x10007402, 0x00ba1700, 0x00110001, 0x39121112, 0x0900bb00, 0x06000500,
    0x302b0400, 0x2f070131, 0x15170701, 0x11211521, 0x010f2737, 0xd5013727, 0x032a5630, 0xfdd50106, 0x2a0306e7, 0x01cf3056, 0x325630a5, 0x44d56001,
    0x01601901, 0xcf305632, 0x37000100, 0xfd028300, 0x10007402, 0x00ba1700, 0x0011000e, 0x39121112, 0x0700bb00, 0x08000500, 0x302b0400, 0x2f070131,
    0x11170701, 0x35213521, 0x010f2737, 0xfd023727, 0x032a5630, 0x01e7fd06, 0x2a0306d5, 0x01cf3056, 0x325630a5, 0xe7fe6001, 0x0160d544, 0xcf305632,
    0x37000100, 0xfd026500, 0x10005602, 0x00ba1700, 0x0011000e, 0x39121112, 0x0900bb00, 0x06000500, 0x302b0400, 0x1f371331, 0x11273701, 0x15211521,
    0x013f1707, 0x30370717, 0x06032a56, 0x2bfe1902, 0x562a0306, 0x3401cf30, 0x01325630, 0x44190160, 0x320160d5, 0x00cf3056, 0x37000100, 0xfd026500,
    0x10005602, 0x00ba1700, 0x00110001, 0x39121112, 0x0700bb00, 0x08000500, 0x302b0400, 0x1f370131, 0x35273701, 0x11213521, 0x013f1707, 0x5f010717,
    0x032a5630, 0x022bfe06, 0x2a030619, 0x01cf3056, 0x32563034, 0x44d56001, 0x0160e7fe, 0xcf305632, 0xc1000100, 0xb2020000, 0x1000c602, 0x00ba3900,
    0x00110001, 0x39121112, 0x0000b800, 0x00b85845, 0xb91b2f0f, 0x1d000f00, 0x00b8593e, 0xb8584500, 0x1b2f0800, 0x000800b9, 0xbb593e13, 0x05000600,
    0x04000900, 0x0131302b, 0x27013f27, 0x23112307, 0x37172111, 0x1737012f, 0x5630e301, 0xd5600132, 0x60190144, 0x30563201, 0x302801cf, 0x06032a56,
    0x19022bfe, 0x562a0306, 0x0000cf30, 0xc1000100, 0xb202f4ff, 0x1000ba02, 0x00ba3900, 0x00110001, 0x39121112, 0x0000b800, 0x00b85845, 0xb91b2f07,
    0x1d000700, 0x00b8593e, 0xb8584500, 0x1b2f0000, 0x000000b9, 0xbb593e13, 0x05000600, 0x04000900, 0x0531302b, 0x27013f27, 0x33112107, 0x37173311,
    0x1737012f, 0x5630e301, 0xfe600132, 0x60d544e7, 0x30563201, 0x56300ccf, 0x0206032a, 0x062bfe19, 0x30562a03, 0x000000cf, 0x3700ffff, 0xfd02f5ff,
    0x2702c602, 0x00007403, 0x070067ff, 0x00007103, 0x00009a00, 0x3700ffff, 0xfd02f5ff, 0x2702c602, 0x00007103, 0x070067ff, 0x00007403, 0x00009a00,
    0x37000100, 0xfd028e00, 0x19002c02, 0x00ba1700, 0x001a0017, 0x3912111b, 0x1300bb00, 0x05000500, 0x302b0400, 0x0f170131, 0x21371701, 0x012f3717,
    0x27071737, 0x0727013f, 0x1f072721, 0x01270701, 0x32573106, 0x14016101, 0x57320161, 0x31cfcf31, 0x61013257, 0x0161ecfe, 0xcf315732, 0x56302c02,
    0x0606032a, 0x30562a03, 0x5630cfcf, 0x0606032a, 0x30562a03, 0x000000cf, 0xcb000100, 0x6902f4ff, 0x1900c602, 0x00ba2f00, 0x001a0019, 0x3912111b,
    0x0000b800, 0x00b85845, 0xb91b2f0c, 0x1d000c00, 0x00b8593e, 0xb8584500, 0x1b2f1900, 0x001900b9, 0x30593e13, 0x1f013f31, 0x11273701, 0x010f2737,
    0x07173727, 0x1707012f, 0x3f170711, 0xcb071701, 0x032a5630, 0x2a030606, 0xcfcf3056, 0x032a5630, 0x2a030606, 0xc3cf3056, 0x01325731, 0x61200161,
    0x31573201, 0x5731cfcf, 0xfe610132, 0x320161e0, 0x00cf3157, 0x0d000100, 0x26032f00, 0x22009402, 0x00ba1b00, 0x00230021, 0x39121124, 0x1100b800,
    0x1600bb2f, 0x0b000500, 0x302b0400, 0x1f013f31, 0x35273701, 0x33023e34, 0x15021e32, 0x022e3423, 0x020e2223, 0x1707011d, 0x0717013f, 0x2a56300d,
    0x4e270603, 0x744d4d74, 0x1c44274e, 0x40405b3b, 0x061c3b5b, 0x30562a03, 0x5731fecf, 0x34610132, 0x375e7d46, 0x467d5e37, 0x2e4e6537, 0x37654e2e,
    0x32016134, 0x00cf3157, 0x0e000100, 0x27032f00, 0x22009402, 0x00ba1b00, 0x00230000, 0x39121124, 0x1100b800, 0x0b00bb2f, 0x16000500, 0x302b0400,
    0x1f372531, 0x35273701, 0x23022e34, 0x15020e22, 0x023e3423, 0x021e3233, 0x1707011d, 0x0717013f, 0x56308901, 0x1c06032a, 0x40405b3b, 0x441c3b5b,
    0x4d744e27, 0x274e744d, 0x562a0306, 0x31fecf30, 0x61013257, 0x4e653734, 0x654e2e2e, 0x5e7d4637, 0x7d5e3737, 0x01613446, 0xcf315732, 0x37000100,
    0xfd024d00, 0x22006e02, 0x00ba1700, 0x00230020, 0x39121124, 0x1c00bb00, 0x05000500, 0x302b0400, 0x0f170131, 0x21371701, 0x35023e32, 0x23022e34,
    0x021e3235, 0x020e1415, 0x07272123, 0x2707011f, 0x57310601, 0x01610132, 0x24301a1f, 0x30241616, 0x394a2a1a, 0x4a392121, 0x61e1fe2a, 0x31573201,
    0x30eb01cf, 0x06032a56, 0x1f2d1c0e, 0x0e1c2d1f, 0x462f1744, 0x2f452f2e, 0x2a030617, 0x00cf3056, 0x37000100, 0xfd024d00, 0x22006e02, 0x00ba1700,
    0x00230001, 0x39121124, 0x0600bb00, 0x1b000500, 0x302b0400, 0x3f272531, 0x21072701, 0x35022e22, 0x33023e34, 0x020e2215, 0x021e1415, 0x37172133,
    0x1737012f, 0x57312e02, 0xfe610132, 0x394a2ae1, 0x4a392121, 0x24301a2a, 0x30241616, 0x611f011a, 0x31573201, 0x56304dcf, 0x1706032a, 0x2e2f452f,
    0x44172f46, 0x1f2d1c0e, 0x0e1c2d1f, 0x562a0306, 0x0000cf30, 0x54000100, 0xdf02f4ff, 0x3200ba02, 0x00ba4300, 0x0033000f, 0x39121134, 0x0000b800,
    0x00b85845, 0xb91b2f32, 0x1d003200, 0x00b8593e, 0xb8584500, 0x1b2f0f00, 0x000f00b9, 0xb8593e13, 0xb9103200, 0x05000200, 0x0f00b8f4, 0x2200b910,
    0x30f40500, 0x23150131, 0x1e170727, 0x0e141503, 0x2e222302, 0x3e343502, 0x0e173702, 0x1e141501, 0x3e323302, 0x2e343502, 0x07012f02, 0x11231517,
    0x4672b002, 0x411e3101, 0x57322335, 0x78454375, 0x2f1a335a, 0x45242641, 0x5f48294b, 0x445d3536, 0x38291727, 0x05033422, 0x44ba0244, 0x18280305,
    0x3c5a4738, 0x2f536e3f, 0x4472522f, 0x3e4b5630, 0x722c3317, 0x405b3955, 0x57402523, 0x3a462e33, 0x012b1c33, 0x25017243, 0x55000100, 0xe002f4ff,
    0x3200ba02, 0x00ba3f00, 0x00330022, 0x39121134, 0x0000b800, 0x00b85845, 0xb91b2f31, 0x1d003100, 0x00b8593e, 0xb8584500, 0x1b2f2200, 0x002200b9,
    0xb9593e13, 0x05000f00, 0x3100b8f4, 0x3000b910, 0x30f40500, 0x35230131, 0x0e072737, 0x1e141503, 0x3e323302, 0x26343502, 0x031e3727, 0x020e1415,
    0x022e2223, 0x023e3435, 0x0727013f, 0x01213523, 0x030544a9, 0x29382234, 0x5d442717, 0x485f3635, 0x24454b29, 0x1a2f4126, 0x45785a33, 0x32577543,
    0x1e413523, 0x72460131, 0x95012501, 0x2b014372, 0x463a331c, 0x4057332e, 0x5b402325, 0x2c725539, 0x4b3e1733, 0x72443056, 0x532f2f52, 0x5a3c3f6e,
    0x28183847, 0x00440503, 0x99000100, 0xdf016402, 0x1900d602, 0x00ba7600, 0x001a0003, 0x3912111b, 0x0000b800, 0x0003412f, 0x00000020, 0x03417101,
    0x00005000, 0x415d0100, 0x00900003, 0x5d010000, 0x70000341, 0x01000000, 0x0600b85d, 0x000341dc, 0x00060060, 0x00ba7101, 0x00060009, 0x39121100,
    0x0900b87d, 0x00b8182f, 0x00b91006, 0xf403000d, 0x100000b8, 0x001300b9, 0x00baf403, 0x000d0016, 0x39121113, 0x1600b87c, 0x3130182f, 0x27262201,
    0x2223012e, 0x3e270706, 0x16323301, 0x33011e17, 0x17373632, 0x7c01010e, 0x160e221a, 0x1a110d1e, 0x30111c11, 0x0e221a22, 0x110d1e16, 0x111c111a,
    0x10640230, 0x0e0a0e09, 0x2114270d, 0x0a0e0910, 0x14270d0e, 0x00000021, 0xa7000100, 0xd2016702, 0x1900d402, 0x00ba7600, 0x001a0003, 0x3912111b,
    0x0000b800, 0x0003412f, 0x00000020, 0x03417101, 0x00005000, 0x415d0100, 0x00a00003, 0x71010000, 0x90000341, 0x01000000, 0x0003415d, 0x00000070,
    0x00b85d01, 0x00badc06, 0x00060009, 0x39121100, 0x0900b87d, 0x00b8182f, 0x00b91006, 0xf403000d, 0x100000b8, 0x001300b9, 0x00baf403, 0x000d0016,
    0x39121113, 0x1600b87c, 0x3130182f, 0x27262201, 0x2223012e, 0x3e270706, 0x16323301, 0x33011e17, 0x17373632, 0x7401010e, 0x10101b14, 0x1c0f0c19,
    0x2e111f0f, 0x101b141f, 0x0f0c1910, 0x111f0f1c, 0x0e67022e, 0x0e0b0a09, 0x1f14290d, 0x0b0a090e, 0x14290d0e, 0x0000001f, 0xae000100, 0xcc017f02,
    0x0300c102, 0x00ba4d00, 0x00040000, 0x39121105, 0x0300b800, 0x0003412f, 0x00030010, 0x03417101, 0x0300c000, 0x41710100, 0x00300003, 0x5d010003,
    0x90000341, 0x01000300, 0x0003415d, 0x000300b0, 0x03415d01, 0x03004000, 0xb9710100, 0x03000000, 0x133130f4, 0xbc210721, 0xfe0e1001, 0x42c102f0,
    0x0c010100, 0x71016802, 0x0e00cf02, 0x00ba2700, 0x000f0000, 0x39121110, 0x0000b800, 0x0003412f, 0x0000005f, 0x03417101, 0x00008f00, 0xb85d0100,
    0x30dc0800, 0x26220131, 0x37363435, 0x16323336, 0x06071415, 0x16143601, 0x2f090201, 0x09031614, 0x11126802, 0x2f080904, 0x10051112, 0x0000002f,
    0xaf000200, 0xca016a02, 0x0e00d102, 0x2d001d00, 0x000b00ba, 0x111f001e, 0x00b83912, 0x00b8100b, 0xb800d012, 0xb82f0000, 0xb8dc0800, 0xb8100000,
    0xb8d00f00, 0xb8100800, 0x30d01700, 0x26221331, 0x37363435, 0x16323336, 0x06071415, 0x35262233, 0x36373634, 0x15163233, 0xd9060714, 0x02011614,
    0x16142f09, 0x14870903, 0x09020116, 0x0316142f, 0x126a0209, 0x08090411, 0x0511122f, 0x11122f10, 0x2f080904, 0x10051112, 0x0000002f, 0xbf000200,
    0x04024a02, 0x03000b03, 0x41000700, 0x000200ba, 0x11090008, 0x00b83912, 0x00b81002, 0xb800d005, 0x412f0000, 0x000f0003, 0x5d010000, 0x2f000341,
    0x01000000, 0x0003415d, 0x00000090, 0x03415d01, 0x0000b000, 0xb85d0100, 0x30d00400, 0x37271331, 0x3727011f, 0x692dec17, 0x682d223f, 0x164a0240,
    0x169f22ab, 0x000022ab, 0x0d010100, 0xb9014902, 0x03000c03, 0x00ba3500, 0x00040000, 0x39121105, 0x0000b800, 0x0003412f, 0x0000000f, 0x03415d01,
    0x00002f00, 0x415d0100, 0x00b00003, 0x5d010000, 0x90000341, 0x01000000, 0x0131305d, 0x01173727, 0x4468303d, 0xaa194902, 0x00000024, 0xcd000100,
    0x4e014902, 0x03000803, 0x00ba3500, 0x00040003, 0x39121105, 0x0300b800, 0x0003412f, 0x0003000f, 0x03415d01, 0x03002f00, 0x415d0100, 0x00b00003,
    0x5d010003, 0x90000341, 0x01000300, 0x1331305d, 0xcd071737, 0x022d3d44, 0x15aa20e8, 0x92000100, 0xcc014e02, 0x0600fd02, 0x00ba5900, 0x00070006,
    0x39121108, 0x0400b800, 0x0003412f, 0x00040090, 0x03415d01, 0x0400cf00, 0x415d0100, 0x000f0003, 0x5d010004, 0x2f000341, 0x01000400, 0x0003415d,
    0x000400d0, 0x03415d01, 0x0400b000, 0xb85d0100, 0xb8d00200, 0xb8100400, 0xb9dc0300, 0x03000600, 0x013130f4, 0x07270717, 0x7a013727, 0x8b5d2b52,
    0xfd028a27, 0x74731f8f, 0x00008f20, 0xb1000100, 0xec015702, 0x06000603, 0x00ba8500, 0x00070003, 0x39121108, 0x0000b800, 0x0003412f, 0x00000010,
    0x05417101, 0x00005000, 0x00006000, 0x41710200, 0x00a00005, 0x00b00000, 0x71020000, 0x0f000341, 0x01000000, 0x0003415d, 0x00000090, 0x03415d01,
    0x00008000, 0x41710100, 0x00300003, 0x71010000, 0xb0000541, 0xc0000000, 0x02000000, 0x0003415d, 0x00000070, 0x00b95d01, 0xf4030003, 0xdc0200b8,
    0x5f000341, 0x01000200, 0x0400b871, 0x013130d0, 0x37173727, 0x03010717, 0x8c5a2c52, 0x57028a29, 0x75741f8f, 0x00008f20, 0xaf000100, 0xd9015402,
    0x1300ee02, 0x00ba5900, 0x00140000, 0x39121115, 0x0000b800, 0x0003412f, 0x00000010, 0x03417101, 0x00000f00, 0x415d0100, 0x00700003, 0x5d010000,
    0xb0000341, 0x01000000, 0x0003415d, 0x00000090, 0x00b95d01, 0xf403000a, 0xdc0600b8, 0x30000541, 0x40000600, 0x02000600, 0x0e00b871, 0x013130d0,
    0x27022e22, 0x011e1737, 0x3f363233, 0x030e1701, 0x30253201, 0x2e030e1d, 0x1d20100a, 0x111d2c1b, 0x281b0a30, 0x1b540236, 0x14142f28, 0x21242316,
    0x15141626, 0x001a282f, 0xb6000100, 0xdf015402, 0x1100e702, 0x00ba3a00, 0x00120000, 0x39121113, 0x0000b800, 0x0003412f, 0x0000000f, 0x03415d01,
    0x00009000, 0x415d0100, 0x00b00003, 0x5d010000, 0x000900b9, 0x00b8f403, 0x00b8dc05, 0x3130d00d, 0x2f262201, 0x1e173701, 0x36323301, 0x0717013f,
    0x3a01010e, 0x0e0f392e, 0x1c0b1643, 0x09180c0b, 0x201a3d34, 0x24540241, 0x521c292a, 0x03030303, 0x2a232252, 0x00000024, 0xce000200, 0xb3014002,
    0x0b002603, 0x52001700, 0x000000ba, 0x11190018, 0x00b83912, 0xb800d00c, 0x412f0000, 0x004f0003, 0x5d010000, 0x2f000341, 0x01000000, 0x0003415d,
    0x0000000f, 0x03415d01, 0x0000d000, 0x415d0100, 0x00b00003, 0x5d010000, 0x000c00b9, 0x00b8f404, 0x00b9dc06, 0xf4040012, 0x22013130, 0x36343526,
    0x15163233, 0x32270614, 0x34353637, 0x06072223, 0x32011415, 0x3b46372d, 0x3546372d, 0x32040b34, 0x02040b34, 0x3c2b3940, 0x3c2b3946, 0x13383046,
    0x13382f0c, 0x00002f0c, 0xcb000300, 0xc2013602, 0x0300bd03, 0x1b000f00, 0x00ba8e00, 0x001c0004, 0x3912111d, 0x100400b8, 0xd00100b8, 0x100400b8,
    0xd01000b8, 0x0400b800, 0x0003412f, 0x00040030, 0x03417101, 0x0400f000, 0x415d0100, 0x000f0003, 0x5d010004, 0x4f000341, 0x01000400, 0x0003415d,
    0x0004002f, 0x03415d01, 0x04006f00, 0x415d0100, 0x00100003, 0x71010004, 0x80000341, 0x01000400, 0x00054171, 0x00040050, 0x00040060, 0x00b97102,
    0xf4040010, 0xdc0a00b8, 0xdc0000b8, 0x100a00b8, 0x001600b9, 0x3130f404, 0x17372701, 0x35262203, 0x32333634, 0x06141516, 0x36373227, 0x22233435,
    0x14150607, 0x59255801, 0x372d9336, 0x372d3b46, 0x0b343546, 0x0b343204, 0x1b2e0304, 0x9ffe2674, 0x463c2b39, 0x473c2a39, 0x0c143830, 0x0c14372e,
    0x0000002f, 0x11010100, 0x92015302, 0x13000603, 0x00ba1f00, 0x00140000, 0x39121115, 0x00b87c00, 0xb8182f00, 0xb8dc0900, 0xb8100000, 0x30dc0d00,
    0x26220131, 0x37363435, 0x3337013e, 0x1607010e, 0x07061415, 0x163b0106, 0x07020114, 0x17381926, 0x011c0a17, 0x53020902, 0x09041113, 0x163f220b,
    0x05152017, 0x0b0a031c, 0x0000002e, 0x03010100, 0x83012b02, 0x0300e402, 0x00ba1e00, 0x00040002, 0x39121105, 0x0000b800, 0x00b85845, 0xb91b2f02,
    0x1f000200, 0x3130593e, 0x33372301, 0x23353801, 0xb92b025d, 0xb2000100, 0x830131ff, 0x1a001400, 0x00ba6400, 0x001b0011, 0x3912111c, 0x00b87d00,
    0xb8182f0f, 0x41dc1500, 0x00af000d, 0x00bf0015, 0x00cf0015, 0x00df0015, 0x00ef0015, 0x00ff0015, 0x5d060015, 0x0f000941, 0x1f001500, 0x2f001500,
    0x3f001500, 0x04001500, 0x0e00b871, 0x0700b8dc, 0x000541dc, 0x000700bf, 0x000700cf, 0x00b95d02, 0xf4040000, 0x22053130, 0x1e372726, 0x36323301,
    0x2f263435, 0x07333701, 0x33013e17, 0x14151632, 0x26170106, 0x07280b34, 0x1816161e, 0x1d1a2017, 0x05021a32, 0x22190b0f, 0x0f16cf3c, 0x140f0a29,
    0x04131010, 0x02526003, 0x20180301, 0x0000312a, 0x68000100, 0x280131ff, 0x19001200, 0x00ba6200, 0x001a0017, 0x3912111b, 0x0000b800, 0x00b85845,
    0xb91b2f0b, 0x13000b00, 0x00b8593e, 0xb8584500, 0x1b2f0000, 0x000000b9, 0x41593e15, 0x00000013, 0x00100000, 0x00200000, 0x00300000, 0x00400000,
    0x00500000, 0x00600000, 0x00700000, 0x00800000, 0x5d090000, 0x001300b9, 0x00b8f404, 0x3130dc16, 0x022e2217, 0x37363435, 0x0e173727, 0x16141503,
    0x37363233, 0xc8010e17, 0x101b2213, 0x34033944, 0x192f270c, 0x0c0e1307, 0x0d250e1c, 0x1208cf30, 0x3b2a141d, 0x1206111a, 0x141d271a, 0x0d0f1008,
    0x170e2c0e, 0x18010100, 0xa1014902, 0x03000c03, 0x00ba2700, 0x00040001, 0x39121105, 0x0000b800, 0x0003412f, 0x0000002f, 0x03415d01, 0x00000f00,
    0xb85d0100, 0x30dc0200, 0x37270131, 0x344c0117, 0x49024a3f, 0x0012b70c, 0xb7000300, 0xf0014902, 0x03000c03, 0x21001200, 0x00ba5900, 0x00220001,
    0x39121123, 0x100100b8, 0xd00f00b8, 0x100100b8, 0xd01600b8, 0x0000b800, 0x0003412f, 0x0000000f, 0x03415d01, 0x00002f00, 0xb85d0100, 0xbadc0200,
    0x00000400, 0x12110200, 0x0400b839, 0x0c00b82f, 0x0400b8dc, 0x1300b810, 0x0c00b8d0, 0x1b00b810, 0x013130d0, 0x07173727, 0x34352622, 0x33363736,
    0x14151632, 0x22330607, 0x36343526, 0x32333637, 0x07141516, 0x2b480106, 0x0fc0403f, 0x09020116, 0x03160f2a, 0x160fb409, 0x2a090201, 0x0903160f,
    0xb70c4902, 0x11129012, 0x2f080904, 0x10051112, 0x0411122f, 0x122f0809, 0x2f100511, 0x78ffffff, 0xbe006402, 0x0700d602, 0xdffe8b03, 0x00000000,
    0x8dffffff, 0xab007f02, 0x0700c102, 0xdffe8d03, 0x00000000, 0xebffffff, 0x50006802, 0x0700cf02, 0xdffe8e03, 0x00000000, 0x8effffff, 0xa9006a02,
    0x0700d102, 0xdffe8f03, 0x00000000, 0x9effffff, 0xe3004a02, 0x07000b03, 0xdffe9003, 0x00000000, 0xecffffff, 0x98004902, 0x07000c03, 0xdffe9103,
    0x00000000, 0xacffffff, 0x2d004902, 0x07000803, 0xdffe9203, 0x00000000, 0x71ffffff, 0xab004e02, 0x0700fd02, 0xdffe9303, 0x00000000, 0x90ffffff,
    0xcb005702, 0x07000603, 0xdffe9403, 0x00000000, 0x8effffff, 0xb8005402, 0x0700ee02, 0xdffe9503, 0x00000000, 0xadffffff, 0x92004002, 0x07002603,
    0xdffe9703, 0x00000000, 0xc7ff0100, 0x78004102, 0x0b00fd02, 0xb8005b00, 0x412f0800, 0x0010000d, 0x00200008, 0x00300008, 0x00400008, 0x00500008,
    0x00600008, 0x71060008, 0x0f000341, 0x01000800, 0x0003415d, 0x0008002f, 0x03415d01, 0x08008000, 0x41710100, 0x00f00003, 0x5d010008, 0xd0000341,
    0x01000800, 0x0b00b85d, 0x0000b9dc, 0x30f40300, 0x32330331, 0x06141516, 0x3727010f, 0x256b3123, 0x1c1a2319, 0x02744529, 0x191120fd, 0x17201e34,
    0x0000006a, 0xe6ffffff, 0x67005302, 0x07000603, 0xd5fe9903, 0x00000000, 0xe2ffffff, 0x62002b02, 0x0700e402, 0xdffe9a03, 0x00000000, 0xa5ff0100,
    0x5b00d001, 0x08007402, 0xb8002000, 0x58450000, 0x2f0500b8, 0x0500b91b, 0x593e1b00, 0xdc0400b8, 0x100500b8, 0xdc0700b8, 0x0e133130, 0x37012b01,
    0x47333733, 0x5d231d05, 0x4416520a, 0x241b0f02, 0x00007034, 0x91ffffff, 0x620031ff, 0x07001400, 0xdffe9b03, 0x00000000, 0xb6ff0100, 0x1b0057ff,
    0x0e00beff, 0xb8000b00, 0xb82f0800, 0x30dc0000, 0x26220731, 0x37363435, 0x16323336, 0x06071415, 0x01161420, 0x142f0902, 0xa9090316, 0x09041112,
    0x11122f08, 0x002f1005, 0x9aff0100, 0x1b000bff, 0x1300beff, 0xb8002400, 0x412f0000, 0x00000007, 0x00100000, 0x00200000, 0x5d030000, 0xdc0a00b8,
    0x100000b8, 0xdc0d00b8, 0x32073130, 0x06141516, 0x07010e07, 0x37013e23, 0x36343526, 0x160f3637, 0x07020114, 0x17381926, 0x011c0a17, 0x13420902,
    0x0b090411, 0x17163f22, 0x1c051520, 0x2e0b0a03, 0x47ffffff, 0x070031ff, 0x07001200, 0xdffe9c03, 0x00000000, 0x8aff0200, 0xb4004902, 0x13007c03,
    0x9a001700, 0x00b87d00, 0x41182f00, 0x00300003, 0x71010000, 0x80000341, 0x01000000, 0x00074171, 0x0000000f, 0x0000001f, 0x0000002f, 0x03415d03,
    0x00008f00, 0x415d0100, 0x004f0003, 0x5d010000, 0x6f000341, 0x01000000, 0x0005415d, 0x00000050, 0x00000060, 0x03417102, 0x00001000, 0x41710100,
    0x00f00003, 0x5d010000, 0x000a00b9, 0x00b8f403, 0x0341dc06, 0x0600c000, 0x41710100, 0x00100005, 0x00200006, 0x71020006, 0xd00e00b8, 0x001400ba,
    0x110a0006, 0xb87c3912, 0x182f1400, 0x22133130, 0x3727022e, 0x33011e17, 0x013f3632, 0x2f030e17, 0x0d173701, 0x0e1d3025, 0x0e082e03, 0x311b1e23,
    0x0a300f1a, 0x0e36281b, 0x02436830, 0x2f281b49, 0x26161414, 0x192a1d24, 0x282f1514, 0xaa19701a, 0x00000023, 0x8aff0200, 0xb4004902, 0x13007b03,
    0x9a001700, 0x00b87d00, 0x41182f00, 0x00300003, 0x71010000, 0x80000341, 0x01000000, 0x00074171, 0x0000000f, 0x0000001f, 0x0000002f, 0x03415d03,
    0x00008f00, 0x415d0100, 0x004f0003, 0x5d010000, 0x6f000341, 0x01000000, 0x0005415d, 0x00000050, 0x00000060, 0x03417102, 0x00001000, 0x41710100,
    0x00f00003, 0x5d010000, 0x000a00b9, 0x00b8f403, 0x0341dc06, 0x0600c000, 0x41710100, 0x00100005, 0x00200006, 0x71020006, 0xd00e00b8, 0x001700ba,
    0x110a0006, 0xb87c3912, 0x182f1700, 0x22133130, 0x3727022e, 0x33011e17, 0x013f3632, 0x03030e17, 0x0d071737, 0x0e1d3025, 0x0e082e03, 0x311b1e23,
    0x0a300f1a, 0x7a36281b, 0x022e3d45, 0x2f281b49, 0x26161414, 0x192a1d24, 0x282f1514, 0x1f13011a, 0x000015aa, 0x8aff0200, 0xb4004902, 0x13007003,
    0xa4001f00, 0x00b87d00, 0x41182f00, 0x00300003, 0x71010000, 0x80000341, 0x01000000, 0x00074171, 0x0000000f, 0x0000001f, 0x0000002f, 0x03415d03,
    0x00006f00, 0x415d0100, 0x004f0003, 0x5d010000, 0x8f000341, 0x01000000, 0x0005415d, 0x00000050, 0x00000060, 0x03417102, 0x00001000, 0x41710100,
    0x00f00003, 0x5d010000, 0x000a00b9, 0x00b8f403, 0x0341dc06, 0x0600c000, 0x41710100, 0x00100005, 0x00200006, 0x71020006, 0xd00e00b8, 0x001c00ba,
    0x110a0006, 0xb87c3912, 0x182f1c00, 0xdc1f00b8, 0x001400b9, 0x3130f403, 0x022e2213, 0x1e173727, 0x36323301, 0x0e17013f, 0x32330303, 0x06141516,
    0x3727010f, 0x30250d23, 0x2e030e1d, 0x1e230e08, 0x0f1a311b, 0x281b0a30, 0x256b5b36, 0x1c1a2319, 0x02744529, 0x2f281b49, 0x26161414, 0x192a1d24,
    0x282f1514, 0x2027011a, 0x1e341911, 0x006c1720, 0x8aff0200, 0xcf004902, 0x13007403, 0xc6002d00, 0x00b87d00, 0x41182f00, 0x00300003, 0x71010000,
    0x80000341, 0x01000000, 0x00034171, 0x0000004f, 0x03415d01, 0x00008f00, 0x415d0100, 0x006f0003, 0x5d010000, 0x0f000741, 0x1f000000, 0x2f000000,
    0x03000000, 0x0005415d, 0x00000050, 0x00000060, 0x03417102, 0x00001000, 0x41710100, 0x00f00003, 0x5d010000, 0x000a00b9, 0x00b8f403, 0x0541dc06,
    0x06001000, 0x06002000, 0x41710200, 0x00c00003, 0x71010006, 0xd00e00b8, 0xdc1400b8, 0xdc1a00b8, 0x001d00ba, 0x1114001a, 0xb87d3912, 0x182f1d00,
    0x101a00b8, 0x002100b9, 0x00b8f403, 0x00b91014, 0xf4030027, 0x002a00ba, 0x11270021, 0xb87c3912, 0x182f2a00, 0x22133130, 0x3727022e, 0x33011e17,
    0x013f3632, 0x37030e17, 0x2e272622, 0x06222301, 0x013e2707, 0x17163233, 0x3233011e, 0x0e173736, 0x30250d01, 0x2e030e1d, 0x1e230e08, 0x0f1a311b,
    0x281b0a30, 0x231a3c36, 0x0d1e160e, 0x1b111b10, 0x1a22320e, 0x1e160e23, 0x111c100d, 0x02310f1a, 0x2f281b49, 0x26161414, 0x192a1d24, 0x282f1514,
    0x0812bb1a, 0x0d0d0a0e, 0x121f1425, 0x0e0a0e08, 0x2215220d, 0x8cff0300, 0xa6005502, 0x03007c03, 0x27001500, 0xb8004300, 0x412f0400, 0x00b00003,
    0x5d010004, 0x0f000341, 0x01000400, 0x0003415d, 0x00040090, 0x03415d01, 0x04007000, 0xb85d0100, 0xb8dc0d00, 0xb8dc0100, 0xb8100400, 0xb8d01600,
    0xb8100d00, 0x30d01f00, 0x37271331, 0x26220317, 0x37363435, 0x3233013e, 0x06141516, 0x33010e07, 0x34352622, 0x013e3736, 0x15163233, 0x0e070614,
    0x682f2601, 0x1317eb42, 0x19040301, 0x01131719, 0x9d190403, 0x03011317, 0x17191904, 0x04030113, 0x19b90219, 0xfcfe23aa, 0x0b030e15, 0x1515130e,
    0x0e0b030e, 0x0e151513, 0x130e0b03, 0x030e1515, 0x15130e0b, 0x8cff0300, 0xd1005502, 0x06007b03, 0x2a001800, 0xb8005100, 0x412f0700, 0x00b00003,
    0x5d010007, 0x0f000341, 0x01000700, 0x0003415d, 0x00070090, 0x03415d01, 0x07007000, 0xb85d0100, 0xb8dc1000, 0xb9dc0000, 0x03000300, 0x0200b8f4,
    0x0400b8dc, 0x0700b8d0, 0x1900b810, 0x1000b8d0, 0x2200b810, 0x033130d0, 0x37173727, 0x22010f17, 0x36343526, 0x33013e37, 0x14151632, 0x010e0706,
    0x35262233, 0x3e373634, 0x16323301, 0x07061415, 0x5c0e010e, 0x2982612f, 0x13179d7e, 0x19040301, 0x01131719, 0x9d190403, 0x03011317, 0x17191904,
    0x04030113, 0x86d50219, 0x20727220, 0x0e158086, 0x130e0b03, 0x030e1515, 0x15130e0b, 0x0b030e15, 0x1515130e, 0x0e0b030e, 0x00001513, 0x8cff0300,
    0xa6005502, 0x03008a03, 0x27001500, 0xb8003f00, 0x412f0400, 0x00b00003, 0x5d010004, 0x0f000341, 0x01000400, 0x0003415d, 0x00040090, 0x03415d01,
    0x04007000, 0xb85d0100, 0xb8dc0d00, 0xb8d01f00, 0xb8dc0200, 0xb8100400, 0x30d01600, 0x17370331, 0x2622010f, 0x37363435, 0x3233013e, 0x06141516,
    0x33010e07, 0x34352622, 0x013e3736, 0x15163233, 0x0e070614, 0x3d433a01, 0x1317642c, 0x19040301, 0x01131719, 0x9d190403, 0x03011317, 0x17191904,
    0x04030113, 0x206a0319, 0x157614ab, 0x0e0b030e, 0x0e151513, 0x130e0b03, 0x030e1515, 0x15130e0b, 0x0b030e15, 0x0015130e, 0x77ff0200, 0x2b014502,
    0x03008503, 0x8b000a00, 0x00b87d00, 0x41182f08, 0x00500005, 0x00600008, 0x71020008, 0x0f000b41, 0x1f000800, 0x2f000800, 0x3f000800, 0x4f000800,
    0x05000800, 0x0003415d, 0x0008008f, 0x03415d01, 0x08006f00, 0x415d0100, 0x00800003, 0x71010008, 0x30000341, 0x01000800, 0x00034171, 0x00080010,
    0x00b87101, 0x0541dc07, 0x07005000, 0x07006000, 0xb95d0200, 0x03000a00, 0x0800b8f4, 0x0600b810, 0x0000bad0, 0x06000a00, 0x7c391211, 0x2f0000b8,
    0x13313018, 0x07173727, 0x07270717, 0x30b03727, 0x54d54467, 0x29825f29, 0x19c20281, 0x847923aa, 0x20707020, 0x00000084, 0x7aff0200, 0xc6004802,
    0x06008203, 0x8a001a00, 0x00b87d00, 0x41182f04, 0x00300003, 0x71010004, 0x80000341, 0x01000400, 0x00074171, 0x0004000f, 0x0004001f, 0x0004002f,
    0x03415d03, 0x04008f00, 0x415d0100, 0x004f0003, 0x5d010004, 0x6f000341, 0x01000400, 0x0005415d, 0x00040050, 0x00040060, 0x03417102, 0x04001000,
    0x41710100, 0x00f00003, 0x5d010004, 0xd00200b8, 0x100400b8, 0xdc0300b8, 0x000600b9, 0x00b8f403, 0x00b9dc07, 0xf4030011, 0xdc0d00b8, 0xd01500b8,
    0x17133130, 0x27072707, 0x2e22013f, 0x17372702, 0x3233011e, 0x17013f36, 0x604f030e, 0x1e846f24, 0x2f252b7c, 0x2b030d1d, 0x1e200f0a, 0x111d2d1b,
    0x271b0a2e, 0x67d20235, 0x23565623, 0x281a1b67, 0x1610142f, 0x261f2322, 0x2e151016, 0x00001a28, 0x3eff0200, 0xa9004502, 0x03007b03, 0x8b000a00,
    0x00b87d00, 0x41182f08, 0x00500005, 0x00600008, 0x71020008, 0x0f000b41, 0x1f000800, 0x2f000800, 0x3f000800, 0x4f000800, 0x05000800, 0x0003415d,
    0x0008008f, 0x03415d01, 0x08006f00, 0x415d0100, 0x00800003, 0x71010008, 0x30000341, 0x01000800, 0x00034171, 0x00080010, 0x00b87101, 0x0541dc07,
    0x07005000, 0x07006000, 0xb95d0200, 0x03000a00, 0x0300baf4, 0x08000a00, 0x7c391211, 0x2f0300b8, 0x0800b818, 0x0600b810, 0x033130d0, 0x37071737,
    0x07270717, 0x44c23727, 0x54c22c3d, 0x29825f29, 0x1f5c0381, 0x842d15aa, 0x20707020, 0x00000084, 0x76ff0200, 0x03014502, 0x0b007003, 0x95001200,
    0x00b87d00, 0x41182f10, 0x00500005, 0x00600010, 0x71020010, 0x6f000341, 0x01001000, 0x0003415d, 0x0010008f, 0x0b415d01, 0x10000f00, 0x10001f00,
    0x10002f00, 0x10003f00, 0x10004f00, 0x415d0500, 0x00800003, 0x71010010, 0x30000341, 0x01001000, 0x00034171, 0x00100010, 0x00b87101, 0x0541dc0f,
    0x0f005000, 0x0f006000, 0xb95d0200, 0x03001200, 0x1000b8f4, 0x0e00b810, 0x0800bad0, 0x0e001200, 0x7c391211, 0x2f0800b8, 0x0b00b818, 0x0000b9dc,
    0x30f40300, 0x32331331, 0x06141516, 0x3727010f, 0x07011f23, 0x37270727, 0x18246b5c, 0x28191924, 0x54027846, 0x29825f29, 0x1f700381, 0x1f331a12,
    0x4f6d171f, 0x70702084, 0x00008420, 0x8cff0300, 0xc1005502, 0x03003103, 0x27001500, 0xb8004900, 0x412f0400, 0x00b00003, 0x5d010004, 0x0f000341,
    0x01000400, 0x0003415d, 0x00040090, 0x03415d01, 0x04007000, 0xb85d0100, 0xb8dc0d00, 0xb9dc0300, 0x03000000, 0x0400b8f4, 0x1600b810, 0x0d00b8d0,
    0x1f00b810, 0x033130d0, 0x17210721, 0x34352622, 0x013e3736, 0x15163233, 0x0e070614, 0x26223301, 0x37363435, 0x3233013e, 0x06141516, 0x4f010e07,
    0xfe0e1001, 0x131713f0, 0x19040301, 0x01131719, 0x9d190403, 0x03011317, 0x17191904, 0x04030113, 0x42310319, 0x030e159a, 0x15130e0b, 0x0b030e15,
    0x1515130e, 0x0e0b030e, 0x0e151513, 0x130e0b03, 0x00000015, 0x76ff0200, 0xd2004502, 0x19007403, 0xb3002000, 0x00b87d00, 0x41182f1e, 0x00500005,
    0x0060001e, 0x7102001e, 0x0f000b41, 0x1f001e00, 0x2f001e00, 0x3f001e00, 0x4f001e00, 0x05001e00, 0x0003415d, 0x001e008f, 0x03415d01, 0x1e006f00,
    0x415d0100, 0x00800003, 0x7101001e, 0x30000341, 0x01001e00, 0x00034171, 0x001e0010, 0x00b87101, 0x0541dc1d, 0x1d005000, 0x1d006000, 0xb95d0200,
    0x03002000, 0x0d00b8f4, 0x1300b8dc, 0x0000b9dc, 0xb8f40300, 0xb9100d00, 0x03000600, 0x0900baf4, 0x06000000, 0x7c391211, 0x2f0900b8, 0x1600ba18,
    0x0d001300, 0x7d391211, 0x2f1600b8, 0x1e00b818, 0x1c00b810, 0x033130d0, 0x1e171632, 0x36323301, 0x010e1737, 0x27262223, 0x2223012e, 0x3e270706,
    0x07011f01, 0x37270727, 0x0e221910, 0x100d1e16, 0x111b111c, 0x22192231, 0x0d1e160e, 0x1b111c10, 0x54873111, 0x29825f29, 0x12740381, 0x0e0a0e08,
    0x2114240d, 0x0a0e0812, 0x14260d0e, 0x20848b1f, 0x84207070, 0x9b000100, 0xe1010e03, 0x19008103, 0x00ba7100, 0x001a0003, 0x3912111b, 0x0000b800,
    0x0003412f, 0x000000cf, 0x05415d01, 0x00008f00, 0x00009f00, 0x415d0200, 0x00000003, 0x71010000, 0x40000341, 0x01000000, 0x0600b871, 0x0900badc,
    0x00000600, 0x7d391211, 0x2f0900b8, 0x0600b818, 0x0d00b910, 0xb8f40300, 0xb9100000, 0x03001300, 0x1600baf4, 0x13000d00, 0x7c391211, 0x2f1600b8,
    0x01313018, 0x2e272622, 0x06222301, 0x013e2707, 0x17163233, 0x3233011e, 0x0e173736, 0x1a7e0101, 0x1e160e23, 0x111b100d, 0x2231101b, 0x160e231a,
    0x1b100d1e, 0x31101b11, 0x08120e03, 0x0d0e0a0e, 0x12211526, 0x0e0a0e08, 0x2115260d, 0xa8000100, 0xd4011203, 0x19007e03, 0x00ba7100, 0x001a0003,
    0x3912111b, 0x0000b800, 0x0003412f, 0x00000000, 0x05417101, 0x00008f00, 0x00009f00, 0x415d0200, 0x00a00003, 0x71010000, 0x40000341, 0x01000000,
    0x0600b871, 0x0900badc, 0x06000000, 0x7d391211, 0x2f0900b8, 0x0600b818, 0x0d00b910, 0xb8f40300, 0xb9100000, 0x03001300, 0x1600baf4, 0x13000d00,
    0x7c391211, 0x2f1600b8, 0x01313018, 0x2e272622, 0x06222301, 0x013e2707, 0x17163233, 0x3233011e, 0x0e173736, 0x14770101, 0x19100f1d, 0x0f1c100c,
    0x1f2d111f, 0x100f1d14, 0x1c100c19, 0x2d111f0f, 0x090e1203, 0x0d0e0b0a, 0x0e201427, 0x0e0b0a09, 0x2014270d, 0xaf000100, 0xcd012903, 0x03006b03,
    0x00ba3100, 0x00040000, 0x39121105, 0x0300b800, 0x0005412f, 0x000300d0, 0x000300e0, 0x05415d02, 0x03003000, 0x03004000, 0xb95d0200, 0x03000000,
    0x133130f4, 0xbd210721, 0xfe0e1001, 0x426b03f0, 0x0c010100, 0x71011303, 0x0e007a03, 0x00ba2200, 0x000f0000, 0x39121110, 0x0000b800, 0x0005412f,
    0x0000008f, 0x0000009f, 0x00b85d02, 0x3130dc08, 0x35262201, 0x36373634, 0x15163233, 0x01060714, 0x01161436, 0x142f0902, 0x03090316, 0x04111213,
    0x122f0809, 0x2f100511, 0xaf000200, 0xca011303, 0x0d007c03, 0x3a001b00, 0x000a00ba, 0x111d001c, 0x00b83912, 0x00b8100a, 0xb800d011, 0x412f0000,
    0x008f0005, 0x009f0000, 0x5d020000, 0xdc0700b8, 0x100000b8, 0xd00e00b8, 0x100700b8, 0xd01500b8, 0x22133130, 0x37343526, 0x16323336, 0x06071415,
    0x35262233, 0x33363734, 0x14151632, 0x14d90607, 0x2f090316, 0x09031614, 0x03161487, 0x16142f09, 0x13030903, 0x12051112, 0x0511122f, 0x11122f12,
    0x122f1205, 0x2f120511, 0xa7000200, 0xeb01f402, 0x0300b403, 0x26000700, 0x000200ba, 0x11090008, 0x00b83912, 0x00b81002, 0xb800d005, 0x412f0000,
    0x002f0003, 0x5d010000, 0xd00400b8, 0x27133130, 0x27011f37, 0x2dd41737, 0x2d224068, 0xf4023f68, 0x9e22a917, 0x0022a917, 0x0b010100, 0xb701f402,
    0x0300b603, 0x00ba1a00, 0x00040000, 0x39121105, 0x0000b800, 0x0003412f, 0x0000002f, 0x31305d01, 0x17372701, 0x68313c01, 0x19f40244, 0x000024a9,
    0xd6000100, 0x5801f302, 0x0300b403, 0x00ba1a00, 0x00040003, 0x39121105, 0x0300b800, 0x0003412f, 0x0003002f, 0x31305d01, 0x07173713, 0x2e3e44d6,
    0xac209403, 0x00000015, 0x94000100, 0xcf01f902, 0x0600a703, 0x00ba5400, 0x00070006, 0x39121108, 0x0400b800, 0x0003412f, 0x0004003f, 0x03417101,
    0x04002f00, 0x415d0100, 0x00d00005, 0x00e00004, 0x5d020004, 0x60000341, 0x01000400, 0x0200b871, 0x0400b8d0, 0x0300b810, 0x000341dc, 0x000300cf,
    0x00b95d01, 0xf4030006, 0x17013130, 0x27072707, 0x527d0137, 0x288b5d2b, 0x8fa7038b, 0x2074731e, 0x0000008e, 0xb2000100, 0xed010103, 0x0600b003,
    0x00ba6a00, 0x00070003, 0x39121108, 0x0000b800, 0x0005412f, 0x00000060, 0x00000070, 0x03417102, 0x00006000, 0x415d0100, 0x002f0003, 0x5d010000,
    0xe0000541, 0xf0000000, 0x02000000, 0x00054171, 0x000000d0, 0x000000e0, 0x03415d02, 0x0000a000, 0xb95d0100, 0x03000300, 0x0200b8f4, 0x000341dc,
    0x000200cf, 0x00b85d01, 0x3130d004, 0x17372701, 0x01071737, 0x5a2c5204, 0x038b298c, 0x741f8f01, 0x008f2075, 0xb3000100, 0xdd01fe02, 0x13009803,
    0x00ba6600, 0x00140000, 0x39121115, 0x0000b800, 0x0005412f, 0x000000e0, 0x000000f0, 0x03417102, 0x00003f00, 0x41710100, 0x002f0003, 0x5d010000,
    0xa0000341, 0x01000000, 0x0003415d, 0x00000070, 0x05417101, 0x0000d000, 0x0000e000, 0xb95d0200, 0x03000a00, 0x0600b8f4, 0x000341dc, 0x00060020,
    0x00b87101, 0x3130d00e, 0x022e2201, 0x1e173727, 0x36323301, 0x0e17013f, 0x25360103, 0x030e1d30, 0x20100a2e, 0x1d2c1b1d, 0x1b0a3011, 0xfe023628,
    0x142f281b, 0x24231614, 0x14162621, 0x1a282f15, 0xb8000100, 0xe101fe02, 0x11009103, 0x00ba3100, 0x00120006, 0x39121113, 0x0000b800, 0x0003412f,
    0x0000002f, 0x03415d01, 0x0000e000, 0xb95d0100, 0x03000900, 0x0500b8f4, 0x0d00b8dc, 0x013130d0, 0x012f2622, 0x011e1737, 0x3f363233, 0x0e071701,
    0x2e3c0101, 0x430e0f39, 0x0b1c0b16, 0x3409180c, 0x41201a3d, 0x2a24fe02, 0x03521c29, 0x52030303, 0x242a2322, 0xd0000200, 0xb501ea02, 0x0b00d003,
    0x5f001700, 0x000000ba, 0x11190018, 0x00b83912, 0xb800d00c, 0x412f0000, 0x00000003, 0x71010000, 0x1f000541, 0x2f000000, 0x02000000, 0x0003415d,
    0x0000005f, 0x03415d01, 0x00009f00, 0x415d0100, 0x00400003, 0x71010000, 0x70000341, 0x01000000, 0x0c00b971, 0xb8f40400, 0xb9dc0600, 0x04001200,
    0x013130f4, 0x34352622, 0x16323336, 0x27061415, 0x35363732, 0x07222334, 0x01141506, 0x46372d34, 0x46372d3b, 0x040b3435, 0x040b3432, 0x2b39ea02,
    0x2b39463c, 0x3830463c, 0x382f0c13, 0x002f0c13, 0xce000300, 0xc501e002, 0x03006004, 0x1b000f00, 0x00ba6a00, 0x001c0004, 0x3912111d, 0x100400b8,
    0xd00100b8, 0x100400b8, 0xd01000b8, 0x0400b800, 0x0003412f, 0x0004005f, 0x05415d01, 0x04001f00, 0x04002f00, 0x415d0200, 0x009f0003, 0x5d010004,
    0xcf000341, 0x01000400, 0x1000b95d, 0xb8f40400, 0x41dc0a00, 0x00a00003, 0x5d01000a, 0xdc0000b8, 0x100a00b8, 0x001600b9, 0x3130f404, 0x17372701,
    0x35262203, 0x32333634, 0x06141516, 0x36373227, 0x22233435, 0x14150607, 0x59255b01, 0x372d9336, 0x372d3b46, 0x0b343546, 0x0b343204, 0x1bda0304,
    0xa6fe266b, 0x473c2b39, 0x473c2b39, 0x0c14392f, 0x0c14382f, 0x00000030, 0x18010100, 0xa1014902, 0x03000c03, 0x00ba1e00, 0x00040001, 0x39121105,
    0x0000b800, 0x0003412f, 0x0000002f, 0x00b85d01, 0x3130dc02, 0x17372701, 0x3f344c01, 0x0c49024a, 0x000012b7, 0xc7ff0100, 0x7800eb02, 0x0d00a703,
    0xb8003000, 0x412f0a00, 0x009f0003, 0x5d01000a, 0x5f000341, 0x01000a00, 0x0005415d, 0x000a001f, 0x000a002f, 0x00b85d02, 0x00b9dc0d, 0xf4030000,
    0x33033130, 0x15021e32, 0x010f0614, 0x31233727, 0x0e18136b, 0x1c1b2205, 0x03744529, 0x110e09a7, 0x1f321a09, 0x00691720, 0x8eff0200, 0xb800f502,
    0x13002804, 0x67001700, 0x0000b800, 0x0005412f, 0x00000040, 0x00000050, 0x03417102, 0x00002f00, 0x415d0100, 0x00000005, 0x00100000, 0x71020000,
    0xd0000341, 0x01000000, 0x0a00b95d, 0xb8f40300, 0x41dc0600, 0x00100005, 0x00200006, 0x71020006, 0x70000341, 0x01000600, 0x0e00b85d, 0x1400bad0,
    0x0a000600, 0x7c391211, 0x2f1400b8, 0x13313018, 0x27022e22, 0x011e1737, 0x3f363233, 0x030e1701, 0x1737012f, 0x1d302511, 0x082e030e, 0x1b1e230e,
    0x300f1a31, 0x36281b0a, 0x4368300e, 0x281bf502, 0x1614142f, 0x2a1d2426, 0x2f151419, 0x19701a28, 0x000023aa, 0x8eff0200, 0xb800f502, 0x13002704,
    0x67001700, 0x0000b800, 0x0005412f, 0x00000040, 0x00000050, 0x03417102, 0x00002f00, 0x415d0100, 0x00000005, 0x00100000, 0x71020000, 0xd0000341,
    0x01000000, 0x0a00b95d, 0xb8f40300, 0x41dc0600, 0x00100005, 0x00200006, 0x71020006, 0x70000341, 0x01000600, 0x0e00b85d, 0x1700bad0, 0x0a000600,
    0x7c391211, 0x2f1700b8, 0x13313018, 0x27022e22, 0x011e1737, 0x3f363233, 0x030e1701, 0x07173703, 0x1d302511, 0x082e030e, 0x1b1e230e, 0x300f1a31,
    0x36281b0a, 0x2e3d457a, 0x281bf502, 0x1614142f, 0x2a1d2426, 0x2f151419, 0x13011a28, 0x0015aa1f, 0x8eff0200, 0xb800f502, 0x0b001a04, 0xcd001f00,
    0x0c00b800, 0x0005412f, 0x000c0000, 0x000c0010, 0x03417102, 0x0c002f00, 0x415d0100, 0x00a00003, 0x7101000c, 0xd0000341, 0x01000c00, 0x0005415d,
    0x000c0040, 0x000c0050, 0x00b97102, 0xf4030016, 0xdc1200b8, 0x70000341, 0x01001200, 0x0007415d, 0x00120010, 0x00120020, 0x00120030, 0x00ba7103,
    0x00120008, 0x39121116, 0x0800b87c, 0x1541182f, 0x08006f00, 0x08007f00, 0x08008f00, 0x08009f00, 0x0800af00, 0x0800bf00, 0x0800cf00, 0x0800df00,
    0x0800ef00, 0x0800ff00, 0x415d0a00, 0x000f0009, 0x001f0008, 0x002f0008, 0x003f0008, 0x71040008, 0xdc0b00b8, 0xaf000341, 0x01000b00, 0x0000b95d,
    0xb8f40300, 0xb8101200, 0x30d01a00, 0x32330331, 0x06141516, 0x3727010f, 0x2e221723, 0x17372702, 0x3233011e, 0x17013f36, 0x6b26030e, 0x1a231925,
    0x7445291c, 0x1d30253f, 0x082e030e, 0x1b1e230e, 0x300f1a31, 0x36281b0a, 0x11201a04, 0x201e3419, 0x1bec6c17, 0x14142f28, 0x1d242616, 0x1514192a,
    0x001a282f, 0x8dff0200, 0xd200f502, 0x19001e04, 0xa0002d00, 0x1a00b800, 0x0005412f, 0x001a0040, 0x001a0050, 0x03417102, 0x1a002f00, 0x415d0100,
    0x00a00003, 0x7101001a, 0x00000541, 0x10001a00, 0x02001a00, 0x00034171, 0x001a00d0, 0x00b95d01, 0xf4030024, 0xdc2000b8, 0x10000541, 0x20002000,
    0x02002000, 0x00034171, 0x00200070, 0x00b85d01, 0x00b8dc00, 0x00badc06, 0x00060009, 0x39121100, 0x0900b87d, 0x00b8182f, 0x00b91006, 0xf403000d,
    0x100000b8, 0x001300b9, 0x00baf403, 0x000d0016, 0x39121113, 0x1600b87c, 0x00b8182f, 0x00b81020, 0x3130d028, 0x27262213, 0x2223012e, 0x3e270706,
    0x16323301, 0x33011e17, 0x17373632, 0x2207010e, 0x3727022e, 0x33011e17, 0x013f3632, 0x70030e17, 0x160e231a, 0x1b100d1e, 0x320e1b11, 0x0e231a22,
    0x100d1e16, 0x0f1a111c, 0x30258131, 0x2e030e1d, 0x1e230e08, 0x0f1a311b, 0x281b0a30, 0x12ae0336, 0x0d0a0e08, 0x1f14250d, 0x0a0e0812, 0x15220d0e,
    0x281bb922, 0x1614142f, 0x2a1d2426, 0x2f151419, 0x00001a28, 0x8fff0300, 0xa900ff02, 0x03002604, 0x27001500, 0xb8004700, 0x412f0400, 0x00d00005,
    0x00e00004, 0x5d020004, 0x2f000341, 0x01000400, 0x0003415d, 0x000400a0, 0x03415d01, 0x04006000, 0xb85d0100, 0xb8dc0d00, 0xb8dc0100, 0xb8100400,
    0xb8d01600, 0xb8100d00, 0x30d01f00, 0x37271331, 0x26220317, 0x37363435, 0x3233013e, 0x06141516, 0x33010e07, 0x34352622, 0x013e3736, 0x15163233,
    0x0e070614, 0x682f2901, 0x1317eb42, 0x19040301, 0x01131719, 0x9d190403, 0x03011317, 0x17191904, 0x04030113, 0x19630319, 0xfcfe23aa, 0x0b030e15,
    0x1515130e, 0x0e0b030e, 0x0e151513, 0x130e0b03, 0x030e1515, 0x15130e0b, 0x8fff0300, 0xd400ff02, 0x06002504, 0x2a001800, 0xb8005500, 0x412f0700,
    0x00d00005, 0x00e00007, 0x5d020007, 0x2f000341, 0x01000700, 0x0003415d, 0x000700a0, 0x03415d01, 0x07006000, 0xb85d0100, 0xb8dc1000, 0xb9dc0000,
    0x03000300, 0x0200b8f4, 0x0400b8dc, 0x0700b8d0, 0x1900b810, 0x1000b8d0, 0x2200b810, 0x033130d0, 0x37173727, 0x22010f17, 0x36343526, 0x33013e37,
    0x14151632, 0x010e0706, 0x35262233, 0x3e373634, 0x16323301, 0x07061415, 0x5c0b010e, 0x2982612f, 0x13179d7e, 0x19040301, 0x01131719, 0x9d190403,
    0x03011317, 0x17191904, 0x04030113, 0x867f0319, 0x20727220, 0x0e158086, 0x130e0b03, 0x030e1515, 0x15130e0b, 0x0b030e15, 0x1515130e, 0x0e0b030e,
    0x00001513, 0x8fff0300, 0xa900ff02, 0x03002504, 0x27001500, 0xb8004300, 0x412f0400, 0x00d00005, 0x00e00004, 0x5d020004, 0x2f000341, 0x01000400,
    0x0003415d, 0x000400a0, 0x03415d01, 0x04006000, 0xb85d0100, 0xb8dc0d00, 0xb8d01f00, 0xb8dc0200, 0xb8100400, 0x30d01600, 0x17370331, 0x2622010f,
    0x37363435, 0x3233013e, 0x06141516, 0x33010e07, 0x34352622, 0x013e3736, 0x15163233, 0x0e070614, 0x3d433b01, 0x1317602c, 0x19040301, 0x01131719,
    0x9d190403, 0x03011317, 0x17191904, 0x04030113, 0x20050419, 0x156514ad, 0x0e0b030e, 0x0e151513, 0x130e0b03, 0x030e1515, 0x15130e0b, 0x0b030e15,
    0x0015130e, 0x79ff0200, 0x3301ee02, 0x03002604, 0x55000a00, 0x0800b800, 0x0005412f, 0x00080040, 0x00080050, 0x03417102, 0x08002f00, 0x415d0100,
    0x00000005, 0x00100008, 0x71020008, 0xd0000341, 0x01000800, 0x0700b85d, 0x0a00b9dc, 0xb8f40300, 0xb8100800, 0xbad00600, 0x0a000000, 0x12110600,
    0x00b87c39, 0x30182f00, 0x37271331, 0x07170717, 0x37270727, 0x446831b8, 0x5f2955dc, 0x03802883, 0x24ab1863, 0x7120856f, 0x00852071, 0x7fff0200,
    0xcf00f102, 0x06002a04, 0x57001a00, 0x0400b800, 0x0005412f, 0x00040040, 0x00040050, 0x03417102, 0x04002f00, 0x415d0100, 0x00000005, 0x00100004,
    0x71020004, 0xd0000341, 0x01000400, 0x0200b85d, 0x0400b8d0, 0x0300b810, 0x0600b9dc, 0xb8f40300, 0xb9dc0700, 0x03001100, 0x0d00b8f4, 0x1500b8dc,
    0x133130d0, 0x07270717, 0x22013f27, 0x3727022e, 0x33011e17, 0x013f3632, 0x53030e17, 0x846e2460, 0x25307b1e, 0x030d1d2f, 0x210e0a2b, 0x1a301b1e,
    0x1b0a2e11, 0x7b033527, 0x57572367, 0x1a1b6723, 0x10142e27, 0x1a202118, 0x15101927, 0x001a272e, 0x38ff0200, 0xab00ee02, 0x03002504, 0x55000a00,
    0x0800b800, 0x0005412f, 0x00080040, 0x00080050, 0x03417102, 0x08002f00, 0x415d0100, 0x00000005, 0x00100008, 0x71020008, 0xd0000341, 0x01000800,
    0x0700b85d, 0x0a00b9dc, 0xbaf40300, 0x0a000300, 0x12110800, 0x00b87c39, 0xb8182f03, 0xb8100800, 0x30d00600, 0x17370331, 0x07173707, 0x37270727,
    0x2d3e43c8, 0x5f2955ca, 0x04802883, 0x15aa1f06, 0x7120852d, 0x00852071, 0x78ff0200, 0x0501ee02, 0x0b001a04, 0x68001200, 0x1000b800, 0x0003412f,
    0x001000d0, 0x03415d01, 0x10002f00, 0x415d0100, 0x00400005, 0x00500010, 0x71020010, 0x00000541, 0x10001000, 0x02001000, 0x0f00b871, 0x1200b9dc,
    0xb8f40300, 0xb8101000, 0xbad00e00, 0x12000800, 0x12110e00, 0x00b87c39, 0x41182f08, 0x00500003, 0x5d010008, 0xdc0b00b8, 0x000000b9, 0x3130f403,
    0x16323313, 0x0f061415, 0x23372701, 0x2707011f, 0x5e372707, 0x2218256a, 0x44291b1b, 0x29550274, 0x8028835f, 0x11201a04, 0x1e1f341a, 0x854f6d17,
    0x20717120, 0x00000085, 0x8fff0300, 0xc400ff02, 0x0300db03, 0x27001500, 0xb8004d00, 0x412f0400, 0x00d00005, 0x00e00004, 0x5d020004, 0x2f000341,
    0x01000400, 0x0003415d, 0x000400a0, 0x03415d01, 0x04006000, 0xb85d0100, 0xb8dc0d00, 0xb9dc0300, 0x03000000, 0x0400b8f4, 0x1600b810, 0x0d00b8d0,
    0x1f00b810, 0x033130d0, 0x17210721, 0x34352622, 0x013e3736, 0x15163233, 0x0e070614, 0x26223301, 0x37363435, 0x3233013e, 0x06141516, 0x4c010e07,
    0xfe0e1001, 0x131713f0, 0x19040301, 0x01131719, 0x9d190403, 0x03011317, 0x17191904, 0x04030113, 0x42db0319, 0x030e159a, 0x15130e0b, 0x0b030e15,
    0x1515130e, 0x0e0b030e, 0x0e151513, 0x130e0b03, 0x00000015, 0x78ff0200, 0xd400ef02, 0x19001e04, 0x7d002000, 0x1e00b800, 0x0005412f, 0x001e0040,
    0x001e0050, 0x03417102, 0x1e002f00, 0x415d0100, 0x00000005, 0x0010001e, 0x7102001e, 0xd0000341, 0x01001e00, 0x1d00b85d, 0x2000b9dc, 0xb8f40300,
    0xb8dc0d00, 0xb9dc1300, 0x03000000, 0x0d00b8f4, 0x0600b910, 0xbaf40300, 0x00000900, 0x12110600, 0x00b87c39, 0xba182f09, 0x13001600, 0x12110d00,
    0x00b87d39, 0xb8182f16, 0xb8101e00, 0x30d01c00, 0x16320331, 0x33011e17, 0x17373632, 0x2223010e, 0x012e2726, 0x07062223, 0x1f013e27, 0x07270701,
    0x190e3727, 0x1e160e22, 0x111c100d, 0x2231111b, 0x160e2219, 0x1c100d1e, 0x31111b11, 0x5f295487, 0x04812982, 0x0e08121e, 0x240d0e0a, 0x08122114,
    0x0d0e0a0e, 0x8b1f1426, 0x70702084, 0x00008420, 0xf7ff0100, 0x090024ff, 0x03000c03, 0xb8000b00, 0xb82f0000, 0x302f0300, 0x11330331, 0x12120923,
    0x18fc0c03, 0x9fff0100, 0x610024ff, 0x0e001203, 0xb8000f00, 0xb82f0e00, 0xb82f0500, 0x30d00700, 0x27070331, 0x17372737, 0x17071737, 0x23112707,
    0x550c4c09, 0x55550c55, 0x0c55550c, 0xa202124c, 0x51510b48, 0x0b51510b, 0x480b5151, 0x000082fc, 0x80000200, 0xd603f7ff, 0x2100c302, 0xb7005000,
    0x001100ba, 0x11520051, 0x00b83912, 0x00b81011, 0xb800d025, 0x58450000, 0x2f2400b8, 0x2400b91b, 0x593e1d00, 0x450000b8, 0x2e00b858, 0x00b91b2f,
    0x3e1d002e, 0x0000b859, 0x00b85845, 0xb91b2f4a, 0x13004a00, 0x00b8593e, 0xb8584500, 0x1b2f2300, 0x002300b9, 0xb8593e13, 0xb9104a00, 0x08004100,
    0x0c00b9f4, 0xb9f40800, 0x08000500, 0x2e00b8f4, 0x3700b910, 0xb9f40800, 0x08001600, 0x1d00b9f4, 0xbaf40800, 0x1d000800, 0x12110500, 0x1a00ba39,
    0x05001d00, 0xb8391211, 0xb9102400, 0x08002700, 0x2800baf4, 0x41002400, 0xb8391211, 0xb92f2800, 0x08005000, 0x013130f4, 0x33021e14, 0x17373632,
    0x2223010e, 0x3435022e, 0x3233023e, 0x2e071716, 0x0e222301, 0x11070102, 0x15230721, 0x33033e33, 0x07171632, 0x2223032e, 0x1415020e, 0x3233021e,
    0x1737023e, 0x2223010e, 0x2327022e, 0x22143302, 0x38221a2f, 0x571d3f11, 0x384b2b34, 0x4b382020, 0x1d57342b, 0x2238113f, 0x14222f1a, 0x014895fe,
    0x88aa3d2f, 0x7b603d07, 0x32965946, 0x3b30123f, 0x65362443, 0x4e2f2f4e, 0x43243665, 0x3f12303b, 0x46599632, 0x073d607b, 0x1c5d0188, 0x20142330,
    0x2f292d1a, 0x2b4b3820, 0x20384b2b, 0x1a2d292f, 0x30231420, 0x0234bdfe, 0x43eb4cb8, 0x50315775, 0x2c192e45, 0x4b291221, 0x683f3f68, 0x2112294b,
    0x452e1a2b, 0x74573150, 0x00000044, 0x40000200, 0x3904f4ff, 0x2200c602, 0x95004200, 0x001800ba, 0x11440043, 0x00b83912, 0x00b81018, 0xb800d02b,
    0x58450000, 0x2f3800b8, 0x3800b91b, 0x593e1d00, 0x450000b8, 0x1d00b858, 0x00b91b2f, 0x3e1d001d, 0x0000b859, 0x00b85845, 0xb91b2f2e, 0x13002e00,
    0x00b8593e, 0xb8584500, 0x1b2f1300, 0x001300b9, 0xb8593e13, 0xb9101d00, 0x07000000, 0x1300b8f4, 0x0d00b910, 0xbaf40700, 0x1d000500, 0x12110d00,
    0x0500b839, 0x0800b92f, 0xb8f40700, 0xb9102e00, 0x07002800, 0x3800b8f4, 0x3e00b910, 0x30f40700, 0x0e220131, 0x15330702, 0x33031e23, 0x0e153732,
    0x2e222301, 0x3e343502, 0x16323302, 0x05261517, 0x33021e14, 0x0e153732, 0x2e222301, 0x3e343502, 0x16323302, 0x23261517, 0x04020e22, 0x42522d14,
    0xd1d1092e, 0x52422e09, 0x0612132d, 0x824a0b15, 0x62393962, 0x150b4a82, 0x83fc1206, 0x345d4528, 0x15061213, 0x62824a0b, 0x82623939, 0x06150b4a,
    0x5d341312, 0x5c022845, 0x2b49361e, 0x36492b6e, 0x016b031e, 0x83623901, 0x62834b4b, 0x6b010139, 0x5c35ff03, 0x6b032846, 0x62390101, 0x834b4b83,
    0x01013962, 0x4628036b, 0x0000005d, 0x0a000300, 0xde032eff, 0x03000203, 0x2e002000, 0x00ba6a00, 0x002f0000, 0x39121130, 0xd00e00b8, 0x100000b8,
    0xd02100b8, 0x0200b800, 0x0000b82f, 0x00b85845, 0xb91b2f00, 0x15000000, 0x00ba593e, 0x0002000e, 0x39121100, 0x2f0e00b8, 0xdc1700b8, 0x002100ba,
    0x11000002, 0x00b83912, 0x00b82f21, 0x00b8dc28, 0x00badc1f, 0x00170004, 0x3912111f, 0x001e00ba, 0x111f000e, 0x31303912, 0x05020905, 0x3435033e,
    0x2223022e, 0x1707020e, 0x3233013e, 0x14011d16, 0x33150706, 0x3d363207, 0x23263401, 0x011d0622, 0xf4011614, 0xea0116fe, 0x3efeea01, 0x1525301b,
    0x273f2d19, 0x1c2b3b27, 0x31084c07, 0x3b2d2627, 0x1f295441, 0x1f1f1b1b, 0x01d21c1c, 0xfeea01ea, 0x19041f16, 0x23243928, 0x1617293a, 0x1e192e24,
    0x25292f23, 0x0331300b, 0x171eb97f, 0x1d1d170e, 0x1e170e17, 0x29000000, 0x0100f201, 0x00000000, 0x2d000000, 0x01000000, 0x00000000, 0x0d000100,
    0x01002d00, 0x00000000, 0x06000200, 0x01003a00, 0x00000000, 0x1d000300, 0x01004000, 0x00000000, 0x14000400, 0x01005d00, 0x00000000, 0x0d000500,
    0x01007100, 0x00000000, 0x12000600, 0x01007e00, 0x00000000, 0x51000700, 0x01009000, 0x00000000, 0x0b000800, 0x0100e100, 0x00000000, 0x33000900,
    0x0100ec00, 0x00000000, 0x19000b00, 0x01001f01, 0x00000000, 0x12000c00, 0x01003801, 0x00000000, 0x90000d00, 0x01004a01, 0x00000000, 0x1a000e00,
    0x0100da01, 0x00000000, 0x15000001, 0x0100f401, 0x00000000, 0x12000101, 0x01000902, 0x00000000, 0x13000201, 0x01001b02, 0x00000000, 0x12000301,
    0x01002e02, 0x00000000, 0x1a000401, 0x01004002, 0x00000000, 0x18000501, 0x03005a02, 0x09040100, 0x5a000000, 0x03007202, 0x09040100, 0x1a000100,
    0x0300cc02, 0x09040100, 0x0c000200, 0x0300e602, 0x09040100, 0x3a000300, 0x0300f202, 0x09040100, 0x28000400, 0x03002c03, 0x09040100, 0x1a000500,
    0x03005403, 0x09040100, 0x24000600, 0x03006e03, 0x09040100, 0xa2000700, 0x03009203, 0x09040100, 0x16000800, 0x03003404, 0x09040100, 0x66000900,
    0x03004a04, 0x09040100, 0x32000b00, 0x0300b004, 0x09040100, 0x24000c00, 0x0300e204, 0x09040100, 0x20010d00, 0x03000605, 0x09040100, 0x34000e00,
    0x03002606, 0x09040100, 0x74001300, 0x03005a06, 0x09040100, 0x2a000001, 0x0300ce06, 0x09040100, 0x24000101, 0x0300f806, 0x09040100, 0x26000201,
    0x03001c07, 0x09040100, 0x24000301, 0x03004207, 0x09040100, 0x34000401, 0x03006607, 0x09040100, 0x30000501, 0x6f439a07, 0x69727970, 0x20746867,
    0x38313032, 0x4d424920, 0x726f4320, 0x41202e70, 0x72206c6c, 0x74686769, 0x65722073, 0x76726573, 0x492e6465, 0x50204d42, 0x2078656c, 0x736e6153,
    0x6c617449, 0x2e336369, 0x3b353030, 0x204d4249, 0x4d42493b, 0x78656c50, 0x736e6153, 0x6174492d, 0x4963696c, 0x50204d42, 0x2078656c, 0x736e6153,
    0x61744920, 0x5663696c, 0x69737265, 0x33206e6f, 0x3530302e, 0x504d4249, 0x5378656c, 0x2d736e61, 0x6c617449, 0x42496369, 0x6c50204d, 0x20a87865,
    0x61207369, 0x61727420, 0x616d6564, 0x6f206b72, 0x42492066, 0x6f43204d, 0x202c7072, 0x69676572, 0x72657473, 0x69206465, 0x616d206e, 0x6a20796e,
    0x73697275, 0x74636964, 0x736e6f69, 0x726f7720, 0x6977646c, 0x422e6564, 0x20646c6f, 0x646e6f4d, 0x694d7961, 0x4120656b, 0x6e696262, 0x50202c6b,
    0x206c7561, 0x206e6176, 0x20726564, 0x6e61614c, 0x6950202c, 0x72657465, 0x6e617620, 0x736f5220, 0x656c616d, 0x7474686e, 0x2f2f3a70, 0x2e777777,
    0x646c6f62, 0x646e6f6d, 0x632e7961, 0x74686d6f, 0x2f3a7074, 0x7777772f, 0x6d62692e, 0x6d6f632e, 0x73696854, 0x6e6f4620, 0x6f532074, 0x61777466,
    0x69206572, 0x696c2073, 0x736e6563, 0x75206465, 0x7265646e, 0x65687420, 0x4c495320, 0x65704f20, 0x6f46206e, 0x4c20746e, 0x6e656369, 0x202c6573,
    0x73726556, 0x206e6f69, 0x2e312e31, 0x69685420, 0x696c2073, 0x736e6563, 0x73692065, 0x61766120, 0x62616c69, 0x7720656c, 0x20687469, 0x41462061,
    0x74612051, 0x7468203a, 0x2f3a7074, 0x7263732f, 0x73747069, 0x6c69732e, 0x67726f2e, 0x4c464f2f, 0x70747468, 0x732f2f3a, 0x70697263, 0x732e7374,
    0x6f2e6c69, 0x4f2f6772, 0x6c614c46, 0x6e726574, 0x20657461, 0x65776f6c, 0x73616372, 0x73612065, 0x6c706d69, 0x6f6c2065, 0x63726577, 0x20657361,
    0x616c7367, 0x64656873, 0x6d756e20, 0x20726562, 0x6f72657a, 0x74746f64, 0x6e206465, 0x65626d75, 0x657a2072, 0x6c616f72, 0x6e726574, 0x20657461,
    0x65776f6c, 0x73616372, 0x73652065, 0x7474657a, 0x676c7542, 0x61697261, 0x7943206e, 0x6c6c6972, 0x66206369, 0x736d726f, 0x6f004300, 0x79007000,
    0x69007200, 0x68006700, 0x20007400, 0x30003200, 0x38003100, 0x49002000, 0x4d004200, 0x43002000, 0x72006f00, 0x2e007000, 0x41002000, 0x6c006c00,
    0x72002000, 0x67006900, 0x74006800, 0x20007300, 0x65007200, 0x65007300, 0x76007200, 0x64006500, 0x49002e00, 0x4d004200, 0x50002000, 0x65006c00,
    0x20007800, 0x61005300, 0x73006e00, 0x74004900, 0x6c006100, 0x63006900, 0x2e003300, 0x30003000, 0x3b003500, 0x42004900, 0x20004d00, 0x49003b00,
    0x4d004200, 0x6c005000, 0x78006500, 0x61005300, 0x73006e00, 0x49002d00, 0x61007400, 0x69006c00, 0x49006300, 0x4d004200, 0x50002000, 0x65006c00,
    0x20007800, 0x61005300, 0x73006e00, 0x49002000, 0x61007400, 0x69006c00, 0x56006300, 0x72006500, 0x69007300, 0x6e006f00, 0x33002000, 0x30002e00,
    0x35003000, 0x42004900, 0x50004d00, 0x65006c00, 0x53007800, 0x6e006100, 0x2d007300, 0x74004900, 0x6c006100, 0x63006900, 0x42004900, 0x20004d00,
    0x6c005000, 0x78006500, 0x2000ae00, 0x73006900, 0x61002000, 0x74002000, 0x61007200, 0x65006400, 0x61006d00, 0x6b007200, 0x6f002000, 0x20006600,
    0x42004900, 0x20004d00, 0x6f004300, 0x70007200, 0x20002c00, 0x65007200, 0x69006700, 0x74007300, 0x72006500, 0x64006500, 0x69002000, 0x20006e00,
    0x61006d00, 0x79006e00, 0x6a002000, 0x72007500, 0x73006900, 0x69006400, 0x74006300, 0x6f006900, 0x73006e00, 0x77002000, 0x72006f00, 0x64006c00,
    0x69007700, 0x65006400, 0x42002e00, 0x6c006f00, 0x20006400, 0x6f004d00, 0x64006e00, 0x79006100, 0x69004d00, 0x65006b00, 0x41002000, 0x62006200,
    0x6e006900, 0x2c006b00, 0x50002000, 0x75006100, 0x20006c00, 0x61007600, 0x20006e00, 0x65006400, 0x20007200, 0x61004c00, 0x6e006100, 0x20002c00,
    0x69005000, 0x74006500, 0x72006500, 0x76002000, 0x6e006100, 0x52002000, 0x73006f00, 0x61006d00, 0x65006c00, 0x68006e00, 0x74007400, 0x3a007000,
    0x2f002f00, 0x77007700, 0x2e007700, 0x6f006200, 0x64006c00, 0x6f006d00, 0x64006e00, 0x79006100, 0x63002e00, 0x6d006f00, 0x74006800, 0x70007400,
    0x2f003a00, 0x77002f00, 0x77007700, 0x69002e00, 0x6d006200, 0x63002e00, 0x6d006f00, 0x68005400, 0x73006900, 0x46002000, 0x6e006f00, 0x20007400,
    0x6f005300, 0x74006600, 0x61007700, 0x65007200, 0x69002000, 0x20007300, 0x69006c00, 0x65006300, 0x73006e00, 0x64006500, 0x75002000, 0x64006e00,
    0x72006500, 0x74002000, 0x65006800, 0x53002000, 0x4c004900, 0x4f002000, 0x65007000, 0x20006e00, 0x6f004600, 0x74006e00, 0x4c002000, 0x63006900,
    0x6e006500, 0x65007300, 0x20002c00, 0x65005600, 0x73007200, 0x6f006900, 0x20006e00, 0x2e003100, 0x2e003100, 0x54002000, 0x69006800, 0x20007300,
    0x69006c00, 0x65006300, 0x73006e00, 0x20006500, 0x73006900, 0x61002000, 0x61007600, 0x6c006900, 0x62006100, 0x65006c00, 0x77002000, 0x74006900,
    0x20006800, 0x20006100, 0x41004600, 0x20005100, 0x74006100, 0x20003a00, 0x74006800, 0x70007400, 0x2f003a00, 0x73002f00, 0x72006300, 0x70006900,
    0x73007400, 0x73002e00, 0x6c006900, 0x6f002e00, 0x67007200, 0x4f002f00, 0x4c004600, 0x74006800, 0x70007400, 0x2f003a00, 0x73002f00, 0x72006300,
    0x70006900, 0x73007400, 0x73002e00, 0x6c006900, 0x6f002e00, 0x67007200, 0x4f002f00, 0x4c004600, 0x6f004800, 0x20007700, 0x61007200, 0x6f007a00,
    0x62007200, 0x63006100, 0x2d006b00, 0x75006a00, 0x70006d00, 0x6e006900, 0x20006700, 0x72006600, 0x67006f00, 0x20007300, 0x61006300, 0x20006e00,
    0x65006c00, 0x65007600, 0x20006c00, 0x69007300, 0x20007800, 0x69007000, 0x75007100, 0x64006500, 0x67002000, 0x6d007900, 0x61006e00, 0x74007300,
    0x21007300, 0x6c006100, 0x65007400, 0x6e007200, 0x74006100, 0x20006500, 0x6f006c00, 0x65007700, 0x63007200, 0x73006100, 0x20006500, 0x73006100,
    0x6d006900, 0x6c007000, 0x20006500, 0x6f006c00, 0x65007700, 0x63007200, 0x73006100, 0x20006500, 0x73006700, 0x61006c00, 0x68007300, 0x64006500,
    0x6e002000, 0x6d007500, 0x65006200, 0x20007200, 0x65007a00, 0x6f007200, 0x6f006400, 0x74007400, 0x64006500, 0x6e002000, 0x6d007500, 0x65006200,
    0x20007200, 0x65007a00, 0x6f007200, 0x6c006100, 0x65007400, 0x6e007200, 0x74006100, 0x20006500, 0x6f006c00, 0x65007700, 0x63007200, 0x73006100,
    0x20006500, 0x73006500, 0x65007a00, 0x74007400, 0x75004200, 0x67006c00, 0x72006100, 0x61006900, 0x20006e00, 0x79004300, 0x69007200, 0x6c006c00,
    0x63006900, 0x66002000, 0x72006f00, 0x73006d00, 0x00000200, 0x0000f5ff, 0x3c00a1ff, 0x00000000, 0x00000000, 0x00000000, 0x00000000, 0x00000000,
    0x0000f303, 0x02010100, 0x44000300, 0x45000301, 0x47004600, 0x49004800, 0x04014a00, 0x4b000501, 0x4d004c00, 0x4f004e00, 0x51005000, 0x53005200,
    0x55005400, 0x57005600, 0x59005800, 0x5b005a00, 0x5d005c00, 0x25002400, 0x27002600, 0x29002800, 0x2b002a00, 0x2d002c00, 0x2f002e00, 0x31003000,
    0x33003200, 0x35003400, 0x37003600, 0x39003800, 0x3b003a00, 0x3d003c00, 0x06011300, 0x14000701, 0x16001500, 0x18001700, 0x1a001900, 0x1c001b00,
    0x09010801, 0x0b010a01, 0x0d010c01, 0x0f010e01, 0x11011001, 0x13011201, 0x23000900, 0x14011000, 0x16011501, 0xb300b200, 0x42001701, 0xab001100,
    0x0f001d00, 0x18011e00, 0x05000a00, 0xb700b600, 0xb500b400, 0xc500c400, 0xbf00be00, 0xaa00a900, 0x0400a300, 0x2200a200, 0x0c000b00, 0x40003e00,
    0x60005e00, 0x3f001200, 0x1901bc00, 0xc6000800, 0xe8005f00, 0x88008600, 0x8a008b00, 0x9d008c00, 0x83009e00, 0x1b011a01, 0x82000d00, 0x0600c200,
    0x61004100, 0xef000e00, 0xf0009300, 0x2000b800, 0x8f00a700, 0x21001f00, 0x95009400, 0xc3001c01, 0x87001d01, 0xb9001e01, 0xa500a400, 0x92009c00,
    0x20011f01, 0x98002101, 0x8400bd00, 0xa6002201, 0x07008500, 0x23019600, 0x25012401, 0x27012601, 0x29012801, 0x2b012a01, 0x2d012c01, 0x2f012e01,
    0x31013001, 0x33013201, 0x35013401, 0xc100c000, 0x36016900, 0x6b003701, 0x38016c00, 0x39016a00, 0x3b013a01, 0x3c016e00, 0x3d016d00, 0x3f013e01,
    0x41014001, 0x43014201, 0x45014401, 0x47014601, 0x49014801, 0x4b014a01, 0x4d014c01, 0x4f014e01, 0x51015001, 0x53015201, 0x55015401, 0x57015601,
    0x59015801, 0x5b015a01, 0x5d015c01, 0x5e01a000, 0x0001fe00, 0x5f016f00, 0x61016001, 0xea000101, 0x62017000, 0x72006301, 0x64017300, 0x71006501,
    0x67016601, 0x69016801, 0x6b016a01, 0x6d016c01, 0x6f016e01, 0x7001f900, 0x72017101, 0x74017301, 0x76017501, 0x78017701, 0x7400d700, 0x7a017901,
    0x77007600, 0x75007b01, 0x7d017c01, 0x7f017e01, 0x81018001, 0x83018201, 0x85018401, 0x87018601, 0x89018801, 0xe3008a01, 0x8c018b01, 0x78008d01,
    0x8f018e01, 0x90017900, 0x7b009101, 0x92017c00, 0x93017a00, 0x95019401, 0x9601a100, 0x97017d00, 0x99019801, 0x9b019a01, 0x9d019c01, 0x9f019e01,
    0xa101a001, 0xa201b100, 0xa401a301, 0xe500a501, 0xa601fc00, 0xa801a701, 0xa9018900, 0xab01aa01, 0xad01ac01, 0x7e00ee00, 0xaf01ae01, 0x81008000,
    0x7f00b001, 0xb201b101, 0xb401b301, 0xb601b501, 0xb801b701, 0xba01b901, 0xbc01bb01, 0xbe01bd01, 0xc001bf01, 0xc201c101, 0xc401c301, 0xc501ec00,
    0xc601ba00, 0xc801c701, 0xca01c901, 0xcb01e700, 0xcc01c900, 0xc700cd01, 0xce016200, 0xcf01ad00, 0xd101d001, 0xd2016300, 0xd301ae00, 0xd501d401,
    0xd701d601, 0xd901d801, 0xdb01da01, 0x9000dc01, 0xfd00dd01, 0x6400ff00, 0xdf01de01, 0xe101e001, 0x6500e900, 0xe301e201, 0xca00c800, 0xe501e401,
    0xe601cb00, 0xe801e701, 0xea01e901, 0xec01eb01, 0xee01ed01, 0xf800ef01, 0xf101f001, 0xf301f201, 0xcc00f401, 0xf601f501, 0xce00cd00, 0xf701fa00,
    0xf801cf00, 0xfa01f901, 0xfc01fb01, 0xfe01fd01, 0x0002ff01, 0x02020102, 0x04020302, 0x0502e200, 0x07020602, 0x08026600, 0x0902d000, 0xd1000a02,
    0x0b026700, 0x0c02d300, 0x0e020d02, 0x0f029100, 0x1002af00, 0x12021102, 0x14021302, 0x16021502, 0x18021702, 0x1a021902, 0x1b02b000, 0x1d021c02,
    0xe4001e02, 0x1f02fb00, 0x21022002, 0x23022202, 0x25022402, 0xd400ed00, 0x27022602, 0x6800d500, 0xd6002802, 0x2a022902, 0x2c022b02, 0x2e022d02,
    0x30022f02, 0x32023102, 0x34023302, 0x36023502, 0x38023702, 0x3a023902, 0x3c023b02, 0x3d02eb00, 0xbb003e02, 0x40023f02, 0x42024102, 0x4302e600,
    0xa8009700, 0x99009a00, 0x44029f00, 0x46024502, 0x48024702, 0x4a024902, 0x4c024b02, 0x4e024d02, 0x50024f02, 0x52025102, 0x9b005302, 0x55025402,
    0x57025602, 0x59025802, 0x5b025a02, 0x5d025c02, 0x5f025e02, 0x61026002, 0x63026202, 0x65026402, 0x67026602, 0x69026802, 0x6b026a02, 0x6d026c02,
    0x6f026e02, 0x71027002, 0x73027202, 0x75027402, 0x77027602, 0x79027802, 0x7b027a02, 0x7d027c02, 0x7f027e02, 0x81028002, 0x83028202, 0x85028402,
    0x87028602, 0x89028802, 0x8b028a02, 0x8d028c02, 0x8f028e02, 0x91029002, 0x93029202, 0x95029402, 0x97029602, 0x99029802, 0x9b029a02, 0x9d029c02,
    0x9f029e02, 0xa102a002, 0xa302a202, 0xa502a402, 0xa702a602, 0xa902a802, 0xab02aa02, 0xad02ac02, 0xaf02ae02, 0xb102b002, 0xb302b202, 0xb502b402,
    0xb702b602, 0xb902b802, 0xbb02ba02, 0xbd02bc02, 0xbf02be02, 0xc102c002, 0xc302c202, 0xc502c402, 0xc702c602, 0xc902c802, 0xcb02ca02, 0xcd02cc02,
    0xcf02ce02, 0xd102d002, 0xd302d202, 0xd502d402, 0xd702d602, 0xd902d802, 0xdb02da02, 0xdd02dc02, 0xdf02de02, 0xe102e002, 0xe302e202, 0xe502e402,
    0xe702e602, 0xe902e802, 0xeb02ea02, 0xed02ec02, 0xef02ee02, 0xf102f002, 0xf302f202, 0xf502f402, 0xf702f602, 0xf902f802, 0xfb02fa02, 0xfd02fc02,
    0xff02fe02, 0x01030003, 0x03030203, 0x05030403, 0x07030603, 0x09030803, 0x0b030a03, 0x0d030c03, 0x0f030e03, 0x11031003, 0x13031203, 0x15031403,
    0x17031603, 0x19031803, 0x1b031a03, 0x1d031c03, 0x1f031e03, 0x21032003, 0x23032203, 0x25032403, 0x27032603, 0x29032803, 0x2b032a03, 0x2d032c03,
    0x2f032e03, 0x31033003, 0x33033203, 0x35033403, 0x37033603, 0x39033803, 0x3b033a03, 0x3d033c03, 0x3f033e03, 0x41034003, 0x43034203, 0x45034403,
    0x47034603, 0x49034803, 0x4b034a03, 0x4d034c03, 0x4f034e03, 0x51035003, 0x53035203, 0x55035403, 0x57035603, 0x59035803, 0x5b035a03, 0x5d035c03,
    0x5f035e03, 0x61036003, 0xf200f100, 0x6203f300, 0x64036303, 0x66036503, 0x68036703, 0x6a036903, 0x6c036b03, 0x6e036d03, 0x70036f03, 0xf4007103,
    0x73037203, 0xf600f500, 0x75037403, 0x77037603, 0x79037803, 0x7b037a03, 0x7d037c03, 0x7f037e03, 0x81038003, 0x83038203, 0x85038403, 0x87038603,
    0x89038803, 0x8b038a03, 0x8d038c03, 0x8f038e03, 0x91039003, 0x93039203, 0x95039403, 0x97039603, 0x99039803, 0x9b039a03, 0x9c03d900, 0xdc00da00,
    0xdf008e00, 0x43008d00, 0xe100d800, 0x9d03db00, 0x9e03dd00, 0xa0039f03, 0xe000de00, 0xa203a103, 0xa403a303, 0xa603a503, 0xa803a703, 0xaa03a903,
    0xac03ab03, 0xae03ad03, 0xb003af03, 0xb203b103, 0xb403b303, 0xb603b503, 0xb803b703, 0xba03b903, 0xbc03bb03, 0xbe03bd03, 0xc003bf03, 0xc203c103,
    0xc403c303, 0xc603c503, 0xc803c703, 0xca03c903, 0xcc03cb03, 0xce03cd03, 0xd003cf03, 0xd203d103, 0xd403d303, 0xd603d503, 0xd803d703, 0xda03d903,
    0xdc03db03, 0xde03dd03, 0xe003df03, 0xe203e103, 0xe403e303, 0xe603e503, 0xe803e703, 0xea03e903, 0xec03eb03, 0xee03ed03, 0xf003ef03, 0xf203f103,
    0xf403f303, 0xf603f503, 0x696e7507, 0x44303030, 0x612e6107, 0x3130746c, 0x612e6707, 0x3130746c, 0x612e6707, 0x3230746c, 0x72657a0a, 0x6c612e6f,
    0x0a313074, 0x6f72657a, 0x746c612e, 0x7a093230, 0x2e6f7265, 0x66736f74, 0x72657a0f, 0x6f742e6f, 0x612e6673, 0x3130746c, 0x72657a0f, 0x6f742e6f,
    0x612e6673, 0x3230746c, 0x656e6f08, 0x736f742e, 0x77740866, 0x6f742e6f, 0x740a6673, 0x65657268, 0x736f742e, 0x6f660966, 0x742e7275, 0x0966736f,
    0x65766966, 0x736f742e, 0x69730866, 0x6f742e78, 0x730a6673, 0x6e657665, 0x736f742e, 0x69650a66, 0x2e746867, 0x66736f74, 0x6e696e09, 0x6f742e65,
    0x75076673, 0x3032696e, 0x75073031, 0x3032696e, 0x75073131, 0x3032696e, 0x75073231, 0x3032696e, 0x75073531, 0x3330696e, 0x75074537, 0x3232696e,
    0x75073531, 0x3032696e, 0x75073233, 0x3032696e, 0x75073333, 0x3232696e, 0x61093931, 0x65746f6e, 0x6169656c, 0x696e7507, 0x36333232, 0x696e7507,
    0x45323132, 0x696e7507, 0x33313132, 0x696e7507, 0x36313132, 0x72754504, 0x6e75076f, 0x33453069, 0x6e750746, 0x41303269, 0x6e750731, 0x41303269,
    0x6e750734, 0x41303269, 0x6e750736, 0x41303269, 0x6e750738, 0x41303269, 0x6e750739, 0x41303269, 0x6e750741, 0x41303269, 0x6e750742, 0x41303269,
    0x6e750744, 0x41303269, 0x6e750745, 0x42303269, 0x6e750731, 0x42303269, 0x6e750732, 0x42303269, 0x6e750734, 0x42303269, 0x6e750735, 0x42303269,
    0x6e750738, 0x42303269, 0x6e750739, 0x42303269, 0x6e750741, 0x42303269, 0x6e750744, 0x42303269, 0x62610646, 0x65766572, 0x696e7507, 0x45433130,
    0x696e7507, 0x31414531, 0x696e7507, 0x33414531, 0x616d6107, 0x6e6f7263, 0x676f6107, 0x6b656e6f, 0x6972610a, 0x6361676e, 0x07657475, 0x31696e75,
    0x07464145, 0x31696e75, 0x07374245, 0x31696e75, 0x07314245, 0x31696e75, 0x07334245, 0x31696e75, 0x07354245, 0x31696e75, 0x07354145, 0x31696e75,
    0x07444145, 0x31696e75, 0x07374145, 0x31696e75, 0x07394145, 0x31696e75, 0x0c424145, 0x75636161, 0x612e6574, 0x3130746c, 0x7262610c, 0x2e657665,
    0x30746c61, 0x6e750d31, 0x43313069, 0x6c612e45, 0x11313074, 0x72696361, 0x666d7563, 0x2e78656c, 0x30746c61, 0x64610f31, 0x65726569, 0x2e736973,
    0x30746c61, 0x6e750d31, 0x41453169, 0x6c612e31, 0x0c313074, 0x61726761, 0x612e6576, 0x3130746c, 0x696e750d, 0x33414531, 0x746c612e, 0x610d3130,
    0x7263616d, 0x612e6e6f, 0x3130746c, 0x676f610d, 0x6b656e6f, 0x746c612e, 0x610b3130, 0x676e6972, 0x746c612e, 0x61103130, 0x676e6972, 0x74756361,
    0x6c612e65, 0x0c313074, 0x6c697461, 0x612e6564, 0x3130746c, 0x696e750d, 0x46414531, 0x746c612e, 0x750d3130, 0x4531696e, 0x612e3742, 0x3130746c,
    0x696e750d, 0x31424531, 0x746c612e, 0x750d3130, 0x4531696e, 0x612e3342, 0x3130746c, 0x696e750d, 0x35424531, 0x746c612e, 0x750d3130, 0x4531696e,
    0x612e3541, 0x3130746c, 0x696e750d, 0x44414531, 0x746c612e, 0x750d3130, 0x4531696e, 0x612e3741, 0x3130746c, 0x696e750d, 0x39414531, 0x746c612e,
    0x750d3130, 0x4531696e, 0x612e4241, 0x3130746c, 0x61656107, 0x65747563, 0x6963630b, 0x6d756372, 0x78656c66, 0x6f64630a, 0x63636174, 0x06746e65,
    0x72616364, 0x65066e6f, 0x76657262, 0x63650665, 0x6e6f7261, 0x6f64650a, 0x63636174, 0x07746e65, 0x31696e75, 0x07394245, 0x31696e75, 0x07424245,
    0x63616d65, 0x076e6f72, 0x6f676f65, 0x076b656e, 0x31696e75, 0x07444245, 0x31696e75, 0x07464245, 0x31696e75, 0x07374345, 0x31696e75, 0x07314345,
    0x31696e75, 0x07334345, 0x31696e75, 0x07354345, 0x30696e75, 0x0b393532, 0x72696367, 0x666d7563, 0x0c78656c, 0x6d6f6367, 0x6361616d, 0x746e6563,
    0x6f64670a, 0x63636174, 0x0c746e65, 0x65726267, 0x612e6576, 0x3130746c, 0x69636711, 0x6d756372, 0x78656c66, 0x746c612e, 0x67123130, 0x6d6d6f63,
    0x63636161, 0x2e746e65, 0x30746c61, 0x64671031, 0x6361746f, 0x746e6563, 0x746c612e, 0x68043130, 0x0b726162, 0x72696368, 0x666d7563, 0x0678656c,
    0x65726269, 0x75076576, 0x3130696e, 0x75073044, 0x4531696e, 0x75074243, 0x4531696e, 0x69073943, 0x7263616d, 0x69076e6f, 0x6e6f676f, 0x69066b65,
    0x646c6974, 0x6a690265, 0x616a6907, 0x65747563, 0x696e7507, 0x37333230, 0x63616a06, 0x0b657475, 0x7269636a, 0x666d7563, 0x0c78656c, 0x6d6f636b,
    0x6361616d, 0x746e6563, 0x72676b0c, 0x6c6e6565, 0x69646e61, 0x616c0663, 0x65747563, 0x61636c06, 0x0c6e6f72, 0x6d6f636c, 0x6361616d, 0x746e6563,
    0x6f646c04, 0x616e0674, 0x65747563, 0x61636e06, 0x0c6e6f72, 0x6d6f636e, 0x6361616d, 0x746e6563, 0x70616e0b, 0x7274736f, 0x6568706f, 0x676e6503,
    0x72626f06, 0x07657665, 0x30696e75, 0x07324431, 0x31696e75, 0x07444345, 0x31696e75, 0x0d464345, 0x6e75686f, 0x75726167, 0x75616c6d, 0x6d6f0774,
    0x6f726361, 0x736f0b6e, 0x6873616c, 0x74756361, 0x686f0565, 0x076e726f, 0x31696e75, 0x07424445, 0x31696e75, 0x07334545, 0x31696e75, 0x07444445,
    0x31696e75, 0x07464445, 0x31696e75, 0x07314545, 0x31696e75, 0x07314445, 0x31696e75, 0x07394445, 0x31696e75, 0x07334445, 0x31696e75, 0x07354445,
    0x31696e75, 0x06374445, 0x75636172, 0x72066574, 0x6f726163, 0x63720c6e, 0x616d6d6f, 0x65636361, 0x7306746e, 0x74756361, 0x63730b65, 0x75637269,
    0x656c666d, 0x63730c78, 0x616d6d6f, 0x65636361, 0x7507746e, 0x3130696e, 0x67104637, 0x616d7265, 0x6c62646e, 0x6c612e73, 0x04313074, 0x72616274,
    0x61637406, 0x076e6f72, 0x30696e75, 0x07423132, 0x30696e75, 0x06333631, 0x65726275, 0x75076576, 0x3130696e, 0x75073444, 0x4531696e, 0x75073545,
    0x4531696e, 0x750d3745, 0x676e7568, 0x6d757261, 0x7475616c, 0x616d7507, 0x6e6f7263, 0x676f7507, 0x6b656e6f, 0x69727505, 0x7506676e, 0x646c6974,
    0x68750565, 0x076e726f, 0x31696e75, 0x07394545, 0x31696e75, 0x07314645, 0x31696e75, 0x07424545, 0x31696e75, 0x07444545, 0x31696e75, 0x07464545,
    0x30696e75, 0x07364431, 0x30696e75, 0x07384431, 0x30696e75, 0x07434431, 0x30696e75, 0x06414431, 0x75636177, 0x770b6574, 0x63726963, 0x6c666d75,
    0x77097865, 0x72656964, 0x73697365, 0x72677706, 0x0b657661, 0x72696379, 0x666d7563, 0x0778656c, 0x31696e75, 0x06354645, 0x61726779, 0x75076576,
    0x4531696e, 0x75073746, 0x4531696e, 0x7a063946, 0x74756361, 0x647a0a65, 0x6361746f, 0x746e6563, 0x72624106, 0x07657665, 0x30696e75, 0x07444331,
    0x31696e75, 0x07304145, 0x31696e75, 0x07324145, 0x63616d41, 0x076e6f72, 0x6f676f41, 0x0a6b656e, 0x6e697241, 0x75636167, 0x75076574, 0x4531696e,
    0x75074541, 0x4531696e, 0x75073642, 0x4531696e, 0x75073042, 0x4531696e, 0x75073242, 0x4531696e, 0x75073442, 0x4531696e, 0x75073441, 0x4531696e,
    0x75074341, 0x4531696e, 0x75073641, 0x4531696e, 0x75073841, 0x4531696e, 0x41074141, 0x75636145, 0x430b6574, 0x63726963, 0x6c666d75, 0x430a7865,
    0x61746f64, 0x6e656363, 0x63440674, 0x6e6f7261, 0x72634406, 0x0674616f, 0x65726245, 0x45066576, 0x6f726163, 0x64450a6e, 0x6361746f, 0x746e6563,
    0x696e7507, 0x38424531, 0x696e7507, 0x41424531, 0x616d4507, 0x6e6f7263, 0x676f4507, 0x6b656e6f, 0x696e7507, 0x43424531, 0x696e7507, 0x45424531,
    0x696e7507, 0x36434531, 0x696e7507, 0x30434531, 0x696e7507, 0x32434531, 0x696e7507, 0x34434531, 0x696e7507, 0x46383130, 0x6963470b, 0x6d756372,
    0x78656c66, 0x6f63470c, 0x61616d6d, 0x6e656363, 0x64470a74, 0x6361746f, 0x746e6563, 0x61624804, 0x63480b72, 0x75637269, 0x656c666d, 0x62490678,
    0x65766572, 0x696e7507, 0x46433130, 0x696e7507, 0x41434531, 0x696e7507, 0x38434531, 0x616d4907, 0x6e6f7263, 0x676f4907, 0x6b656e6f, 0x69744906,
    0x0265646c, 0x49074a49, 0x7563614a, 0x4a066574, 0x74756361, 0x634a0b65, 0x75637269, 0x656c666d, 0x634b0c78, 0x616d6d6f, 0x65636361, 0x4c06746e,
    0x74756361, 0x634c0665, 0x6e6f7261, 0x6f634c0c, 0x61616d6d, 0x6e656363, 0x644c0474, 0x4e06746f, 0x74756361, 0x634e0665, 0x6e6f7261, 0x6f634e0c,
    0x61616d6d, 0x6e656363, 0x6e450374, 0x624f0667, 0x65766572, 0x696e7507, 0x31443130, 0x696e7507, 0x43434531, 0x696e7507, 0x45434531, 0x75684f0d,
    0x7261676e, 0x616c6d75, 0x4f077475, 0x7263616d, 0x4f0b6e6f, 0x73616c73, 0x75636168, 0x4f056574, 0x6e726f68, 0x696e7507, 0x41444531, 0x696e7507,
    0x32454531, 0x696e7507, 0x43444531, 0x696e7507, 0x45444531, 0x696e7507, 0x30454531, 0x696e7507, 0x30444531, 0x696e7507, 0x38444531, 0x696e7507,
    0x32444531, 0x696e7507, 0x34444531, 0x696e7507, 0x36444531, 0x63615206, 0x06657475, 0x72616352, 0x520c6e6f, 0x6d6d6f63, 0x63636161, 0x06746e65,
    0x75636153, 0x530b6574, 0x63726963, 0x6c666d75, 0x530c7865, 0x6d6d6f63, 0x63636161, 0x07746e65, 0x31696e75, 0x04453945, 0x72616254, 0x61635406,
    0x076e6f72, 0x30696e75, 0x07413132, 0x30696e75, 0x06323631, 0x65726255, 0x75076576, 0x3130696e, 0x75073344, 0x4531696e, 0x75073445, 0x4531696e,
    0x550d3645, 0x676e7568, 0x6d757261, 0x7475616c, 0x616d5507, 0x6e6f7263, 0x676f5507, 0x6b656e6f, 0x69725505, 0x5506676e, 0x646c6974, 0x68550565,
    0x076e726f, 0x31696e75, 0x07384545, 0x31696e75, 0x07304645, 0x31696e75, 0x07414545, 0x31696e75, 0x07434545, 0x31696e75, 0x07454545, 0x30696e75,
    0x07354431, 0x30696e75, 0x07374431, 0x30696e75, 0x07424431, 0x30696e75, 0x06394431, 0x75636157, 0x570b6574, 0x63726963, 0x6c666d75, 0x57097865,
    0x72656964, 0x73697365, 0x72675706, 0x0b657661, 0x72696359, 0x666d7563, 0x0778656c, 0x31696e75, 0x06344645, 0x61726759, 0x75076576, 0x4531696e,
    0x75073646, 0x4531696e, 0x5a063846, 0x74756361, 0x645a0a65, 0x6361746f, 0x746e6563, 0x706c6105, 0x610b6168, 0x6168706c, 0x746c612e, 0x62043130,
    0x05617465, 0x6d6d6167, 0x65640561, 0x0761746c, 0x69737065, 0x046e6f6c, 0x6174657a, 0x61746503, 0x65687405, 0x69046174, 0x0561746f, 0x7070616b,
    0x616c0661, 0x6164626d, 0x696e7507, 0x43423330, 0x02756e02, 0x6f076978, 0x7263696d, 0x72036e6f, 0x73066f68, 0x616d6769, 0x69730531, 0x03616d67,
    0x07756174, 0x69737075, 0x036e6f6c, 0x03696870, 0x03696863, 0x05697370, 0x67656d6f, 0x6c410561, 0x04616870, 0x61746542, 0x6d614705, 0x7507616d,
    0x3330696e, 0x45073439, 0x6c697370, 0x5a046e6f, 0x03617465, 0x05617445, 0x74656854, 0x6f490461, 0x4b056174, 0x61707061, 0x6d614c06, 0x02616462,
    0x4e02754d, 0x69580275, 0x696d4f07, 0x6e6f7263, 0x03695002, 0x056f6852, 0x6d676953, 0x61540361, 0x70550775, 0x6f6c6973, 0x6850036e, 0x68430369,
    0x73500369, 0x6e750769, 0x41333069, 0x6c610a39, 0x74616870, 0x736f6e6f, 0x706c6110, 0x6f746168, 0x2e736f6e, 0x30746c61, 0x70650c31, 0x6f6c6973,
    0x6e6f746e, 0x6508736f, 0x6f746174, 0x09736f6e, 0x61746f69, 0x6f6e6f74, 0x6f690c73, 0x69646174, 0x73657265, 0x69117369, 0x6461746f, 0x65726569,
    0x74736973, 0x736f6e6f, 0x696d6f0c, 0x6e6f7263, 0x6f6e6f74, 0x70750c73, 0x6f6c6973, 0x6e6f746e, 0x750f736f, 0x6c697370, 0x69646e6f, 0x73657265,
    0x75147369, 0x6c697370, 0x69646e6f, 0x73657265, 0x6f747369, 0x0a736f6e, 0x67656d6f, 0x6e6f7461, 0x410a736f, 0x6168706c, 0x6f6e6f74, 0x70450c73,
    0x6f6c6973, 0x6e6f746e, 0x4508736f, 0x6f746174, 0x09736f6e, 0x61746f49, 0x6f6e6f74, 0x6f490c73, 0x69646174, 0x73657265, 0x4f0c7369, 0x7263696d,
    0x6f746e6f, 0x0c736f6e, 0x69737055, 0x746e6f6c, 0x736f6e6f, 0x7370550f, 0x6e6f6c69, 0x72656964, 0x73697365, 0x656d4f0a, 0x6f746167, 0x07736f6e,
    0x30696e75, 0x0d303334, 0x30696e75, 0x2e303334, 0x30746c61, 0x6e750731, 0x33343069, 0x6e750731, 0x33343069, 0x6e750f32, 0x33343069, 0x6f6c2e32,
    0x47426c63, 0x6e750752, 0x33343069, 0x6e750f33, 0x33343069, 0x6f6c2e33, 0x47426c63, 0x6e750752, 0x33343069, 0x6e750f34, 0x33343069, 0x6f6c2e34,
    0x47426c63, 0x6e750752, 0x33343069, 0x6e750735, 0x33343069, 0x6e750f36, 0x33343069, 0x6f6c2e36, 0x47426c63, 0x6e750752, 0x33343069, 0x6e750f37,
    0x33343069, 0x6f6c2e37, 0x47426c63, 0x6e750752, 0x33343069, 0x6e750738, 0x33343069, 0x6e750739, 0x33343069, 0x6e750f41, 0x33343069, 0x6f6c2e41,
    0x47426c63, 0x6e750752, 0x33343069, 0x6e750f42, 0x33343069, 0x6f6c2e42, 0x47426c63, 0x6e750752, 0x33343069, 0x6e750743, 0x33343069, 0x6e750744,
    0x33343069, 0x6e750745, 0x33343069, 0x6e750746, 0x34343069, 0x6e750730, 0x34343069, 0x6e750731, 0x34343069, 0x6e750f32, 0x34343069, 0x6f6c2e32,
    0x47426c63, 0x6e750752, 0x34343069, 0x6e750733, 0x34343069, 0x6e750f34, 0x34343069, 0x6f6c2e34, 0x47426c63, 0x6e750752, 0x34343069, 0x6e750735,
    0x34343069, 0x6e750736, 0x34343069, 0x6e750737, 0x34343069, 0x6e750738, 0x34343069, 0x6e750739, 0x34343069, 0x6e750f41, 0x34343069, 0x6f6c2e41,
    0x47426c63, 0x6e750752, 0x34343069, 0x6e750742, 0x34343069, 0x6e750f43, 0x34343069, 0x6f6c2e43, 0x47426c63, 0x6e750752, 0x34343069, 0x6e750744,
    0x34343069, 0x6e750f45, 0x34343069, 0x6f6c2e45, 0x47426c63, 0x6e750752, 0x34343069, 0x6e750746, 0x31343069, 0x6e750730, 0x31343069, 0x6e750731,
    0x31343069, 0x6e750732, 0x31343069, 0x6e750733, 0x31343069, 0x6e750f34, 0x31343069, 0x6f6c2e34, 0x47426c63, 0x6e750752, 0x31343069, 0x6e750735,
    0x31343069, 0x6e750f36, 0x31343069, 0x6f6c2e36, 0x47426c63, 0x6e750752, 0x31343069, 0x6e750737, 0x31343069, 0x6e750738, 0x31343069, 0x6e750739,
    0x31343069, 0x6e750f41, 0x31343069, 0x6f6c2e41, 0x47426c63, 0x6e750752, 0x31343069, 0x6e750f42, 0x31343069, 0x6f6c2e42, 0x47426c63, 0x6e750752,
    0x31343069, 0x6e750743, 0x31343069, 0x6e750744, 0x31343069, 0x6e750745, 0x31343069, 0x6e750746, 0x32343069, 0x6e750730, 0x32343069, 0x6e750731,
    0x32343069, 0x6e750732, 0x32343069, 0x6e750733, 0x32343069, 0x6e750f34, 0x32343069, 0x6f6c2e34, 0x47426c63, 0x6e750752, 0x32343069, 0x6e750735,
    0x32343069, 0x6e750736, 0x32343069, 0x6e750737, 0x32343069, 0x6e750738, 0x32343069, 0x6e750739, 0x32343069, 0x6e750741, 0x32343069, 0x6e750742,
    0x32343069, 0x6e750743, 0x32343069, 0x6e750744, 0x32343069, 0x6e750745, 0x32343069, 0x6e750f46, 0x32343069, 0x6f6c2e46, 0x47426c63, 0x6e750752,
    0x44343069, 0x6e750733, 0x44343069, 0x6e750d31, 0x44343069, 0x6c612e33, 0x0d313074, 0x30696e75, 0x2e314434, 0x30746c61, 0x6e750731, 0x44343069,
    0x6e750735, 0x35343069, 0x6e750733, 0x39343069, 0x6e750731, 0x46343069, 0x6e750737, 0x39343069, 0x6e750733, 0x39343069, 0x6e750735, 0x35343069,
    0x6e750730, 0x35343069, 0x6e750731, 0x44343069, 0x6e750737, 0x35343069, 0x6e750734, 0x44343069, 0x6e750744, 0x43343069, 0x6e750732, 0x39343069,
    0x6e750737, 0x36343069, 0x6e750742, 0x44343069, 0x6e750746, 0x39343069, 0x6e750739, 0x45343069, 0x6e750731, 0x43343069, 0x6e750746, 0x45343069,
    0x6e750735, 0x35343069, 0x6e750744, 0x45343069, 0x6e750733, 0x35343069, 0x6e750743, 0x39343069, 0x6e750742, 0x39343069, 0x6e750744, 0x41343069,
    0x6e750731, 0x39343069, 0x6e750746, 0x35343069, 0x6e750739, 0x41343069, 0x6e750733, 0x35343069, 0x6e750741, 0x41343069, 0x6e750735, 0x45343069,
    0x6e750737, 0x37343069, 0x6e750733, 0x45343069, 0x6e750739, 0x32353069, 0x6e750735, 0x41343069, 0x6e750737, 0x41343069, 0x6e750742, 0x41343069,
    0x6e750744, 0x42343069, 0x6e750735, 0x45343069, 0x6e750746, 0x46343069, 0x6e750731, 0x46343069, 0x6e750733, 0x35343069, 0x6e750745, 0x41343069,
    0x6e750746, 0x42343069, 0x6e750731, 0x42343069, 0x6e750733, 0x46343069, 0x6e750735, 0x42343069, 0x6e750737, 0x42343069, 0x6e750739, 0x46343069,
    0x6e750739, 0x36343069, 0x6e750733, 0x35343069, 0x6e750735, 0x35343069, 0x6e750746, 0x35343069, 0x6e750736, 0x35343069, 0x6e750737, 0x35343069,
    0x6e750738, 0x35343069, 0x6e750732, 0x35343069, 0x6e750742, 0x42343069, 0x6e750742, 0x44343069, 0x6e750739, 0x42343069, 0x6e750744, 0x42343069,
    0x6e750746, 0x41343069, 0x6e750739, 0x37343069, 0x6e750735, 0x44343069, 0x6e750732, 0x44343069, 0x6e750730, 0x44343069, 0x6e750734, 0x30343069,
    0x6e750733, 0x39343069, 0x6e750730, 0x46343069, 0x6e750736, 0x39343069, 0x6e750732, 0x39343069, 0x6e750734, 0x30343069, 0x6e750730, 0x30343069,
    0x6e750731, 0x44343069, 0x6e750736, 0x30343069, 0x6e750734, 0x44343069, 0x6e750743, 0x43343069, 0x6e750731, 0x39343069, 0x6e750736, 0x36343069,
    0x6e750741, 0x44343069, 0x6e750745, 0x39343069, 0x6e750738, 0x45343069, 0x6e750730, 0x43343069, 0x6e750730, 0x45343069, 0x6e750734, 0x30343069,
    0x6e750744, 0x45343069, 0x6e750732, 0x30343069, 0x6e750743, 0x39343069, 0x6e750741, 0x39343069, 0x6e750743, 0x41343069, 0x6e750730, 0x39343069,
    0x6e750745, 0x30343069, 0x6e750739, 0x41343069, 0x6e750732, 0x30343069, 0x6e750741, 0x41343069, 0x6e750734, 0x45343069, 0x6e750736, 0x37343069,
    0x6e750732, 0x45343069, 0x6e750738, 0x32353069, 0x6e750734, 0x41343069, 0x6e750736, 0x41343069, 0x6e750741, 0x41343069, 0x6e750743, 0x42343069,
    0x6e750734, 0x45343069, 0x6e750745, 0x46343069, 0x6e750730, 0x46343069, 0x6e750732, 0x30343069, 0x6e750745, 0x41343069, 0x6e750745, 0x42343069,
    0x6e750730, 0x42343069, 0x6e750732, 0x46343069, 0x6e750734, 0x42343069, 0x6e750736, 0x42343069, 0x6e750738, 0x46343069, 0x6e750738, 0x36343069,
    0x6e750732, 0x30343069, 0x6e750735, 0x30343069, 0x6e750746, 0x30343069, 0x6e750736, 0x30343069, 0x6e750737, 0x30343069, 0x6e750738, 0x30343069,
    0x6e750732, 0x30343069, 0x6e750742, 0x42343069, 0x6e750741, 0x44343069, 0x6e750738, 0x42343069, 0x6e750743, 0x42343069, 0x6e750745, 0x41343069,
    0x6e750738, 0x37343069, 0x6e750734, 0x37303269, 0x6e750730, 0x37303269, 0x6e750734, 0x37303269, 0x6e750735, 0x37303269, 0x6e750736, 0x37303269,
    0x6e750737, 0x37303269, 0x6e750738, 0x37303269, 0x6e750739, 0x38303269, 0x6e750730, 0x38303269, 0x6e750731, 0x38303269, 0x6e750732, 0x38303269,
    0x6e750733, 0x38303269, 0x6e750734, 0x38303269, 0x6e750735, 0x38303269, 0x6e750736, 0x38303269, 0x6e750737, 0x38303269, 0x6e750738, 0x38303269,
    0x6e750739, 0x35313269, 0x6e750733, 0x35313269, 0x6e750734, 0x35313269, 0x6e750735, 0x35313269, 0x6e750736, 0x35313269, 0x6e750737, 0x35313269,
    0x6e750738, 0x35313269, 0x6e750739, 0x35313269, 0x6e750741, 0x35313269, 0x6e750730, 0x35313269, 0x6e750742, 0x35313269, 0x6e750743, 0x35313269,
    0x6e750744, 0x35313269, 0x6e750745, 0x35313269, 0x6e750731, 0x31373269, 0x6e750733, 0x34373269, 0x6e750743, 0x39313269, 0x6e750730, 0x39313269,
    0x6e750731, 0x39313269, 0x6e750733, 0x39313269, 0x6e750732, 0x39313269, 0x6e750736, 0x39313269, 0x6e750737, 0x39313269, 0x6e750739, 0x39313269,
    0x6e750738, 0x42313269, 0x6e750730, 0x42313269, 0x6e750732, 0x31423269, 0x6e750731, 0x30423269, 0x6e750746, 0x31423269, 0x6e750730, 0x30423269,
    0x6e750745, 0x42313269, 0x6e750731, 0x42313269, 0x6e750733, 0x43313269, 0x6e750736, 0x43313269, 0x6e750734, 0x39313269, 0x6e750734, 0x39313269,
    0x6e750735, 0x42313269, 0x6e750736, 0x42313269, 0x6e750737, 0x41313269, 0x6e750739, 0x41313269, 0x6e750741, 0x42313269, 0x6e750741, 0x42313269,
    0x69740b42, 0x2e65646c, 0x30746c61, 0x72620a31, 0x2e657665, 0x6c727963, 0x6e697209, 0x75636167, 0x75076574, 0x3230696e, 0x75074242, 0x3230696e,
    0x74054342, 0x736f6e6f, 0x6569640d, 0x69736572, 0x6e6f7473, 0x7507736f, 0x3330696e, 0x75073330, 0x3330696e, 0x75073430, 0x3330696e, 0x75073730,
    0x3330696e, 0x75073830, 0x3330696e, 0x75074230, 0x3330696e, 0x75073130, 0x3330696e, 0x75073030, 0x3330696e, 0x75073230, 0x3330696e, 0x75074330,
    0x3330696e, 0x75073630, 0x3330696e, 0x75074130, 0x3330696e, 0x75073930, 0x3330696e, 0x75073231, 0x3330696e, 0x75073531, 0x3330696e, 0x75074231,
    0x3330696e, 0x75073732, 0x3330696e, 0x75073332, 0x3330696e, 0x75073632, 0x3330696e, 0x620a3832, 0x65766572, 0x74756361, 0x72620a65, 0x67657665,
    0x65766172, 0x65726209, 0x6f686576, 0x620a6b6f, 0x65766572, 0x646c6974, 0x69640d65, 0x73657265, 0x63617369, 0x0d657475, 0x72656964, 0x73697365,
    0x6f726163, 0x69640d6e, 0x73657265, 0x72677369, 0x0f657661, 0x63726963, 0x6c666d75, 0x63617865, 0x0f657475, 0x63726963, 0x6c666d75, 0x72627865,
    0x0f657665, 0x63726963, 0x6c666d75, 0x72677865, 0x0e657661, 0x63726963, 0x6c666d75, 0x6f687865, 0x640e6b6f, 0x65726569, 0x6d736973, 0x6f726361,
    0x69630f6e, 0x6d756372, 0x78656c66, 0x646c6974, 0x69740a65, 0x2e65646c, 0x65736163, 0x6c697410, 0x612e6564, 0x3130746c, 0x7361632e, 0x616d0b65,
    0x6e6f7263, 0x7361632e, 0x6f640e65, 0x63636174, 0x2e746e65, 0x65736163, 0x6569640d, 0x69736572, 0x61632e73, 0x68116573, 0x61676e75, 0x6c6d7572,
    0x2e747561, 0x65736163, 0x7563610a, 0x632e6574, 0x0a657361, 0x76617267, 0x61632e65, 0x630f6573, 0x75637269, 0x656c666d, 0x61632e78, 0x630a6573,
    0x6e6f7261, 0x7361632e, 0x72620a65, 0x2e657665, 0x65736163, 0x6572620f, 0x632e6576, 0x5f6c7279, 0x65736163, 0x6e697209, 0x61632e67, 0x720e6573,
    0x61676e69, 0x65747563, 0x7361632e, 0x6f740a65, 0x2e736f6e, 0x65736163, 0x696e750c, 0x39303330, 0x7361632e, 0x72620f65, 0x61657665, 0x65747563,
    0x7361632e, 0x72620f65, 0x67657665, 0x65766172, 0x7361632e, 0x72620e65, 0x68657665, 0x2e6b6f6f, 0x65736163, 0x6572620f, 0x69746576, 0x2e65646c,
    0x65736163, 0x65696412, 0x69736572, 0x75636173, 0x632e6574, 0x12657361, 0x72656964, 0x73697365, 0x6f726163, 0x61632e6e, 0x64126573, 0x65726569,
    0x67736973, 0x65766172, 0x7361632e, 0x69631465, 0x6d756372, 0x78656c66, 0x74756361, 0x61632e65, 0x63146573, 0x75637269, 0x656c666d, 0x65726278,
    0x632e6576, 0x14657361, 0x63726963, 0x6c666d75, 0x72677865, 0x2e657661, 0x65736163, 0x72696313, 0x666d7563, 0x6878656c, 0x2e6b6f6f, 0x65736163,
    0x65696413, 0x69736572, 0x63616d73, 0x2e6e6f72, 0x65736163, 0x72696314, 0x666d7563, 0x7478656c, 0x65646c69, 0x7361632e, 0x6e750765, 0x41303069,
    0x6e750730, 0x30303269, 0x6e750731, 0x30303269, 0x6e750733, 0x30303269, 0x6e750730, 0x30303269, 0x6e750732, 0x30303269, 0x6e750734, 0x30303269,
    0x6e750735, 0x30303269, 0x6e750736, 0x30303269, 0x6e750737, 0x30303269, 0x6e750738, 0x30303269, 0x6e750739, 0x32303269, 0x6e750746, 0x30303269,
    0x6e750741, 0x30303269, 0x6e750742, 0x46454669, 0x6e750746, 0x32303269, 0x6e750738, 0x32303269, 0x6e750739, 0x30303269, 0x6e750743, 0x30303269,
    0x6e750744, 0x41303069, 0x6e750744, 0x43464569, 0x6e750743, 0x45434569, 0x6e750730, 0x46464669, 0x00000044, 0x03000100, 0x0a000800, 0x07001000,
    0x0f00ffff, 0x00000100, 0x00000c00, 0x00000000, 0x4b000200, 0x09000400, 0x0b000100, 0x01000f00, 0x3a001100, 0xc5000100, 0x0200c600, 0x1001c700,
    0x19010100, 0x01002001, 0x24012201, 0x26010100, 0x01002601, 0x29012901, 0x2d010100, 0x01003101, 0x4c013301, 0x4e010100, 0x01005901, 0x5f015d01,
    0x62010100, 0x0100cb01, 0xd401ce01, 0xd6010100, 0x0100ee01, 0xfb01f001, 0xfd010100, 0x0100ff01, 0x26020202, 0x2c020100, 0x01002d02, 0x31023102,
    0x33020100, 0x01003302, 0x35023502, 0x3b020100, 0x01003b02, 0x41024102, 0x45020100, 0x01004802, 0x4c024a02, 0x4e020100, 0x01004f02, 0x52025102,
    0x54020100, 0x01005402, 0x56025602, 0x58020100, 0x01005902, 0x5b025b02, 0x5f020100, 0x01005f02, 0x65026502, 0x6a020100, 0x01007102, 0x74027302,
    0x78020100, 0x01007802, 0x7d027b02, 0x7f020100, 0x01007f02, 0x83028102, 0x89020100, 0x01008c02, 0x8f028e02, 0x92020100, 0x01009202, 0x94029402,
    0x99020100, 0x01009902, 0xa002a002, 0xa2020100, 0x0100a302, 0xa702a602, 0xa9020100, 0x0100aa02, 0xac02ac02, 0xb0020100, 0x0100b202, 0xb702b402,
    0xba020100, 0x0100ba02, 0xbc02bc02, 0xc0020100, 0x0100c002, 0xca02c602, 0xd0020100, 0x0100d202, 0xde02dc02, 0xe8020100, 0x0100ea02, 0xf302f002,
    0xfc020100, 0x0100fc02, 0xff02fe02, 0x03030100, 0x01000403, 0x0b030903, 0x11030100, 0x01001303, 0x1c031c03, 0x29030100, 0x01002b03, 0x35033503,
    0x3d030100, 0x01003d03, 0x41033f03, 0x45030100, 0x01004503, 0xac039f03, 0xae030300, 0x0300be03, 0xdb03ce03, 0x00000300, 0x00000100, 0x8c000a00,
    0x04007c01, 0x544c4644, 0x79631a00, 0x28006c72, 0x6b657267, 0x616c4600, 0x54006e74, 0x00000400, 0xffff0000, 0x00000200, 0x0a000700, 0x47420100,
    0x14002052, 0xffff0000, 0x01000200, 0x00000800, 0x0200ffff, 0x09000200, 0x00000400, 0xffff0000, 0x03000200, 0x10000a00, 0x4f4d0200, 0x1a00204c,
    0x204d4f52, 0x00002400, 0x0200ffff, 0x0b000400, 0xffff0000, 0x05000200, 0x00000c00, 0x0200ffff, 0x0d000600, 0x656b0e00, 0x56006e72, 0x6e72656b,
    0x656b6000, 0x6a006e72, 0x6e72656b, 0x656b7400, 0x7e006e72, 0x6e72656b, 0x656b8800, 0x92006e72, 0x6b72616d, 0x616d9c00, 0xa8006b72, 0x6b72616d,
    0x616db400, 0xc0006b72, 0x6b72616d, 0x616dcc00, 0xd8006b72, 0x6b72616d, 0x0000e400, 0x00000300, 0x02000100, 0x03000000, 0x01000000, 0x00000200,
    0x00000300, 0x02000100, 0x03000000, 0x01000000, 0x00000200, 0x00000300, 0x02000100, 0x03000000, 0x01000000, 0x00000200, 0x00000300, 0x02000100,
    0x04000000, 0x04000300, 0x06000500, 0x04000000, 0x04000300, 0x06000500, 0x04000000, 0x04000300, 0x06000500, 0x04000000, 0x04000300, 0x06000500,
    0x04000000, 0x04000300, 0x06000500, 0x04000000, 0x04000300, 0x06000500, 0x04000000, 0x04000300, 0x06000500, 0x10000700, 0x2c001e00, 0x42003a00,
    0x52004a00, 0x00000200, 0x4a000400, 0x241db41c, 0x02005c34, 0x04000000, 0x406dce58, 0x5478646d, 0x00000200, 0xd8890400, 0x269bf699, 0x04003ea7,
    0x01000000, 0x040040c2, 0x01000000, 0x0400cec6, 0x01000000, 0x0400b0c8, 0x01000000, 0x0100a4cc, 0x0400e4cc, 0x9b000000, 0x66014001, 0x06029401,
    0x12020c02, 0x26021802, 0x3a022c02, 0x46024002, 0x6a025c02, 0x92028c02, 0x02039802, 0x22030c03, 0x36033003, 0x42033c03, 0x72034803, 0x7e037803,
    0x22048c03, 0x2e042804, 0x4a043404, 0x5e045004, 0x8e048804, 0xaa050405, 0x3e06b005, 0xc6065006, 0xd206cc06, 0xfa078407, 0x36080808, 0x46083c08,
    0x56085008, 0x020a1409, 0x9e0a100a, 0x6a0bac0a, 0x760b700b, 0x820b7c0b, 0x3a0c880b, 0x460c400c, 0xda0c4c0c, 0xe60ce00c, 0x9a0d8c0d, 0xaa0da40d,
    0x4e0e480e, 0x5a0e540e, 0x660e600e, 0x720e6c0e, 0xaa0f0c0f, 0x42103c10, 0xc210ac10, 0x42111411, 0xca11c411, 0xd611d011, 0xea11dc11, 0x12120c12,
    0x2e122012, 0xf612f012, 0x0213fc12, 0x82137813, 0x96138c13, 0xae13a813, 0xc213b813, 0xd613cc13, 0xee13e013, 0xfa13f413, 0x0e140014, 0x2a141c14,
    0xf6143814, 0x6e16b415, 0xce16c816, 0x1217d416, 0xc217bc17, 0x2a18cc17, 0xb2187018, 0x2619ec18, 0x8a195419, 0x121acc19, 0x861a4c1a, 0xe21ab41a,
    0x4a1b181b, 0xaa1b801b, 0x0e1cd41b, 0x09003c1c, 0x05007502, 0x05009002, 0x0700ce02, 0xf6fff402, 0xf6fff502, 0xfbff0b03, 0xc4ff3503, 0xc4ff3603,
    0x05004103, 0xa4020b00, 0xb802e9ff, 0xc2020400, 0xc402f8ff, 0xf402f1ff, 0xf502fbff, 0x0b03fbff, 0x3503ecff, 0x3603c4ff, 0x3d03e2ff, 0x4103f1ff,
    0x1c00ecff, 0xa1ff7502, 0xb0ff7702, 0xe2ff7902, 0x28008002, 0x0a008b02, 0xa6ff9002, 0x7eff9802, 0xe2ff9b02, 0xd0ff9c02, 0xf9ff9f02, 0x2d00a402,
    0x3200a502, 0x9dffb802, 0x88ffb902, 0xc4ffc202, 0xf6ffc402, 0xf2ffce02, 0xbbfff402, 0xecfff502, 0xd3fffc02, 0x28000003, 0x0f000b03, 0xceff1b03,
    0xe2ff2403, 0xb0ff3503, 0xb0ff3603, 0xc4ff3d03, 0xc4ff4103, 0xff020100, 0x01001d00, 0x1d00ff02, 0xff020100, 0x03000000, 0xedff7a02, 0xf1fffe02,
    0x0f00ff02, 0xff020100, 0x03000000, 0xedff7a02, 0xf1fffe02, 0x0f00ff02, 0x35030100, 0x0100d8ff, 0x1400a402, 0x8b020500, 0xfc02f6ff, 0x0003f6ff,
    0x35031400, 0x4103b5ff, 0x0300ecff, 0x0a00b802, 0x0a00c202, 0xecff0b03, 0x80020800, 0xa4021e00, 0xa5022800, 0xc4023200, 0xff02fbff, 0x00031400,
    0x35031e00, 0x36031400, 0x01001400, 0x1600ff02, 0xff020100, 0x1a001600, 0xf6ff7502, 0xecff7902, 0xf1ff7b02, 0xecff8002, 0xd8ff8602, 0xceff9002,
    0xf1ff9102, 0xf6ff9b02, 0xecff9c02, 0xd6ff9f02, 0xbcffa402, 0xecffa502, 0xefffb802, 0xedffc402, 0xe8ffce02, 0xe2ffda02, 0xfbfff402, 0xfbfff502,
    0xf6fffc02, 0x1e00ff02, 0xfaff0003, 0xd3ff0b03, 0xf6ff1b03, 0x14003503, 0x14003603, 0xedff4103, 0x80020200, 0xa5021e00, 0x05006400, 0x05009002,
    0xfbffa402, 0x0500b802, 0x0500f402, 0x0500f502, 0xa4020300, 0x0b03dcff, 0x3503c4ff, 0x01000500, 0xb5ff0b03, 0xff020100, 0x01001d00, 0x1d00ff02,
    0xff020100, 0x0a001d00, 0x07007400, 0xebff8500, 0xfbffc402, 0x0600ff02, 0xddff3503, 0xf2ff3603, 0xf6ff4a03, 0xfeff4b03, 0xfbff4f03, 0xfbff5303,
    0x98020100, 0x0100f6ff, 0x0d000403, 0x5c000300, 0x7900ecff, 0x98020a00, 0x2500f6ff, 0xf7ff5300, 0xd2ff5c00, 0xfbff7900, 0x0a008300, 0xf9ff8400,
    0xddff8500, 0xfdff7502, 0xf6ffa402, 0xfbffc202, 0xfbffc402, 0x0800ce02, 0xecffda02, 0xfefff402, 0xfefff502, 0xf9ff0803, 0xf1ff0b03, 0xc9ff3503,
    0xd6ff3603, 0xf1ff4903, 0xf6ff4a03, 0xfbff4b03, 0xfbff4d03, 0xfbff4f03, 0xfbff5003, 0xf1ff5103, 0xf6ff5203, 0xf1ff5303, 0x0a005403, 0x0a005503,
    0x0a005603, 0x05005703, 0x05005803, 0x08005903, 0x08005a03, 0x0c005b03, 0x0a005c03, 0x0c005d03, 0x04030100, 0x01000700, 0xfbff0403, 0x04030100,
    0x0500fbff, 0x0a005c00, 0xe2ff7200, 0x1e007900, 0xc4ff7a00, 0xeeff9802, 0x04030100, 0x03000000, 0x07008602, 0x05009b02, 0x1b00a502, 0x72000a00,
    0x7900ecff, 0x75021400, 0x7702ecff, 0x7902ecff, 0x7b02f8ff, 0x9102f1ff, 0x9802f6ff, 0x9b02deff, 0xb902ecff, 0x0100f6ff, 0x05000403, 0x5c001d00,
    0x8300d8ff, 0x84000500, 0x8500fbff, 0x8602e7ff, 0x9802faff, 0x9f02ecff, 0xc4020400, 0xce02fbff, 0xda020a00, 0xf402ecff, 0xf502f2ff, 0x0403f2ff,
    0x08030500, 0x0b03fbff, 0x3503fbff, 0x3603baff, 0x3d03d6ff, 0x4903f6ff, 0x4a03d3ff, 0x4d03f6ff, 0x5103fbff, 0x5303f6ff, 0x5403ecff, 0x58030a00,
    0x59030500, 0x5a030a00, 0x5c030500, 0x5d030500, 0x29000a00, 0xeaff5300, 0xb5ff5c00, 0xfbff7400, 0xd9ff7900, 0x1e008300, 0x1c008400, 0x10007502,
    0xfcff9002, 0x10009c02, 0x05009f02, 0xeaffa402, 0x0500b802, 0x0a00c402, 0xf6ffda02, 0x1900f402, 0x1900f502, 0x10000403, 0xe8ff0b03, 0xe5ff3503,
    0xe8ff3603, 0x10003d03, 0xefff4103, 0x20004a03, 0x07004b03, 0x13004c03, 0x13004d03, 0x20004e03, 0x11004f03, 0x19005003, 0x11005203, 0x14005303,
    0xd8ff5403, 0xe7ff5503, 0xe2ff5603, 0xe2ff5703, 0xd6ff5803, 0xe2ff5903, 0xd6ff5a03, 0xe7ff5b03, 0xddff5c03, 0xe4ff5d03, 0x04030100, 0x23000500,
    0xf0ff5300, 0xd3ff5c00, 0x05008300, 0xfbff8400, 0xf1ff8500, 0xf8ffa402, 0xf7ffc402, 0x0a00ce02, 0xecffda02, 0xf7fff402, 0xf7fff502, 0xf8ff0803,
    0xfbff0b03, 0xc2ff3503, 0xd9ff3603, 0xfbff3d03, 0x05004103, 0xddff4903, 0xf1ff4a03, 0xfbff4b03, 0xfbff4d03, 0xf6ff4f03, 0xf1ff5003, 0xe7ff5103,
    0xf6ff5203, 0xe7ff5303, 0x07005403, 0x05005503, 0x05005603, 0x05005703, 0x05005803, 0x05005903, 0x05005a03, 0x05005c03, 0x0a005d03, 0x86020400,
    0x9802f6ff, 0x9b02f6ff, 0xa802f1ff, 0x1d00f6ff, 0xecff5300, 0xf6ff5400, 0x14005c00, 0x05007900, 0x14008400, 0x0a008500, 0xf4ff9002, 0x0a009802,
    0xf6ff9b02, 0xfbff9f02, 0x0500a402, 0xfaffce02, 0xf6ffda02, 0xfcfffc02, 0xecff3503, 0xecff3603, 0xf6ff4903, 0x0a004a03, 0x14004e03, 0x0a004f03,
    0x14005003, 0x0a005203, 0x0a005303, 0x14005603, 0x0f005703, 0xf6ff5a03, 0xf6ff5b03, 0xf6ff5c03, 0xf6ff5d03, 0x04030100, 0x0100f3ff, 0xf3ff0403,
    0x53002c00, 0x5400fbff, 0x5c00fbff, 0x7200ceff, 0x7900f2ff, 0x83000300, 0x84000500, 0x8500dcff, 0x9802e4ff, 0xa402ecff, 0xa802f8ff, 0xb802f6ff,
    0xc202f3ff, 0xce02fbff, 0xda020a00, 0xf402e7ff, 0xf502f2ff, 0x0803f8ff, 0x0b03f1ff, 0x1b03f6ff, 0x2403f6ff, 0x3503e2ff, 0x3603dfff, 0x4903e2ff,
    0x4a03f1ff, 0x4b03e9ff, 0x4c03eeff, 0x4d03ecff, 0x4e03f0ff, 0x4f03d8ff, 0x5003e4ff, 0x5103e4ff, 0x5203ecff, 0x5303e4ff, 0x5403f1ff, 0x55030f00,
    0x56030500, 0x57030900, 0x58030900, 0x59030700, 0x5a030900, 0x5b030a00, 0x5c030c00, 0x5d030400, 0x1d000f00, 0xceff5c00, 0xecff7900, 0xf1ff8400,
    0xecff8500, 0xf6ff9802, 0xfeffb802, 0xfbffc202, 0xfdffc402, 0x0500ce02, 0xf6ffda02, 0xf6fff402, 0xfbfff502, 0xf6ff0b03, 0xfbff1b03, 0xf6ff2403,
    0xd8ff3503, 0xe0ff3603, 0xecff4903, 0xf1ff4a03, 0xf6ff4b03, 0xf6ff4c03, 0xf6ff4d03, 0xf6ff4e03, 0xf6ff4f03, 0xf6ff5003, 0xecff5103, 0xf6ff5203,
    0xf6ff5303, 0x05005503, 0x7a020300, 0xd802d5ff, 0xff02eaff, 0x0b002300, 0x32005c00, 0xceff7200, 0x32007400, 0x3c007900, 0xecff7a00, 0xebff7702,
    0x0f008002, 0xd0ff9802, 0xf6ff9b02, 0x2800a502, 0xecffb902, 0xff020100, 0x02000800, 0x0800ff02, 0xf1ff0403, 0xff020200, 0x04030800, 0x0100f1ff,
    0x0a000403, 0x53002f00, 0x5400e2ff, 0x5c00f6ff, 0x79009cff, 0x8300ceff, 0x85001000, 0x75020a00, 0x7a020500, 0x8b02fbff, 0x9002f6ff, 0x9c02f3ff,
    0x9f020500, 0xa402feff, 0xa502d6ff, 0xa802d8ff, 0xb802ecff, 0xce020900, 0xda020500, 0xf402f6ff, 0xf5021100, 0xfc021100, 0x0b03fbff, 0x0f03c2ff,
    0x1b031200, 0x3503e2ff, 0x3603f6ff, 0x4103f9ff, 0x4a03d8ff, 0x4b030a00, 0x4c030a00, 0x4d030a00, 0x4e030a00, 0x4f030a00, 0x50030a00, 0x51030a00,
    0x52030500, 0x53030a00, 0x54030a00, 0x5503d8ff, 0x5603e2ff, 0x5703e2ff, 0x5803ecff, 0x5903baff, 0x5a03ceff, 0x5b03bfff, 0x5c03ecff, 0x5d03c9ff,
    0x3b00e2ff, 0xe7ff5300, 0xe2ff5400, 0xd8ff5c00, 0x14007200, 0x14007400, 0xbaff7900, 0x14008500, 0xd3ff7902, 0xddff7a02, 0xbfff7b02, 0xddff8002,
    0xceff8602, 0xd3ff8b02, 0xc1ff9002, 0xbaff9102, 0xd8ff9802, 0xd3ff9b02, 0xdaff9c02, 0xd6ff9f02, 0xd4ffa402, 0xe2ffa502, 0xecffb802, 0xf6ffb902,
    0x0a00c202, 0x0800c402, 0xdeffce02, 0xeaffd802, 0xc4ffda02, 0xe5fff402, 0xe5fff502, 0xbffffc02, 0x2300ff02, 0xddff0803, 0xbfff0b03, 0xf6ff1b03,
    0x05003503, 0x05003603, 0xf5ff3d03, 0xe2ff4103, 0x28004a03, 0x19004b03, 0x1e004c03, 0x28004d03, 0x05004e03, 0x14004f03, 0x14005003, 0x32005103,
    0x1e005203, 0x28005303, 0xc4ff5403, 0xceff5503, 0xceff5603, 0xc4ff5703, 0xbaff5803, 0xceff5903, 0xc4ff5a03, 0xceff5b03, 0xc4ff5c03, 0xc4ff5d03,
    0x7a020300, 0xff02ddff, 0x04031e00, 0x2300e7ff, 0xfbff5300, 0xa2ff5c00, 0xefff7900, 0x05008300, 0xfbff8400, 0xdaff8500, 0x05007502, 0x05009002,
    0xe9ffa402, 0x0400b802, 0xfbffc202, 0xf8ffc402, 0x0a00ce02, 0xf6ffda02, 0x0f000403, 0xe7ff0b03, 0x14000f03, 0xf6ff1b03, 0xf6ff2403, 0xceff3503,
    0xe5ff3603, 0xd9ff4903, 0x07004c03, 0x07004d03, 0x07004e03, 0xf1ff5103, 0xfbff5303, 0x0a005403, 0x0f005503, 0x0c005603, 0x0c005703, 0x05005903,
    0x0f005b03, 0x05005c03, 0x0a005d03, 0x5c000300, 0xa80288ff, 0xc502ecff, 0x2f00f1ff, 0xf1ff5300, 0xe2ff5400, 0x14005c00, 0x0a007200, 0x15007900,
    0x14008500, 0xedff7502, 0xf6ff7702, 0xe2ff9002, 0xe2ff9802, 0xecff9b02, 0xf1ff9c02, 0xf4ff9f02, 0x0d00a402, 0x0a00a502, 0xdbffb802, 0xfcffc202,
    0xfaffc402, 0xf6ffce02, 0xf6ffda02, 0xeafff402, 0xeafff502, 0xfbfffc02, 0x1200ff02, 0xfbff0003, 0xf6ff0803, 0x05000b03, 0xf6ff1b03, 0xf6ff4103,
    0x05004a03, 0x0a004b03, 0x14004c03, 0x14004d03, 0xe2ff4e03, 0x0a004f03, 0xecff5003, 0x14005103, 0xf6ff5203, 0x0a005303, 0xecff5403, 0x0a005603,
    0x0a005803, 0xf6ff5903, 0xf6ff5a03, 0xecff5b03, 0xecff5c03, 0xe2ff5d03, 0x04030100, 0x01000a00, 0x0a000403, 0x04030100, 0x01000700, 0x0d000403,
    0x04030100, 0x2c000d00, 0xe4ff5300, 0xacff5c00, 0x0a007200, 0xfbff7400, 0xcfff7900, 0x24008300, 0x1c008400, 0x05008500, 0x07007502, 0xfbff9002,
    0x0a009c02, 0xdeffa402, 0x0c00b802, 0x0a00c402, 0xfbffce02, 0x1900f402, 0x1900f502, 0x0400fc02, 0x0a000403, 0xd9ff0b03, 0xf4ff3503, 0xf4ff3603,
    0x10003d03, 0xd9ff4103, 0xf1ff4903, 0x26004a03, 0x07004b03, 0x13004c03, 0x13004d03, 0x2a004e03, 0x1c004f03, 0x1e005003, 0x20005203, 0x1c005303,
    0xdbff5403, 0xe2ff5503, 0xecff5603, 0xecff5703, 0xd3ff5803, 0xe7ff5903, 0xd6ff5a03, 0xe7ff5b03, 0xd8ff5c03, 0xe5ff5d03, 0x04030100, 0x01000700,
    0x07000403, 0x04030100, 0x23000700, 0xf8ff5300, 0xfbff5c00, 0x14007900, 0x0a008300, 0x05008400, 0xe4ff8500, 0xfeff9002, 0x04009f02, 0x0500a402,
    0xfeffce02, 0xfffff402, 0xfffff502, 0xcdff3503, 0xd3ff3603, 0x08004103, 0xecff4903, 0x05004a03, 0x07004c03, 0x07004d03, 0x0c004e03, 0x07004f03,
    0x08005003, 0xf1ff5103, 0x0a005203, 0xf3ff5303, 0x05005403, 0x0a005503, 0x0f005603, 0x0f005703, 0x19005803, 0x0f005903, 0x0c005a03, 0x0c005b03,
    0x0f005c03, 0x0a005d03, 0x04030100, 0x0100fbff, 0xfbff0403, 0x53002900, 0x5400f1ff, 0x5c00f4ff, 0x72002000, 0x7400fbff, 0x79001300, 0x83001e00,
    0x84000600, 0x85000500, 0x7502ecff, 0x9002faff, 0x9f02f3ff, 0xa402fbff, 0xb8020f00, 0xc202f9ff, 0xce02fbff, 0xf402f2ff, 0xf502fbff, 0x0003fbff,
    0x04031100, 0x08030000, 0x3503f8ff, 0x3603cfff, 0x4103cfff, 0x4903f6ff, 0x4a03ecff, 0x4b03fcff, 0x4d03f6ff, 0x4e030200, 0x4f030f00, 0x5103f9ff,
    0x5303f4ff, 0x5403f9ff, 0x56030200, 0x57030a00, 0x58030c00, 0x59030a00, 0x5a030200, 0x5b030700, 0x5c03f3ff, 0x5d030700, 0x0300fbff, 0x0a007400,
    0x0a007900, 0xfbff9002, 0x35030200, 0x3603feff, 0x0100feff, 0x00000403, 0x53002700, 0x5400ecff, 0x5c00f9ff, 0x72002a00, 0x7400fbff, 0x79001800,
    0x83002300, 0x84000600, 0x85000700, 0x7502edff, 0x9002fbff, 0x9c02ebff, 0xa402fbff, 0xb8021400, 0xc202f9ff, 0xce02f3ff, 0xda02fbff, 0xf4020a00,
    0xfc02feff, 0x0003fbff, 0x04031100, 0x35030000, 0x3603d9ff, 0x4a03d9ff, 0x4b030500, 0x4e03fbff, 0x4f030a00, 0x5003feff, 0x51030700, 0x5203ecff,
    0x5403faff, 0x55030200, 0x56030500, 0x57031100, 0x58031100, 0x59030900, 0x5a030a00, 0x5b030a00, 0x5c03f6ff, 0x01000c00, 0x00000403, 0x04030100,
    0x01000000, 0x00000403, 0x04030100, 0x0100f3ff, 0x0d000403, 0x04030100, 0x0100f3ff, 0xf3ff0403, 0x53002600, 0x5c00f1ff, 0x7900b6ff, 0x8300f9ff,
    0x84001000, 0x85001e00, 0x90020500, 0x9c02f6ff, 0xa4020400, 0xb802ecff, 0xc4020500, 0xce020500, 0x0403fbff, 0x0b030500, 0x3503f2ff, 0x3603eaff,
    0x3d03ecff, 0x41030500, 0x4a03f2ff, 0x4b031100, 0x4c030500, 0x4d030a00, 0x4e030a00, 0x4f031900, 0x50030a00, 0x51031100, 0x52030200, 0x53030a00,
    0x54030a00, 0x5503f1ff, 0x5603ecff, 0x5703f6ff, 0x5803f1ff, 0x5903ddff, 0x5a03f1ff, 0x5b03e8ff, 0x5c03feff, 0x5d03ecff, 0x2700f1ff, 0xf1ff5300,
    0xecff5c00, 0xfbff7900, 0x10008300, 0x1e008400, 0x05008500, 0x02007502, 0xf6ff9002, 0x04009c02, 0xf6ffa402, 0x0500b802, 0x0500c402, 0xfbffce02,
    0x05000403, 0xecff0b03, 0xeaff3503, 0xecff3603, 0x0a003d03, 0xf2ff4103, 0x11004a03, 0x05004b03, 0x0a004c03, 0x0a004d03, 0x19004e03, 0x0a004f03,
    0x11005003, 0x02005103, 0x0a005203, 0x0a005303, 0xf1ff5403, 0xf2ff5503, 0xfbff5603, 0xf6ff5703, 0xddff5803, 0xf6ff5903, 0xe8ff5a03, 0xfeff5b03,
    0xecff5c03, 0xf6ff5d03, 0x53002400, 0x5400fbff, 0x5c00fbff, 0x70003700, 0x74000200, 0x79002700, 0x83003700, 0x8500feff, 0x7502f6ff, 0x9002f8ff,
    0x9f02f5ff, 0xa4020900, 0xb8022400, 0xc402f4ff, 0xce021000, 0xda02fbff, 0x00030a00, 0x04031b00, 0x0b030500, 0x35030a00, 0x3603e2ff, 0x4103e2ff,
    0x49030a00, 0x4b03e7ff, 0x4e03f9ff, 0x51030500, 0x5403fbff, 0x55030f00, 0x56031000, 0x57032800, 0x58032500, 0x59032200, 0x5a031c00, 0x5b031400,
    0x5c03fbff, 0x5d031400, 0x01000500, 0xf3ff0403, 0x53001a00, 0x5c00fbff, 0x7900ecff, 0x9f020a00, 0xf402feff, 0xf502f1ff, 0xfc02f1ff, 0x0803faff,
    0x0b03f6ff, 0x3503fcff, 0x3603baff, 0x4103ceff, 0x4903fbff, 0x4a03c9ff, 0x4b03f6ff, 0x4c03ecff, 0x4d03f6ff, 0x4e03fbff, 0x4f03fbff, 0x5003f6ff,
    0x5103f1ff, 0x5203ecff, 0x5303f1ff, 0x5403d3ff, 0x58030500, 0x5a030f00, 0x05000500, 0x0500ff02, 0xe7ff3503, 0xe7ff3603, 0x00005103, 0x00005303,
    0x72001400, 0x74002300, 0x84002700, 0x85001e00, 0xc2023700, 0xc4021c00, 0xfe020a00, 0x35030500, 0x36031400, 0x3d031400, 0x4a031000, 0x4b031400,
    0x4c031900, 0x4d031e00, 0x4e031e00, 0x4f030a00, 0x50031400, 0x51031400, 0x52032d00, 0x53031400, 0x0b002300, 0xfbff7900, 0xf0ff8500, 0xf6ff0b03,
    0xf6ff3503, 0xf6ff3603, 0xf6ff4903, 0x05004b03, 0x07004c03, 0x07004d03, 0xf6ff5103, 0xf6ff5303, 0x53002000, 0x5400f1ff, 0x7200fbff, 0x7400f6ff,
    0x83000500, 0x8400f6ff, 0x8500d3ff, 0xb802c4ff, 0xc202f6ff, 0xc402f1ff, 0xf402fbff, 0xf502f0ff, 0x0803f0ff, 0x0b03f6ff, 0x3503f6ff, 0x3603ceff,
    0x3d03e3ff, 0x4903f6ff, 0x4a03c4ff, 0x4b03e7ff, 0x4c03f1ff, 0x4d03fbff, 0x4e03f6ff, 0x4f03feff, 0x5003eeff, 0x5103ecff, 0x5203daff, 0x5303e7ff,
    0x5603e9ff, 0x57030500, 0x5b030500, 0x5c030500, 0x0100fbff, 0x05000403, 0x04030100, 0x01000500, 0x07000403, 0x04030100, 0x03000700, 0xf6ff7200,
    0xf8ff0803, 0xddff4903, 0x90020800, 0x9f02f6ff, 0xa402fbff, 0xc402ddff, 0x0803fbff, 0x35030500, 0x3603f1ff, 0x4903f1ff, 0x0100f1ff, 0x0800ff02,
    0x7a020300, 0xd802d5ff, 0xff02eaff, 0x03002300, 0xd5ff7a02, 0xeaffd802, 0x2300ff02, 0x53003000, 0x5400daff, 0x5c00f1ff, 0x7200a6ff, 0x74000f00,
    0x79001400, 0x8400abff, 0x85000a00, 0x75020a00, 0x8b02fbff, 0x9002d1ff, 0x9c02ccff, 0x9f02daff, 0xa402d8ff, 0xb802cfff, 0xc202dcff, 0xc4020400,
    0xce02fcff, 0xf402ddff, 0xf502e2ff, 0xfc02e2ff, 0xff02ddff, 0x04032d00, 0x0803edff, 0x0b03f1ff, 0x3603b3ff, 0x3d030400, 0x41030500, 0x4a03dbff,
    0x4b031300, 0x4c031100, 0x4d031900, 0x4e031400, 0x4f03fdff, 0x50030a00, 0x51030a00, 0x52031800, 0x53030e00, 0x54031800, 0x5503c9ff, 0x5603d3ff,
    0x5703d3ff, 0x5803d3ff, 0x5903c0ff, 0x5a03c9ff, 0x5b03c4ff, 0x5c03d6ff, 0x5d03ccff, 0x0100ceff, 0x0800ff02, 0xff020100, 0x01000800, 0x0800ff02,
    0x53001d00, 0x54000500, 0x5c00f6ff, 0x7400f1ff, 0x79000500, 0x84000100, 0x75020500, 0x9002feff, 0xb802feff, 0xc402f6ff, 0xf402feff, 0xf502feff,
    0x3503feff, 0x3603f1ff, 0x4103f1ff, 0x4a030500, 0x4b030800, 0x4c030700, 0x4e030a00, 0x52030500, 0x5303feff, 0x54030500, 0x55031200, 0x56030500,
    0x57030500, 0x58030500, 0x59031900, 0x5a030a00, 0x5c030c00, 0x02000400, 0x0800ff02, 0xf1ff0403, 0xff020200, 0x04030800, 0x0200f1ff, 0x0a00ff02,
    0xfeff0403, 0x5c000400, 0xda02ecff, 0x1b03f6ff, 0x2403fbff, 0x0100fbff, 0x1400ff02, 0xff020200, 0x04030800, 0x0200f1ff, 0x0a00ff02, 0xfeff0403,
    0xff020200, 0x04030800, 0x0200f1ff, 0x0800ff02, 0xf1ff0403, 0xff020200, 0x04030800, 0x0300f1ff, 0xd5ff7a02, 0xeaffd802, 0x2300ff02, 0x04030100,
    0x01000a00, 0x0a000403, 0x04030100, 0x03000a00, 0xddff7a02, 0x1e00ff02, 0xe7ff0403, 0x7a020300, 0xff02ddff, 0x04031e00, 0x0300e7ff, 0xddff7a02,
    0x1e00ff02, 0xe7ff0403, 0x7a020300, 0xff02ddff, 0x04031e00, 0x2f00e7ff, 0xd8ff5300, 0xe2ff5400, 0xd8ff5c00, 0x0f007200, 0x14007400, 0xc4ff7900,
    0x05008400, 0x1e008500, 0xefff7502, 0xd8ff7a02, 0xd8ff8b02, 0xc7ff9002, 0xe2ff9c02, 0xd9ff9f02, 0xd6ffa402, 0xe2ffb802, 0xfeffc202, 0xf4ffc402,
    0xdbffce02, 0xecfff402, 0xecfff502, 0xd8fffc02, 0x1900ff02, 0xfbff0003, 0xf6ff0803, 0xb0ff0b03, 0xe7ff4103, 0x14004a03, 0x14004b03, 0x14004c03,
    0x14004d03, 0xf6ff4e03, 0x0a004f03, 0xfbff5003, 0x28005103, 0x0a005203, 0x14005303, 0xb0ff5403, 0xb0ff5503, 0xa6ff5603, 0xb0ff5703, 0xa6ff5803,
    0xb0ff5903, 0xa6ff5a03, 0xc4ff5b03, 0xa6ff5c03, 0xb0ff5d03, 0x53002f00, 0x5400e7ff, 0x5c00e2ff, 0x7200d8ff, 0x74000f00, 0x79001400, 0x8400d4ff,
    0x85000500, 0x75021e00, 0x7a02f2ff, 0x8b02f2ff, 0x9002d8ff, 0x9c02dbff, 0x9f02edff, 0xa402eaff, 0xb802dbff, 0xc202e8ff, 0xc402feff, 0xce02f4ff,
    0xf402f2ff, 0xf502efff, 0xfc02efff, 0xff02d8ff, 0x00031900, 0x0803fbff, 0x0b03f6ff, 0x4103c4ff, 0x4a03e7ff, 0x4b031400, 0x4c031400, 0x4d031400,
    0x4e031e00, 0x4f03f6ff, 0x50030a00, 0x5103fbff, 0x52032800, 0x53030a00, 0x54031400, 0x5503eaff, 0x5603edff, 0x5703f2ff, 0x5803eaff, 0x5903e2ff,
    0x5a03edff, 0x5b03f2ff, 0x5c03f2ff, 0x5d03e5ff, 0x2e00f4ff, 0xf6ff5300, 0xeeff5400, 0x41005c00, 0x0a007000, 0xecff7200, 0x2d007400, 0x33007900,
    0xf6ff8300, 0xf6ff8400, 0xfbff8500, 0xf4ff7502, 0x05008b02, 0xf4ff9002, 0x15009f02, 0x2300a402, 0xe5ffb802, 0x1500c402, 0xfbffce02, 0x0a00da02,
    0xf2fff402, 0x1e000003, 0xe7ff0803, 0x10000b03, 0xfbff1b03, 0xecff2403, 0xf6ff3503, 0xf6ff3603, 0x0b004103, 0xecff4903, 0xf9ff4a03, 0x06004b03,
    0xeaff4e03, 0xfcff4f03, 0xefff5003, 0x05005103, 0xf9ff5203, 0x08005303, 0x0f005403, 0x10005503, 0x1f005603, 0x1e005703, 0x1e005803, 0x10005903,
    0x0f005a03, 0xf7ff5b03, 0x0a005c03, 0x5c001600, 0x7900e7ff, 0x8400f6ff, 0xb802fbff, 0xc202f8ff, 0xc402fbff, 0xce02feff, 0xf4020200, 0xf502fbff,
    0xfc02fbff, 0x3503feff, 0x3603e7ff, 0x3d03e7ff, 0x4a03f6ff, 0x4c03fbff, 0x4d03fbff, 0x4e03fbff, 0x5003f6ff, 0x5103f6ff, 0x5303f0ff, 0x5403fbff,
    0x56030a00, 0x01000500, 0x1400ff02, 0xff020100, 0x0f001400, 0xd3ff5c00, 0xe2ff7900, 0xfeff9f02, 0xf5ffa402, 0xfbffc202, 0xf0ff0b03, 0xf6ff4103,
    0x05005403, 0xf6ff5603, 0xf6ff5703, 0xfbff5803, 0xfbff5a03, 0xf6ff5b03, 0xf1ff5c03, 0xf6ff5d03, 0x5c002a00, 0x70000500, 0x72001500, 0x7900ecff,
    0x83001000, 0x84000500, 0x8500bdff, 0x7502b3ff, 0x9002feff, 0x9c02feff, 0x9f02feff, 0xa402feff, 0xb8020a00, 0xc202f6ff, 0xc402fbff, 0xce02fbff,
    0xf4020500, 0xf502f2ff, 0xfc02f2ff, 0x3503feff, 0x3603bfff, 0x3d03d8ff, 0x4a03fbff, 0x4b03cfff, 0x4c03e8ff, 0x4d03efff, 0x4e03e5ff, 0x4f03dbff,
    0x5003dbff, 0x5103d4ff, 0x5203caff, 0x5303d4ff, 0x5403d4ff, 0x55031200, 0x56030a00, 0x57031200, 0x58031400, 0x59031300, 0x5a031200, 0x5b030a00,
    0x5c030a00, 0x5d030f00, 0x01001400, 0x0a000403, 0xa4020200, 0xda020a00, 0x1700fbff, 0xf1ff8b02, 0xf1ff9002, 0xfbff9f02, 0x0500a102, 0x0500a202,
    0x0500a302, 0xf6ffa402, 0x0500aa02, 0x0500ac02, 0x0500b002, 0x0500b102, 0x0500b402, 0x1e00c202, 0xf6ffce02, 0xf6fffc02, 0xfbff0803, 0xe2ff0b03,
    0x05000e03, 0x05002c03, 0x28003503, 0x28003603, 0x2d003c03, 0x32004903, 0x75021100, 0x90020f00, 0x9c02feff, 0x9f020a00, 0xa4020500, 0xb802c5ff,
    0xc2021700, 0xc4020a00, 0xce020a00, 0xf4020500, 0xf5021900, 0xfc021900, 0x0b031400, 0x3503ceff, 0x3603f6ff, 0x3d03f6ff, 0x41030a00, 0x1000ceff,
    0x14007502, 0x14009002, 0x0a009c02, 0x10009f02, 0xcfffa402, 0x1000b802, 0xf3ffc202, 0xf6ffc402, 0x0500ce02, 0x0500f402, 0x0500f502, 0x1400fc02,
    0xe2ff0b03, 0xe2ff3503, 0xecff3603, 0xd8ff4103, 0x75020e00, 0x90021000, 0x9c020a00, 0x9f020600, 0xa4020500, 0xb802d4ff, 0xc4020500, 0xce02fcff,
    0xf4020c00, 0xf5021e00, 0x0b031e00, 0x3503e2ff, 0x3603ecff, 0x4103ecff, 0x0e00d8ff, 0x0f007502, 0x0a009c02, 0xd1ffa402, 0x0500b802, 0xfeffc402,
    0x1f00f402, 0x1f00f502, 0x0a00fc02, 0x14000003, 0x11000403, 0xceff0b03, 0xecff3503, 0xecff3603, 0xd8ff4103, 0x75020b00, 0x90021600, 0x9c021000,
    0x9f021900, 0xa4020a00, 0xb802d4ff, 0xf4021400, 0xf5021e00, 0xfc021e00, 0x0b031400, 0x4103d8ff, 0x0d00ddff, 0x12007502, 0x05009002, 0x0a009c02,
    0x0a009f02, 0xd1ffa402, 0x0c00b802, 0x0500ce02, 0x1e00f402, 0x1e00f502, 0x0f00fc02, 0x14000403, 0xceff0b03, 0xd3ff4103, 0x75021000, 0x90020f00,
    0x9c020500, 0x9f020a00, 0xa4020500, 0xb802c7ff, 0xc2021200, 0xce02fbff, 0xf402fcff, 0xf5021e00, 0xfc021e00, 0x04030f00, 0x0b030f00, 0x3503ceff,
    0x3603f1ff, 0x4103f1ff, 0x1100d3ff, 0xfbff7502, 0xecff8b02, 0xe0ff9002, 0xecff9c02, 0xe7ff9f02, 0xbaffa402, 0xeeffb802, 0xffffc202, 0xf9ffc402,
    0xf1ffce02, 0xe2fffc02, 0x1400ff02, 0xb0ff0b03, 0x0a003503, 0x0a003603, 0xf6ff3d03, 0xe7ff4103, 0x75020e00, 0x90021400, 0x9c020a00, 0x9f020500,
    0xa4020500, 0xb802c5ff, 0xc4020900, 0xf4020500, 0xf5021400, 0xfc021400, 0x0b030a00, 0x3503c4ff, 0x3603f6ff, 0x4103fbff, 0x0e00ddff, 0xf6ff9002,
    0xf9ff9f02, 0xc2ffa402, 0x0200b802, 0x0a00c202, 0x0300c402, 0xf6ffce02, 0x0f00f402, 0x0f00f502, 0x0a00fc02, 0xbaff0b03, 0xecff3503, 0xecff3603,
    0xddff4103, 0x75020b00, 0x90020a00, 0xa4020a00, 0xb8021400, 0xce02fbff, 0xf4020c00, 0xf502e7ff, 0x0b03e7ff, 0x35031e00, 0x3603b0ff, 0x4103e0ff,
    0x0b001400, 0xf9ff7502, 0xf8ff9002, 0x1e00a402, 0xeaffb802, 0xf5ffc202, 0xfeffc402, 0xe0fff402, 0xe7fff502, 0x19000b03, 0x9cff3503, 0xbbff3603,
    0x75020d00, 0x90020a00, 0xa4020800, 0xb8021200, 0xc202f9ff, 0xc402fbff, 0xce02fcff, 0xf4020700, 0xf502ecff, 0x0b03ecff, 0x35031400, 0x3603a6ff,
    0x4103e0ff, 0x0c001000, 0x02007502, 0x0c00a402, 0xfeffb802, 0xfbffc202, 0x0500ce02, 0xe0fff402, 0xe4fff502, 0x0a000b03, 0x9cff3503, 0xd6ff3603,
    0xfbff3d03, 0x0a004103, 0x75020d00, 0x90020500, 0x9c020300, 0xa4020500, 0xb8022300, 0xf402f9ff, 0xf502e8ff, 0xfc02edff, 0x0b030500, 0x35030a00,
    0x3603baff, 0x3d03deff, 0x41030a00, 0x0a000a00, 0x0f00a402, 0xfbffb802, 0x0700ce02, 0xeafff402, 0xeefff502, 0x14000b03, 0xb0ff3503, 0xd6ff3603,
    0xfbff3d03, 0x15004103, 0xa4020a00, 0xb8022300, 0xc202f8ff, 0xf402f9ff, 0xf502ddff, 0x0b03e2ff, 0x35031900, 0x3603b0ff, 0x3d03d3ff, 0x4103fbff,
    0x0e000a00, 0x0c007502, 0x07009002, 0xf1ffa402, 0x0500b802, 0xecffc202, 0xecffc402, 0x0a00ce02, 0xf9fff402, 0xf9fff502, 0xf6ff0b03, 0xc4ff3503,
    0xd8ff3603, 0xf6ff3d03, 0xecff4103, 0x75020b00, 0xa4020500, 0xb8021700, 0xce02f6ff, 0xf4020a00, 0xf502ddff, 0x0b03e3ff, 0x35030a00, 0x3603a6ff,
    0x3d03dbff, 0x4103fbff, 0x0b000500, 0xfbffb802, 0xfbffc202, 0xfbffc402, 0x0a00ce02, 0xecfff402, 0xecfff502, 0xfbfffc02, 0xfbff0b03, 0xa6ff3503,
    0xdeff3603, 0x0a004103, 0xb0b10200, 0x00000400, 0xb0bc9abc, 0x0c000400, 0xd9ff0000, 0xd5ffe8ff, 0xf4ffe2ff, 0x00000000, 0x00000000, 0x00000000,
    0x00000000, 0x0a000000, 0x0a000000, 0x0000f9ff, 0x00000000, 0x00000000, 0xe7ff0000, 0xf6fff6ff, 0xf6fff9ff, 0x00000000, 0x00000000, 0x00000000,
    0x0a000000, 0x23000a00, 0x23001500, 0x30000000, 0x12001300, 0x19001400, 0x4cb10200, 0x00000400, 0x94becebc, 0x27004c00, 0x04000000, 0xfeff0a00,
    0xebfffcff, 0xfcfff6ff, 0xfbffebff, 0xfbfffbff, 0xcbffc4ff, 0xcbffeeff, 0x0000f6ff, 0x00000000, 0x00000000, 0x00000000, 0x00000000, 0x00000000,
    0x00000000, 0x00000000, 0x00000000, 0x00000000, 0x00000000, 0x00000000, 0x00000000, 0xfbfff6ff, 0xf6fff6ff, 0xf6ff0000, 0xddffecff, 0xceffedff,
    0xf9ffcfff, 0xecffd5ff, 0xecfff9ff, 0xe4fff6ff, 0x0000e2ff, 0x00000000, 0x00000000, 0x00000000, 0x00000000, 0x00000000, 0x00000000, 0x00000000,
    0x00000000, 0xa6ff0000, 0xf9ffa6ff, 0xacffd0ff, 0x67fff1ff, 0x0f00c8ff, 0xc4fff6ff, 0xbaffb0ff, 0xb2ff66ff, 0xceff0a00, 0x14000000, 0x0a000000,
    0x9cffc9ff, 0xc4fff2ff, 0x0000c4ff, 0x00000000, 0x00000000, 0x00000000, 0x00000000, 0x00000000, 0x00000000, 0x00000000, 0x00000000, 0x00000000,
    0x00000000, 0x00000000, 0xecff0000, 0x00000000, 0x00000000, 0x00000000, 0x00000000, 0x00000000, 0x00000000, 0x00000000, 0x00000000, 0x00000000,
    0x00000000, 0x00000000, 0x00000000, 0x00000000, 0xecff0000, 0x0000ecff, 0x00000000, 0x00000000, 0x00000000, 0x00000000, 0x0000a6ff, 0x00000000,
    0xf6ff0000, 0x00000000, 0x00000000, 0xddff0000, 0x0000f6ff, 0xf0ff0000, 0x00000000, 0x00000000, 0x00000000, 0x00000000, 0x00000000, 0x00000000,
    0x00000000, 0x00000000, 0x00000000, 0x00000000, 0x0000ecff, 0x00000000, 0x00000000, 0x00000000, 0x00000000, 0x00000000, 0x00000000, 0x00000000,
    0x00000000, 0x00000000, 0x00000000, 0x00000000, 0x00000000, 0x00000000, 0x00000000, 0x00000000, 0xf6ff0000, 0xe4ff0000, 0xf6ff0a00, 0x0000e4ff,
    0x00000000, 0x0a001400, 0x19000000, 0x00000000, 0x00000000, 0x0a00fbff, 0x00000000, 0xecff0000, 0x00000000, 0x00000000, 0x00000000, 0x00000000,
    0x00000000, 0x00000000, 0x00000000, 0xf1fff1ff, 0xecffd4ff, 0xfdffedff, 0xedffe0ff, 0xfeffd3ff, 0x1e000000, 0x10001000, 0x00001e00, 0xd2fff0ff,
    0xc0fff6ff, 0x00001000, 0xfaff0000, 0x0000d8ff, 0x0000f6ff, 0x00000000, 0x00000000, 0x00000000, 0x00000000, 0x00000000, 0x00000000, 0x00001000,
    0x00000000, 0x00000000, 0x00000000, 0x0000f6ff, 0xf0ff0000, 0x00000000, 0x00000000, 0x00000000, 0x00000000, 0x00000000, 0x00000000, 0x00000000,
    0x00000000, 0x00000000, 0x00000000, 0x00000000, 0x00000000, 0x00000000, 0x00000000, 0x00000500, 0x00000000, 0x00000000, 0x0000c4ff, 0x00000000,
    0x00000000, 0x00000000, 0x00000000, 0x00000000, 0x00000000, 0x00000000, 0x00000000, 0x00000000, 0x00000000, 0x00000000, 0x00000000, 0x00000000,
    0x00000000, 0x00000000, 0x00000000, 0x00000000, 0x00000000, 0xb5ff0000, 0x00000000, 0x00000000, 0x00000000, 0x00000000, 0x00000000, 0x00000000,
    0x00000000, 0x00000000, 0x00000000, 0x00000000, 0x00000000, 0x00000000, 0x00000000, 0x00000000, 0x00000000, 0x00000000, 0x0000f3ff, 0x00000000,
    0x00000000, 0x00000000, 0xd8ff0000, 0x0000ecff, 0x00000000, 0x0000f6ff, 0x00000000, 0x00000000, 0x00000000, 0x00000000, 0xf6ff0000, 0x00000000,
    0x00000000, 0x00000000, 0x00000000, 0x00000000, 0x00000000, 0x00000000, 0x00000000, 0x00000000, 0x00000000, 0x00000000, 0xe2ffc9ff, 0xd3ffecff,
    0x00000000, 0x00000000, 0x00000000, 0x00000000, 0x00000000, 0x00000000, 0x00000000, 0x00000000, 0x00000000, 0x00000000, 0x00000000, 0x00000000,
    0x00000000, 0xfefff2ff, 0xfefff2ff, 0xf1fffeff, 0xf1fff1ff, 0xd0fff3ff, 0xecffd1ff, 0xfdffd8ff, 0xfbfff6ff, 0xf6fffaff, 0x0000ecff, 0x00000000,
    0x00000000, 0xe6ff0000, 0xe1ff0400, 0xdaffd8ff, 0x0000feff, 0x00000000, 0x00000000, 0x00000000, 0x00000000, 0x00000000, 0x00000000, 0x00000000,
    0x00000000, 0xe2ffc4ff, 0xdbff0000, 0x00000000, 0x00000000, 0x00000000, 0x00000000, 0x00000000, 0x00000000, 0x00000000, 0x00000000, 0x00000000,
    0x00000000, 0x00000000, 0x00000000, 0x00000000, 0x00000000, 0x00000000, 0x00000000, 0x00000000, 0xd3ff0000, 0xe2ffe2ff, 0x0000d3ff, 0x0000f6ff,
    0x00000000, 0x00000000, 0x00000000, 0x00000000, 0x00000000, 0xceff0000, 0xecff0000, 0x00000000, 0x00000000, 0x00000000, 0xecff0000, 0x0000eeff,
    0x00000000, 0x00000000, 0x00000000, 0x00000000, 0x0000ddff, 0x00000000, 0xf6ff0000, 0x00000000, 0x00000000, 0x00000000, 0x00000000, 0x00000000,
    0xd8ff1400, 0x00000000, 0x00000000, 0x00000000, 0x00000000, 0x00000000, 0xeffff1ff, 0x00000000, 0xf1ff0000, 0x0000ecff, 0x00000000, 0xc9ff0000,
    0xbaffecff, 0x0000bfff, 0x0000f6ff, 0x00000000, 0xf6ff0000, 0x00000000, 0x00000000, 0x00000000, 0xceffe2ff, 0xecff0000, 0x00000000, 0x00000000,
    0x00000000, 0x00000000, 0xf1ff0000, 0xe7fffeff, 0xfcffecff, 0xfbffe9ff, 0xf3ffecff, 0xc9ffbaff, 0xbaffe4ff, 0xfbfffbff, 0xeafffbff, 0xf1ff0000,
    0x00000000, 0x00000000, 0x00000000, 0x0a00ecff, 0xb0ffd8ff, 0x0000baff, 0x00000f00, 0x00000000, 0x00000000, 0xfcfffcff, 0x0c000000, 0x1b000c00,
    0x0c000a00, 0xf2ffeaff, 0xe2fffbff, 0x1400ecff, 0xfbffe9ff, 0xf6ff0500, 0xeaff0000, 0x0000e8ff, 0x00000a00, 0x00000000, 0xbfff0000, 0x1400daff,
    0x26000f00, 0xf1ff0000, 0x00000000, 0x00000000, 0x00000000, 0xf3ff0000, 0xecfffeff, 0xf8ffeeff, 0xf3ffefff, 0xfeffedff, 0xc9ffbdff, 0xceffe4ff,
    0xf6fffdff, 0xf4fffbff, 0xeefff8ff, 0x00000000, 0x00000000, 0x00000000, 0x0500e7ff, 0xbaffd8ff, 0x0000baff, 0x00000200, 0x00000000, 0x00000000,
    0x00000000, 0x0000f6ff, 0x00000000, 0x00000000, 0x00000000, 0xb5ff0000, 0xecffd8ff, 0x0000ceff, 0x00000000, 0x00000000, 0x00000000, 0x00000000,
    0x00000000, 0xecff0000, 0xd8ff0a00, 0x00000000, 0x00000000, 0x00000000, 0x00000000, 0xf4ff0000, 0xfbfff4ff, 0x00000000, 0xfeff0000, 0x00000000,
    0xfefffbff, 0xeaffceff, 0xdfff0000, 0xf6ff0000, 0x00000500, 0x00000500, 0x00000000, 0xf6ff0000, 0x00000000, 0xddff0000, 0xfbff0a00, 0x00001400,
    0x0000f6ff, 0x00000000, 0x00000000, 0x00000000, 0xfdfffbff, 0xf2ffe0ff, 0xe2fff4ff, 0xfefffdff, 0xd9fffbff, 0xdcffddff, 0x0000d9ff, 0x0000fcff,
    0xf8fffbff, 0x0000f9ff, 0x0000f8ff, 0xf6ff0000, 0xfbff0000, 0xddff0000, 0xccffd2ff, 0x09000000, 0x00000000, 0x00000000, 0x00000000, 0x00000000,
    0xf4ff0000, 0xf5fff6ff, 0xf6fff4ff, 0xfbfffbff, 0xddffe7ff, 0xe7ffecff, 0x00000000, 0xf6ff0000, 0xecfffbff, 0x00000000, 0x00000000, 0x00000000,
    0x0000f1ff, 0xf1fff6ff, 0xfbfff1ff, 0x00000000, 0x00000000, 0x00000000, 0x00000000, 0x00000000, 0x00000000, 0x0000e6ff, 0x00001400, 0xcefff6ff,
    0xa6ffd8ff, 0x0000c4ff, 0x00000000, 0x00000000, 0x00000a00, 0x0000e7ff, 0x00000000, 0x00000000, 0xb0ffd8ff, 0xa6ff0000, 0x00000000, 0x00000f00,
    0x00000000, 0xf1ff0000, 0xfbfff1ff, 0x0a000000, 0x05000000, 0xddff0a00, 0xfafff7ff, 0xf9ff0000, 0x00000d00, 0xecff0000, 0xf1ffe4ff, 0xecffd6ff,
    0x0f000000, 0x00000000, 0x00001400, 0x00009cff, 0x0a000500, 0x00000a00, 0x00000000, 0x00000500, 0x00000000, 0xbfffbfff, 0xd6ffdbff, 0xd8ffddff,
    0xd8ffd1ff, 0x0400c9ff, 0x0d000500, 0x0f000f00, 0xf9ff0d00, 0xd1ffbfff, 0xd8ffceff, 0xceff0000, 0x00000000, 0xe2ffb0ff, 0xb0ff0000, 0x1900ceff,
    0x14000a00, 0xd8ffe2ff, 0x0a000000, 0xd3ffd8ff, 0x05000000, 0xfcff0500, 0x00000000, 0x02000000, 0xf1ff0000, 0xf2ffdeff, 0xdcffe0ff, 0xdaff0000,
    0xfcff0000, 0xfbfffbff, 0xe5ffecff, 0x0a000000, 0x0a000000, 0x00001900, 0x0f00ddff, 0xe2ffecff, 0x0000e4ff, 0x00001600, 0x00000000, 0x00000000,
    0x00000000, 0x00000000, 0x00000000, 0x00000000, 0x0000f6ff, 0xd8ff0000, 0x0000ecff, 0x0000e2ff, 0x00000000, 0x00000000, 0x00000000, 0x00000000,
    0x00000000, 0x00000000, 0x00000000, 0x00000000, 0x00000000, 0x00000000, 0x00000000, 0xe2ff0000, 0xfbffe2ff, 0xe3fff1ff, 0xdafff6ff, 0x0500e5ff,
    0xf6fffeff, 0x00000000, 0x0200fbff, 0xf6ff0000, 0x00001000, 0x00000800, 0xf1fff1ff, 0xe2fffbff, 0x0000ecff, 0xd8ff0000, 0xf1ff0a00, 0x0000f6ff,
    0x0000ecff, 0xf6ff0000, 0x00000000, 0xfbfffbff, 0x08000200, 0x1b000800, 0x08000700, 0xe2ffdbff, 0xeffff6ff, 0x0e00f9ff, 0xfbfff6ff, 0xedfff2ff,
    0xdeff0000, 0x0000f2ff, 0x00000f00, 0x00000000, 0xb5ff0000, 0x2400e2ff, 0x26001900, 0xf6ff0000, 0x00000000, 0x00000000, 0xfeff0000, 0xfdfffdff,
    0xf0ff0000, 0x0000ffff, 0x0000f0ff, 0xfbff0000, 0xd0ffd2ff, 0xd9fff3ff, 0xf6fffdff, 0xf5ff0400, 0x00000500, 0x00000000, 0x00000000, 0x00000000,
    0x00000500, 0xdfff0000, 0x0000fdff, 0x00000500, 0x00000000, 0x00000000, 0xf0fff2ff, 0x0000f6ff, 0x0000f1ff, 0xf1fff6ff, 0x00000000, 0xd4fff6ff,
    0xfbffdeff, 0x0000dbff, 0x0a00f0ff, 0x0000f6ff, 0xf5ff0000, 0x0000f9ff, 0x00000000, 0x14000000, 0xf7fff6ff, 0xfefff9ff, 0xeaff0000, 0x00000700,
    0x00000a00, 0xf6ff0000, 0x0000fbff, 0x00000000, 0x00000000, 0x00000000, 0x00000000, 0x00000000, 0x00000000, 0x00000000, 0x00000a00, 0x00000000,
    0x00000000, 0xfbff0000, 0x00000000, 0xf6ff0a00, 0xfbfff6ff, 0x0000fbff, 0x00000000, 0x00000000, 0x00000000, 0x00000000, 0x00000000, 0x00000000,
    0x00000000, 0xfdff0000, 0x00000000, 0x0000feff, 0x00000000, 0x00000000, 0x00000000, 0x00000000, 0x00000000, 0x00000000, 0x00000000, 0xfeff0000,
    0x00000000, 0x00000000, 0x00000000, 0x00000000, 0xe9ff0000, 0x0000e9ff, 0xfbfffbff, 0xf2fffeff, 0x0000fbff, 0xf6ff0000, 0xddffc6ff, 0xd3fff6ff,
    0xecff0000, 0x00001400, 0x00000a00, 0xf7fff2ff, 0xf1fff8ff, 0x00000000, 0xe2ff1400, 0xf9ff0100, 0x00000600, 0x0a00eaff, 0x0a000000, 0x00000000,
    0xf6fff6ff, 0x0400fcff, 0x00000200, 0x02000000, 0xf0ffedff, 0xe7fff6ff, 0x0a00ecff, 0x0000eeff, 0xecffecff, 0xe8ff0000, 0x0000f2ff, 0x00000500,
    0x00000000, 0xbfff0000, 0x1200f1ff, 0x17000d00, 0xfbff0000, 0x00000000, 0x00000000, 0xf6ff0000, 0xfcfff6ff, 0x00000400, 0x00000000, 0xedff0400,
    0xf6fff0ff, 0xecffe7ff, 0xeeff0a00, 0xecff0000, 0x0000ecff, 0xf2ffedff, 0x05000000, 0x00000000, 0x00000000, 0xf1ffceff, 0x0d001200, 0x00001700,
    0x0000fbff, 0x00000000, 0x00000000, 0xeafff1ff, 0x00000d00, 0x0000f1ff, 0xf1fff4ff, 0x10000a00, 0xc9ff0000, 0x0000e5ff, 0x0000d5ff, 0x2300fbff,
    0x1f000000, 0xfbff1000, 0x0000f9ff, 0x0000ecff, 0x17000000, 0xfbffe2ff, 0xfbff0000, 0xeeff0000, 0x00001100, 0x00001700, 0x00000000, 0xfcff0000,
    0xe8ff0000, 0xf7ffeeff, 0xfcffecff, 0x0000fbff, 0xccffbfff, 0xbffff1ff, 0xfbfff6ff, 0xecff0a00, 0xeeff0000, 0x00000000, 0x00000000, 0x00000000,
    0xf6fffbff, 0xbfffecff, 0x0000ceff, 0x00000000, 0x00000000, 0x00000000, 0x00000000, 0x00000000, 0x00000000, 0x00000000, 0xfdff0000, 0xc4fffbff,
    0xfcfffbff, 0x0000c4ff, 0x0000f6ff, 0x00000000, 0x00000000, 0x00000000, 0x00000000, 0xf6ff0000, 0x00000000, 0xfafff1ff, 0x00000000, 0x00000000,
    0x00000000, 0x00000000, 0xf6ff0000, 0xe7ff0000, 0xf6fff2ff, 0xf6ffe9ff, 0xf1fffbff, 0xceffd3ff, 0xdaffe1ff, 0xf1ff0000, 0xfdff0000, 0xfbff0000,
    0xf7ff0000, 0x00000000, 0x00000000, 0x0000f6ff, 0xc6ffd5ff, 0x0000d8ff, 0x00000000, 0x00000000, 0x00000000, 0x00000000, 0x05000000, 0xfbffecff,
    0x00000000, 0x00000000, 0x00000000, 0x00000000, 0x00000000, 0x05000000, 0x00000000, 0x00000000, 0x00000000, 0x00000000, 0x00000000, 0xecff0000,
    0xf6fff6ff, 0x00000000, 0x00000000, 0x00000000, 0xf3ff0000, 0x0000fbff, 0x00000000, 0x00000000, 0xe7ff0000, 0xf1fff1ff, 0xf1ffddff, 0xe7ff0000,
    0x0000f4ff, 0x0000f8ff, 0xf1ffecff, 0x00000000, 0x00000000, 0x00000000, 0x00000000, 0x00000000, 0x00000000, 0x00000000, 0x00000000, 0x00000000,
    0xccffccff, 0xd6ffd8ff, 0xe2ffddff, 0xddffddff, 0x0000c7ff, 0x11000000, 0x0b000b00, 0xf5ff1600, 0xc7ffc7ff, 0xd0ffe2ff, 0xd1ff0000, 0x0000f1ff,
    0x00000000, 0xa4ff0000, 0x1c00d8ff, 0x0f001200, 0xd8ffd3ff, 0x00000000, 0xd3ffe2ff, 0xfbff0000, 0x0000fbff, 0xfcff0000, 0xfaff0000, 0x0000fcff,
    0xfbfff8ff, 0xf1fffbff, 0xfbfffcff, 0xf9ff0000, 0x00000a00, 0xfbff0000, 0xfbff0000, 0x00000000, 0x00000000, 0xecff0000, 0x00000f00, 0x00000000,
    0x0500f6ff, 0x00000000, 0x00000000, 0x00000000, 0x00000000, 0xf6ffecff, 0x0000f6ff, 0xfbff0000, 0xfbff0000, 0x00000000, 0x00000000, 0x00000000,
    0x00000000, 0x00000000, 0x00000000, 0xfbff0000, 0x00000000, 0x00000000, 0x00000000, 0x00000000, 0x00000000, 0x00000000, 0xceff0000, 0xd6ffceff,
    0xe5ffe2ff, 0xd9ffe7ff, 0xc9ffe8ff, 0xf8fffbff, 0x00000500, 0x0500feff, 0xd8ff0000, 0xecffd4ff, 0x0000d7ff, 0xf6ffe2ff, 0x0000f6ff, 0xf6ff0000,
    0xceffc4ff, 0x0a000a00, 0xd8ff0f00, 0x0000d8ff, 0xd8ff0000, 0x0000d8ff, 0xd8ffe8ff, 0xedffd6ff, 0xe7ffe5ff, 0xedffe3ff, 0xfbffdbff, 0x0500feff,
    0xfeff0000, 0x00001200, 0xe3ffd8ff, 0xdcffecff, 0xe2ff0000, 0xf6fff6ff, 0x00000000, 0xc4ff0000, 0x0a00ecff, 0x0f000a00, 0xf1ffd8ff, 0x00000000,
    0xd8ffd8ff, 0xf4ff0000, 0x1000f4ff, 0xdeff0000, 0xd1fffcff, 0x1000e5ff, 0x00001500, 0xf6fff1ff, 0xf7ffecff, 0xfbff0000, 0x10002e00, 0x15002900,
    0xe4fffcff, 0xbaff0000, 0x0000d8ff, 0xd3ff1a00, 0xf2fff9ff, 0xf3fffcff, 0x0000e4ff, 0x1a000000, 0x00000000, 0x00000000, 0xfbfffeff, 0x0000f3ff,
    0xedfff2ff, 0x00000000, 0xe3fff8ff, 0xf8ffefff, 0x0000e3ff, 0x0a000000, 0x00000000, 0x00000000, 0x0000fbff, 0x00000000, 0x00000000, 0x00000a00,
    0xecffe2ff, 0x14000000, 0x00000000, 0x00000000, 0x00000000, 0xfbff0000, 0x00000000, 0xfeff0000, 0xfaff0000, 0xfbff0000, 0xf8fffbff, 0xfbff0000,
    0x00000000, 0xfefffeff, 0xf1fff6ff, 0x00000000, 0x00000000, 0x00000000, 0x0000ecff, 0x00000000, 0x00000000, 0x00000000, 0x00000000, 0x00000000,
    0xfefffeff, 0xfcfffaff, 0xf4ffdeff, 0xe2fff3ff, 0xfbff0000, 0xb1fffbff, 0xccffcdff, 0x0000bbff, 0x1000f6ff, 0x0000fbff, 0xfefff9ff, 0xfefff6ff,
    0x00000000, 0x10000000, 0xbafff6ff, 0xb1ffb8ff, 0x0a000000, 0x00000000, 0x00000a00, 0x00000000, 0x00000000, 0x00000000, 0x00000000, 0x0a000000,
    0x0000f6ff, 0xfbfff1ff, 0x00000000, 0x00000000, 0x00000a00, 0x00000000, 0x00000000, 0x0f000000, 0x00000a00, 0x00000000, 0x00000000, 0x00000000,
    0x00000000, 0x00000000, 0x00000000, 0xecffe7ff, 0x00000000, 0x00000000, 0x05000000, 0x0f00e7ff, 0x2d001b00, 0x19002300, 0x0f003200, 0xe7ff0000,
    0x00000000, 0x00001900, 0x00000f00, 0x00000000, 0x00000000, 0x00000000, 0x00000000, 0x00000000, 0x28000000, 0xf1ff0000, 0x0a000000, 0xfefffbff,
    0x20000a00, 0x0c001900, 0xceff2000, 0xfbfff6ff, 0xf4ff1400, 0x14001400, 0xfbfff6ff, 0x0a00dbff, 0xecffc5ff, 0x14000000, 0x00001400, 0x00000000,
    0x00000000, 0x00000000, 0x00000000, 0x00000000, 0x00000000, 0x00000000, 0x1e001400, 0x0a00f6ff, 0x0000f6ff, 0xfaff0d00, 0xe2ffe2ff, 0xecffedff,
    0x0000eaff, 0xf6fff1ff, 0xefff0000, 0xcfff0000, 0x0000e2ff, 0x00000500, 0x00000000, 0x00000000, 0x00000000, 0x00000000, 0x00000000, 0x00000000,
    0x00000000, 0x14000000, 0xfbff0a00, 0x0c000400, 0x05001400, 0xe2ff0c00, 0x0000f9ff, 0xfbff0a00, 0x0f001000, 0xf6ff0000, 0x0000e5ff, 0xf6ffd4ff,
    0x00000000, 0x00001900, 0x00000000, 0x00000000, 0x00000000, 0x00000000, 0x00000000, 0x00000000, 0x00000000, 0x00000000, 0x0700fbff, 0x14000c00,
    0x0c000a00, 0xf1ffceff, 0x0a000000, 0x1000fbff, 0xecff0a00, 0xdefffbff, 0xd1ff0000, 0x0000f6ff, 0x0f000000, 0x00000000, 0x00000000, 0x00000000,
    0x00000000, 0x00000000, 0x00000000, 0x00000000, 0x0f000000, 0x00000f00, 0x11001900, 0x17001e00, 0xd8ff1100, 0xf3fff1ff, 0xfbff0a00, 0x0a001400,
    0x0000fbff, 0x0a00eaff, 0xfbffd4ff, 0x0a000000, 0x00001400, 0x00000000, 0x00000000, 0x00000000, 0x00000000, 0x00000000, 0x00000000, 0x00000000,
    0x00000a00, 0x0700fbff, 0x1e001100, 0x11000c00, 0xfbffceff, 0x0500f2ff, 0x14000000, 0xf6ff0500, 0xddfff6ff, 0xd1ff0a00, 0x0000fbff, 0x14000a00,
    0x00000000, 0x00000000, 0x00000000, 0x00000000, 0x00000000, 0x00000000, 0x00000000, 0x0a000000, 0x04000500, 0x0c000a00, 0x0f001e00, 0xceff0c00,
    0xf1ffecff, 0xeffff6ff, 0xf6ff0d00, 0xfbffecff, 0x0a00ddff, 0xe2ffc7ff, 0x14000000, 0x00001400, 0x00000000, 0x00000000, 0x00000000, 0x00000000,
    0x00000000, 0x00000000, 0x00000000, 0xe2ffecff, 0xecfff1ff, 0x0000fbff, 0xfbfff6ff, 0x0000b0ff, 0x1e00fbff, 0x14000c00, 0x00001e00, 0xceffe2ff,
    0xbafff6ff, 0xecff0a00, 0xecfff6ff, 0x00000000, 0x00000000, 0x00000000, 0x00000000, 0x00000000, 0x00000000, 0xecff0000, 0x0a000000, 0xf9ff0a00,
    0x0a000500, 0x0c001400, 0xc4ff0a00, 0xfbfff6ff, 0xf4ff0a00, 0x0a001400, 0xfbfff6ff, 0x0000deff, 0xecffc5ff, 0x0a000000, 0x00001400, 0x00000000,
    0x00000000, 0x00000000, 0x00000000, 0x00000000, 0x00000000, 0x00000000, 0xf6fff6ff, 0x00000000, 0x0f000a00, 0x0a00feff, 0xf4ffbaff, 0x0a00fcff,
    0x1400ecff, 0xf6ff0a00, 0xd8fff6ff, 0xc2ff0a00, 0x0000ecff, 0x19000500, 0x00000000, 0x00000000, 0x00000000, 0x00000000, 0x00000000, 0x00000000,
    0x00000000, 0x0a000000, 0x00000a00, 0xd3ff0000, 0xf4ffe7ff, 0x1e00d3ff, 0x00000000, 0xb9ffc4ff, 0xc4ffdbff, 0x0a000a00, 0x00000a00, 0x0a000e00,
    0x0a000000, 0x00000000, 0x00000000, 0x00000000, 0x00000000, 0x00000000, 0x00000000, 0x00000000, 0x00000000, 0xf6fff6ff, 0x00000000, 0xe2ffc4ff,
    0xc4ffd8ff, 0x00001900, 0xc4fff7ff, 0xc7ffc4ff, 0x0000c4ff, 0x0f00f6ff, 0x0f000500, 0x00001400, 0x0000f6ff, 0x00000000, 0x00000000, 0x00000000,
    0x00000000, 0x00000000, 0x00000000, 0x00000000, 0x08000000, 0x00000a00, 0xddff0000, 0xf4ffe2ff, 0x1400ddff, 0xfbfffaff, 0xbcffc4ff, 0xc4ffceff,
    0x05000a00, 0x0a000f00, 0x0a000c00, 0xfbff0000, 0x00000000, 0x00000000, 0x00000000, 0x00000000, 0x00000000, 0x00000000, 0x00000000, 0x00000000,
    0x0a000000, 0x0000fcff, 0xe2ffddff, 0xddffecff, 0xf9ff0a00, 0xbafffbff, 0xceffbeff, 0x0000baff, 0x0f000000, 0x07000000, 0x00000000, 0x00000000,
    0x00000000, 0x00000000, 0x00000000, 0x00000000, 0x00000000, 0x00000000, 0x00000000, 0x03000000, 0x00000a00, 0xdbff0500, 0xf6fff1ff, 0x0a00dbff,
    0x00000300, 0xc9ffd3ff, 0xd3ffe2ff, 0x00000000, 0x00001e00, 0x0a001400, 0x00000000, 0x00000000, 0x00000000, 0x00000000, 0x00000000, 0x00000000,
    0x00000000, 0x00000000, 0x00000000, 0x00000000, 0x00000000, 0xecffe2ff, 0xe2fffbff, 0xfbff1400, 0xc4fffdff, 0xe7ffbeff, 0xfbffc4ff, 0x16000000,
    0x0a00fbff, 0x00000000, 0x0000fbff, 0x00000000, 0x00000000, 0x00000000, 0x00000000, 0x00000000, 0x00000000, 0x00000000, 0x00000000, 0x00000000,
    0xddff0000, 0xe4ffddff, 0x1900ddff, 0xfdff0000, 0xbeffbaff, 0xbfffd0ff, 0x0000fbff, 0xfbff1600, 0x0a001400, 0xf9ff0000, 0x00000000, 0x00000000,
    0x00000000, 0x00000000, 0x00000000, 0x00000000, 0x00000000, 0x00000000, 0x0a000000, 0xfbfff1ff, 0xfbffe2ff, 0xe2ff0000, 0xe2fff6ff, 0xc4ffecff,
    0xf3ffb8ff, 0xecffc4ff, 0xf6ff0500, 0xf1fff6ff, 0x0000e2ff, 0x00000500, 0x00000000, 0x00000000, 0x00000000, 0x00000000, 0x00000000, 0x00000000,
    0x00000000, 0x00000000, 0x00000000, 0xd8ff0000, 0xecffe2ff, 0x0a00d8ff, 0xfafffbff, 0xbeffbaff, 0xbfffd3ff, 0x00000000, 0x00000a00, 0x00000c00,
    0xf6ff0000, 0x00000000, 0x00000000, 0x00000000, 0x00000000, 0x00000000, 0x00000000, 0x00000000, 0x00000000, 0x00000000, 0x0000f1ff, 0xecffd3ff,
    0xd8fff1ff, 0xeefffbff, 0xbafffbff, 0xd3ffadff, 0xf1ffbfff, 0x00000000, 0x0000ecff, 0x0000ecff, 0x00000000, 0x00000000, 0x00000000, 0x00000000,
    0x00000000, 0x00000000, 0x00000000, 0x00000000, 0xb09a0200, 0x00000400, 0xbcaccaa9, 0x6a002c00, 0x05000000, 0x00000000, 0x00000000, 0x00000000,
    0x00000000, 0x00000000, 0x00000000, 0x00000000, 0x00000000, 0x00000000, 0x00000000, 0x00000000, 0x00000000, 0x00000000, 0x00000000, 0x00000000,
    0x00000000, 0x00000000, 0x00000000, 0x00000000, 0x00000000, 0x00000000, 0x00000000, 0x00000000, 0x00000000, 0x00000000, 0x00000000, 0x00000000,
    0x00000000, 0x00000000, 0x00000000, 0x00000000, 0x00000000, 0x00000000, 0x00000000, 0x00000000, 0x00000000, 0x00000000, 0x00000000, 0x00000000,
    0x00000000, 0x00000000, 0x00000000, 0x00000000, 0x00000000, 0x00000000, 0x00000000, 0x00000000, 0x00000000, 0x00000000, 0x00000000, 0x00000000,
    0x00000000, 0xe2ff0000, 0xf6ff0c00, 0x0500ecff, 0xd8ff0a00, 0xd3ff0200, 0xceffe2ff, 0xe9ff0f00, 0x0a00ecff, 0xf4ffecff, 0xf6fff4ff, 0xe2ffecff,
    0xecffd8ff, 0xe2ffecff, 0x00000000, 0x00000000, 0x00000000, 0x00000000, 0x00000000, 0x00000000, 0x00000000, 0x00000000, 0x00000000, 0x00000000,
    0x00000000, 0x00000000, 0x00000000, 0x00000000, 0x00000000, 0x00000000, 0x00000000, 0x00000000, 0x00000000, 0x00000000, 0x00000000, 0x0a000a00,
    0xdfff0a00, 0xd5ffe9ff, 0xe7fff6ff, 0xd7ff0400, 0xc8fff6ff, 0xd3ffe2ff, 0xd8ff0f00, 0xe2ffceff, 0xd8fff1ff, 0x0000e2ff, 0x00000000, 0x00000000,
    0x00000000, 0x00000000, 0x00000000, 0x00000000, 0x00000000, 0x00000000, 0x00000000, 0xf6ffd0ff, 0xd3ffe2ff, 0xa6ffd3ff, 0x1a000000, 0x00000000,
    0xf1ffbaff, 0xf6ff0000, 0xbffff6ff, 0x0f00ceff, 0xe2ff0000, 0xc4ffc4ff, 0x00000000, 0xe2ffd4ff, 0x0000f0ff, 0x00000000, 0x00000000, 0x00000000,
    0x00000000, 0x00000000, 0x00000000, 0x00000000, 0x00000000, 0x00000000, 0x00000000, 0x00000000, 0x00000000, 0x00000000, 0x00000000, 0x00000000,
    0x00000000, 0x00000000, 0x00000000, 0x00000000, 0xecffd3ff, 0x0000d3ff, 0xbdff1400, 0x0000d3ff, 0xb8ffaaff, 0x00000f00, 0x0000fbff, 0xb0ffc4ff,
    0x0a00bfff, 0xb0ff88ff, 0xf0ff0000, 0xf2ffd3ff, 0xbaffd8ff, 0x00000000, 0x00000000, 0x00000000, 0x00000000, 0x00000000, 0x00000000, 0x00000000,
    0x00000000, 0x00000000, 0x00000000, 0x0a000000, 0x00000000, 0x00000000, 0x00000000, 0x00000000, 0x00000000, 0x00000000, 0xd8ffd8ff, 0x00000000,
    0x00000000, 0x00000000, 0x00000000, 0x00000000, 0x00000000, 0x00000000, 0x00000000, 0x00000000, 0x00000000, 0x00000000, 0x00000000, 0x00000000,
    0x00000000, 0x00000000, 0x00000000, 0x00000000, 0x00000000, 0x00000000, 0x00000000, 0x00000000, 0x00000000, 0x00000000, 0x00000000, 0x00000500,
    0x00000000, 0x00000000, 0x00000000, 0x00000000, 0xd8ff0000, 0xf6ffe0ff, 0xd8ff0000, 0x00000000, 0x00000000, 0x00000000, 0x00000000, 0x00000000,
    0x00000000, 0x00000000, 0x00000000, 0x00000000, 0x00000000, 0x00000500, 0x00000000, 0x00000000, 0xb6ff0000, 0x00000000, 0x0a00f6ff, 0xfbfffeff,
    0x1900f6ff, 0xb0ff1900, 0x0000f6ff, 0x0a000a00, 0xe2ff0000, 0x00000000, 0x00000000, 0x00000000, 0x00000000, 0x00000000, 0x00000000, 0x00000000,
    0x00000000, 0x00000000, 0x00000000, 0x00000000, 0x00000000, 0x00000000, 0x00000000, 0x00000000, 0x00000000, 0x00000000, 0x00000000, 0x00000000,
    0x00000000, 0x00000000, 0xf6fff6ff, 0x05000000, 0x1400e8ff, 0x0a001400, 0x14000000, 0xfeffb0ff, 0xb6ff0000, 0x19000000, 0x0a001000, 0x19001000,
    0x00000000, 0x00000000, 0x00000000, 0x00000000, 0x00000000, 0x00000000, 0x00000000, 0x00000000, 0x00000000, 0xecff0000, 0x0000f6ff, 0xe2ff0000,
    0x00000000, 0xaeffe9ff, 0x0000baff, 0xfbfff1ff, 0xecfffbff, 0x1600ecff, 0x9cff1600, 0x0000ecff, 0x05000500, 0xf6fffbff, 0x00000000, 0xebfff1ff,
    0xf9fff6ff, 0x00000000, 0x00000000, 0x00000000, 0x00000000, 0x00000000, 0x00000000, 0x00000000, 0x00000000, 0x00000000, 0x00000000, 0x00000000,
    0x00000000, 0x00000000, 0x00000000, 0x00000000, 0x00000000, 0x00000000, 0x00000000, 0xe2ffe2ff, 0xf6ffe2ff, 0x0a00caff, 0xf1ff0500, 0x0a000000,
    0xf9ffbaff, 0xb1ffecff, 0x0f00f6ff, 0xf1ff0000, 0x0f000a00, 0xf1ff0000, 0xf6fff6ff, 0x0000ecff, 0xf9ffecff, 0x00000000, 0x00000000, 0x00000000,
    0x00000000, 0x00000000, 0x00000000, 0x0000f0ff, 0xc9ff0000, 0x00000000, 0xaeffd1ff, 0x0000a6ff, 0xfbffddff, 0xdbfff2ff, 0x0200ecff, 0x92ff0200,
    0x0000ecff, 0x00000000, 0xecff0000, 0x00000000, 0xe2ffdcff, 0xf6ffd3ff, 0x00000000, 0x00000000, 0x00000000, 0x00000000, 0x00000000, 0x00000000,
    0x00000000, 0x00000000, 0x00000000, 0x00000000, 0x00000000, 0x00000000, 0x00000000, 0x00000000, 0x00000000, 0x00000000, 0x00000000, 0x00000000,
    0xc9ffbfff, 0xedffbfff, 0xf4ffb6ff, 0xf1fff6ff, 0xf4ffefff, 0xf8ffa6ff, 0xb3fff3ff, 0x1400ecff, 0xf1ff0100, 0x19000a00, 0xdcff0000, 0x0000f1ff,
    0x0000ecff, 0xeeffe2ff, 0x00000000, 0x00000000, 0x00000000, 0x00000000, 0x00000000, 0x00000000, 0x00000300, 0x00000000, 0x00000000, 0xf6ff0000,
    0x00000000, 0x00000000, 0xfeff0000, 0x00000000, 0x00000000, 0x00000000, 0xd8ffd8ff, 0x10000000, 0x00000000, 0x00000000, 0x00000500, 0x00000000,
    0x00000000, 0x00000000, 0x00000000, 0x00000000, 0x00000000, 0x00000000, 0x00000000, 0x00000000, 0x00000000, 0x00000000, 0x00000000, 0x00000000,
    0x00000000, 0x00000000, 0x00000000, 0x00000000, 0x00000000, 0xf9ff0000, 0x00000000, 0x00000000, 0x00000000, 0x0000feff, 0xf7ff0000, 0xf6fffbff,
    0xe2ff0000, 0x0000dbff, 0xe2fffbff, 0x00000000, 0x00000000, 0x00000000, 0x00000000, 0x00000000, 0x00000000, 0x00000000, 0x00000000, 0x00000000,
    0x00000000, 0x00000d00, 0x0a000000, 0x00000000, 0xecff0500, 0x00000000, 0xfbff1200, 0x1900f1ff, 0x00000000, 0x00000000, 0x00000000, 0xf1ffd8ff,
    0x00000000, 0x00000000, 0x00000000, 0x00000000, 0x00000000, 0x00000000, 0x00000000, 0x00000000, 0x00000000, 0x00000000, 0x00000000, 0x00000000,
    0x00000000, 0x00000000, 0x00000000, 0x00000000, 0x00000000, 0x00000000, 0x00000000, 0x00000000, 0x00000000, 0x00000000, 0x0f000000, 0xeaff0f00,
    0xeefff9ff, 0xf6ff0000, 0xeeff0500, 0xe4ff0000, 0xf1fff0ff, 0xd8ff1400, 0x0000c4ff, 0xd8ffeaff, 0xf6ff0000, 0x00000000, 0x00000000, 0x00000000,
    0x00000000, 0x00000000, 0x00000000, 0x00000000, 0x00000000, 0x00000000, 0x00000000, 0x00000000, 0x00000000, 0x00000000, 0x00000f00, 0x00000000,
    0x0000fbff, 0x00000000, 0x00000000, 0x0000f6ff, 0x00000000, 0x00000000, 0x00000000, 0x00000000, 0x0a000000, 0x00000000, 0x00000000, 0x00000000,
    0x00000000, 0x00000000, 0x00000000, 0x00000000, 0x00000000, 0x00000000, 0x00000000, 0x00000000, 0x00000000, 0x00000000, 0x00000000, 0x00000000,
    0x00000000, 0x00000000, 0x00000000, 0x00000000, 0x00000000, 0xf1ff0000, 0x00000000, 0xf1fff6ff, 0x00000000, 0xfbff0000, 0x00000000, 0x00000000,
    0x07000000, 0x00000000, 0x00000000, 0xecffe7ff, 0x00000000, 0x00000000, 0x00000000, 0x00000000, 0x00000000, 0x00000000, 0x0a000000, 0x00000200,
    0x00000000, 0x00000000, 0x19000800, 0x00000e00, 0x00000000, 0x00000000, 0x0000f6ff, 0x0f000000, 0x00000000, 0xceffceff, 0x00000000, 0x00000000,
    0x00000400, 0x00000000, 0x00002800, 0x0a000000, 0xf6ff0000, 0x0000e2ff, 0x00000000, 0x00000000, 0x00000000, 0x0000ecff, 0x0a00ecff, 0x14000500,
    0x14000f00, 0x0f000a00, 0x00000a00, 0x00000000, 0x00000000, 0x00000000, 0x00000000, 0x00000000, 0xf7ff0000, 0x00000000, 0xf6ff1c00, 0x00000000,
    0xf6ff0000, 0x05000f00, 0x14000000, 0xc4ff0000, 0x0f00e0ff, 0xc4ffefff, 0x00000000, 0x00000000, 0x0000f6ff, 0x00000000, 0x0a00f1ff, 0xd8fff1ff,
    0x0000ecff, 0x00000000, 0x00000000, 0x0f000000, 0x00000000, 0x00000000, 0x00000000, 0x00000000, 0x00000000, 0x00000000, 0x00000000, 0x00000000,
    0x00000000, 0x00000000, 0x00000000, 0x00000000, 0x0000f6ff, 0x00000000, 0x00000000, 0x00000000, 0x00000000, 0x00000000, 0x00000000, 0x00000000,
    0x00000000, 0x00000000, 0x00000000, 0x00000000, 0x00000000, 0x00000000, 0x00000000, 0x00000000, 0x00000000, 0x00000000, 0x00000000, 0x00000000,
    0x00000000, 0x00000000, 0x00000000, 0x00000000, 0x00000000, 0x00000000, 0x00000000, 0x00000000, 0x00000000, 0x00000000, 0x00000000, 0x00000000,
    0x00000000, 0x00000000, 0x00000000, 0x00000000, 0x00000000, 0x00000000, 0x00000000, 0x00000000, 0xf9ff0000, 0x00000000, 0x0000f6ff, 0xf6ff0000,
    0xf6ff0400, 0xecff0000, 0xfbff0000, 0x0a00f1ff, 0xf7ffd3ff, 0xfbfff7ff, 0x00000000, 0xddffbaff, 0x0500f6ff, 0xe2ff0000, 0x00000000, 0x00000000,
    0x0000d8ff, 0x03000000, 0xf1fffbff, 0xf1ffe7ff, 0x0a00f6ff, 0x0000fbff, 0xf1fff6ff, 0xf6ffe2ff, 0x0a00ddff, 0x05000500, 0x05000500, 0x0a000f00,
    0x05000a00, 0x0a00fbff, 0x00000000, 0x00000000, 0x00000000, 0x00000000, 0xfbff0000, 0xf0ff0000, 0xeafffbff, 0xf4ffe7ff, 0xecfffeff, 0xecfffbff,
    0xf6fff3ff, 0xbaff0000, 0xf6ffc4ff, 0xbaffe4ff, 0xfcfffbff, 0x00000000, 0x00000000, 0x00000000, 0xecff0a00, 0xb0ffd8ff, 0x0000b0ff, 0x00000f00,
    0x00000000, 0x00000000, 0x00000000, 0x00000000, 0x00000000, 0x00000600, 0x00000000, 0xfbfff4ff, 0x0800fcff, 0xf6ffecff, 0x0000f6ff, 0x00000000,
    0xd1ffc0ff, 0x00000000, 0x00000000, 0x00000000, 0x0000feff, 0xf9ffe2ff, 0x00000000, 0xceffeaff, 0xf1ffddff, 0x0000f9ff, 0x00000000, 0xf1fff9ff,
    0xf6ffe7ff, 0x0000e7ff, 0x07000000, 0x0c000700, 0x00000000, 0x0a000000, 0x0000fbff, 0x0200fcff, 0x00000000, 0x00000000, 0x00000000, 0xf1ff0000,
    0xf7ff0000, 0xecff0000, 0xf5fff6ff, 0xedfffdff, 0xfbfffcff, 0x0000f7ff, 0xbdfff9ff, 0xf7ffc7ff, 0xc7ffe7ff, 0xfeff0000, 0x00000000, 0x00000000,
    0x00000000, 0x0000feff, 0xdaffe7ff, 0x0000e0ff, 0x0000feff, 0x00000000, 0x00000000, 0x00000c00, 0xf6ff0000, 0x00000000, 0xdeff0000, 0x00000000,
    0x0a000c00, 0xfeff0a00, 0x1900f6ff, 0xd9ff1900, 0x00000000, 0xf4fff4ff, 0xd9ff1000, 0x00000000, 0x00000a00, 0x00000400, 0x0a00acff, 0xcffffbff,
    0x05001c00, 0x2600fbff, 0x13000700, 0x2a001300, 0x1e001c00, 0x20000000, 0xc4ff1c00, 0xdcffd8ff, 0xbfffdcff, 0xc2ffddff, 0x2400c4ff, 0xd0ff0000,
    0xd8ffe4ff, 0x00000000, 0x00000000, 0x00000000, 0xf2fff4ff, 0x0200f6ff, 0x0c00edff, 0x00001b00, 0x0c000700, 0xf6ffd6ff, 0xdefff6ff, 0xefff0f00,
    0xfcfff9ff, 0xf6ff1400, 0x0800fbff, 0x00000000, 0x00000000, 0x00000000, 0xb5ffd7ff, 0x19002400, 0x00002600, 0x0000ecff, 0x00000000, 0x00000000,
    0x00000900, 0x00000000, 0x00000000, 0x05000000, 0x00000000, 0x00000000, 0x00000000, 0xfafff1ff, 0x0a00faff, 0x00000000, 0xdeffc4ff, 0x00000000,
    0x00000000, 0x00000500, 0x00000200, 0x0000d8ff, 0x0a000000, 0xf1fffbff, 0x0000f1ff, 0x14000000, 0x0a001400, 0x00000000, 0x0000ecff, 0x0a00f1ff,
    0x0f000f00, 0x0f000f00, 0x05000f00, 0x00000a00, 0x0f000000, 0x00000000, 0x00000000, 0x00000000, 0x00000000, 0x00000000, 0xfbff0000, 0xf6ff0f00,
    0xfbfffbff, 0xeeff0000, 0x00000a00, 0x0500fbff, 0xbaff0f00, 0xf6ffceff, 0xccfff7ff, 0x0500fbff, 0x00000000, 0x00000500, 0x00000000, 0xecff0a00,
    0xd3ffecff, 0x0000ddff, 0x00000f00, 0x00000000, 0x00000000, 0x0000fbff, 0xf3ff0000, 0x0000f6ff, 0x0000f6ff, 0x00000000, 0xf5fff9ff, 0xf9fffcff,
    0xfbfff6ff, 0x0000fbff, 0x00000000, 0xd4ffd4ff, 0xf9fffcff, 0x0000fbff, 0x00000000, 0x0000fcff, 0x00000000, 0x0a00f6ff, 0xf4ff0a00, 0xfeff0000,
    0x0000fbff, 0x0a000000, 0xfefffbff, 0xfefff1ff, 0xfefffbff, 0x00000000, 0xfbff0000, 0xfbfffeff, 0x0a000000, 0xf6ff0000, 0xfbffeaff, 0x0000fbff,
    0x00000000, 0x00000000, 0xf0fff0ff, 0xf6fff0ff, 0xf2ff0500, 0xfbfffbff, 0xf2fff5ff, 0xfbff0000, 0x0000f1ff, 0xd6fff9ff, 0xfcffd8ff, 0xddfffbff,
    0xf8ff0000, 0x00000000, 0x0000f1ff, 0x00000000, 0x0000e1ff, 0xfbff0500, 0x00000000, 0x0000ecff, 0x00000000, 0x00000000, 0x0000fbff, 0xefff0000,
    0x00000000, 0x00000000, 0x00000000, 0xfbfffcff, 0xfbfffcff, 0x00000000, 0x00000000, 0x00000000, 0xdcffdcff, 0x0000feff, 0x00000000, 0x00000000,
    0x0000feff, 0x00000000, 0x0a000000, 0xf2ff0a00, 0x0a00f1ff, 0x0500fbff, 0x0f000500, 0x0a000000, 0x0000f1ff, 0xf8ff0300, 0x0a000500, 0xf6ff0500,
    0xfeff0000, 0x0c000000, 0xf6fffcff, 0xf1ffe9ff, 0x0000fcff, 0x00000000, 0x00000000, 0xe9ffecff, 0x0000ecff, 0x00000a00, 0x00000000, 0x0000fcff,
    0xfbff0000, 0x0000f7ff, 0xd1fffcff, 0x0000dfff, 0xe2fffbff, 0xfdff0000, 0x00000000, 0x0000ecff, 0x00000000, 0x0000d7ff, 0x00000800, 0x00000a00,
    0x0000ecff, 0x00000000, 0x00000000, 0x00000000, 0x00000000, 0x00000000, 0x00000000, 0x00000000, 0xfbff0000, 0x00000000, 0x00000000, 0xf6ff0000,
    0x00000000, 0xd8ffd8ff, 0x00000000, 0x00000000, 0x00000000, 0x00000000, 0x00000000, 0x00000000, 0xe2ff0000, 0x00000000, 0x00000000, 0x00000000,
    0x00000000, 0x0000fbff, 0x0000fbff, 0x00000000, 0x00000000, 0x00000000, 0x00000000, 0x00000000, 0x00000000, 0x00000000, 0x00000000, 0x00000000,
    0x00000000, 0x00000000, 0x00000000, 0x00000000, 0x00000000, 0xfdff0000, 0x0000f6ff, 0xd3ff0000, 0xfbffe2ff, 0xdbfff6ff, 0x00000000, 0x00000000,
    0x00000000, 0x00000000, 0x00000000, 0xf9ff0000, 0x00000000, 0x00000000, 0x00000000, 0x0d000000, 0x00000000, 0x00000000, 0xf1ff0000, 0x19000600,
    0x00001e00, 0x00000000, 0x00000500, 0xf3ff0000, 0x0f00f7ff, 0x00000000, 0xdbffc4ff, 0x00000000, 0xf6ff0000, 0x00000200, 0x00000200, 0x00002800,
    0x12000000, 0xe7ffe2ff, 0xe7ffceff, 0x0000ecff, 0x0000fbff, 0xe7fff1ff, 0xecffddff, 0x0a00d8ff, 0x14001400, 0x14001400, 0x14001400, 0x00000a00,
    0x0f00f6ff, 0x0a000000, 0x1a000000, 0x00000000, 0x00000000, 0xfbff0000, 0x08000000, 0xeeff1700, 0x0000f8ff, 0xf1fffcff, 0x0a000f00, 0x14000000,
    0xc9ff0000, 0x0000ddff, 0xd0ffddff, 0x02000000, 0x00000000, 0x00000000, 0x00000000, 0x1400fbff, 0xb0ffddff, 0x0000c9ff, 0x00000000, 0x00000000,
    0x0a000000, 0x00000000, 0xf9ff0000, 0x00000000, 0x05000400, 0x00000a00, 0x00000000, 0x00000000, 0x0000f6ff, 0x08000000, 0x00000000, 0xd1ffd1ff,
    0x05000300, 0x00000000, 0x00000000, 0x00000000, 0x0000f6ff, 0x0a000000, 0x00000500, 0x0f00eeff, 0x0f000000, 0x19000f00, 0x0f000f00, 0x0f000000,
    0x0f00fbff, 0x0a000a00, 0x14000a00, 0x05000a00, 0x00000000, 0x00000000, 0x0500fbff, 0x00000000, 0x00000000, 0x00000000, 0xfafff9ff, 0xfbfff9ff,
    0xf6ff0900, 0xfbff0000, 0xf6ff0000, 0x00000800, 0x05000000, 0xd2ff0a00, 0x0800d0ff, 0xd9fff3ff, 0x00000000, 0x00000000, 0x00000000, 0x00000000,
    0x0000fbff, 0xd8ff0000, 0x0000ecff, 0x00000500, 0x00000000, 0xf1ff0000, 0x00000200, 0xf8ff0000, 0x0f00f6ff, 0xecfffdff, 0x00000000, 0x00000500,
    0xfeff0000, 0xfbfff6ff, 0xf1fffbff, 0x00000000, 0xeaffe7ff, 0xe5ff0500, 0x05000000, 0x00000900, 0x00000000, 0x0000c4ff, 0xfbff0000, 0x14002800,
    0x19000000, 0x14000000, 0x1e001400, 0x1e001e00, 0x14000500, 0xecff0f00, 0xecffecff, 0xe2ffecff, 0xe2ffe7ff, 0x0000e7ff, 0xecff0000, 0xf6ffecff,
    0x0000f6ff, 0x00000000, 0x00000000, 0xfbfff8ff, 0xfefff9ff, 0x0400f0ff, 0x00000000, 0x04000300, 0xf6fff1ff, 0xecfff6ff, 0xd8ff0500, 0xeffff1ff,
    0xeeff0500, 0x0a000000, 0x00000000, 0x00000000, 0x00000000, 0xd3fff6ff, 0x00001400, 0x00001e00, 0x00000000, 0x00000000, 0x0a000000, 0x0000f1ff,
    0xeeff0000, 0xecff0000, 0x0f00f8ff, 0x00000000, 0xedfff1ff, 0xf4fffaff, 0xe9ff0000, 0x0000f1ff, 0x00000000, 0xc5ffc0ff, 0xfbfff3ff, 0x00000000,
    0x0000f3ff, 0x0c00f6ff, 0xe2ff2200, 0x14001300, 0xc4ffddff, 0xf2ff0000, 0xf2ffd6ff, 0xefffeaff, 0xf2ffe5ff, 0xefffe8ff, 0xfbffecff, 0x00000000,
    0x00000a00, 0xfbff0000, 0xe7fffbff, 0xf4ff0000, 0xf4fff1ff, 0x0000eeff, 0x0000fbff, 0x00000000, 0xeeffe9ff, 0xf3ffe9ff, 0xe2ff0d00, 0xfbfff2ff,
    0xe2ffe1ff, 0xfcfffbff, 0x0a00f2ff, 0xb3fff1ff, 0x0000caff, 0xbfffd4ff, 0xf3ff0000, 0xeefff1ff, 0x00000000, 0x00000000, 0x0000deff, 0xc4ffccff,
    0x0000d4ff, 0xf5ffecff, 0x0000feff, 0x00000000, 0x00000000, 0x00000000, 0x00000000, 0x00000000, 0x00000000, 0x0000e7ff, 0x0300fcff, 0xe1ffecff,
    0x0000e6ff, 0x00000000, 0xd3ffb3ff, 0x05000000, 0x00000000, 0x00000000, 0x0000feff, 0xecffe2ff, 0x0a000000, 0xa7ffb5ff, 0xc7ffbfff, 0xe7ffd9ff,
    0xd4ffd8ff, 0xcfffceff, 0xceffc0ff, 0x1400ceff, 0x0c000500, 0x19000f00, 0x12001200, 0xfcff1400, 0x1400eaff, 0x08000000, 0x0000feff, 0x00000000,
    0x00000000, 0xfaff0000, 0xfbff0000, 0xc4ff0800, 0xf3ffe2ff, 0xccffe4ff, 0xfdff0000, 0x0000fcff, 0xaefff9ff, 0xfbffbaff, 0xb5ffadff, 0xfdff0000,
    0x00000000, 0x00000000, 0x00000000, 0x0000f1ff, 0xa1ffb5ff, 0x0000b0ff, 0x00000000, 0x00000000, 0x00000000, 0x00000000, 0x0000deff, 0xc9ff0000,
    0x00000000, 0x00000000, 0x00000000, 0x00000000, 0x00000000, 0x00000000, 0x00000000, 0x00000000, 0x00000000, 0x0000f6ff, 0x00000000, 0x00000000,
    0xe2ff0000, 0x00000000, 0x00000000, 0x00000000, 0x00000000, 0x00000000, 0x00000000, 0x00000000, 0x00000000, 0x00000000, 0x00000000, 0x00000000,
    0x00000000, 0x00000000, 0x00000000, 0x00000000, 0x00000000, 0x00000000, 0x00000000, 0x00000000, 0x00000000, 0x0000f2ff, 0x0000f1ff, 0x00000000,
    0x00000000, 0xbfff0000, 0x0000ceff, 0xbfffc9ff, 0x00000000, 0x00000000, 0x00000000, 0x00000000, 0x00000000, 0x0000ceff, 0x0000b0ff, 0x00000000,
    0x00000000, 0x00000000, 0x0000f1ff, 0xf0ff0000, 0xe2ffecff, 0x15000500, 0x00001400, 0xecffe2ff, 0xfeff0500, 0xefff0000, 0x0a00efff, 0xe2fffbff,
    0xccffbaff, 0x0000f0ff, 0xf6fff6ff, 0x00000000, 0x00000000, 0xe2ff0f00, 0x15000000, 0xa1ffabff, 0xceffcdff, 0xe2ffceff, 0xd8ffd8ff, 0xceffceff,
    0xc4ffbaff, 0x1400baff, 0x14000f00, 0x0a001400, 0x05000a00, 0x00000000, 0xfbffecff, 0xf6fff6ff, 0x0000ecff, 0xecff0000, 0x0000ecff, 0xf6ffecff,
    0x0500ecff, 0xd8ff1900, 0x0000f1ff, 0xdfffd7ff, 0xfbff0a00, 0x1000eeff, 0xc9fff1ff, 0x0500c9ff, 0xceffbfff, 0x00000000, 0xfbfff1ff, 0xddffecff,
    0x00000000, 0x0f00ecff, 0xa6ffb0ff, 0x0000b0ff, 0x00000000, 0x00000000, 0xc4ff0000, 0xcefffbff, 0xb5ffecff, 0xd8ffbaff, 0xcfffc7ff, 0xf6ffd8ff,
    0x0400d7ff, 0xc6fffcff, 0xd8ffb0ff, 0xb3ffd8ff, 0x0a00f6ff, 0x04000000, 0xdbff0500, 0xc4fff6ff, 0xc1ffc1ff, 0x0000baff, 0x0f00a6ff, 0xabff1400,
    0x0a000a00, 0x13000000, 0x19001100, 0xfdff1400, 0x0a000a00, 0x0e001800, 0xb0ff1800, 0xb5ffb5ff, 0xb0ffb5ff, 0xaeffacff, 0x0000b3ff, 0xb8ffddff,
    0xb5ffdaff, 0x0000d8ff, 0xb2ff0000, 0xf6ff0000, 0xb7ffb2ff, 0xceffb2ff, 0xceffbdff, 0xd8ffddff, 0xceffc4ff, 0x0000c2ff, 0xd0ff0000, 0x1100f1ff,
    0x00000b00, 0x16000b00, 0xc1fff5ff, 0x0000c1ff, 0xceff88ff, 0x0000c9ff, 0xa4ffbaff, 0x12001c00, 0x00000f00, 0xceffbaff, 0xe2ff0a00, 0x00000000,
    0x0000f4ff, 0xf8ff0000, 0x00000000, 0x0f000000, 0x00000f00, 0xf8ffe6ff, 0xfbfffeff, 0xe8ff0500, 0x0000fbff, 0xf6ff0000, 0xdcffd9ff, 0xfcfffbff,
    0x0000f6ff, 0x0000fbff, 0x0e00fbff, 0xf1ff1800, 0x19001800, 0xdbffe0ff, 0xd8ffddff, 0xecffeaff, 0xe5ffe7ff, 0xd8ffe5ff, 0xd8ffdbff, 0xffffe2ff,
    0x0e000800, 0xffff1300, 0xffff0a00, 0xf4ff0400, 0xfaffecff, 0xf6ffecff, 0x0000f3ff, 0x00000000, 0x00000000, 0xf4fff4ff, 0x0000f4ff, 0xe5ff1300,
    0x0000fbff, 0xe8ffe0ff, 0x00000000, 0x0900fbff, 0xdbffe7ff, 0x0000ddff, 0xdbffe1ff, 0xfdff0000, 0xfbfffbff, 0xf6ffecff, 0x0000fbff, 0x0a00d8ff,
    0xd3ffceff, 0x0000d8ff, 0xf3ffe5ff, 0x0a000000, 0x00000000, 0x0000feff, 0xfcff0000, 0x00000000, 0x0000feff, 0x00001400, 0xfbfff6ff, 0xfcff0000,
    0x0000f6ff, 0x00000000, 0x0000f6ff, 0x00000000, 0x00000000, 0x00000000, 0x00000000, 0x00000000, 0x00000f00, 0x05000000, 0x0a000000, 0x00000000,
    0x0500fbff, 0xfbfffbff, 0xf6ff0000, 0xfbff0000, 0x0000fbff, 0x0000fbff, 0x00000000, 0x00000000, 0x0000fbff, 0xfbff0000, 0xf6fff6ff, 0x0000f6ff,
    0x00000000, 0x00000000, 0xf6fff6ff, 0xfefff6ff, 0xf7ff0500, 0x00000000, 0xf8fffaff, 0x00000000, 0x0000fbff, 0x0000f6ff, 0x00000000, 0x00000000,
    0x00000000, 0x00000000, 0x0000f6ff, 0x00000000, 0x00000000, 0x00000a00, 0x00000000, 0x00000000, 0x00000000, 0x00000000, 0x0000e7ff, 0xd8ff0000,
    0x00000000, 0x0300f5ff, 0x00000000, 0xf7ffdeff, 0xedfff8ff, 0xf2ffecff, 0x0000f2ff, 0xf6ffe7ff, 0xfbfffbff, 0xf4fffcff, 0x00000000, 0xf1ffeaff,
    0xfbffefff, 0x00000a00, 0x06000000, 0x0000f6ff, 0xfeffe7ff, 0x05000000, 0xeeff0500, 0xe9ff0000, 0xfeff0500, 0xfbff0000, 0x0000fbff, 0x00000000,
    0xf9fffbff, 0xecfffeff, 0xecfff1ff, 0xe2ffe2ff, 0x0000ddff, 0x00000000, 0x00000000, 0xdfffd6ff, 0xf2ffd6ff, 0xddff0000, 0xf3fff2ff, 0xdbffd6ff,
    0x00000000, 0xfcfff4ff, 0xfeffe7ff, 0x0000fbff, 0xfefffcff, 0xe8ff0000, 0xeeffe8ff, 0xd8ffc9ff, 0x0000f1ff, 0x0000c4ff, 0xfbff0000, 0x00000000,
    0xeeffd3ff, 0x0000f6ff, 0x00000000, 0xe2fff6ff, 0x00000000, 0xe2ffe2ff, 0x00000000, 0x00000f00, 0x00000000, 0x00000000, 0x00000000, 0x00000000,
    0x00000000, 0x00000000, 0x00000000, 0xddfff6ff, 0x00000000, 0x00000000, 0x00000000, 0x00000000, 0x00000000, 0x00000000, 0x00000000, 0x00000000,
    0x00000000, 0x00000000, 0x00000000, 0x00000000, 0x00000000, 0x00000000, 0x00000000, 0x00000000, 0x00000000, 0x00000000, 0xecff0000, 0x0000f6ff,
    0xecffd8ff, 0x0000d8ff, 0x00000000, 0x0000f1ff, 0x0000ecff, 0x00000000, 0x00000000, 0xf6ffe7ff, 0x00000000, 0xf6ff0000, 0x00000000, 0x0000e2ff,
    0x00000000, 0x0000f6ff, 0x0000c9ff, 0x00000000, 0x00000000, 0x00000000, 0x00000000, 0x00000000, 0x0000fcff, 0xfcff0000, 0x00000000, 0xf8fffeff,
    0xf6ff0000, 0x0000fdff, 0x00000000, 0xfcfff6ff, 0xeafffcff, 0xf6fffbff, 0xe8ffe2ff, 0x00000000, 0x00000000, 0xfbfffeff, 0xfbfffbff, 0x0000d8ff,
    0xfcff0000, 0xf1fffeff, 0xf9fff1ff, 0xfbfffbff, 0x0000f6ff, 0xfbfffbff, 0xf9fff6ff, 0x0000fbff, 0x05000500, 0x05000000, 0x00000500, 0x0a00feff,
    0x05000000, 0xfeff0000, 0x00000000, 0x00000000, 0x00000000, 0xf6fffcff, 0xf9fffcff, 0xf9fffcff, 0xfbfffcff, 0xf9fff8ff, 0xfbfffdff, 0xf3fffbff,
    0xe5fffeff, 0xf6ffe4ff, 0xe5fff1ff, 0xfbff0000, 0xfafffaff, 0x00000000, 0xfbfffbff, 0x0000fbff, 0xf1fffbff, 0x0000f1ff, 0xfefffbff, 0x00000000,
    0x00000000, 0x00000000, 0x00000000, 0x00000000, 0xedff0000, 0xe7fff5ff, 0xf8ff0a00, 0x0a00fcff, 0x0000f6ff, 0xecff0000, 0xf6fff6ff, 0xe3ffceff,
    0xf6ff0000, 0x00000000, 0x00000000, 0x00000000, 0x0000c9ff, 0xe2ff0000, 0xe7fffbff, 0x0000e2ff, 0x0000fbff, 0x0000fbff, 0xf6fff6ff, 0x0000ecff,
    0x0a00ecff, 0xfbff0000, 0xf6fffbff, 0xfbfffbff, 0x0000f6ff, 0x05000000, 0x00000000, 0x00000000, 0x00000000, 0xf1ff0000, 0xfcff0000, 0xfbff0000,
    0xfefffcff, 0x00000000, 0xfeff0000, 0xe7fffbff, 0xf1fff5ff, 0xe2ff0000, 0xf1ffe0ff, 0xe7fffbff, 0x00000000, 0x00000000, 0x0f000a00, 0x00000000,
    0xddff0f00, 0xddffecff, 0x0000ddff, 0x00001400, 0x00000000, 0x00000000, 0x0000feff, 0xf8ff0000, 0x00000000, 0x00000000, 0x00000a00, 0x0000f7ff,
    0x00000000, 0x0000f6ff, 0x00000000, 0x0000f6ff, 0xf1fff1ff, 0x0a000000, 0x00000000, 0x00000000, 0x00000000, 0x0000ecff, 0x00000500, 0x00000500,
    0x00000000, 0x00000500, 0x0a000000, 0x00000000, 0x0000fbff, 0x0a000500, 0x05000500, 0x19000500, 0x0f000500, 0x00000000, 0x00000000, 0x0000fbff,
    0x0000f6ff, 0x00000000, 0x00000000, 0xf9fff6ff, 0x00000000, 0x00000000, 0x00000000, 0xfcfffbff, 0xfbff0000, 0x0000fbff, 0xf6ff0000, 0x0000f1ff,
    0xf6fffcff, 0x00000000, 0x00000000, 0xfbffecff, 0x00000000, 0x0000ecff, 0x00000a00, 0x05000000, 0x0a000000, 0x00000000, 0xd8ff0000, 0xecfff4ff,
    0xccffecff, 0xf6ffecff, 0xcfffdeff, 0x0000ceff, 0xfeffe7ff, 0xdbfff7ff, 0xfbffe2ff, 0xb3fffbff, 0x0500f1ff, 0x00000000, 0xe2fffbff, 0xf6ff0000,
    0xddffe0ff, 0xf6ffe2ff, 0x05008eff, 0xb6ff0000, 0x14000500, 0x0a000000, 0x19001700, 0x01001400, 0x06000f00, 0x0a001e00, 0xbdff0f00, 0xceffc9ff,
    0xb3ffc9ff, 0xaeffc7ff, 0xfcffb7ff, 0xc4fff6ff, 0xc9ffd8ff, 0x0000deff, 0xd8ff0000, 0x00000000, 0xc7ffc9ff, 0xe2ffd8ff, 0xf2ffcfff, 0xf9fffbff,
    0xf4ffe2ff, 0xfaffcaff, 0xcffff6ff, 0x0f00f6ff, 0x00000000, 0x0f00feff, 0xe0ff0000, 0xeeffddff, 0xf6ffd8ff, 0x0000ddff, 0x9affd3ff, 0x07001000,
    0x00001000, 0xdbffd4ff, 0xddff0500, 0x0a000000, 0x00000000, 0x00000000, 0xe2ff0000, 0xf8ff0000, 0x00000a00, 0xfbfffbff, 0x0a00fcff, 0xf2fff1ff,
    0xf6fff7ff, 0xe2ff0000, 0xe1ffb5ff, 0x00000000, 0x00000000, 0x00000000, 0x00000000, 0xe7ffceff, 0x0300fbff, 0xb0ffc8ff, 0xd6ffd3ff, 0xf8ffeaff,
    0xe4fff1ff, 0xddffe7ff, 0xe0ffd0ff, 0x0f00daff, 0x0c000800, 0x0c000c00, 0x0c000900, 0x05000c00, 0x0f00f6ff, 0x0c000000, 0x00000000, 0x00000000,
    0xf1ff0000, 0xfaff0000, 0xfaff0000, 0xe2ff0000, 0xfbfff2ff, 0xe2fff7ff, 0xfcfffdff, 0xf8fff8ff, 0xa9fff6ff, 0xfaffbfff, 0xb6ffcdff, 0xfdff0000,
    0x00000000, 0xfbff0500, 0x00000000, 0x00000000, 0xa9ffbeff, 0xfbffabff, 0x00000a00, 0x00000000, 0x00000000, 0x00000000, 0xfbff0000, 0x00000000,
    0x00000000, 0x00000000, 0x00000000, 0x00000000, 0x0000f1ff, 0x00000000, 0x00000000, 0x00000000, 0x00000000, 0x00000000, 0x00000000, 0x00000000,
    0x0000e2ff, 0xf6fff6ff, 0x00000000, 0x0000f6ff, 0x00000000, 0x00000000, 0x00000000, 0x00000000, 0x00000000, 0x00000000, 0x00000000, 0x00000000,
    0x00000000, 0x00000500, 0x00000000, 0x00000000, 0x00000000, 0x00000000, 0x00000000, 0x00000000, 0x0500f6ff, 0x00000000, 0x00000000, 0x00000000,
    0x00000000, 0x00000000, 0x00000000, 0x00000000, 0x00000000, 0x00000000, 0x0000f6ff, 0x00000000, 0xe2ffecff, 0x00000000, 0x00000000, 0x00000000,
    0x00000000, 0x00000000, 0x0000fbff, 0xf6ff0000, 0x00000000, 0x0500fcff, 0x00000000, 0xfbffe0ff, 0x0000fcff, 0xdbff0000, 0x0000ecff, 0x00000000,
    0xccffadff, 0x05000000, 0x00000000, 0x0000fbff, 0x0000faff, 0xedff1400, 0x1c000700, 0xbbffd4ff, 0xcfffbaff, 0xe2ffd4ff, 0xe8ffe2ff, 0xcfffd9ff,
    0xcfffcaff, 0x0a00caff, 0x14000600, 0x14001400, 0x0f001000, 0xefff0f00, 0x0a00eaff, 0x0000f9ff, 0x0000f6ff, 0x00000000, 0x00000000, 0xf2fffbff,
    0xfafffbff, 0xccff0a00, 0xfcffe7ff, 0xccffe3ff, 0xfbff0000, 0x0000fcff, 0xa7ffe8ff, 0xfbffc7ff, 0xb3ffc2ff, 0xfbff0000, 0xfcfffcff, 0x00000000,
    0x00000000, 0xfbffe7ff, 0xbaffc5ff, 0x0000d6ff, 0x0000f1ff, 0xfbff0000, 0x00000000, 0x0000fbff, 0xc4ff0000, 0x00000000, 0xe2ff0000, 0x00000000,
    0x0000f1ff, 0x00000000, 0x0000baff, 0x00000000, 0x0a00f6ff, 0x00000000, 0x00000000, 0x00000000, 0x00000000, 0x00000000, 0x0000c4ff, 0xceff0000,
    0x00000000, 0x00000000, 0x00000000, 0x00000000, 0x00000000, 0x00000000, 0x00000000, 0x00000000, 0x00000000, 0x00000000, 0x00000000, 0x0000e7ff,
    0x00000000, 0x00000000, 0x00000000, 0x00000000, 0x0000bfff, 0xc4ffbfff, 0xc4ffb0ff, 0xc4ffc4ff, 0x0000c4ff, 0xf6ffbaff, 0xe2ff0000, 0x0500f6ff,
    0x00000000, 0x00000000, 0xceff0000, 0x00000000, 0xecff9cff, 0x0000c4ff, 0xc4ffc4ff, 0x00000000, 0x00000000, 0x00000000, 0x00000000, 0x00000000,
    0x0000fbff, 0xfbff0000, 0x00000000, 0x0a00fbff, 0x00000000, 0xf9fff4ff, 0x0000f9ff, 0xedff0000, 0x0000f2ff, 0x00000000, 0xd8ffc1ff, 0x0000fbff,
    0x00000000, 0xfcfffbff, 0x0000f9ff, 0xecff0500, 0x10000000, 0xb3ffbdff, 0xc5ffbaff, 0xe2ffdeff, 0xccffdbff, 0xc5ffd1ff, 0xcaffcaff, 0x0d00caff,
    0x12000a00, 0x0e000f00, 0x0a000d00, 0xf7ff0d00, 0x0d00eeff, 0x0a00fbff, 0x0000f9ff, 0x00001000, 0x00000000, 0xf4fffbff, 0xfafffbff, 0xdbff1000,
    0xfbfff2ff, 0xdeffeaff, 0xf9ff0000, 0x0000fbff, 0xbefff4ff, 0xf9ffcaff, 0xc3ffc7ff, 0xf9ff0000, 0xfcfffcff, 0x00000000, 0xfcfffcff, 0x1000f2ff,
    0xb8ffc0ff, 0x0000b6ff, 0xfeff0a00, 0x0a00fcff, 0x00000000, 0x0000edff, 0xe4ff0000, 0x00000000, 0x1e000000, 0x00000000, 0xf2ffd7ff, 0xecfffbff,
    0xeaff0f00, 0x0a00f1ff, 0xf6fffbff, 0xf2fff2ff, 0xfbfffbff, 0x00000000, 0x0000faff, 0x1400f2ff, 0xfbff2c00, 0x1e001800, 0xf6ffeeff, 0xf4ffecff,
    0xfbfff6ff, 0xe5fff9ff, 0xe2fff5ff, 0xf4fffeff, 0x0a00f6ff, 0x0a000000, 0x0a000a00, 0x0a000200, 0xe7ff0a00, 0xf5fff1ff, 0xecffe6ff, 0x0000daff,
    0x00000000, 0x00000000, 0xedffd9ff, 0x0000d9ff, 0xd2ff1400, 0x0000f6ff, 0xd6ffceff, 0x00000000, 0x0500f3ff, 0xf3ffdcff, 0x0000f3ff, 0xf3fff4ff,
    0xf8ff0000, 0xf1fff1ff, 0xd8ffceff, 0x0000f8ff, 0x1e00beff, 0xf2fff7ff, 0x0000f4ff, 0xecffdaff, 0x1e000000, 0x00000000, 0x00000000, 0xfdff0000,
    0x00000000, 0x00000000, 0x00000000, 0x00000000, 0x00000000, 0x00000000, 0x00000000, 0x00000000, 0x00000000, 0x00000000, 0x00000000, 0x00000000,
    0x00000000, 0x00000a00, 0x05000000, 0x00000000, 0x0a00ecff, 0x00000000, 0xecff0000, 0xf6ff0000, 0x00000a00, 0xfbff0000, 0x05000000, 0x00000000,
    0xfbfffbff, 0x00000000, 0xf1fff9ff, 0xecfff6ff, 0x0000ecff, 0x00000000, 0x00000000, 0xfbff0000, 0x0000fbff, 0xfbff0000, 0x00000000, 0x00000000,
    0x00000000, 0x00000000, 0xf9ff0000, 0x00000000, 0xf9ff0000, 0x00000000, 0x00000000, 0x00000000, 0x00000000, 0x0000e2ff, 0x00000000, 0x00000000,
    0x00000000, 0x00000000, 0x00000000, 0x00000000, 0x00000000, 0x00000000, 0x0a00feff, 0x00000000, 0xfbfff6ff, 0x0500feff, 0xf2ff0000, 0x0000f2ff,
    0x00000000, 0xd8ffbfff, 0x0000feff, 0x00000000, 0x00000000, 0x0000feff, 0xecff0a00, 0x10000000, 0xaeffb8ff, 0xcaffceff, 0xf4ffedff, 0xdbffe5ff,
    0xcfffdbff, 0xd4ffcaff, 0x1200d4ff, 0x17001000, 0x13001a00, 0x0a001700, 0x05001400, 0x1400f6ff, 0x0f000000, 0x00000000, 0x00001000, 0x00000000,
    0xf9ff0000, 0xfcff0000, 0xdeff0a00, 0x0000f4ff, 0xe2fff3ff, 0xfeff0000, 0x0000feff, 0xb1fff6ff, 0xfeffcdff, 0xbbffccff, 0xfeff0000, 0x00000000,
    0x00000000, 0x00000000, 0x1000fcff, 0xb3ffbaff, 0x0000b1ff, 0x00000a00, 0x0a000000, 0x00000000, 0x00000000, 0x00000000, 0x00000000, 0x00000000,
    0x00000000, 0x00000500, 0x00000000, 0x00000000, 0x00000000, 0x0000fbff, 0x00000000, 0x00000000, 0x00000000, 0x00000000, 0x00000000, 0x0000ecff,
    0x00000000, 0x00000000, 0x00000000, 0x00000000, 0x00000000, 0x00000000, 0x00000000, 0x00000000, 0x00000000, 0x00000000, 0x00000000, 0x00000000,
    0x00000000, 0x00000000, 0x00000000, 0x00000000, 0x00000000, 0x00000000, 0x00000000, 0x00000000, 0x00000000, 0x00000000, 0xf6ff0000, 0xfbfffbff,
    0x00000a00, 0xf6fffbff, 0x00000000, 0x00000000, 0x00000000, 0x0a000000, 0x00000000, 0x00000000, 0x00000000, 0x00000000, 0x00000000, 0x00000000,
    0x42770100, 0x00000400, 0x96004600, 0xe600c000, 0x3e013401, 0x52014801, 0x66015c01, 0x76017001, 0xa2017c01, 0xee01e801, 0x0202f801, 0x46020c02,
    0x7603cc02, 0x4204c803, 0x7e05f804, 0x6206dc05, 0xfa06a806, 0xfe077807, 0xf208a008, 0x060a5009, 0xae0a0c0a, 0x420b3c0b, 0x660cec0b, 0x2a0d200d,
    0x2a0e8c0d, 0xe20ea80e, 0x2a0f240f, 0x3e0f340f, 0xc20f900f, 0x3e100410, 0xca109010, 0x5e110811, 0x0a12b811, 0xa2125812, 0x1a13e012, 0x82135413,
    0xf613b813, 0x0a003c14, 0x0a003002, 0x0a003d02, 0x0a003e02, 0xf6ff4002, 0x0a004202, 0xf6ff4302, 0xc4ff5802, 0xe2ff5c02, 0xf1ff6d02, 0xbaff7002,
    0x34020900, 0x37021400, 0x4b02f6ff, 0x5302f1ff, 0x5702ecff, 0x5802f1ff, 0x5b02ceff, 0x5c02e2ff, 0x7002ecff, 0x1300f1ff, 0xa6ff3002, 0xb0ff3202,
    0xa6ff3402, 0xa6ff3a02, 0xceff3c02, 0x16003d02, 0xa6ff3e02, 0xa1ff4002, 0xa6ff4202, 0x0a004302, 0xabff4402, 0x14004b02, 0xb0ff5802, 0x9cff5a02,
    0x0a005b02, 0x7eff5c02, 0xe2ff6d02, 0xceff6f02, 0x88ff7002, 0x63020200, 0x64021400, 0x02001400, 0x14006302, 0x14006402, 0x63020200, 0x64020000,
    0x02000a00, 0x00006302, 0x05006402, 0x63020200, 0x64020000, 0x02000a00, 0x00006302, 0x05006402, 0x58020100, 0x0100ecff, 0xa6ff5802, 0x58020900,
    0x5b021400, 0x63020a00, 0x64021400, 0x6a022800, 0x6d021400, 0x6f022800, 0x70022800, 0x72022800, 0x11002800, 0xf1ff3002, 0xe2ff3202, 0xecff3402,
    0xecff3702, 0xecff3a02, 0xf1ff3d02, 0xf1ff3e02, 0xf1ff4202, 0xe2ff4302, 0x1e005802, 0x10005b02, 0x14006302, 0x1e006402, 0x1e006d02, 0x1e006f02,
    0x1e007002, 0x1e007202, 0x4b020100, 0x0200fbff, 0x14006302, 0x14006402, 0x63020200, 0x64021400, 0x02001400, 0x14006302, 0x14006402, 0x5c000e00,
    0x8500f6ff, 0x9f00f6ff, 0x3d02e2ff, 0x44020800, 0x5802fcff, 0x5c02f6ff, 0x5203f6ff, 0x5403f6ff, 0x55030a00, 0x56030a00, 0x57030f00, 0x58030f00,
    0x59030a00, 0x21000a00, 0xd8ff5c00, 0x05008300, 0xfbff8400, 0xf1ff8500, 0xd3ff9f00, 0x0e003402, 0xfbff3702, 0xfbff3c02, 0xf1ff4002, 0xecff4302,
    0xfbff4b02, 0xf6ff5302, 0xe2ff5802, 0xf6ff5b02, 0xddff5c02, 0xf1ff4a03, 0xf6ff4b03, 0x0a004c03, 0xfbff4d03, 0xf6ff4f03, 0xf1ff5003, 0xf6ff5103,
    0xf6ff5203, 0xe7ff5303, 0x0a005403, 0x05005503, 0x05005603, 0x05005703, 0x05005803, 0x0f005903, 0x0a005a03, 0x0a005c03, 0x0a005d03, 0x53002a00,
    0x5400f6ff, 0x5c00e7ff, 0x74001400, 0x79001e00, 0x83001900, 0x8500ecff, 0x9f003200, 0x2e02d8ff, 0x3002faff, 0x3202dcff, 0x3402f0ff, 0x3702f8ff,
    0x3c020500, 0x3e02fbff, 0x4002ceff, 0x4202f4ff, 0x4402d2ff, 0x4b02daff, 0x53021400, 0x57021400, 0x58021400, 0x5a022300, 0x5b02f6ff, 0x5c021400,
    0x63020a00, 0x64022a00, 0x4b033800, 0x4c031400, 0x4d031900, 0x4e031900, 0x4f03f6ff, 0x51030f00, 0x53032800, 0x54031400, 0x5503f6ff, 0x56030a00,
    0x57030a00, 0x5a030a00, 0x5b03f6ff, 0x5c03ecff, 0x5d03f6ff, 0x1400ecff, 0xd8ff5c00, 0x05008300, 0xfbff8500, 0xf6ff9f00, 0x08003402, 0x08003c02,
    0x08003d02, 0x0a004002, 0x06004302, 0xf6ff5802, 0x0a005a02, 0xf6ff5b02, 0x0a004c03, 0x0a004d03, 0x0a005403, 0x05005503, 0x05005603, 0x05005703,
    0x05005803, 0x0a005d03, 0x53001e00, 0x5400f1ff, 0x5c00f6ff, 0x7400f6ff, 0x8300f6ff, 0x8500f6ff, 0x2e02ecff, 0x3002fbff, 0x3202e4ff, 0x3702d6ff,
    0x3a02f6ff, 0x3d02e0ff, 0x3e02ecff, 0x4202e4ff, 0x4402e6ff, 0x5802f8ff, 0x5c02d8ff, 0x4a03f8ff, 0x4d030a00, 0x4e030a00, 0x50030a00, 0x51030f00,
    0x5203f6ff, 0x54030a00, 0x5803ecff, 0x5903ecff, 0x5a03f6ff, 0x5b03e7ff, 0x5c03f6ff, 0x5d03e7ff, 0x2d00ecff, 0xf6ff5300, 0xecff5400, 0x0a007000,
    0x14007900, 0xecff8300, 0xa6ff8400, 0x92ff8500, 0x92ff9f00, 0xf6ff2e02, 0xe4ff3002, 0xeaff3202, 0xe0ff3402, 0x12003702, 0xeaff3a02, 0xe0ff3c02,
    0xe4ff3e02, 0xbaff4002, 0xe4ff4202, 0xdaff4302, 0xdaff4402, 0x14004b02, 0x14005702, 0xa1ff5802, 0xd3ff5a02, 0x0a005b02, 0xabff5c02, 0xb0ff4a03,
    0xc4ff4b03, 0xd8ff4c03, 0xd8ff4d03, 0xceff4e03, 0xceff4f03, 0xbaff5003, 0xbaff5103, 0xb0ff5203, 0xbaff5303, 0x14005403, 0x14005503, 0x1e005603,
    0x1e005703, 0x28005803, 0x0a005903, 0x0f005a03, 0xf6ff5b03, 0x0a005c03, 0x53002100, 0x5400f1ff, 0x7400f6ff, 0x79000f00, 0x83000a00, 0x8500f6ff,
    0x9f001e00, 0x2e02ecff, 0x3002f8ff, 0x3202eaff, 0x3402f2ff, 0x3a02faff, 0x3c02faff, 0x3e02f8ff, 0x4002eaff, 0x4202f6ff, 0x4402eaff, 0x4b02f2ff,
    0x57020a00, 0x58020f00, 0x63021400, 0x64021700, 0x4b032400, 0x4c030a00, 0x4d030a00, 0x50030a00, 0x5103f6ff, 0x54031400, 0x5803f1ff, 0x5a03f6ff,
    0x5b03f1ff, 0x5c03f6ff, 0x5d03f1ff, 0x1700ecff, 0xf6ff7900, 0xfcff3002, 0xf6ff3202, 0xfcff3702, 0xfbff3a02, 0x05003c02, 0x0a004002, 0x0f004302,
    0xe2ff5802, 0x0c005a02, 0x14004a03, 0x0a004b03, 0x14004c03, 0x14004d03, 0x23004e03, 0x14004f03, 0x14005003, 0x14005203, 0x0a005303, 0xf6ff5403,
    0xf1ff5a03, 0xecff5c03, 0xf6ff5d03, 0x5c002100, 0x8300d8ff, 0x84000500, 0x8500fbff, 0x9f00f1ff, 0x3402d8ff, 0x37020e00, 0x3c02fbff, 0x4002fbff,
    0x4302f1ff, 0x4b02f2ff, 0x5302fbff, 0x5802f6ff, 0x5b02baff, 0x5c02f6ff, 0x4a03d3ff, 0x4b03f1ff, 0x4c03f6ff, 0x4d030a00, 0x4f03fbff, 0x5003f6ff,
    0x5103f1ff, 0x5203e2ff, 0x5303f6ff, 0x5403ddff, 0x55030a00, 0x56030500, 0x57030500, 0x58030500, 0x59030500, 0x5a030f00, 0x5c030a00, 0x5d030a00,
    0x11000a00, 0xf1ff5300, 0xecff5c00, 0xf6ff7900, 0xecff9f00, 0xd2ff5802, 0x0f004a03, 0x0f004c03, 0x0f004d03, 0x19004e03, 0x0f004f03, 0x0f005003,
    0x0f005203, 0xf6ff5403, 0xf1ff5803, 0xf6ff5903, 0xecff5a03, 0xecff5c03, 0x5c001400, 0x7900ceff, 0x8400f6ff, 0x32021900, 0x3402fbff, 0x37020f00,
    0x3c02eeff, 0x40020800, 0x43020d00, 0x58020c00, 0x5a02e2ff, 0x5b021900, 0x4a03ecff, 0x4b031e00, 0x4c031e00, 0x4d031e00, 0x4e031e00, 0x4f031e00,
    0x50031400, 0x52031e00, 0x1f001400, 0xecff5c00, 0xe2ff7900, 0xf0ff3002, 0xf2ff3202, 0x08003402, 0xf2ff3702, 0xfbff3a02, 0x05003c02, 0xf8ff3d02,
    0xf6ff3e02, 0x0a004002, 0xf6ff4202, 0x0f004302, 0xe2ff5802, 0x0c005a02, 0xf1ff5b02, 0x14004a03, 0x0a004b03, 0x14004c03, 0x14004d03, 0x23004e03,
    0x14004f03, 0x14005003, 0x14005203, 0x0a005303, 0xecff5403, 0xf6ff5803, 0xf1ff5903, 0xecff5a03, 0xe2ff5c03, 0xf6ff5d03, 0x5c002100, 0x8300d8ff,
    0x84000500, 0x8500fbff, 0x9f00f1ff, 0x3402e2ff, 0x37020e00, 0x3c02fbff, 0x4002fbff, 0x4302f1ff, 0x4b02eeff, 0x5302fbff, 0x5802f6ff, 0x5b02baff,
    0x5c02f6ff, 0x4a03d3ff, 0x4b03f1ff, 0x4c03f6ff, 0x4d030a00, 0x4f03fbff, 0x5003f6ff, 0x5103f1ff, 0x5203f6ff, 0x5303f6ff, 0x5403e7ff, 0x55030a00,
    0x56030500, 0x57030500, 0x58030500, 0x59030500, 0x5a030f00, 0x5c030a00, 0x5d030a00, 0x28000a00, 0xecff5300, 0xf8ff5400, 0x28005c00, 0x00006000,
    0x23007400, 0x32007900, 0xe4ff3002, 0xd8ff3202, 0xf4ff3602, 0xdcff3702, 0xe4ff3a02, 0x0a003c02, 0xe4ff3e02, 0x0f004002, 0xe4ff4202, 0x0e004302,
    0xf4ff4402, 0xf6ff4b02, 0xecff5302, 0xf6ff5702, 0xddff5802, 0xe2ff5b02, 0xecff5c02, 0x0a004a03, 0x0a004d03, 0x14004e03, 0x0a004f03, 0x0f005003,
    0x0a005203, 0x0a005303, 0xddff5403, 0xe7ff5503, 0xe7ff5603, 0xe7ff5703, 0xddff5803, 0xe2ff5903, 0xd3ff5a03, 0xf1ff5b03, 0xceff5c03, 0xe2ff5d03,
    0x5c001400, 0x8500d8ff, 0x3402ecff, 0x37020a00, 0x3a02f6ff, 0x3d02f8ff, 0x40020400, 0x43020500, 0x4b020800, 0x5302f6ff, 0x5702fbff, 0x5802f6ff,
    0x5b02b0ff, 0x5c02e2ff, 0x4c03e7ff, 0x4d030a00, 0x51030a00, 0x5303f1ff, 0x5a03f6ff, 0x5c03f6ff, 0x1700f6ff, 0xceff5c00, 0xecff7900, 0xf1ff8400,
    0xecff8500, 0xf6ff9f00, 0xfbff3002, 0xfbff3202, 0xfbff4402, 0xfbff5302, 0xe7ff5802, 0xecff5b02, 0xf8ff5c02, 0xf1ff4a03, 0xf6ff4b03, 0xf6ff4c03,
    0xf6ff4d03, 0xf6ff4e03, 0xf6ff4f03, 0xf6ff5003, 0xecff5103, 0xf6ff5203, 0xf6ff5303, 0x05005503, 0x53002d00, 0x5400daff, 0x5c00d8ff, 0x7200a6ff,
    0x74000f00, 0x79001400, 0x8400abff, 0x85000a00, 0x9f000a00, 0x2e02e2ff, 0x3002ecff, 0x3202c4ff, 0x3402e7ff, 0x3702e4ff, 0x3c02ecff, 0x3d02ddff,
    0x3e02b2ff, 0x4002b2ff, 0x4202d8ff, 0x4302b2ff, 0x4402ecff, 0x5802c1ff, 0x5a021100, 0x6302ecff, 0x64021e00, 0x4a032800, 0x4b031300, 0x4c031100,
    0x4d031900, 0x4e031400, 0x4f03fdff, 0x50030a00, 0x51030a00, 0x52031800, 0x53030e00, 0x54031800, 0x5503b0ff, 0x5603b5ff, 0x5703b5ff, 0x5803b5ff,
    0x5903b0ff, 0x5a03acff, 0x5b03aeff, 0x5c03b5ff, 0x5d03b3ff, 0x0100b8ff, 0x0f006402, 0x53002800, 0x5400f6ff, 0x5c00ecff, 0x74001e00, 0x84000a00,
    0x85000a00, 0x9f001400, 0x2e02f1ff, 0x3002f8ff, 0x3202ecff, 0x3402ecff, 0x3c02f6ff, 0x3e02faff, 0x4002ecff, 0x4202faff, 0x4302ecff, 0x4402faff,
    0x4b02f6ff, 0x57020400, 0x5a020500, 0x6302f1ff, 0x64020a00, 0x4a031900, 0x4b031400, 0x4c031e00, 0x4d031e00, 0x4f031400, 0x50030500, 0x5103fbff,
    0x52031e00, 0x53031400, 0x54031e00, 0x55030500, 0x56031400, 0x57031400, 0x58031400, 0x59031400, 0x5a031400, 0x5c031400, 0x5d030f00, 0x2300fbff,
    0xe7ff5300, 0xd8ff5400, 0x23005c00, 0x0a007400, 0xe2ff8400, 0xd8ff9f00, 0xf6ff2e02, 0xd8ff3002, 0xddff3202, 0xecff3402, 0xecff3a02, 0xe7ff3c02,
    0xf8ff3d02, 0xd8ff3e02, 0xddff4002, 0xd8ff4202, 0xd8ff4302, 0xd8ff4402, 0xecff5802, 0xddff5a02, 0xf8ff5c02, 0x00006302, 0x0a006402, 0xecff4a03,
    0xf1ff4b03, 0xf6ff4c03, 0xf6ff4d03, 0xd8ff4e03, 0xecff4f03, 0xe2ff5003, 0xe2ff5203, 0xecff5303, 0xfbff5403, 0xe7ff5b03, 0xecff5d03, 0x64020100,
    0x2a000f00, 0xe2ff5300, 0xf6ff5400, 0x9cff5c00, 0xceff7900, 0x10008300, 0x0a008500, 0x14009f00, 0xf6ff2e02, 0xf1ff3002, 0xeeff3202, 0xdcff3702,
    0xfbff3a02, 0x0a003c02, 0xf1ff3d02, 0xf6ff3e02, 0x0f004002, 0xf1ff4202, 0x0c004302, 0xecff4b02, 0x14005a02, 0xecff5b02, 0x08005c02, 0x0a004a03,
    0x0a004b03, 0x0a004c03, 0x0a004d03, 0x0a004e03, 0x0a004f03, 0x0a005003, 0x05005103, 0x0a005203, 0x0a005303, 0xd8ff5403, 0xe2ff5503, 0xe2ff5603,
    0xecff5703, 0xbaff5803, 0xceff5903, 0xbfff5a03, 0xecff5b03, 0xc9ff5c03, 0xe2ff5d03, 0x53001e00, 0x5400f1ff, 0x5c00ecff, 0x79000f00, 0x83000500,
    0x8400f6ff, 0x8500fbff, 0x9f000a00, 0x3002ddff, 0x3202dcff, 0x3402e7ff, 0x3a02fbff, 0x3e02f1ff, 0x4002dcff, 0x4202f1ff, 0x4302dcff, 0x4402ecff,
    0x5702f1ff, 0x5a02f8ff, 0x5c02e4ff, 0x6302fbff, 0x64020000, 0x4a030f00, 0x4e03f6ff, 0x5003ecff, 0x5203f1ff, 0x5403f6ff, 0x5b03f6ff, 0x5c03e7ff,
    0x5d03f6ff, 0x2e00e2ff, 0xe7ff5300, 0xe2ff5400, 0xd8ff5c00, 0x14007200, 0x14007400, 0xbaff7900, 0x14008500, 0xd8ff9f00, 0xf1ff2e02, 0xd8ff3002,
    0xe2ff3202, 0xf6ff3402, 0xecff3702, 0xf6ff3a02, 0xe7ff3c02, 0xbfff3d02, 0xbfff3e02, 0xe2ff4002, 0xbfff4202, 0xe7ff4302, 0xceff4402, 0x0d005802,
    0xf8ff5a02, 0x05005c02, 0x1e006302, 0x2d006402, 0x28004a03, 0x19004b03, 0x1e004c03, 0x28004d03, 0x05004e03, 0x14004f03, 0x14005003, 0x32005103,
    0x1e005203, 0x28005303, 0xc4ff5403, 0xceff5503, 0xceff5603, 0xc4ff5703, 0xbaff5803, 0xceff5903, 0xc4ff5a03, 0xceff5b03, 0xc4ff5c03, 0xc4ff5d03,
    0x63020200, 0x64021400, 0x18002800, 0xbaff5c00, 0xecff7900, 0xfbff8400, 0xe7ff8500, 0xf6ff9f00, 0x1a003402, 0xeeff3702, 0x05003c02, 0x05004002,
    0x08004302, 0xf1ff4b02, 0xf2ff5302, 0xf6ff5702, 0xe2ff5802, 0x04005a02, 0xeaff5b02, 0xecff5c02, 0xf6ff4f03, 0xecff5103, 0xf6ff5303, 0xf6ff5803,
    0xfbff5a03, 0x0f005b03, 0x0f005d03, 0x53002700, 0x5400f1ff, 0x5c00e2ff, 0x72001400, 0x79000a00, 0x85001500, 0x9f001400, 0x3002f6ff, 0x3202e2ff,
    0x3a02ddff, 0x3c02f1ff, 0x3d02f1ff, 0x3e02fbff, 0x4002e2ff, 0x4202f1ff, 0x4302e2ff, 0x4402f1ff, 0x5a02ecff, 0x5c02ecff, 0x6302faff, 0x64020a00,
    0x4a031400, 0x4b030500, 0x4c030a00, 0x4d031400, 0x4e031400, 0x4f03e2ff, 0x50030a00, 0x5103ecff, 0x52031400, 0x5303f6ff, 0x54030a00, 0x5603ecff,
    0x58030a00, 0x59030a00, 0x5a03f6ff, 0x5b03f6ff, 0x5c03ecff, 0x5d03ecff, 0x1f00e2ff, 0xecff5300, 0xfbff5400, 0x9cff5c00, 0xbfff7900, 0x0a008500,
    0xf6ff2e02, 0xecff3002, 0xf1ff3202, 0x08003402, 0xe7ff3702, 0xf6ff3a02, 0x05003c02, 0xecff3d02, 0xecff3e02, 0x0a004002, 0xecff4202, 0x0a004302,
    0xfbff4402, 0x05005802, 0x04005a02, 0xfcff5b02, 0xe2ff5403, 0xecff5503, 0xe2ff5603, 0xe2ff5703, 0xc4ff5803, 0xe2ff5903, 0xceff5a03, 0xf6ff5b03,
    0xddff5c03, 0xecff5d03, 0x84000e00, 0x85000000, 0x58023c00, 0x5c020f00, 0x4a030000, 0x4b032800, 0x4c032800, 0x4d033200, 0x4e033200, 0x4f030a00,
    0x50032800, 0x51031400, 0x52033c00, 0x53031e00, 0x10002800, 0x14007400, 0x0f008400, 0x46008500, 0x14003a02, 0x1e005802, 0x00005c02, 0x32004a03,
    0x32004b03, 0x3c004c03, 0x3c004d03, 0x14004e03, 0x32004f03, 0x1e005003, 0x46005103, 0x28005203, 0x32005303, 0x64020100, 0x02000f00, 0x14006302,
    0x28006402, 0x63020200, 0x64021400, 0x14002800, 0xfbff3002, 0x14003402, 0xe2ff3702, 0x14003c02, 0xfbff3d02, 0xfbff3e02, 0x14004002, 0xfbff4202,
    0x1e004302, 0xf6ff5302, 0xf6ff5702, 0x14005802, 0x14005a02, 0xecff5b02, 0x14006302, 0x14006402, 0x1e006d02, 0x1e006f02, 0x1e007002, 0x1e007202,
    0x30020c00, 0x34021e00, 0x37022800, 0x3d02ecff, 0x3e021e00, 0x42021e00, 0x4b021e00, 0x5702ecff, 0x5802f6ff, 0x5a02ecff, 0x5b020f00, 0x5c02e2ff,
    0x1000fbff, 0x0a003002, 0x1e003402, 0xecff3702, 0x0a003c02, 0x0a003d02, 0x0a003e02, 0x0a004002, 0x0a004202, 0x0a005802, 0xf6ff5b02, 0x0a006302,
    0x0a006402, 0x1e006d02, 0x1e006f02, 0x1e007002, 0x1e007202, 0x34020e00, 0x37021e00, 0x3c02ecff, 0x40020a00, 0x53020a00, 0x5702f6ff, 0x5802f6ff,
    0x5b020a00, 0x6302f6ff, 0x64020a00, 0x6d020a00, 0x6f021e00, 0x70021e00, 0x72021e00, 0x14001e00, 0x0f003002, 0x1e003402, 0xecff3702, 0x1e003c02,
    0x0f003d02, 0x0f003e02, 0x1e004002, 0x0f004202, 0x14004302, 0xf6ff4b02, 0xf6ff5702, 0x0a005802, 0x0f005a02, 0xfbff5b02, 0x14006302, 0x14006402,
    0x1e006d02, 0x1e006f02, 0x1e007002, 0x1e007202, 0x34020e00, 0x37021e00, 0x3c02f6ff, 0x40021400, 0x43021400, 0x58020f00, 0x5a020500, 0x5b020a00,
    0x6302fbff, 0x64021400, 0x6d021400, 0x6f021e00, 0x70021e00, 0x72021e00, 0x0f001e00, 0x05003002, 0xf6ff3202, 0x23003402, 0xd3ff3702, 0x1e003c02,
    0x05003d02, 0x05003e02, 0x1e004002, 0x05004202, 0x1e004302, 0xecff4b02, 0xf1ff5702, 0xf6ff5802, 0x14005a02, 0xe2ff5b02, 0x2e021500, 0x3002f1ff,
    0x3202e2ff, 0x3402ecff, 0x3702f6ff, 0x3d02ecff, 0x3e02e2ff, 0x4202e2ff, 0x4302e2ff, 0x4402f6ff, 0x4b02ecff, 0x57020f00, 0x58020a00, 0x5a021e00,
    0x5b02f6ff, 0x63020a00, 0x64022800, 0x6d022800, 0x6f021e00, 0x70021e00, 0x72021e00, 0x16001e00, 0x0a003002, 0xf6ff3202, 0x14003402, 0xe2ff3702,
    0xf6ff3a02, 0x14003c02, 0x0a003d02, 0x0a003e02, 0x14004002, 0x0a004202, 0x14004302, 0xf6ff5302, 0xf6ff5702, 0x0a005802, 0x0a005a02, 0xecff5b02,
    0x14006302, 0x14006402, 0x1e006d02, 0x1e006f02, 0x1e007002, 0x1e007202, 0x2e021400, 0x3002f6ff, 0x3202f6ff, 0x3702ecff, 0x3c02ecff, 0x3d021400,
    0x3e02f6ff, 0x4002f6ff, 0x42021400, 0x4302f6ff, 0x44021400, 0x5302fbff, 0x5702f6ff, 0x5802f6ff, 0x5a020a00, 0x5b020500, 0x6d02ecff, 0x6f021e00,
    0x70021e00, 0x72021e00, 0x13001e00, 0x0a003002, 0x0a003402, 0x0a003702, 0xf6ff3c02, 0x0a003d02, 0x0a003e02, 0xe2ff4002, 0x0a004202, 0xddff4302,
    0x1e004b02, 0x14005702, 0xc4ff5802, 0x0a005a02, 0x0a005b02, 0xceff5c02, 0xf6ff6d02, 0xf6ff6f02, 0xc4ff7002, 0xf6ff7202, 0x30021200, 0x3202f6ff,
    0x3702f1ff, 0x3a021400, 0x3c02ecff, 0x3e02ecff, 0x4002f6ff, 0x4202e2ff, 0x4302f6ff, 0x4402ecff, 0x4b02f6ff, 0x57022300, 0x58021e00, 0x5a02c4ff,
    0x5b02f6ff, 0x5c021400, 0x6d02abff, 0x7002e2ff, 0x0f00b0ff, 0x0a003002, 0x14003702, 0xecff3c02, 0x0a003d02, 0x0a003e02, 0xddff4002, 0x0a004202,
    0xe7ff4302, 0x14004b02, 0x0a005702, 0xc4ff5802, 0x0a005b02, 0xc9ff5c02, 0xecff6d02, 0xb0ff7002, 0x30020e00, 0x37020a00, 0x3c020a00, 0x3d02ecff,
    0x3e020a00, 0x40020a00, 0x4202ddff, 0x43020a00, 0x4b02e2ff, 0x57021400, 0x58020f00, 0x5c02baff, 0x6d02c4ff, 0x7002ecff, 0x0e00b0ff, 0x0a003002,
    0x0f003402, 0x14003702, 0x0a003d02, 0x0a003e02, 0xf1ff4002, 0x0a004202, 0xecff4302, 0x1e004b02, 0x14005702, 0xd3ff5802, 0x0a005b02, 0xceff5c02,
    0xceff7002, 0x34020b00, 0x37020a00, 0x3c021400, 0x4002f6ff, 0x4302ecff, 0x4b02e7ff, 0x57021e00, 0x58021400, 0x5c02c4ff, 0x6d02ddff, 0x7002f6ff,
    0x0d00b0ff, 0x14003702, 0xe2ff4002, 0xecff4302, 0x23004b02, 0x19005702, 0xbaff5802, 0xfbff5a02, 0x0a005b02, 0xc9ff5c02, 0xecff6d02, 0xf6ff6f02,
    0xbaff7002, 0xf6ff7202, 0x30020f00, 0x34020a00, 0x37021900, 0x3d02f6ff, 0x3e020a00, 0x40020a00, 0x4202f6ff, 0x43020a00, 0x4b02ecff, 0x58020500,
    0x5a02c4ff, 0x5b020500, 0x5c02e2ff, 0x6d02ecff, 0x7002ecff, 0x1100b0ff, 0x0a003002, 0x0a003402, 0x0a003702, 0xf6ff3c02, 0x0a003d02, 0x0a003e02,
    0xe2ff4002, 0x0a004202, 0xddff4302, 0x23004b02, 0x14005702, 0xbaff5802, 0xceff5c02, 0xf6ff6d02, 0xf6ff6f02, 0xc4ff7002, 0xf6ff7202, 0x30020d00,
    0x3c020a00, 0x3d02ecff, 0x3e020a00, 0x40020a00, 0x4202e2ff, 0x43020a00, 0x4b02e7ff, 0x53020a00, 0x5802f6ff, 0x5b02baff, 0x5c02ecff, 0x7002c4ff,
    0x0200c4ff, 0x04006063, 0xca770000, 0x0200d277, 0x00000500, 0xf6ff1400, 0x0a000000, 0x14000000, 0x0000f6ff, 0x02001e00, 0x04004463, 0xe2770000,
    0x3a003c79, 0x00001800, 0x0000ecff, 0x00000000, 0x00000000, 0x00000000, 0x00000000, 0x00000000, 0x00000000, 0x00000000, 0x00000000, 0x00000000,
    0x00000000, 0x00000000, 0x0000f6ff, 0x00000000, 0x00000000, 0x00000000, 0x00000000, 0x00000000, 0x00000000, 0x00000000, 0x00000000, 0x00000000,
    0x00000000, 0x00000000, 0xfbff0000, 0xf6ff0a00, 0x0a000a00, 0xc4fff6ff, 0x00000000, 0x00000000, 0x00000000, 0x00000000, 0x00000000, 0x00000000,
    0x00000000, 0x00000000, 0xecff0000, 0x00000000, 0x00000000, 0xc4ffecff, 0x00000000, 0x00000000, 0x00000000, 0x00000000, 0x00000000, 0x00000000,
    0x00000000, 0x00000000, 0x0f000000, 0xabffa6ff, 0xa6ffa6ff, 0xb0ff0a00, 0xd8ffbaff, 0xabffe2ff, 0xe2ff9cff, 0x00000000, 0x00000000, 0x00000000,
    0x00000000, 0x00000000, 0x00000000, 0x00000000, 0x00000000, 0xd8ff0000, 0x00000000, 0x00000000, 0x00000000, 0x00000000, 0x00000000, 0x00000000,
    0x00000000, 0x00000000, 0x00000000, 0x00000000, 0x0000ecff, 0xb5ff0000, 0x00000000, 0x00000000, 0x0000ddff, 0x00000000, 0x00000000, 0x00000000,
    0x00000000, 0x00000000, 0xecff0000, 0x00000000, 0x00000000, 0x00000000, 0x00000000, 0x00000000, 0x00000000, 0x00000000, 0x00000000, 0x00000000,
    0x00000000, 0x00000000, 0x00000000, 0x00000000, 0x00000000, 0x14000000, 0x00000000, 0x00000000, 0x28000000, 0x00000000, 0x00000000, 0x00000000,
    0x00000000, 0x00000000, 0xd3ff0000, 0x0000f1ff, 0xf1fff1ff, 0x14000a00, 0x0000e7ff, 0x00000000, 0x1e000000, 0x00000000, 0x00000000, 0x00000000,
    0x00000000, 0x00000000, 0x00000000, 0x00000000, 0x00001000, 0x00000000, 0x00000000, 0x00000000, 0x00000000, 0x00000000, 0x00000000, 0x00000000,
    0x00000000, 0x00000000, 0xc4ff0000, 0x00000000, 0x00000000, 0x05000000, 0x00000000, 0x00000000, 0x00000000, 0x00000000, 0x00000000, 0x00000000,
    0x00000000, 0x00000000, 0xb5ff0000, 0x00000000, 0x00000000, 0x00000000, 0x00000000, 0x00000000, 0x00000000, 0x00000000, 0x00000000, 0x00000000,
    0x00000000, 0x00000000, 0x00000000, 0x00000000, 0x00000000, 0xe7ff0000, 0x00000000, 0xfcff0000, 0x00000000, 0xecfff1ff, 0x0f00f1ff, 0x00000000,
    0x00000000, 0x00000000, 0xfbff0000, 0xeeff0000, 0x00000000, 0xd8fffbff, 0x00000000, 0x00000000, 0x00000000, 0xc9ffddff, 0x0000ceff, 0xd8ff0a00,
    0x00000000, 0x00000000, 0x00000000, 0xf4ffd2ff, 0xd0ffd2ff, 0x1e000000, 0xfbffdeff, 0xdaffeeff, 0x0000f6ff, 0x0a001900, 0xe7ff0f00, 0x0000baff,
    0x0a00f8ff, 0x00000000, 0x00000000, 0x06000000, 0x00000000, 0xe2ff0000, 0x00000000, 0x00000000, 0x00000a00, 0xf1ff0000, 0x0000f6ff, 0xecff0a00,
    0x0a000000, 0x00000000, 0x00000000, 0x0000e4ff, 0xe6ffe4ff, 0xd8ff0000, 0x0000e8ff, 0xf8fffbff, 0x00000000, 0x00000000, 0x00000000, 0xecffd8ff,
    0x0000fbff, 0x00000000, 0x14000000, 0xccffe4ff, 0xe4ffe4ff, 0x9cff0000, 0xeeffeeff, 0xdaffeeff, 0x0000d8ff, 0x88ff92ff, 0xf6ff92ff, 0x0f00c9ff,
    0x1400f6ff, 0x00000000, 0x0000f6ff, 0xf6ffeaff, 0xeaffeaff, 0x0a000000, 0xf8ffe8ff, 0xf2fff4ff, 0x00000000, 0xf6ff0000, 0xf1ff0000, 0x0000ecff,
    0x0000f8ff, 0x00000000, 0x00000000, 0x0f00fcff, 0x0000fcff, 0xddff0000, 0x0800fbff, 0x00000000, 0x00000c00, 0x00000000, 0x00000000, 0xf6ffecff,
    0x0a000000, 0x00000000, 0xfbff0000, 0xeeff0000, 0x00000000, 0xbafffbff, 0x00000000, 0x00000000, 0x00000000, 0xb0ffd8ff, 0x0000b0ff, 0xecff0a00,
    0x00000000, 0x00000000, 0x0000ecff, 0x00000000, 0x00000000, 0xd1ff0000, 0x00000000, 0x00000000, 0x00000000, 0xddff0000, 0x0000f6ff, 0xe2ff0000,
    0x00000000, 0x00000000, 0xf6ff0000, 0x14000000, 0x00000000, 0xe7ff0000, 0x05000000, 0x00000000, 0x00001900, 0x0a000000, 0x00000a00, 0xd8fff6ff,
    0x19000000, 0x00000000, 0x00000000, 0x0f00f4ff, 0xf4fff4ff, 0xddff0000, 0x0c00fbff, 0x00000000, 0x00000c00, 0x00000000, 0x00000000, 0xecffecff,
    0x0a000000, 0x00000000, 0xfbff0000, 0xeeff0000, 0x00000000, 0xbafffbff, 0x00000000, 0x00000000, 0x00000000, 0xc4ffe2ff, 0x0000c4ff, 0xe7ff0a00,
    0x00000000, 0x00000000, 0xddff0000, 0x1400e4ff, 0xe4ffe4ff, 0xd3ffd8ff, 0x0000e8ff, 0xf4fff4ff, 0x00000000, 0xf6ff0000, 0xf4fff6ff, 0xc9fff1ff,
    0x00000000, 0x00000000, 0xf6ff0000, 0x00000000, 0x00000000, 0xc4fffbff, 0x00000000, 0x00000000, 0x00000000, 0xf1ff0000, 0x0000f1ff, 0xe7ff0000,
    0x00000000, 0x00000000, 0xf6ff0000, 0x0000fbff, 0x0000fbff, 0xd8ff0000, 0x00000000, 0xfbff0000, 0x00000000, 0xf1fff6ff, 0xfbfff1ff, 0xf1ff0000,
    0x00000000, 0x00000000, 0xc2ffe2ff, 0xecffb2ff, 0xb2ffb2ff, 0x0000f5ff, 0xddffb7ff, 0xc1ffc9ff, 0x0000f1ff, 0x12001c00, 0xceff0f00, 0xa4ffbaff,
    0xecffc9ff, 0x0000baff, 0x00000000, 0xfaffecff, 0xecffecff, 0x00000000, 0xfafff0ff, 0xf6ff0000, 0x0000f6ff, 0x0a000500, 0xf6ff0500, 0x1e00d8ff,
    0x00000000, 0x0000ecff, 0x00000000, 0xddffd8ff, 0xd8ffd8ff, 0xf1ff0000, 0xecffe7ff, 0xd8fff6ff, 0x0000e7ff, 0xdffffbff, 0xecffecff, 0x0a00c9ff,
    0xfbfff6ff, 0x0000e2ff, 0xddff0000, 0x0f00f1ff, 0xf1fff1ff, 0xf6ff0000, 0x0a00f1ff, 0x0000f6ff, 0x00000f00, 0x0a000500, 0x00000a00, 0x9cff0000,
    0x0a00f6ff, 0x00000000, 0x00000000, 0xecffdcff, 0xdcffdcff, 0x00000000, 0x0000e6ff, 0xf1fff6ff, 0x0000e8ff, 0x00000000, 0x00000000, 0x0000c4ff,
    0x00000000, 0x00000000, 0xc9ffd8ff, 0xe7ffbfff, 0xbfffbfff, 0x0500f9ff, 0xe7ffbfff, 0xceffd3ff, 0x00000000, 0x0a001900, 0xe2ff1400, 0xb0ffceff,
    0xfbffd3ff, 0x0000d8ff, 0xf6ff0000, 0x08000000, 0x00000000, 0xceff0000, 0x05000000, 0x00000000, 0x00000500, 0xddffecff, 0x0000ddff, 0xddff0f00,
    0x00000000, 0x00000000, 0x0000f6ff, 0xf1ffe2ff, 0xe2ffe2ff, 0x00000000, 0xf6ffe2ff, 0xecfff6ff, 0x0000f1ff, 0xf1ff0a00, 0x0000f6ff, 0x0000d8ff,
    0xf8ff0000, 0x0000ecff, 0xddff0000, 0x0a00ecff, 0xecffecff, 0x00000000, 0x0500f0ff, 0xfbff0000, 0x00000500, 0x00000000, 0xf6ff0000, 0xbaffecff,
    0x0000f6ff, 0x00000000, 0xceff0000, 0x1400fbff, 0xfbfffbff, 0xf6fff6ff, 0x14000000, 0x00000000, 0x1e001400, 0x00000000, 0x00000000, 0x00000000,
    0x00000000, 0x00000000, 0xe2ff0000, 0x00001e00, 0x1e001e00, 0xe2fff6ff, 0x00000000, 0x00000000, 0x00000500, 0x00000000, 0x00000000, 0x00000000,
    0x00000000, 0x00000000, 0xe2ff0000, 0x0a000a00, 0x0a000a00, 0xecff0000, 0x00000000, 0x00000000, 0x1e000000, 0x00000000, 0x00000000, 0x00000000,
    0x00000000, 0x00000000, 0xceff0000, 0x0a000000, 0x00000000, 0xecffecff, 0x0a000000, 0x00000000, 0x1e000000, 0x00000000, 0x00000000, 0x00000000,
    0x00000000, 0x00000000, 0xd8ff0000, 0x28000f00, 0x0f000f00, 0x0000fbff, 0x14000000, 0x00000000, 0x1e000a00, 0x00000000, 0x00000000, 0x00000000,
    0x00000000, 0x00000000, 0xceff0000, 0x14000000, 0x00000000, 0x0000f6ff, 0x14000000, 0x00000000, 0x1e000a00, 0x00000000, 0x00000000, 0x00000000,
    0x00000000, 0x00000000, 0xceff0000, 0x1e000500, 0x05000500, 0xf1ffecff, 0x14000000, 0x00000000, 0x00001400, 0x00000000, 0x00000000, 0x00000000,
    0x00000000, 0x00000000, 0xb0ff0000, 0x0000e2ff, 0xe2ffe2ff, 0x0a000000, 0x0000ddff, 0xecff0000, 0x1e00f6ff, 0x00000000, 0x00000000, 0x00000000,
    0x0000ecff, 0x00000000, 0xc4ff0000, 0x14000a00, 0x0a000a00, 0xf6fff6ff, 0x0a000000, 0x00000000, 0x1e000a00, 0x00000000, 0x00000000, 0x00000000,
    0x00000000, 0x00000000, 0xbaff0000, 0x1400f6ff, 0xf6fff6ff, 0xecfff6ff, 0x0a00ecff, 0xfbff0000, 0x1e000500, 0x00000000, 0x00000000, 0x00000000,
    0x0000f6ff, 0x00000000, 0x1e000000, 0xecff0a00, 0x0a000a00, 0xb0ff0a00, 0x00000000, 0x00000000, 0xf6ff0a00, 0x00000000, 0x00000000, 0x00000000,
    0x00000000, 0x00000000, 0x19000000, 0xe2fff6ff, 0xf6fff6ff, 0x9cff0000, 0xf1fff6ff, 0xf6ff0000, 0xe2fff6ff, 0x00000000, 0x00000000, 0x00000000,
    0x00000000, 0x00000000, 0x14000000, 0xe2ff0a00, 0x0a000a00, 0xa6ff0a00, 0xf6ff0000, 0x00000000, 0xecfffbff, 0x00000000, 0x00000000, 0x00000000,
    0x00000000, 0x00000000, 0x0a000000, 0xe2ff0a00, 0x0a000a00, 0x9cff0000, 0xf6ff0000, 0x00000000, 0xecff0000, 0x00000000, 0x00000000, 0x00000000,
    0x00000000, 0x00000000, 0x0a000000, 0xfbff0a00, 0x0a000a00, 0xbaff0000, 0x00000000, 0x00000000, 0x00000000, 0x00000000, 0x00000000, 0x00000000,
    0x00000000, 0x00000000, 0x14000000, 0xecff0000, 0x00000000, 0xb0fffbff, 0x00000000, 0x00000000, 0xf6fffbff, 0x00000000, 0x00000000, 0x00000000,
    0x00000000, 0x00000000, 0x19000000, 0xecff0000, 0x00000000, 0xb0fffbff, 0x00000000, 0x00000000, 0xecfff9ff, 0x00000000, 0x00000000, 0x00000000,
    0x00000000, 0x00000000, 0xf6ff0000, 0x00000a00, 0x0a000a00, 0xc4ffecff, 0x00000000, 0x00000000, 0x00000500, 0x00000000, 0x00000000, 0x00000000,
    0x00000000, 0x00000000, 0x0a000000, 0xecff0a00, 0x0a000a00, 0xa6ff0000, 0x00000000, 0x00000000, 0xf6fff6ff, 0x00000000, 0x00000000, 0x00000000,
    0x00000000, 0x00000000, 0xfbff0000, 0xecff0a00, 0x0a000a00, 0xa6fff1ff, 0xf6ff0000, 0x00000000, 0x00000000, 0x00000000, 0x00000000, 0x00000000,
    0x00000000, 0x02000000, 0x0400cc58, 0x766f0000, 0x1b00ee70, 0x00005300, 0x19000a00, 0xecff1e00, 0x0a000f00, 0xecff0a00, 0xfbff0a00, 0xecffd8ff,
    0x0f00d8ff, 0xe7ffe2ff, 0xf1fff1ff, 0x0000f1ff, 0x00000000, 0x00000000, 0x00000000, 0x00000000, 0x00000000, 0x00000000, 0x00000000, 0x00000000,
    0x00000000, 0x00000000, 0x00000000, 0x00000000, 0x00000000, 0x00000000, 0x00000000, 0x00000000, 0x00000000, 0x00000000, 0x00000000, 0x0a00f6ff,
    0x0f00fbff, 0x0a000a00, 0xe2ff0f00, 0xf1ffd8ff, 0x00000000, 0x00000000, 0x00000000, 0x00000000, 0x00000000, 0x00000000, 0x00000000, 0xd3ff0000,
    0xe2ffecff, 0xe7ff0000, 0xd3ff0000, 0xd3ffa6ff, 0x1e00c4ff, 0xb0ff0000, 0x0a00ceff, 0x0f00a1ff, 0xe2ffe2ff, 0xceffddff, 0xe2ffd8ff, 0x00000000,
    0x00000000, 0x00000000, 0x00000000, 0x00000000, 0x00000000, 0x00000000, 0x00000000, 0x00000000, 0x00000000, 0x00000000, 0x00000000, 0x00000000,
    0x00000000, 0x00000000, 0x00000000, 0x00000000, 0x0f000000, 0xbfffd3ff, 0xd3fff6ff, 0xc4ffd3ff, 0xc4ff0000, 0xe7ffe2ff, 0xceffe7ff, 0x00000000,
    0x00000000, 0x00000000, 0x00000000, 0x00000000, 0x00000000, 0xf6ff0000, 0x00001400, 0x0000f1ff, 0x00000000, 0x00000000, 0x00000000, 0x0000d8ff,
    0x0000f6ff, 0x00000000, 0x00000000, 0x00000000, 0xecff0000, 0x0000f6ff, 0x00000000, 0x00000000, 0x00000000, 0x00000000, 0x00000000, 0x00000000,
    0x00000000, 0x00000000, 0x00000000, 0x00000000, 0x00000000, 0x00000000, 0x00000000, 0x00000000, 0x00000000, 0x00000000, 0x00000000, 0x00000000,
    0x00000000, 0x00000000, 0x0000d8ff, 0x00000000, 0xd8ff0000, 0x0000d8ff, 0x00000000, 0x00000000, 0x00000000, 0x00000000, 0x00000000, 0x0000f1ff,
    0x0000f1ff, 0x00000000, 0x00001400, 0x05000a00, 0x19000000, 0x0a000000, 0x00000000, 0x1e001e00, 0x00001400, 0x1e001e00, 0x00000000, 0x00000000,
    0x00000000, 0x00000000, 0x00000000, 0x00000000, 0x00000000, 0x00000000, 0x00000000, 0x00000000, 0x00000000, 0x00000000, 0x00000000, 0x00000000,
    0x00000000, 0x00000000, 0x00000000, 0xb0ff0000, 0x14000000, 0x0000f1ff, 0x00000000, 0x0a000000, 0x14001e00, 0x00000000, 0x00000000, 0x00000000,
    0x00000000, 0x00000000, 0x00000000, 0x00000000, 0xd3ffe2ff, 0xf6fffbff, 0xe2fff6ff, 0x0000e2ff, 0x0000e2ff, 0xf6fffbff, 0xe2ff0f00, 0x0000f1ff,
    0x1e000000, 0x00001e00, 0x1e000000, 0x00001e00, 0xf1ff0000, 0x00000a00, 0x00000000, 0x00000000, 0x00000000, 0x00000000, 0x00000000, 0x00000000,
    0x00000000, 0x00000000, 0x00000000, 0x00000000, 0x00000000, 0x00000000, 0x00000000, 0x00000000, 0x00000000, 0xe2ffbaff, 0xecff0000, 0xe2ffe2ff,
    0x0000f6ff, 0x1e000500, 0xf1ff0f00, 0x00000000, 0xecff0000, 0x00000000, 0x00000000, 0x00000000, 0x00000000, 0xc9ff0000, 0xecffceff, 0xf1fff1ff,
    0xbfffbfff, 0xbffff1ff, 0x0a000000, 0x14000000, 0xf1ffddff, 0x0000fbff, 0x1e001e00, 0xecfff1ff, 0x1e001e00, 0x00000000, 0x0a00ecff, 0x00000000,
    0x00000000, 0x00000000, 0x00000000, 0x00000000, 0x00000000, 0x00000000, 0x00000000, 0x00000000, 0x00000000, 0x00000000, 0x00000000, 0x00000000,
    0x00000000, 0x00000000, 0xa6ffecff, 0xfbffbfff, 0xbfffc9ff, 0xecffbfff, 0x00000000, 0xf6ff1e00, 0xecffe2ff, 0x00000000, 0x0000e2ff, 0x00000000,
    0x00000000, 0x00000000, 0x00000000, 0x00000000, 0xf6ff1400, 0x00000000, 0x00000000, 0x08000000, 0xf6ff0000, 0x0000e2ff, 0xf1ff0000, 0x00000000,
    0x00000000, 0x0000f6ff, 0x00000000, 0x00000000, 0x00000000, 0x00000000, 0x00000000, 0x00000000, 0x00000000, 0x00000000, 0x00000000, 0x00000000,
    0x00000000, 0x00000000, 0x00000000, 0x00000000, 0x00000000, 0x00000000, 0x00000000, 0x00000000, 0x00000000, 0xf6ff0a00, 0x00000000, 0x00000000,
    0x0000d8ff, 0x00000a00, 0x0000f6ff, 0x00000000, 0x00000000, 0x00000000, 0x00000000, 0x00000000, 0x00000000, 0x00000000, 0x00000000, 0x00000000,
    0x00000000, 0x0a000000, 0xd8ff0000, 0x00000000, 0x00000000, 0x00000000, 0x00000000, 0x00000000, 0x00000000, 0x00000000, 0x00000000, 0x00000000,
    0x00000000, 0x00000000, 0x00000000, 0x00000000, 0x00000000, 0x00000000, 0x00000000, 0x00000000, 0x00000000, 0x00000000, 0x00000000, 0x00000000,
    0x00000000, 0x00000000, 0x00000000, 0x0f000000, 0x14000000, 0xd8ff0000, 0x00000000, 0x00000000, 0x00000000, 0x00000000, 0x00000000, 0x00000000,
    0x00000000, 0x00000000, 0x00000000, 0x00000000, 0x00000000, 0x00000000, 0x00000000, 0x00000000, 0x00000000, 0x00000000, 0x0a000000, 0x00000a00,
    0x0a000000, 0x00000a00, 0x00000000, 0x00000000, 0x00000000, 0x00000000, 0x00000000, 0x00000000, 0x00000000, 0x00000000, 0x00000000, 0x00000000,
    0x00000000, 0x00000000, 0x00000000, 0x00000000, 0x00000000, 0x00000000, 0x00000000, 0x00000000, 0x00000000, 0x00000000, 0x00000000, 0x0a000000,
    0x00000000, 0x00000000, 0x00000000, 0x00000000, 0x00000000, 0x00000000, 0x00000000, 0x00000000, 0x00000000, 0x00000f00, 0x00000600, 0x00000000,
    0x0f000000, 0xc4ff0f00, 0x0f000000, 0x0000e7ff, 0x00000000, 0xfbff0000, 0x00000000, 0x00000000, 0x00000000, 0x0a002800, 0xe7fff6ff, 0xfbfff6ff,
    0xecffecff, 0x05000a00, 0x0f001400, 0x0f001400, 0x0a000f00, 0x00000000, 0x00000000, 0x00000000, 0x00000000, 0x00000000, 0x00000000, 0x00000000,
    0x0f000000, 0x00000000, 0x00000000, 0x00000000, 0xceff0000, 0x00000000, 0xfbff0000, 0x00000000, 0xf1ff0000, 0xf1ff0a00, 0xecffd8ff, 0x00000f00,
    0x00000000, 0xe7ffecff, 0x0a00f8ff, 0x0000e7ff, 0xddffecff, 0xe0ffecff, 0x00000000, 0xf1ffc9ff, 0xcaff0000, 0x00000000, 0xf6ff0000, 0x0000f1ff,
    0x00000000, 0x00000000, 0x0f000000, 0xa1ff1500, 0xceffbaff, 0xbaffceff, 0x1400baff, 0x14000f00, 0x0a001400, 0x05000a00, 0xf6ff0000, 0xe2ffecff,
    0xceffabff, 0xd8ffe2ff, 0xceffd8ff, 0xf6ffc4ff, 0x0000fbff, 0x00000000, 0xecff0a00, 0xf8ffddff, 0xecffecff, 0x0000f1ff, 0x0000baff, 0x0000f8ff,
    0x0000f1ff, 0x00000000, 0x0f00ecff, 0xa6ffb0ff, 0x0000b0ff, 0x00000000, 0x00000000, 0x18000000, 0x00000a00, 0x00000500, 0x00000600, 0x00000a00,
    0xecff0000, 0xfaff0900, 0x0000f6ff, 0x00000000, 0x00000600, 0x00000000, 0x00000000, 0x00000000, 0x00000000, 0x00000000, 0x00000000, 0x00000000,
    0x00000000, 0x00000000, 0x00000000, 0x00000000, 0x00000000, 0x00000000, 0x00000000, 0x00000000, 0x00000000, 0x00000000, 0x00000000, 0x00000000,
    0x08000000, 0x0a000000, 0x09000000, 0xd3ff0000, 0x08000000, 0x00000000, 0x00000000, 0x00000000, 0x00000000, 0x00000000, 0x00000000, 0x00000000,
    0xf4fff6ff, 0x00000000, 0x0000f4ff, 0x0600f6ff, 0x0000f6ff, 0x14001400, 0x0000ceff, 0xf6ff0000, 0x00000000, 0x00000000, 0x0000faff, 0x00000000,
    0x00000000, 0x00000000, 0xecff0000, 0x0000f6ff, 0xecff0000, 0x0000f6ff, 0x0a000a00, 0x0a000a00, 0x00000000, 0xf8ff0000, 0x00000000, 0x00000000,
    0x00000000, 0x00000000, 0xf6ff0000, 0x00000000, 0xf6ff0000, 0xf6ff0000, 0xf8ff0000, 0xf6fff6ff, 0x00000000, 0x0000d8ff, 0x00000000, 0x0000faff,
    0x00000000, 0x0000f1ff, 0xecff0000, 0x1400f6ff, 0x00000000, 0x00000000, 0x18000000, 0x0000f4ff, 0x00000000, 0x00001200, 0xf6ff1600, 0xddfff6ff,
    0xecff0f00, 0x00000000, 0x00000000, 0x00001200, 0x00000000, 0x00000000, 0x00000000, 0xf6ffc4ff, 0x00000000, 0x14000a00, 0x0f00f1ff, 0xf6fff6ff,
    0x0000fbff, 0xfbffe7ff, 0xecffe2ff, 0x00000000, 0x1e000000, 0x14001400, 0x23001400, 0x14000f00, 0x00000000, 0x00000000, 0xf8ff0000, 0x0e000000,
    0x0000fcff, 0x0a000000, 0xd8ff0000, 0x0e000000, 0x00000000, 0x00000000, 0xf6ff0000, 0x1400d3ff, 0x00000000, 0x00000f00, 0x00000000, 0xfaff0000,
    0x0c000500, 0x0600faff, 0xf8ff0000, 0x00000000, 0x00000000, 0x0000d2ff, 0xe2ff0000, 0x00000000, 0x00000000, 0x0000fbff, 0x00000000, 0x00000000,
    0x00000000, 0xf6ff0a00, 0x0000f6ff, 0xf1ff0a00, 0x0000fbff, 0x0f000a00, 0x0f000f00, 0x00000000, 0x00000000, 0x00000000, 0x0a000000, 0x0a000a00,
    0x00000a00, 0x00000a00, 0x0000f6ff, 0x00000000, 0x00000000, 0xfbff0000, 0x00000000, 0x00000000, 0x0000d1ff, 0x00000800, 0x0000fbff, 0x00000000,
    0x00000000, 0xe2ff0000, 0x00000000, 0x00000000, 0x00000000, 0x0000efff, 0xedfff6ff, 0x00000000, 0x0000e0ff, 0x0000f6ff, 0xc9ff0000, 0x00000000,
    0x0000d8ff, 0x00000000, 0xf4ffeeff, 0x00000000, 0x00000000, 0x0000fbff, 0x00000000, 0xd8ffe2ff, 0xddfff1ff, 0xd8ffd8ff, 0x00000000, 0x00000000,
    0x00000000, 0xf6fff6ff, 0x00000000, 0xe2ff0000, 0x0000e2ff, 0x00000000, 0xddfff1ff, 0x00000000, 0x00000000, 0x00000000, 0xe6ff0000, 0x0000f2ff,
    0x00000000, 0xc4ff0000, 0xf6ff0000, 0xf4fffbff, 0x00000000, 0x0000fbff, 0xd8fff6ff, 0xc4ffbaff, 0x00000000, 0x00000000, 0x00000000, 0x1a000000,
    0x0c000000, 0xf2ff0000, 0x00000000, 0x14001400, 0x0000ceff, 0xf6ff0f00, 0x00000000, 0x00000000, 0x0000faff, 0x00000000, 0x00000000, 0x1e001400,
    0xecff0000, 0xf6ffd8ff, 0xf6ff0000, 0x0f00f6ff, 0x28002800, 0x28003200, 0x14001e00, 0x00000a00, 0x00000000, 0x0000f6ff, 0x00000000, 0x00000000,
    0x00000000, 0x00000a00, 0x00000000, 0x00001900, 0x0000f4ff, 0x00000000, 0x14000000, 0x0000d8ff, 0x00000000, 0x0000faff, 0x00000000, 0x0000e7ff,
    0xd8ffecff, 0x1400e2ff, 0x00000000, 0x00000000, 0x0e000000, 0x0000fbff, 0x00000000, 0x0000f1ff, 0xfbffecff, 0xbaff0000, 0xf6ff0000, 0x0000d3ff,
    0x00000000, 0x0000fbff, 0x00000000, 0x00000000, 0xf6ff0000, 0x0000d8ff, 0xd8fff1ff, 0xf1fff6ff, 0xddffe2ff, 0x05000a00, 0x05000500, 0x0f000500,
    0x0a000a00, 0x00000000, 0xfbff0000, 0x0a00f1ff, 0x0000fbff, 0xf6fff6ff, 0x0a000000, 0x05000000, 0xfbff0000, 0xeeff0000, 0x00000000, 0x00000000,
    0xbafffbff, 0x00000000, 0x00000000, 0x00000000, 0x0a000000, 0xd8ffecff, 0xb0ffb0ff, 0x0f000000, 0x00000000, 0x00000000, 0xf6ff0a00, 0x0400f8ff,
    0x05000000, 0x08000000, 0xf6fff6ff, 0x0000b0ff, 0xe7ffe2ff, 0x00000000, 0x00000000, 0x00000000, 0x00000000, 0x00000000, 0xd8fffbff, 0xecff0000,
    0x00000000, 0xf1ff0000, 0x0000f6ff, 0x00000000, 0x00000000, 0xf6ff0000, 0x0000f6ff, 0x00000000, 0x00000000, 0x0a000a00, 0x00000000, 0x00000000,
    0x00000000, 0x00000000, 0x0000f6ff, 0x00000000, 0x00000000, 0xfbff0000, 0x0000c4ff, 0x00000000, 0x00000000, 0x00000000, 0xe7ff0000, 0xf1ff0000,
    0x0000f1ff, 0x00000000, 0x00000000, 0x0e000000, 0x0000fbff, 0x00000000, 0x0000f1ff, 0xfbffecff, 0xbaff0000, 0xf6ff0000, 0x0000d3ff, 0x00000000,
    0x0000fbff, 0x00000000, 0x00000000, 0xf6ff0000, 0x0000d8ff, 0xe2fff1ff, 0xf1fff6ff, 0xe7fff6ff, 0x05000a00, 0x05000500, 0x0f000500, 0x0a000a00,
    0x00000000, 0xfbff0000, 0x0a00f1ff, 0x0000fbff, 0xf6fff6ff, 0x0a000000, 0x05000000, 0xfbff0000, 0xeeff0000, 0x00000000, 0x00000000, 0xbafffbff,
    0x00000000, 0x00000000, 0x00000000, 0x0a000000, 0xd8ffecff, 0xc4ffc4ff, 0x00000000, 0x00000000, 0xfbfff6ff, 0x00000000, 0x00000000, 0xfbfff6ff,
    0xfbfff6ff, 0x00000000, 0xfcff0000, 0x00000000, 0x00000000, 0x00000000, 0x00000000, 0x00000000, 0x00000000, 0x0f000000, 0x0a000500, 0xfbff0000,
    0x0000f6ff, 0x0000fbff, 0x0000fbff, 0x00000000, 0x00000000, 0xf6fffbff, 0x0000f6ff, 0x00000000, 0xfbff0500, 0x0000fbff, 0xf6fffbff, 0x0000fbff,
    0x00000000, 0xf6ff0000, 0xf8fffbff, 0xf6fff6ff, 0x0000f6ff, 0x00000000, 0x00000000, 0x00000000, 0x00000000, 0x00000000, 0x00000a00, 0x08000000,
    0x00000000, 0x00000000, 0x1a000000, 0x0000faff, 0x00000000, 0x00000600, 0xf6ff0a00, 0xe2fffbff, 0xf1ff0500, 0x0000f0ff, 0x00000000, 0x00000600,
    0x00000000, 0x00000000, 0xeeff0000, 0xe2ffc9ff, 0xf6ffe7ff, 0xf6fffbff, 0xecffecff, 0x00000a00, 0xfbfffbff, 0xfbfff6ff, 0xf6fffbff, 0x00000000,
    0xfbff0000, 0x00000000, 0x0000fbff, 0x0000f6ff, 0x05000000, 0x00000000, 0xfbff0000, 0x0a000000, 0x00000000, 0x00000000, 0xceff0000, 0x08000000,
    0x00000000, 0x00000000, 0x0f000000, 0xecffddff, 0xddffddff, 0x14000000, 0x00000000, 0xf1fffbff, 0x0000f6ff, 0x0000fbff, 0x0000fbff, 0xecfffbff,
    0x00000000, 0x0000f9ff, 0x00000000, 0x00000000, 0x00000000, 0x0000f6ff, 0x00000000, 0x00000000, 0x0a000000, 0x00000500, 0x0000ecff, 0x0a00f6ff,
    0xfbff0000, 0x05000000, 0x00000000, 0xfbfffbff, 0xf6ff0000, 0x0000ecff, 0x0a000000, 0x00000000, 0x0000ecff, 0xecff0000, 0x0000f1ff, 0x00000000,
    0xfbff0000, 0xfbfff1ff, 0xfbfffbff, 0x00000000, 0x00000000, 0x00000000, 0x0000f6ff, 0x00000000, 0x0000e2ff, 0x00000000, 0x00000000, 0x00000000,
    0xd8ff0000, 0xecffe7ff, 0xfbfff1ff, 0xceffceff, 0xcefff1ff, 0x0000ecff, 0x05000500, 0x0000f6ff, 0x00000000, 0x00000000, 0xddfff1ff, 0x00000000,
    0x00000000, 0x0000e7ff, 0xc4ffd8ff, 0xd8ff1e00, 0xfbff1400, 0x14002800, 0xb0ffb0ff, 0xb0ffa6ff, 0xb0ffa6ff, 0xa6ffa6ff, 0xe2ffd8ff, 0x05000f00,
    0x14001400, 0xf6ff1400, 0x0a000a00, 0xb0ffc4ff, 0x00001400, 0xc9ffd8ff, 0xf1ffceff, 0xceffceff, 0xf6ffceff, 0x00000000, 0xf1ff0000, 0xddffd8ff,
    0x00000000, 0xceffd8ff, 0x0a00c4ff, 0x0f000a00, 0xd8fff6ff, 0x0000d8ff, 0x00000000, 0x00000000, 0x00000000, 0x00000000, 0x00000000, 0x00000000,
    0x00000000, 0x00000000, 0x00000000, 0x00000000, 0x00000000, 0x00000000, 0x00000000, 0x00000000, 0x00000000, 0x00000000, 0x00000000, 0x00000000,
    0x00000000, 0x00000000, 0x00000000, 0x00000000, 0x00000000, 0x00000000, 0x00000000, 0x00000000, 0x00000000, 0x00000000, 0x14000000, 0x00000000,
    0x00000000, 0x00000000, 0x00000000, 0x00000000, 0x00000000, 0x00000000, 0x00000000, 0x00000000, 0x00000000, 0x00000000, 0x00000000, 0x00000000,
    0x00000000, 0x00000000, 0x00000000, 0x00000000, 0x00000000, 0x00000000, 0x00000000, 0x00000000, 0x00000000, 0x00000000, 0x00000000, 0x00000000,
    0x00000000, 0x00000000, 0x00000000, 0x00000000, 0x00000000, 0x00000000, 0x00000000, 0x00000000, 0x00000000, 0x00000000, 0x00000000, 0x00000000,
    0x00000000, 0x00000000, 0x00000000, 0x00000000, 0x0000d8ff, 0x00000000, 0x00000000, 0x00000000, 0x00000000, 0x00000000, 0x00000000, 0x00000000,
    0x00000000, 0x00000000, 0x00000000, 0x00000000, 0x00000000, 0x00000000, 0x00000000, 0x00000000, 0x00000000, 0x00000000, 0x00000000, 0x00000000,
    0x00000000, 0x00000000, 0x00000000, 0x00000000, 0x00000000, 0x00000000, 0x00000000, 0x00000000, 0x00000000, 0x00000000, 0x00000000, 0x00000000,
    0x00000000, 0x00000000, 0x00000000, 0x00000000, 0x00000000, 0x00000000, 0x00000000, 0x00000000, 0x00000000, 0xd8ff0000, 0x00000000, 0x00000000,
    0x00000000, 0x00000000, 0x00000000, 0x00000000, 0x00000000, 0x00000000, 0x00000000, 0x00000000, 0x00000000, 0x00000000, 0xec470100, 0x00000400,
    0x3e019a00, 0xde01d801, 0xea01e401, 0x9a025002, 0xee02e402, 0x7a036003, 0x8e038403, 0x16040c04, 0x42043804, 0x0205e804, 0x82056005, 0xa6059c05,
    0xce05b405, 0xf605d805, 0x1e060006, 0x2e062406, 0x3e063406, 0x6a066406, 0x76067006, 0x82067c06, 0x8e068806, 0x9a069406, 0xa606a006, 0xb206ac06,
    0xe606b806, 0x8a071407, 0xee07dc07, 0xfe07f407, 0x12080808, 0x36081c08, 0x6a085008, 0x9e088408, 0xd208b808, 0x0609ec08, 0x3a092009, 0x5e095409,
    0x72096809, 0x86097c09, 0x9a099009, 0xae09a409, 0xc209b809, 0xd609cc09, 0xea09e009, 0xfe09f409, 0x120a080a, 0x260a1c0a, 0xa60a300a, 0xea0ac80a,
    0x2e0b0c0b, 0xa60b9c0b, 0xba0bb00b, 0xce0bc40b, 0xe20bd80b, 0xf60bec0b, 0x0a0c000c, 0x1e0c140c, 0x320c280c, 0x460c3c0c, 0x5a0c500c, 0x6e0c640c,
    0x820c780c, 0xb60c9c0c, 0xea0cd00c, 0x2e0d0c0d, 0x720d500d, 0xb60d940d, 0xf20dd80d, 0x260e0c0e, 0x660e440e, 0x9a0e780e, 0xe20ebc0e, 0x420f0c0f,
    0x920f680f, 0xae0fa00f, 0xca0fc00f, 0xe20fd80f, 0x0210f00f, 0x26000c10, 0x0a001c00, 0x0f003600, 0x0a003800, 0xfbff5300, 0xe2ff5c00, 0x14007000,
    0x1e007200, 0x19007400, 0xf6ff7900, 0x1e008400, 0x28008500, 0x1e001d01, 0x28001f01, 0x23002001, 0x0f002201, 0x23002401, 0x2d002601, 0x28002b01,
    0x1e004a03, 0x1e004b03, 0x28004c03, 0x32004d03, 0x32004e03, 0x28004f03, 0x1e005003, 0x32005103, 0x1e005203, 0x1e005303, 0xf6ff5403, 0xecff5503,
    0xf6ff5603, 0xecff5703, 0xe7ff5803, 0xecff5903, 0xe2ff5a03, 0xecff5b03, 0xddff5c03, 0xe7ff5d03, 0x60000100, 0x01001400, 0x14006000, 0x36000100,
    0x19000000, 0xf6ff3600, 0xf6ff5300, 0xceff5c00, 0xfbff7900, 0x1e008400, 0x0a008500, 0x19004a03, 0x0a004b03, 0x14004c03, 0x14004d03, 0x28004e03,
    0x1e004f03, 0x19005003, 0x14005203, 0x14005303, 0xf6ff5403, 0xe2ff5503, 0xf6ff5603, 0xecff5703, 0xd8ff5803, 0xecff5903, 0xd8ff5a03, 0xf6ff5b03,
    0xe2ff5c03, 0xecff5d03, 0x36001200, 0x5300f6ff, 0x5400ecff, 0x5c00f6ff, 0x84001400, 0x85001400, 0x4a030a00, 0x4e030a00, 0x4f031400, 0x50030a00,
    0x52031400, 0x53030a00, 0x56030a00, 0x57031400, 0x5a030f00, 0x5b03f6ff, 0x5c03f6ff, 0x5d03f6ff, 0x1200f6ff, 0xf6ff1c00, 0xf6ff1e00, 0xecff3600,
    0xecff3800, 0xceff5c00, 0xecff7900, 0xf1ff8400, 0xecff8500, 0xf1ff4a03, 0xf6ff4b03, 0xf6ff4c03, 0xf6ff4d03, 0xf6ff4e03, 0xf6ff4f03, 0xf6ff5003,
    0xecff5103, 0xf6ff5203, 0xf6ff5303, 0x9e010200, 0x9f01e5ff, 0x1c00e5ff, 0xecff1600, 0xecff1c00, 0xddff1e00, 0xe2ff5300, 0xecff5400, 0x9cff5c00,
    0x0f007200, 0x0f007400, 0xd8ff7900, 0x0a008500, 0x14001d01, 0x1e001f01, 0x1e002001, 0x1e002401, 0x1e002601, 0x1e002b01, 0x05004b03, 0xfbff5003,
    0xddff5403, 0xecff5503, 0xecff5603, 0xecff5703, 0xd3ff5803, 0xe2ff5903, 0xd3ff5a03, 0xecff5b03, 0xd8ff5c03, 0xe2ff5d03, 0x1d010600, 0x1f011400,
    0x20011400, 0x24011400, 0x26011400, 0x2b011400, 0x02001400, 0xebff9e01, 0xebff9f01, 0x9e010200, 0x9f01ecff, 0x1f00ecff, 0xf6ff1600, 0xf1ff1e00,
    0xecff3800, 0xe2ff5300, 0xf6ff5400, 0x9cff5c00, 0xceff7900, 0x0a008500, 0x14005b01, 0xaeff9e01, 0xaeff9f01, 0x0a004a03, 0x0a004b03, 0x0a004c03,
    0x0a004d03, 0x0a004e03, 0x0a004f03, 0x0a005003, 0x05005103, 0x0a005203, 0x0a005303, 0xd8ff5403, 0xe2ff5503, 0xe2ff5603, 0xecff5703, 0xbaff5803,
    0xceff5903, 0xbfff5a03, 0xecff5b03, 0xc9ff5c03, 0xe2ff5d03, 0x9e010200, 0x9f01ecff, 0x0800ecff, 0x28001d01, 0x28001f01, 0x28002001, 0x28002401,
    0x28002601, 0x28002b01, 0xb5ff9e01, 0xb5ff9f01, 0x9e010200, 0x9f01e9ff, 0x2900e9ff, 0xf1ff1600, 0xf6ff1c00, 0xf6ff1e00, 0x05003600, 0xe2ff5300,
    0xe7ff5400, 0xceff5c00, 0x0f007200, 0x14007400, 0xceff7900, 0x0a008400, 0x28008500, 0x28001d01, 0x28001f01, 0x28002001, 0x0a002201, 0x28002401,
    0x28002601, 0x1e002b01, 0xbfff9e01, 0xbfff9f01, 0x28004a03, 0x28004b03, 0x28004c03, 0x28004d03, 0x19004e03, 0x28004f03, 0x1e005003, 0x28005103,
    0x1e005203, 0x1e005303, 0xd8ff5403, 0xd8ff5503, 0xd8ff5603, 0xd8ff5703, 0xc4ff5803, 0xddff5903, 0xceff5a03, 0xecff5b03, 0xc4ff5c03, 0xceff5d03,
    0x1d010600, 0x1f012800, 0x26012800, 0x2b012800, 0x9e012800, 0x9f01ddff, 0x1700ddff, 0xf6ff1c00, 0xf1ff5300, 0xe2ff5400, 0x14005c00, 0x0a007200,
    0x14008500, 0x14002b01, 0x0a004b03, 0x14004c03, 0x14004d03, 0xe2ff4e03, 0x0a004f03, 0xecff5003, 0x14005103, 0xf6ff5203, 0x0a005303, 0xecff5403,
    0x0a005603, 0xf6ff5903, 0xf6ff5a03, 0xecff5b03, 0xecff5c03, 0xe2ff5d03, 0x1d010800, 0x1f011e00, 0x20011e00, 0x24011900, 0x26011e00, 0x2b012800,
    0x9e012300, 0x9f01b0ff, 0x0600b0ff, 0x14001d01, 0x19001f01, 0x14002001, 0x14002401, 0x14002601, 0x14002b01, 0x1c000200, 0x3600f6ff, 0x0300e7ff,
    0xf6ff1e00, 0xd8ff3600, 0xe2ff3800, 0x16000600, 0x1c000a00, 0x1e00baff, 0x36001400, 0x3800baff, 0x61010a00, 0x02000a00, 0x9cff9e01, 0x9cff9f01,
    0x1d010700, 0x1f011400, 0x20011e00, 0x24011e00, 0x26010a00, 0x9e011400, 0x9f0192ff, 0x020092ff, 0x9cff9e01, 0x9cff9f01, 0x1d010700, 0x1f011400,
    0x20011e00, 0x24011e00, 0x26010a00, 0x9e011400, 0x9f0192ff, 0x010092ff, 0xe7ff3600, 0x1c000200, 0x3600e2ff, 0x0100baff, 0x0a003600, 0x36000200,
    0x38001400, 0x09000a00, 0x14003600, 0x88ff7900, 0x28001d01, 0x28001f01, 0x28002001, 0x0a002201, 0x1e002401, 0x25002601, 0x28002b01, 0x36000100,
    0x01000a00, 0x14003600, 0x60000100, 0x01001400, 0x14006000, 0x60000100, 0x01001400, 0x14006000, 0x36000100, 0x01000a00, 0x19003600, 0x36000100,
    0x01001400, 0x0f003600, 0x36000100, 0x01001400, 0x00003600, 0x36000100, 0x01000000, 0x00003600, 0x36000b00, 0x4a031400, 0x4b032800, 0x4c032800,
    0x4d033200, 0x4e032800, 0x4f030a00, 0x50032800, 0x51031e00, 0x52034600, 0x53031e00, 0x0b002800, 0x00003201, 0x1e004a03, 0x1e004b03, 0x1e004c03,
    0x28004d03, 0x1e004e03, 0x14004f03, 0x14005003, 0x0a005103, 0x14005203, 0x0a005303, 0x1c001d00, 0x3600fbff, 0x5c00ecff, 0x7100d8ff, 0x72001400,
    0x7900ecff, 0x84001400, 0x8500ecff, 0x8600e2ff, 0x8700ecff, 0x4a03ecff, 0x4b03ecff, 0x4c03ecff, 0x4d03ecff, 0x4e03ecff, 0x4f03f6ff, 0x5003ecff,
    0x5103ecff, 0x5203ecff, 0x5303ecff, 0x5403f6ff, 0x55031e00, 0x56031400, 0x57031400, 0x58031e00, 0x59031e00, 0x5a031400, 0x5c031400, 0x5d031400,
    0x14001400, 0xfbff1c00, 0x04001e00, 0xe2ff3600, 0x1e005c00, 0x0a007400, 0x0a007900, 0xf6ff4b03, 0xf6ff4c03, 0xf6ff4d03, 0x0a004e03, 0xf6ff5103,
    0xf6ff5303, 0x14005403, 0x0f005503, 0x14005603, 0x14005703, 0x14005803, 0x0f005903, 0x0a005a03, 0x0f005c03, 0x72000400, 0x74001e00, 0x84002800,
    0x85001900, 0x01003200, 0x14007400, 0x9e010200, 0x9f01e5ff, 0x0200e5ff, 0xe5ff9e01, 0xe5ff9f01, 0x9e010200, 0x9f01e5ff, 0x0200e5ff, 0xecff9e01,
    0xecff9f01, 0x1d010600, 0x1f011400, 0x20011400, 0x24011400, 0x26011400, 0x2b011400, 0x06001400, 0x14001d01, 0x14001f01, 0x14002001, 0x14002401,
    0x14002601, 0x14002b01, 0x1d010600, 0x1f011400, 0x20011400, 0x24011400, 0x26011400, 0x2b011400, 0x06001400, 0x14001d01, 0x14001f01, 0x14002001,
    0x14002401, 0x14002601, 0x14002b01, 0x1d010600, 0x1f011400, 0x20011400, 0x24011400, 0x26011400, 0x2b011400, 0x06001400, 0x14001d01, 0x14001f01,
    0x14002001, 0x14002401, 0x14002601, 0x14002b01, 0x1d010600, 0x1f011400, 0x20011400, 0x24011400, 0x26011400, 0x2b011400, 0x06001400, 0x14001d01,
    0x14001f01, 0x14002001, 0x14002401, 0x14002601, 0x14002b01, 0x1d010600, 0x1f011400, 0x20011400, 0x24011400, 0x26011400, 0x2b011400, 0x06001400,
    0x14001d01, 0x14001f01, 0x14002001, 0x14002401, 0x14002601, 0x14002b01, 0x1d010600, 0x1f011400, 0x20011400, 0x24011400, 0x26011400, 0x2b011400,
    0x06001400, 0x14001d01, 0x14001f01, 0x14002001, 0x14002401, 0x14002601, 0x14002b01, 0x9e010200, 0x9f01e9ff, 0x0200e9ff, 0xe9ff9e01, 0xe9ff9f01,
    0x9e010200, 0x9f01ebff, 0x0200ebff, 0xebff9e01, 0xebff9f01, 0x9e010200, 0x9f01ecff, 0x0200ecff, 0xecff9e01, 0xecff9f01, 0x9e010200, 0x9f01ecff,
    0x0200ecff, 0xecff9e01, 0xecff9f01, 0x9e010200, 0x9f01ecff, 0x0200ecff, 0xecff9e01, 0xecff9f01, 0x9e010200, 0x9f01ecff, 0x0200ecff, 0xecff9e01,
    0xecff9f01, 0x9e010200, 0x9f01ecff, 0x0200ecff, 0xecff9e01, 0xecff9f01, 0x9e010200, 0x9f01ecff, 0x0200ecff, 0xecff9e01, 0xecff9f01, 0x9e010200,
    0x9f01ecff, 0x0200ecff, 0xecff9e01, 0xecff9f01, 0x9e010200, 0x9f01ecff, 0x0200ecff, 0xecff9e01, 0xecff9f01, 0x9e010200, 0x9f01ecff, 0x0200ecff,
    0xecff9e01, 0xecff9f01, 0x1c001d00, 0x3600fbff, 0x3800f1ff, 0x5c00f1ff, 0x7200ceff, 0x8400f1ff, 0x8500ecff, 0x8600f6ff, 0x8700e7ff, 0x5b01ecff,
    0x4a03f6ff, 0x4b03f6ff, 0x4c03f6ff, 0x4d03f6ff, 0x4e03f6ff, 0x4f03ecff, 0x5003f6ff, 0x5203f6ff, 0x5303f6ff, 0x5403fbff, 0x55031400, 0x56031400,
    0x57030a00, 0x58030a00, 0x59030500, 0x5a030a00, 0x5b030a00, 0x5c030a00, 0x5d030500, 0x08000a00, 0x28001d01, 0x28001f01, 0x28002001, 0x28002401,
    0x28002601, 0x28002b01, 0xb5ff9e01, 0xb5ff9f01, 0x1d010800, 0x1f012800, 0x20012800, 0x24012800, 0x26012800, 0x2b012800, 0x9e012800, 0x9f01b5ff,
    0x0800b5ff, 0x28001d01, 0x28001f01, 0x28002001, 0x28002401, 0x28002601, 0x28002b01, 0xb5ff9e01, 0xb5ff9f01, 0x1d010800, 0x1f012800, 0x20012800,
    0x24012800, 0x26012800, 0x2b012800, 0x9e012800, 0x9f01b5ff, 0x1b00b5ff, 0x0a001c00, 0xfbff1e00, 0xe9ff3600, 0xe8ff3800, 0x0a005400, 0x92ff5c00,
    0xd8ff7900, 0xf6ff8500, 0xddff9e01, 0xddff9f01, 0x0a004a03, 0x0a004b03, 0x1e004c03, 0x14004d03, 0x0a004e03, 0x0a004f03, 0xecff5103, 0x05005203,
    0xfbff5303, 0x14005403, 0x14005503, 0x14005603, 0x14005703, 0xf6ff5803, 0xf6ff5a03, 0x14005b03, 0x14005d03, 0x9e010200, 0x9f01e9ff, 0x0200e9ff,
    0xe9ff9e01, 0xe9ff9f01, 0x9e010200, 0x9f01e9ff, 0x0200e9ff, 0xe9ff9e01, 0xe9ff9f01, 0x9e010200, 0x9f01e9ff, 0x0200e9ff, 0xe9ff9e01, 0xe9ff9f01,
    0x9e010200, 0x9f01e9ff, 0x0200e9ff, 0xe9ff9e01, 0xe9ff9f01, 0x9e010200, 0x9f01e9ff, 0x0200e9ff, 0xe9ff9e01, 0xe9ff9f01, 0x9e010200, 0x9f01e9ff,
    0x0200e9ff, 0xe9ff9e01, 0xe9ff9f01, 0x9e010200, 0x9f01e9ff, 0x0200e9ff, 0xe9ff9e01, 0xe9ff9f01, 0x9e010200, 0x9f01e9ff, 0x0200e9ff, 0xe9ff9e01,
    0xe9ff9f01, 0x9e010200, 0x9f01e9ff, 0x0200e9ff, 0xe9ff9e01, 0xe9ff9f01, 0x9e010200, 0x9f01e9ff, 0x0200e9ff, 0xe9ff9e01, 0xe9ff9f01, 0x9e010200,
    0x9f01e9ff, 0x0200e9ff, 0xe9ff9e01, 0xe9ff9f01, 0x9e010200, 0x9f01e9ff, 0x0600e9ff, 0x28001d01, 0x28001f01, 0x28002601, 0x28002b01, 0xddff9e01,
    0xddff9f01, 0x1d010600, 0x1f012800, 0x26012800, 0x2b012800, 0x9e012800, 0x9f01ddff, 0x0600ddff, 0x28001d01, 0x28001f01, 0x28002601, 0x28002b01,
    0xddff9e01, 0xddff9f01, 0x1d010600, 0x1f012800, 0x26012800, 0x2b012800, 0x9e012800, 0x9f01ddff, 0x0800ddff, 0x1e001d01, 0x1e001f01, 0x19002001,
    0x1e002401, 0x28002601, 0x23002b01, 0xb0ff9e01, 0xb0ff9f01, 0x1d010800, 0x1f011e00, 0x20011e00, 0x24011900, 0x26011e00, 0x2b012800, 0x9e012300,
    0x9f01b0ff, 0x0800b0ff, 0x1e001d01, 0x1e001f01, 0x19002001, 0x1e002401, 0x28002601, 0x23002b01, 0xb0ff9e01, 0xb0ff9f01, 0x1d010800, 0x1f011e00,
    0x20011e00, 0x24011900, 0x26011e00, 0x2b012800, 0x9e012300, 0x9f01b0ff, 0x0800b0ff, 0x1e001d01, 0x1e001f01, 0x19002001, 0x1e002401, 0x28002601,
    0x23002b01, 0xb0ff9e01, 0xb0ff9f01, 0x1d010800, 0x1f011e00, 0x20011e00, 0x24011900, 0x26011e00, 0x2b012800, 0x9e012300, 0x9f01b0ff, 0x0800b0ff,
    0x1e001d01, 0x1e001f01, 0x19002001, 0x1e002401, 0x28002601, 0x23002b01, 0xb0ff9e01, 0xb0ff9f01, 0x1d010600, 0x1f011400, 0x20011900, 0x24011400,
    0x26011400, 0x2b011400, 0x06001400, 0x14001d01, 0x19001f01, 0x14002001, 0x14002401, 0x14002601, 0x14002b01, 0x1d010600, 0x1f011400, 0x20011900,
    0x24011400, 0x26011400, 0x2b011400, 0x07001400, 0x19001c00, 0x0a001e00, 0x14003600, 0xecff3800, 0x28002b01, 0xfbff4d03, 0xf6ff5103, 0x1c000800,
    0x38000a00, 0x4a03e2ff, 0x4b03fbff, 0x5003ecff, 0x5103fbff, 0x5203e7ff, 0x5303fbff, 0x0400e7ff, 0x14001c00, 0x14003600, 0xf6ff3800, 0x28002b01,
    0x1c000800, 0x36001400, 0x38001400, 0x4b03f6ff, 0x4d03f6ff, 0x5003f6ff, 0x5103f6ff, 0x5203fbff, 0x0800f6ff, 0x19001c00, 0x0a001e00, 0x0f003600,
    0xfbff3800, 0x1e002b01, 0xfbff4b03, 0xf6ff5103, 0xfbff5303, 0x1c000900, 0x1e001400, 0x38000a00, 0x2b01fbff, 0x4b031e00, 0x4f03f6ff, 0x5103fbff,
    0x5203f1ff, 0x5303fbff, 0x0a00f1ff, 0x14001c00, 0x0a001e00, 0x05003600, 0xe2ff3800, 0x1e002b01, 0xf6ff4b03, 0xf6ff4d03, 0xfbff4f03, 0xf1ff5103,
    0xecff5303, 0x16000d00, 0x1e00ecff, 0x3600f6ff, 0x38001400, 0x2b010a00, 0x4a032800, 0x4c03f1ff, 0x4e03fbff, 0x4f03e7ff, 0x5003f6ff, 0x5103f1ff,
    0x52030300, 0x5303f1ff, 0x0900fbff, 0x14001c00, 0x0a003600, 0xecff3800, 0x1e002b01, 0xf1ff4b03, 0xfbff4d03, 0xf6ff5003, 0xf1ff5103, 0xf6ff5203,
    0x1c000a00, 0x1e001400, 0x36000a00, 0x38000a00, 0x2b01ecff, 0x4b032800, 0x4e03fbff, 0x5003fbff, 0x5103f8ff, 0x5203fbff, 0x0300fcff, 0xecff1c00,
    0xceff3600, 0x0a003800, 0x1c000300, 0x3600d8ff, 0x3800baff, 0x04001400, 0xe7ff1c00, 0x0a001e00, 0xceff3600, 0x0a003800, 0x1c000200, 0x3600e2ff,
    0x0300ceff, 0xecff1c00, 0xceff3600, 0x0a003800, 0x1c000200, 0x3600ecff, 0x0300c4ff, 0xd8ff1c00, 0xc4ff3600, 0x0a003800, 0x1c000400, 0x1e00f6ff,
    0x3600f6ff, 0x3800d8ff, 0x0200e2ff, 0xddff1c00, 0xbaff3600, 0x1c000400, 0x1e00e2ff, 0x3600ecff, 0x3800c4ff, 0x0200ecff, 0x0400a438, 0xd6510000,
    0x10003452, 0x00000900, 0x0000f6ff, 0x00000000, 0x00000000, 0x00000000, 0x00000000, 0x00001400, 0x00000000, 0x00000000, 0x00000000, 0x00000000,
    0x0000ceff, 0x00000000, 0x00000000, 0x14000000, 0x00000000, 0x00000000, 0x00000000, 0x00000000, 0x00000f00, 0x0a000000, 0x00000000, 0x00000000,
    0x14000000, 0x00000000, 0x00000a00, 0x00000000, 0x00000000, 0x00000a00, 0x05000000, 0x00000000, 0x00000000, 0x00000000, 0x00000a00, 0x00000000,
    0x00000000, 0x00000000, 0x00001900, 0x14000000, 0x00000000, 0x00000000, 0xecff0000, 0x00000000, 0x00000000, 0x00000000, 0x00000000, 0x0000f6ff,
    0x00000000, 0x00000000, 0x00000000, 0xfbff0000, 0x00000000, 0x00000000, 0x00000000, 0x00000000, 0x00001e00, 0x00001e00, 0x00002800, 0x00000000,
    0x00000000, 0x00000000, 0x00000000, 0x00001400, 0x00000000, 0x00000000, 0x00000000, 0x00000000, 0x1e000f00, 0x00000000, 0x00000a00, 0x00000000,
    0x00000000, 0x02000000, 0x04009837, 0x62510000, 0x2c006852, 0x00002300, 0xfdfffcff, 0xfbfffcff, 0x00000000, 0x0a000500, 0xf6fffaff, 0x23001e00,
    0x14001400, 0xf6ff0200, 0x1e00ceff, 0x28001400, 0x00000f00, 0x00000000, 0x00000000, 0x00000000, 0x00000000, 0x00000000, 0x00000000, 0xf9ff0000,
    0xf9fff8ff, 0x0000f4ff, 0x03000000, 0xecff0000, 0x00000000, 0x0000ddff, 0x0000e7ff, 0xd3fff6ff, 0x00001400, 0x00001400, 0x00000000, 0x00000000,
    0x00000000, 0x00000000, 0x00000000, 0x00000000, 0x00000000, 0xf6fff4ff, 0x0000f4ff, 0x00000000, 0x00000000, 0x00000000, 0xceff0000, 0x0000f6ff,
    0xddff0000, 0x0a000000, 0x1400fbff, 0xfcff0000, 0x0000f6ff, 0x00000000, 0x00000000, 0x00000000, 0x00000000, 0x00000000, 0xfbff0000, 0xfbff0000,
    0x0000f6ff, 0xfbff0000, 0xf6fff6ff, 0x00000000, 0xfbffe7ff, 0x0000d8ff, 0xf1ff0000, 0xf1fff6ff, 0x0000f1ff, 0x00000000, 0xfbfffbff, 0x00000000,
    0x00000000, 0x00000000, 0x00000000, 0x00000000, 0xe8ffe2ff, 0xe2ffe2ff, 0xf6ff0000, 0xecfffbff, 0xe7ffdeff, 0x00000000, 0x00000000, 0x00000000,
    0x0500b0ff, 0x0500fbff, 0xecff0000, 0xe7ff0000, 0xfbfff6ff, 0xf6ffecff, 0x00000000, 0x00000000, 0x00000000, 0xf1ff0000, 0xf1ffecff, 0x0000ecff,
    0x00000000, 0xddff0000, 0x0000d8ff, 0x0f000000, 0xecfff6ff, 0x9cff0000, 0x0a000500, 0x00000a00, 0x0000fbff, 0x05000000, 0xf6ff0000, 0x0f000000,
    0x00000000, 0x00000000, 0x00000000, 0xe2ffe2ff, 0xd8ffe2ff, 0x00000000, 0xf6ff0000, 0xecffe1ff, 0x05000a00, 0x05000500, 0xe7ff0000, 0x0a00c4ff,
    0x14000a00, 0xecff0000, 0xecfff6ff, 0x0000f6ff, 0x0000f1ff, 0xf6ff0a00, 0x00000000, 0x00000000, 0xe2ff0000, 0xe2fff6ff, 0x0000ecff, 0xf6ff0000,
    0x0000f6ff, 0x0000f6ff, 0x00000000, 0x00000000, 0x0000d8ff, 0xf1ff0000, 0x0000f6ff, 0xecfffbff, 0xecfff1ff, 0x00000000, 0xf1ff0a00, 0x00000000,
    0x00000000, 0x00000000, 0x0a000000, 0x00000a00, 0x00000000, 0xf6fff1ff, 0x00000000, 0xc4ff0000, 0xc4fff6ff, 0x00000000, 0x00000000, 0x00000000,
    0x00000000, 0x00000000, 0x0000f6ff, 0x00000000, 0x00000000, 0x0000f6ff, 0x00000000, 0x00000000, 0x00000000, 0x0000fbff, 0x00000000, 0xecfff6ff,
    0xf1ffecff, 0xecffceff, 0xf1ffc4ff, 0x00000000, 0x00000000, 0x00000000, 0x00000000, 0x00000000, 0x00000000, 0x0000f6ff, 0xecff0000, 0x00000000,
    0x00000000, 0xceffa6ff, 0x0000a6ff, 0x28000000, 0xf1ffd3ff, 0xc4ff0f00, 0xb0ffc4ff, 0xb0ffceff, 0x00001400, 0x00000000, 0x00000000, 0xd3ff0000,
    0xc9ff0000, 0x1e00d8ff, 0xf6ff0000, 0x00009cff, 0xe7ff0a00, 0x000097ff, 0x00000000, 0x00000000, 0x00000000, 0x00000000, 0x00000000, 0x00000000,
    0x0000ecff, 0x0000d8ff, 0x00000000, 0x00000000, 0x00000000, 0x00000000, 0x00000000, 0x00000000, 0x00000000, 0x00000000, 0x00000000, 0x00000000,
    0xf6ffecff, 0x0000ecff, 0x14000000, 0x0000e2ff, 0xecff0000, 0xa6ff0000, 0xb5ffd8ff, 0x00000000, 0x00000000, 0x00000000, 0xf6ff0000, 0xe2ff0000,
    0x0000ecff, 0x0a000000, 0x0000ddff, 0xf6ff0000, 0x0000e2ff, 0x00000000, 0x00000000, 0x00000000, 0x00000000, 0xecff0000, 0x00000000, 0x0f000000,
    0x00000000, 0x8dff0000, 0x14000000, 0x00001400, 0x00000000, 0x00000000, 0x00000000, 0x00000000, 0x00000000, 0x00000000, 0x00000000, 0x00000000,
    0x0a000000, 0x1e000000, 0x0a000000, 0x00000000, 0x14000000, 0x14001400, 0x00000000, 0x00000000, 0x00000000, 0x00000000, 0x00000000, 0x0a000000,
    0x00000000, 0x00000000, 0x00000000, 0x00000000, 0xf1ff0000, 0xf1fff0ff, 0x0000f1ff, 0x00000000, 0xd3ff0000, 0x00000000, 0x14001e00, 0x00001400,
    0x00000000, 0x00000000, 0x00000000, 0x0000f6ff, 0x00000000, 0x00000000, 0x00000000, 0x0a000000, 0x00000000, 0x00000000, 0x00000000, 0x00000000,
    0x00000000, 0x00000000, 0x0000c4ff, 0x00000000, 0x05000f00, 0x0000fbff, 0x00000000, 0x00000000, 0x00000000, 0x00000000, 0x00000000, 0x00000000,
    0x00000000, 0x00000000, 0x00000000, 0x00000000, 0x00000000, 0x00000000, 0x00000000, 0xb5ff0000, 0x00000000, 0x00000000, 0x00000000, 0x00000000,
    0x00000000, 0x00000000, 0x00000000, 0x00000000, 0x00000000, 0x00000000, 0x00000000, 0x00000000, 0x00000000, 0x00000000, 0x00000000, 0x00000000,
    0xfbff0000, 0x0a001400, 0xe2ff0000, 0xe2fff6ff, 0xecff0a00, 0xecff1e00, 0xe2ffe2ff, 0x00000000, 0x00001400, 0x0000fbff, 0x00000000, 0x00000000,
    0x00000000, 0x00000000, 0xe7ff0000, 0xe7ff0000, 0x00000000, 0xfaff0000, 0x0000fbff, 0xf6fff6ff, 0xf6ffd8ff, 0x0000d8ff, 0x0a00ecff, 0xf6ff0000,
    0x00000a00, 0x00000000, 0xf6ff0000, 0x0000f8ff, 0x00000300, 0x00000000, 0x00000000, 0x00000000, 0x00000000, 0x00000000, 0x00000000, 0xfbff0000,
    0x00000000, 0xf6fff6ff, 0xf1fff1ff, 0x00000000, 0xf6ff0a00, 0xecfff6ff, 0x00000000, 0x00001400, 0x00000000, 0x00000000, 0x0000fbff, 0x0000fbff,
    0x0000f6ff, 0x0a000000, 0x0a000f00, 0x00000000, 0x00000000, 0xecff0a00, 0x0000ddff, 0xfdff0000, 0x0000dbff, 0xd8ff2300, 0xecffecff, 0x0000e2ff,
    0x1e000a00, 0x0a000000, 0x00000000, 0x0a000000, 0x00000500, 0x00000000, 0x00000000, 0x00000a00, 0x0000fbff, 0x00001400, 0x19001e00, 0xceffceff,
    0x14000000, 0xf6ff0f00, 0x00000000, 0x0000ceff, 0x00000000, 0x14000000, 0x00000000, 0x14001400, 0x19000000, 0x00001400, 0x0000f6ff, 0x00000000,
    0x14000000, 0x1e000000, 0x00000000, 0x0a000000, 0xe2ff0000, 0x0000d8ff, 0x0000ecff, 0xecffe2ff, 0xceff0000, 0x00000000, 0x00000000, 0x00001400,
    0x0a000000, 0x00000a00, 0x05000000, 0xf6ff0000, 0x00000000, 0x00001900, 0x00001400, 0x00000a00, 0x00001900, 0x14000a00, 0xd8ffe2ff, 0x0a000000,
    0xecff0a00, 0x00000000, 0x0000ceff, 0x00000000, 0x00000000, 0x00000000, 0x0a001900, 0x0a000000, 0x00000000, 0x00000000, 0x19000000, 0x00000000,
    0x00000000, 0x0f00f6ff, 0x0a001400, 0xceff1400, 0x0000d8ff, 0x0a000a00, 0x0000ecff, 0xceff0000, 0x00000000, 0x00000000, 0x00000000, 0x14000000,
    0x00000a00, 0x00000a00, 0xecff0000, 0x00000000, 0x00000500, 0x00000f00, 0x00000f00, 0x00001400, 0x1e001e00, 0xddffd8ff, 0x0a000000, 0x00001400,
    0x0000f6ff, 0x0000ceff, 0x00000000, 0x14000000, 0x00000000, 0x14001e00, 0x14000000, 0x00000a00, 0x0000fbff, 0x0f000000, 0x0a000000, 0x00000000,
    0x14000000, 0x1e000000, 0xceff1e00, 0x0000d3ff, 0x0f000500, 0x00000000, 0xd8ff0000, 0x00000000, 0x00000000, 0x00000f00, 0x14000000, 0x00001400,
    0x0a001400, 0xf6ff0000, 0x00000000, 0x00000500, 0x00000a00, 0xfbff0000, 0x00001400, 0x1e001400, 0xd3ffceff, 0xf6ff0000, 0xf1ff0000, 0x0000ecff,
    0x0000d8ff, 0x00000000, 0x0f000000, 0x00000000, 0x14001400, 0x14000000, 0x00001400, 0x0000ecff, 0x05000000, 0xecff0000, 0xe2ffe2ff, 0x1400ddff,
    0x00000000, 0xb0ff0000, 0xf6ffe7ff, 0x1e001e00, 0x0f000a00, 0xbaff0000, 0x00000000, 0x00000000, 0x0000e2ff, 0x0500ecff, 0xecff0000, 0xf6fff6ff,
    0x00000000, 0x00000000, 0x0000e7ff, 0x00000000, 0x00000a00, 0x00001400, 0x14001400, 0xddffc4ff, 0x0a000000, 0xf6ff0a00, 0x00000000, 0x0000d8ff,
    0x00000000, 0x0a000000, 0x00000000, 0x0a001900, 0x14000000, 0x00000a00, 0x0000f6ff, 0x00000000, 0xf6ff0000, 0xf6fff6ff, 0x1900ecff, 0x19000000,
    0xbaff0f00, 0x0000ddff, 0x14000a00, 0x0000ecff, 0xc4ff0000, 0x00000000, 0x00000000, 0x00000a00, 0x1400fbff, 0xf6ff0a00, 0x05000a00, 0xf6ff0000,
    0x00000000, 0x0000ecff, 0x0a000a00, 0xf6ff0a00, 0x00000000, 0xe7fff6ff, 0x14001e00, 0xc4ff0000, 0xb0ffd8ff, 0x00001e00, 0x00000000, 0x00000000,
    0x00000000, 0x00000000, 0xf6ffecff, 0x0a000000, 0x00000a00, 0x00000a00, 0x00000000, 0xf6ff0000, 0xf6ff0000, 0x00000000, 0xecff0000, 0x1900e2ff,
    0x00000000, 0xd8ffc4ff, 0x23009cff, 0x00000000, 0x00000000, 0x00000000, 0x00000000, 0xe2ff0000, 0x0000ecff, 0xf6ff1400, 0x00000000, 0xecff0000,
    0x00000000, 0x05000000, 0x00000a00, 0x00000000, 0xe2fff6ff, 0x00001400, 0xc4ff0000, 0xa6ffddff, 0x00001400, 0x00000a00, 0x00000000, 0x00000000,
    0x00000000, 0xf6ffecff, 0x14000000, 0x0000fbff, 0x00000a00, 0x00000000, 0x00000000, 0x0a000500, 0x0000fbff, 0xf6ff0000, 0x0a00e2ff, 0xfbff0000,
    0xd3ffbaff, 0x14009cff, 0x00000000, 0x00000000, 0x00000000, 0x00000000, 0xf6ff0000, 0x0000f6ff, 0x00000a00, 0x00000000, 0x00000000, 0x00000000,
    0x00000000, 0xfbff0a00, 0x00000000, 0xf1fff6ff, 0x0a000a00, 0xd3ff0000, 0xbaffecff, 0x00001e00, 0x00000000, 0x00000000, 0x05000000, 0x00000000,
    0xf6fff1ff, 0x1e000000, 0x00000000, 0x00000000, 0x00000000, 0x00000000, 0x00000000, 0x0000f6ff, 0xf6ff0000, 0x1400ecff, 0xfbff0000, 0xe2ffc4ff,
    0x1e00b0ff, 0x00000000, 0x00000000, 0x00000000, 0x00000000, 0xf6ff0000, 0x0000f6ff, 0xfbff0f00, 0xfbff0000, 0x00000000, 0x00000000, 0x00000000,
    0xf1ff0000, 0x00000000, 0xddffe7ff, 0x0a001900, 0xbafffbff, 0xb0ffd8ff, 0x00002300, 0x00000000, 0x00000000, 0x00000000, 0x00000000, 0xecffe2ff,
    0x0a000000, 0x0000f9ff, 0x0000fbff, 0x0000f6ff, 0x00000000, 0x0a000500, 0x0000f1ff, 0xfbff0000, 0xf6fffbff, 0xf6ffecff, 0xe7ffc4ff, 0x0500c4ff,
    0xe2ff0000, 0x00000000, 0x00000000, 0x00000000, 0xf6ff0000, 0x0000f6ff, 0x05000000, 0xecff0000, 0xfbff0000, 0x00000000, 0x0a000000, 0xfbff0a00,
    0x00000000, 0xe2fff6ff, 0x05000a00, 0xbafffbff, 0xa6ffd8ff, 0x00002300, 0x00000000, 0x00000000, 0x00000000, 0x00000000, 0xecffe7ff, 0x0a000000,
    0x0000f6ff, 0x00000000, 0x0000fbff, 0x00000000, 0x0a000a00, 0x0000fbff, 0xecff0000, 0xfbffecff, 0x00000a00, 0xd3ffbaff, 0x0a00a6ff, 0x00000000,
    0x00000000, 0x00000000, 0x0000fbff, 0xecff0000, 0x0000f6ff, 0x00000000, 0xf1ff0000, 0xfbff0000, 0x00000000, 0x00000000, 0x00000000, 0x00000000,
    0x00000000, 0x00000000, 0x00000000, 0x00000000, 0x00000000, 0xbaff0000, 0xb0ffbaff, 0x00000000, 0x00000000, 0x00000000, 0x00000000, 0x00000000,
    0x00000000, 0x00000000, 0x00000000, 0x00000000, 0x00000000, 0x00000000, 0x00000000, 0x00000000, 0x00000000, 0x00000000, 0x00000000, 0x9cff9cff,
    0x00009cff, 0x00000000, 0x00000000, 0x00000000, 0x00000000, 0x00000000, 0x00000000, 0x02000000, 0x0400dc2b, 0x6a480000, 0x3000324b, 0x00004800,
    0xe2fff6ff, 0x28000f00, 0x0a000000, 0xf6fff6ff, 0xecfffbff, 0x0a00ecff, 0x14000500, 0x14000f00, 0x0f000f00, 0x00000a00, 0x00000000, 0x00000000,
    0x00000000, 0x00000000, 0x00000000, 0x00000000, 0x00000000, 0x00000000, 0x00000000, 0xfbfffdff, 0x0f000300, 0xceffc4ff, 0xf1ff0f00, 0xf1ff0a00,
    0xecffd8ff, 0x00000000, 0x00000000, 0x00000000, 0x00000000, 0x00000000, 0x00000000, 0x00000000, 0x00000000, 0x00000000, 0x00000000, 0x00000000,
    0xddfff6ff, 0x28000000, 0x00000000, 0xecffe7ff, 0xddffe7ff, 0x0a00d8ff, 0x14001400, 0x14001400, 0x14001400, 0xe2ff0a00, 0xfbffe7ff, 0xecfff1ff,
    0x0f000a00, 0x00000000, 0x00000000, 0x00000000, 0x00000000, 0x00000000, 0x00000000, 0xf8fffbff, 0x0f000300, 0xc4ffc9ff, 0xfbff0f00, 0xddff1400,
    0xc9ffb0ff, 0x0000ecff, 0x00000000, 0x00000000, 0x00000000, 0x00000000, 0x00000000, 0x00000000, 0x00000000, 0x00000000, 0x00000000, 0x00000000,
    0xd3ffecff, 0xd8fff1ff, 0x00000000, 0x0000e7ff, 0xf6ff0000, 0x0a00ecff, 0x00000000, 0x05000000, 0x05000a00, 0xfbff0500, 0x0000f6ff, 0x00000000,
    0x0a000000, 0x0000eaff, 0x00000000, 0x00000000, 0x00000000, 0x00000000, 0x00000000, 0xecffe9ff, 0xfbfff9ff, 0xbaffbaff, 0x0a000000, 0xd8ffecff,
    0xbaffb0ff, 0xf9fff1ff, 0xfbfffbff, 0x0f00f6ff, 0x00000000, 0x00000000, 0x00000000, 0x00000000, 0x00000000, 0x00000000, 0x00000000, 0x00000000,
    0xe5ff0000, 0xf6ff0000, 0x0a000000, 0x00000000, 0x00000f00, 0x0f00fbff, 0x0a000a00, 0x14000a00, 0x05000a00, 0x00000000, 0x0f000f00, 0x0f000f00,
    0x00000500, 0xfbff0000, 0x19000f00, 0x00000000, 0x00000000, 0x00000000, 0x00000000, 0x00000000, 0x08000000, 0xd1ffd2ff, 0x00000600, 0x00000000,
    0xecffd8ff, 0x0000fbff, 0x00000000, 0x05000300, 0xfafff9ff, 0x0a00f9ff, 0x00000500, 0x00000000, 0x00000000, 0x00000000, 0x00000000, 0x00000000,
    0xf6fffbff, 0x28000f00, 0x00000000, 0xf6ff0000, 0xf6fff6ff, 0x0a00f6ff, 0x14000a00, 0x1e001400, 0x0f001400, 0x00001400, 0xf6fff6ff, 0xf6fff6ff,
    0x00000000, 0x00000000, 0xf6fff6ff, 0x00000000, 0x00000000, 0x00000000, 0x00000000, 0xfbff0000, 0x14000300, 0xe7ffecff, 0xf6ff0f00, 0x00001400,
    0xf6ffecff, 0x00000000, 0x00000000, 0x00000000, 0x00000000, 0x0a000000, 0xf9ff0000, 0x00000000, 0x00000000, 0x00000000, 0x00000000, 0x00000000,
    0xe2fff8ff, 0xd8fff6ff, 0x00000000, 0x0000f1ff, 0xecff0000, 0x0a00f1ff, 0x0f000f00, 0x0f000f00, 0x05000f00, 0xfbff0a00, 0x14000000, 0x00000000,
    0x0f000000, 0x0000fbff, 0x0a001400, 0x00000000, 0x00000000, 0x00000000, 0x00000000, 0xfbff0000, 0x0a00fbff, 0xc4ffbaff, 0x0a000f00, 0xecffecff,
    0xddffd3ff, 0x0000f6ff, 0xfbff0000, 0x0f000000, 0x00000000, 0x0f000000, 0x00000000, 0x00000000, 0x00000000, 0x00000000, 0x00000000, 0x00000000,
    0xf6ff0000, 0x50000f00, 0x32002800, 0x0a001400, 0x14001400, 0x00001400, 0x14000000, 0x00000f00, 0xfbff0000, 0x14000000, 0x0a001400, 0x0a001400,
    0x00000a00, 0x00001400, 0x14000a00, 0x0000fbff, 0x00000000, 0x00000000, 0x2d000000, 0x0a000400, 0x19000f00, 0xf6fff6ff, 0x00001400, 0x05001e00,
    0x0f000a00, 0x1e000000, 0x00000000, 0x00000000, 0xfaff0000, 0x05000000, 0x0000fbff, 0xfcff0200, 0x00000500, 0x00000000, 0x00000000, 0x00000000,
    0xe7ff0000, 0x00000000, 0x00000000, 0x00000000, 0xf6ff0000, 0x0000f6ff, 0x00000000, 0x00000000, 0x00000000, 0x00000000, 0x00000000, 0x00000000,
    0x00000000, 0x00000000, 0x00000000, 0x00000000, 0x00000000, 0x00000000, 0x00000000, 0x00000000, 0x00000000, 0xc4ffc4ff, 0x00000000, 0x0000f6ff,
    0x0000f1ff, 0x0000f6ff, 0x00000000, 0x00000000, 0x00000000, 0x00000000, 0x00000000, 0x00000000, 0x00000000, 0x00000000, 0x00000000, 0x00000000,
    0xf6ff0000, 0x28000f00, 0x00000000, 0x0f000000, 0x19001400, 0x00000f00, 0x14000a00, 0x0a001400, 0x00000a00, 0x00000000, 0x14001400, 0x14001400,
    0x00000000, 0x00000000, 0x0a001400, 0x00000000, 0x00000000, 0x00000000, 0x00000000, 0x00000000, 0x14000400, 0xe7ff0000, 0xf6ff1400, 0x00001400,
    0x0000e7ff, 0x00000000, 0x00000000, 0x00000000, 0x00000000, 0x0a000000, 0x00000a00, 0x00000000, 0x00000000, 0x00000000, 0x00000000, 0x00000000,
    0xeefff1ff, 0x1e000a00, 0x00000000, 0x00000000, 0xe2fff6ff, 0x0a00ecff, 0x14000a00, 0x14001400, 0x0a001400, 0x05000000, 0xecff0000, 0xf6fff6ff,
    0xf6fff6ff, 0xecff0000, 0x0000ecff, 0x0000ecff, 0x00000000, 0x00000000, 0x00000000, 0x00000000, 0x0f000000, 0xd8ffe0ff, 0xd3ff1400, 0x00001400,
    0xf1ff0000, 0x0000f6ff, 0x0000f6ff, 0xf6fffeff, 0xf6ffecff, 0xf8ffecff, 0x0000fbff, 0x00000000, 0xf6ff0000, 0x00000000, 0x00000000, 0x00000000,
    0xd3ffe7ff, 0xd8fff6ff, 0x00000000, 0xf6fff1ff, 0xe2fff1ff, 0x0a00ddff, 0x05000500, 0x05000500, 0x0a000f00, 0xfbff0a00, 0x0000f1ff, 0xf6fff6ff,
    0x0a000000, 0x0000f4ff, 0x00000a00, 0x00000000, 0x00000000, 0x00000000, 0x00000000, 0xe7ffe9ff, 0xfbfff9ff, 0xbaffbaff, 0x0a00fbff, 0xd8ffecff,
    0xb0ffb0ff, 0xf9fff1ff, 0xfbfffbff, 0x0f00f6ff, 0x00000000, 0x00000000, 0x00000000, 0x00000000, 0x00000000, 0x00000000, 0x00000000, 0x00000000,
    0xf6ff0a00, 0xc4ffecff, 0xecff0000, 0x14002800, 0x14003200, 0xecff1400, 0xecffecff, 0xe2ffecff, 0xecfff6ff, 0x2800ecff, 0x1e002800, 0x28003200,
    0xddff0000, 0xecff0000, 0x32001e00, 0x00000000, 0x00000000, 0x00000000, 0x00000000, 0x0a000500, 0xecff0000, 0xecfff6ff, 0xecfff5ff, 0x1e00bfff,
    0x19000a00, 0x04000a00, 0xf6ff0400, 0x00000700, 0xfafff6ff, 0x0f00fbff, 0x0000ecff, 0x0000e9ff, 0x00000000, 0x00000000, 0x00000000, 0x00000000,
    0xceffeeff, 0xecffeeff, 0x00000000, 0xecff0000, 0xecfff1ff, 0x0500d3ff, 0x00000000, 0x0f000000, 0x05000000, 0x00000000, 0xfbfff6ff, 0xf1fff6ff,
    0x00000000, 0xfbffecff, 0x0000f6ff, 0x00000000, 0x00000000, 0x00000000, 0x00000000, 0xeeffecff, 0xfcfff6ff, 0xbaffbfff, 0xf6ff0000, 0xecfffbff,
    0xceffbfff, 0xfbffecff, 0xf6ffefff, 0x00000000, 0x00000000, 0x00000000, 0x0000fbff, 0x0000f1ff, 0x00000000, 0x0000faff, 0x00000000, 0x00000000,
    0xfbff0000, 0x28000000, 0x00000000, 0x00000500, 0x00001400, 0x00000500, 0x14000000, 0x00001400, 0xfbff0000, 0x0f000000, 0x0a001e00, 0x14001400,
    0xecffecff, 0xfbff0000, 0x1e000a00, 0x0000f6ff, 0x00000000, 0x00000000, 0x00000000, 0x00000000, 0x06000000, 0xecffe8ff, 0xecff0a00, 0x00000000,
    0x14000000, 0xfbff0000, 0x0000faff, 0xf6ff0000, 0x0000fbff, 0x0000fbff, 0x00000000, 0x0000f6ff, 0x00000000, 0x00000000, 0x00000000, 0x00000000,
    0xf6ff0000, 0xecff0000, 0x00000000, 0x0a000a00, 0x0a001900, 0xecff1400, 0xecfff6ff, 0xecffe2ff, 0xecfff6ff, 0x1e00e7ff, 0x14001400, 0x19001e00,
    0xe7fff6ff, 0xecff0000, 0x1e001900, 0x00000000, 0x00000000, 0x00000000, 0x00000000, 0x0000f6ff, 0xf6ff0000, 0xecffd8ff, 0xfcff0000, 0x1400e2ff,
    0x1400f1ff, 0x0000fbff, 0x00000000, 0x00000000, 0xfbffefff, 0x0000efff, 0x0000f6ff, 0x0000efff, 0x00000000, 0x0000feff, 0x00000000, 0x00000000,
    0xf6ff0000, 0xc4ff0000, 0xfbff0000, 0x00001400, 0x05001e00, 0xecff0f00, 0xecffecff, 0xe2ffecff, 0xe2ffe7ff, 0x2800e7ff, 0x14001900, 0x14001e00,
    0xecfff6ff, 0xecff0000, 0x1e001400, 0x0000f6ff, 0x00000000, 0x00000000, 0x00000000, 0x00000000, 0xf1ff0000, 0xe7ffd8ff, 0xf6ff0000, 0x1400d3ff,
    0x1e000000, 0x03000000, 0x00000000, 0x00000000, 0xfbfff8ff, 0x0000f9ff, 0x0000e5ff, 0x0000ecff, 0x00000000, 0x00000000, 0x00000000, 0x00000000,
    0xf6ff0000, 0x0a000a00, 0x00000000, 0x00000a00, 0x00001400, 0x0a000000, 0x14000a00, 0x14000a00, 0x0a000a00, 0x19000a00, 0x14001e00, 0x14001400,
    0xf6ff0000, 0xf6ff0000, 0x28001400, 0x0000fbff, 0x00000000, 0x00000000, 0x00000000, 0x00000000, 0x13000000, 0xecffd8ff, 0xecff0000, 0x0a000f00,
    0x0a000500, 0x00000a00, 0x00000000, 0x00000000, 0xf9fff9ff, 0x0000f9ff, 0x00000000, 0x00000000, 0x00000000, 0x00000000, 0x00000000, 0x00000000,
    0xcdffecff, 0x0f000000, 0x00000000, 0xceffa1ff, 0xbaffceff, 0x1400baff, 0x14000f00, 0x0a001400, 0x05000a00, 0xabff0000, 0xd8ffceff, 0xc4ffceff,
    0xfbfff6ff, 0xf6ff0000, 0xd8ffe2ff, 0xe2ffecff, 0x00000000, 0x00000000, 0x00000000, 0xf1fff6ff, 0x0a000a00, 0xbaffc9ff, 0xecff0000, 0xb0ff0f00,
    0xb0ffa6ff, 0x0000fcff, 0x0000f6ff, 0x0000f0ff, 0x0000ecff, 0xf1ffecff, 0x00000000, 0xf1fffbff, 0x00000000, 0xf3ff0000, 0x00000000, 0x00000000,
    0xfbff0000, 0xecff0000, 0x00000000, 0x05000000, 0x00000000, 0x0a000000, 0x05000000, 0x19000500, 0x0f000500, 0x05000000, 0x00000000, 0x00000000,
    0x00000000, 0xfbff0000, 0x00000000, 0x0000f6ff, 0x00000a00, 0x00000000, 0x00000000, 0x00000000, 0x00000000, 0xf1fff6ff, 0xecff0000, 0x0a000000,
    0x00000000, 0x00000a00, 0x00000000, 0x00000000, 0x0000f6ff, 0x00000000, 0x00000000, 0x00000000, 0x00000000, 0x00000000, 0x00000000, 0x00000000,
    0xe2ff0000, 0xc9ffe8ff, 0xe2ff0000, 0x0000e7ff, 0xf6ff0000, 0x0000f6ff, 0x00000000, 0xf6ff0000, 0xf6ff0000, 0xecfff6ff, 0x00000000, 0x00000000,
    0x00000000, 0x00000000, 0x00000000, 0x00000000, 0x00000a00, 0x00000000, 0x00000000, 0x00000000, 0xf4ff0000, 0xd3ffd8ff, 0x0f00f1ff, 0xecffe2ff,
    0xddffddff, 0x0000fbff, 0x00000000, 0x14000000, 0x00000000, 0x00000000, 0x0000f6ff, 0x00000000, 0x00000000, 0x00000000, 0x00000000, 0x00000000,
    0xf6ff0000, 0x0f000000, 0x00000000, 0xfbff0a00, 0x0000f6ff, 0x0000fbff, 0x0000fbff, 0x00000000, 0x00000000, 0x00000000, 0xfbff0000, 0xfbff0000,
    0xfbfff6ff, 0xf6ff0000, 0xfbff0000, 0x0000f6ff, 0x00000000, 0x00000000, 0x00000000, 0x00000000, 0x00000000, 0x00000000, 0x00000000, 0x00000000,
    0x00000000, 0x00000000, 0x00000000, 0x00000000, 0xf6fff6ff, 0xf6fff6ff, 0x00000000, 0x0000fbff, 0x00000000, 0x00000000, 0x00000000, 0x00000000,
    0xe7ff0000, 0x1400fbff, 0x00000000, 0xf6ffe2ff, 0xf6fff6ff, 0x0a00f6ff, 0x00000000, 0x00000000, 0x00000000, 0xf6ff0000, 0xf6fff6ff, 0xf1fffbff,
    0x00000000, 0x00000000, 0x0000fbff, 0x00000000, 0x00000000, 0x00000000, 0x00000000, 0x00000000, 0x00000000, 0xd8ffddff, 0x0a000000, 0xf6ff0000,
    0xecffe2ff, 0x0000f1ff, 0x00000000, 0x00000000, 0x00000000, 0x00000000, 0x00000000, 0x00000000, 0x00000000, 0x00000000, 0x00000000, 0x00000000,
    0x00000000, 0x0a000000, 0x00000000, 0x00000000, 0x0a00f6ff, 0xfbff0000, 0x05000000, 0x00000000, 0xfbfffbff, 0x00000000, 0x00000a00, 0x00000000,
    0xf1ffecff, 0xf6ff0000, 0xecff0000, 0x0000ecff, 0x00000000, 0x00000000, 0x00000000, 0x00000000, 0x00000000, 0x0000f9ff, 0xe2ff0000, 0x00000000,
    0x00000000, 0x00000000, 0x00000000, 0x00000000, 0xfbff0000, 0x0000fbff, 0x00000000, 0x00000000, 0x00000000, 0x00000000, 0x00000000, 0x00000000,
    0x00000000, 0xd3fff1ff, 0xe2ff0000, 0x00000000, 0x00000000, 0x00000000, 0xf6ff0000, 0xfbfff6ff, 0xfbff0000, 0x0000f1ff, 0x00000000, 0x00000000,
    0xf6fff6ff, 0x00000000, 0x00000000, 0x00000000, 0x00000000, 0x00000000, 0x00000000, 0x00000000, 0xfaff0000, 0x00000000, 0x00000000, 0x0000ecff,
    0x00000000, 0x00000000, 0x00000000, 0x00000000, 0x00000000, 0x00000000, 0x0000f6ff, 0x0000f6ff, 0x00000000, 0x00000000, 0x00000000, 0x00000000,
    0xf1fff6ff, 0x23000000, 0x00000a00, 0xf1ff0000, 0x0000e2ff, 0xfbffecff, 0x00000000, 0x00000000, 0x00000000, 0xe2ff0000, 0xf6ffecff, 0xe2ffecff,
    0xecffe7ff, 0xe7fff6ff, 0xd8fff6ff, 0x0000d8ff, 0xf6ff0000, 0x00000000, 0x00000000, 0xf6fff6ff, 0x00000a00, 0xf1ffecff, 0xc9ff0000, 0xfbff0a00,
    0xecffdfff, 0xecfff6ff, 0x0000ecff, 0xe2ff0000, 0xe7ffd8ff, 0xe7ffd8ff, 0x0000f1ff, 0xe2fff6ff, 0xecff0000, 0xf6ff0000, 0xf6ff0000, 0x00000000,
    0xc2ffceff, 0x32000000, 0x19000000, 0xbaffa6ff, 0xc4ffbaff, 0x0a00abff, 0x19001400, 0x14000a00, 0x0a000a00, 0x92ff0a00, 0xc4ffbaff, 0xbaffc4ff,
    0xf1fff6ff, 0xf6ff0a00, 0xbaffbaff, 0xd3ffecff, 0x00000000, 0x00000000, 0x00000000, 0xd8ffe2ff, 0x14001000, 0xbaffbbff, 0xd8ff0000, 0x9cff1900,
    0xa6ff9cff, 0x0000e6ff, 0x0000f6ff, 0xe6ff0000, 0xf7ffecff, 0xe2ffecff, 0x00000000, 0xf1ff0000, 0x00000000, 0xe4ff0000, 0x00000000, 0x00000000,
    0xe2ff0000, 0xc9fff1ff, 0xe2ff0000, 0xfbffe7ff, 0xecfff6ff, 0x0a00ecff, 0xfbff0000, 0xf6fffbff, 0xfbfffbff, 0xfbfff6ff, 0xfbff0000, 0x0000f6ff,
    0x00000000, 0x00000000, 0x00000000, 0x00000000, 0x00000000, 0x00000000, 0x00000000, 0x00000000, 0xfbff0000, 0xceffe2ff, 0x0f00f6ff, 0xecffddff,
    0xddffddff, 0x00000000, 0x00000000, 0x14000000, 0x00000000, 0x00000000, 0x0000f6ff, 0x00000000, 0x00000000, 0x00000000, 0x00000000, 0x00000000,
    0xe7ff0000, 0x0f000000, 0x00000000, 0xf6fff6ff, 0xf1fffbff, 0xf6fffbff, 0x0000f6ff, 0xfbfffbff, 0xecfff6ff, 0x0000f6ff, 0xf6fff6ff, 0xfbfffbff,
    0xe2ffe2ff, 0xe7ff0000, 0x0000f6ff, 0x0000ecff, 0x00000000, 0x00000000, 0x00000000, 0xfcff0000, 0x00000000, 0xd8ffe8ff, 0xf1ff0000, 0x00000000,
    0xecffe2ff, 0x0000faff, 0x00000000, 0x00000000, 0xf1ffe2ff, 0xfbffe2ff, 0x0000ecff, 0xecffe2ff, 0x00000000, 0xf4ff0000, 0x00000000, 0x00000000,
    0xecff0000, 0xe7ff0000, 0xf6ff0000, 0x00000000, 0x0000f6ff, 0x0a00fbff, 0x00000000, 0x00000000, 0x00000000, 0xfbff0000, 0xfbff0000, 0x00000000,
    0x00000000, 0x00000000, 0xf6fffbff, 0x00000000, 0x00000000, 0x00000000, 0x00000000, 0x00000000, 0x00000000, 0xe7ffe3ff, 0x0a000000, 0x00000000,
    0xecffe2ff, 0x00000300, 0x00000000, 0x1400f6ff, 0x00000000, 0x00000000, 0x00000000, 0x00000000, 0x00000000, 0x00000000, 0x00000000, 0x00000000,
    0x0500ddff, 0xd8ff0000, 0xbaff1400, 0x19001400, 0x32001400, 0xc4ff2800, 0xceffceff, 0xbaffc4ff, 0xc4ffceff, 0x0000c4ff, 0x28002800, 0x1e001400,
    0xc4ffceff, 0xe7ffceff, 0x05001e00, 0x1400e2ff, 0xd3ff0000, 0x00000000, 0x00000000, 0xd8ffd8ff, 0xc9ffceff, 0x05000d00, 0xceff0000, 0x1900b0ff,
    0x14000a00, 0xf1ff0f00, 0xf9ff0000, 0xd8fff5ff, 0xbfffbfff, 0x0000bfff, 0x0000e2ff, 0xceffb0ff, 0xe2ff0000, 0x0000bfff, 0xd3ff0000, 0x00000000,
    0x00000000, 0xddff0000, 0xecff0000, 0x00000000, 0x00000000, 0x00000000, 0x00000000, 0x00000000, 0x00000000, 0x00000000, 0x00000000, 0x00000000,
    0x00000000, 0x00000000, 0x00000000, 0x00000000, 0x00000000, 0x00000000, 0x00000000, 0x00000500, 0xf8ff0000, 0x00000000, 0x00000000, 0x0000e2ff,
    0x00000000, 0x00000000, 0x00000000, 0x00000000, 0x00000000, 0x00000000, 0x0000f2ff, 0x0000f6ff, 0x00000000, 0x00000000, 0x00000000, 0x00000000,
    0x05000000, 0xe2ff0000, 0xf6ff0a00, 0x1e001e00, 0x32001400, 0xd8ff2800, 0xddffddff, 0xddffe2ff, 0xd8ffe2ff, 0x0f00d8ff, 0x28002300, 0x14001400,
    0xddffe2ff, 0xf6fff6ff, 0x0f002800, 0x1e00f1ff, 0xfbff1400, 0x00000000, 0x00000000, 0x0000fbff, 0x0000fbff, 0x05000f00, 0xf6ff0000, 0x0f00e2ff,
    0x19001900, 0x00000500, 0x00000000, 0x00000a00, 0xf1fff1ff, 0x1400f1ff, 0x0000f1ff, 0xfbffecff, 0x00000000, 0x0000f6ff, 0xf6ff0000, 0x00000000,
    0x0500e7ff, 0xd8ff0000, 0xc4ff1400, 0x14001e00, 0x2800fbff, 0xb0ff1400, 0xa6ffb0ff, 0xa6ffb0ff, 0xa6ffb0ff, 0x0500a6ff, 0x14001400, 0x0a000a00,
    0xb0ffc4ff, 0xd8ffecff, 0xf6ff1400, 0x0f00e2ff, 0xd8ff0000, 0x00000000, 0x00000000, 0xe7ffecff, 0xc9ffecff, 0x00000500, 0xceff0000, 0x0a00c4ff,
    0x0f000a00, 0xf1ff0500, 0x0000f6ff, 0xd8ff0000, 0xd8ffceff, 0xf6ffceff, 0xf6ffe7ff, 0xe2ffc9ff, 0xd8ff0000, 0x0000d8ff, 0xd8fff6ff, 0x0000f6ff,
    0x00000000, 0x1e000000, 0x00000a00, 0x1e001400, 0x1e00fbff, 0x05001e00, 0x14001400, 0x14001400, 0x14001400, 0x0a000f00, 0x14001400, 0x14000500,
    0xfbff0000, 0xf6ff0000, 0x00001e00, 0x0000ecff, 0x00000000, 0x00000000, 0x00000000, 0xfbff0000, 0x00000000, 0x00000000, 0xd8ff0400, 0x05001e00,
    0x05000a00, 0x00000000, 0x0000f6ff, 0xecff0000, 0x0000ecff, 0xf6ffecff, 0x00000000, 0xfbff0000, 0xf6ff0000, 0x00000000, 0x00000000, 0x00000000,
    0xf1fff6ff, 0x0000e2ff, 0x00000000, 0x00000000, 0x00000000, 0x00000000, 0x00000000, 0x00000000, 0x00000000, 0x00000000, 0x00000000, 0x00000000,
    0x00000000, 0x0000e7ff, 0x00000000, 0x00000000, 0x00000000, 0x00000000, 0x00000000, 0xf6fffcff, 0xf6fff1ff, 0xd8ffd8ff, 0x0000d8ff, 0x00000000,
    0x00000000, 0x0000fbff, 0xe2ff0a00, 0x0000ecff, 0x0a000a00, 0x0f000a00, 0x0000e2ff, 0x00000000, 0x00000000, 0x00000000, 0x00000000, 0x00000000,
    0xc4ffceff, 0x00000a00, 0x00000000, 0xceff0000, 0x9cff88ff, 0x000088ff, 0x0a000000, 0x0a000000, 0x00000000, 0x00000000, 0xceff92ff, 0x92ff92ff,
    0xecfff6ff, 0x00000000, 0x9cffceff, 0xb5ff0000, 0x00000000, 0x00000000, 0x00000000, 0xd3ffddff, 0x0f000f00, 0xc4ffb0ff, 0x00001e00, 0xa6ff0000,
    0x92ff9cff, 0xf1ffe2ff, 0x0000e7ff, 0x00000000, 0xecffd3ff, 0xc4ffd3ff, 0x00000000, 0xd3ffecff, 0x00000000, 0xc9ff0000, 0x00000000, 0x00000000,
    0x0a001400, 0x00000000, 0x00000000, 0x00000000, 0x00000000, 0x00000000, 0x00000000, 0x00000000, 0x00000000, 0x00000000, 0x00000000, 0x00000000,
    0x00000000, 0x00000a00, 0x00000000, 0x00000000, 0x00000000, 0x00000000, 0x0000a6ff, 0x14001400, 0xb0ff0a00, 0x0a001900, 0x00000500, 0x0000a6ff,
    0x00000000, 0x00000f00, 0x00000f00, 0x00000000, 0x00000000, 0x00000000, 0x0000e2ff, 0x00000000, 0x00000000, 0x00000000, 0x00000000, 0x00000000,
    0x05000500, 0x0000f1ff, 0x00000000, 0x00000000, 0x00000000, 0x00000000, 0x00000000, 0x00000000, 0x00000000, 0x00000000, 0x00000000, 0x00000000,
    0x00000000, 0x0000f1ff, 0x00000000, 0x00000000, 0x00000000, 0x0000f6ff, 0x0000a6ff, 0x0500fbff, 0xbaff0000, 0x05000f00, 0x0000fbff, 0x0000abff,
    0x00000000, 0x00001400, 0x00000e00, 0x0000fbff, 0xe2ffe2ff, 0xf6ffe2ff, 0x0000f6ff, 0x0000ddff, 0x00000000, 0x0000f6ff, 0xecff0000, 0x00000000,
    0x0a00fbff, 0x0000f1ff, 0x00000000, 0x00000000, 0x00000000, 0x00000000, 0x00000000, 0x00000000, 0x00000000, 0x00000000, 0x00000000, 0x00000000,
    0x00000000, 0x0000f1ff, 0x00000000, 0x00000000, 0xe2ff0000, 0x0000f6ff, 0x00008dff, 0xf6fff6ff, 0xa6ff0000, 0x00001400, 0xd8ff0a00, 0x0000abff,
    0x00000000, 0x00001400, 0x00000000, 0x00000000, 0xc9ffbfff, 0xecffbfff, 0x0000ecff, 0xf1ffd8ff, 0x00000000, 0x0000d3ff, 0xe2ff0000, 0x00000000,
    0xf6ff0000, 0x00000000, 0x00000000, 0x00000000, 0x00000000, 0x00000000, 0x00000000, 0x00000000, 0x00000000, 0x00000000, 0x00000000, 0x00000000,
    0x00000000, 0x00000000, 0x00000000, 0x00000000, 0x00000000, 0x00000000, 0x00000000, 0x00000000, 0x00000000, 0xd8ffe2ff, 0x00000000, 0x00000000,
    0x00000000, 0x00000000, 0x00000000, 0x00000000, 0x00000000, 0x00000000, 0x00000000, 0x0000f6ff, 0x00000000, 0x00000000, 0x00000000, 0x00000000,
    0xf6ff0000, 0x00000000, 0x00000000, 0x00000000, 0x00000000, 0x00000000, 0x00000000, 0x00000000, 0x00000000, 0x00000000, 0x00000000, 0x00000000,
    0x00000000, 0x0000f6ff, 0x00000000, 0x00000000, 0x00000000, 0x00000000, 0x00000000, 0x00000000, 0x00000000, 0xd8ffd8ff, 0x00000a00, 0x00000000,
    0x00000000, 0x00000000, 0x00000000, 0x00000000, 0x0f000000, 0x14000f00, 0x00000000, 0x00000000, 0x00000000, 0x00000000, 0x00000000, 0x00000000,
    0x00001e00, 0x14000000, 0x00004b00, 0x46005000, 0x64003200, 0x00005000, 0x0a000a00, 0x0a000a00, 0x00000a00, 0x3c000000, 0x50004600, 0x41004600,
    0x00000000, 0xfbff0000, 0x28005000, 0x41000000, 0x00000000, 0x28000000, 0x1e000000, 0x1e001400, 0x00001400, 0x00000000, 0xf6ff0000, 0x3c001400,
    0x32002300, 0x28000000, 0x00002800, 0x00000000, 0xfbfffbff, 0x0000fbff, 0x1e000000, 0x0000fbff, 0x00002800, 0x00000000, 0x00001e00, 0x00001e00,
    0xfbff0000, 0xd8fff6ff, 0x00000000, 0x0a000000, 0x0a000a00, 0x0a000a00, 0x05000000, 0x00000500, 0x00000000, 0x00000500, 0x00000f00, 0x0a000a00,
    0x0a000000, 0x0000f8ff, 0x0a000a00, 0x14000000, 0x00000000, 0x00000000, 0x00000000, 0x00000000, 0xfbff0000, 0xf1ff0000, 0x0a000000, 0x0a00ecff,
    0x00000000, 0x00000000, 0x00000000, 0x0f000000, 0x00000000, 0x00000000, 0x00000000, 0x00000000, 0x00000000, 0x00000000, 0x00000000, 0x00000000,
    0x00000000, 0x1e000000, 0x00000a00, 0x28001400, 0x28002800, 0x0a002800, 0x0a000a00, 0x0a000a00, 0x0a000a00, 0x00000a00, 0x28002800, 0x28002800,
    0x00000000, 0x00000000, 0x28001e00, 0x1e000000, 0x00000000, 0x14000000, 0x00000000, 0x00000000, 0x00000000, 0x00000000, 0x00000000, 0x37000000,
    0x1e001900, 0x00000000, 0x00000000, 0x00000000, 0x00000000, 0x00000000, 0x00000000, 0x00000000, 0x00000a00, 0x00000000, 0x00000000, 0x00000000,
    0x00000000, 0xc9fffbff, 0xe2ff0000, 0x00000000, 0x00000000, 0x0a00fbff, 0xfbfffbff, 0xf6fffbff, 0xfbfffbff, 0x0000f6ff, 0x00000000, 0x00000000,
    0x00000000, 0x00000000, 0x00000000, 0x00000000, 0x00000000, 0x00000000, 0x00000000, 0x00000000, 0xfbff0000, 0xf1fffbff, 0x0f00fbff, 0x0000ddff,
    0x00000000, 0x00000000, 0x00000000, 0x14000000, 0x00000000, 0x00000000, 0x0000fbff, 0x00000000, 0x00000000, 0x00000000, 0x00000000, 0x00000000,
    0x11000000, 0xddff0000, 0xecff1e00, 0x14003200, 0x2d000000, 0xf6ff1e00, 0xf6fff6ff, 0xfbfff6ff, 0x00000000, 0x0000fbff, 0x19001400, 0x0a000a00,
    0xfbfff6ff, 0x00000000, 0x00001900, 0x00000000, 0x00000000, 0x00000000, 0x00000000, 0x00000500, 0xf8ff0000, 0x11001600, 0x00000000, 0x0a00ecff,
    0x0f000f00, 0x00001e00, 0x00000000, 0x00000000, 0x00000000, 0x00000000, 0x0000faff, 0x0000f6ff, 0x00000a00, 0x00000000, 0x00000000, 0x00000000,
    0x00000000, 0x00000000, 0x00000000, 0x00000000, 0x00000000, 0x00000000, 0x05000500, 0xecff0500, 0xecff0000, 0x00000000, 0x00000000, 0x00000000,
    0x0a001900, 0x00000000, 0x00000000, 0x00000000, 0x00000000, 0x00000000, 0x00000000, 0x00000000, 0x00000000, 0x00000000, 0x00000000, 0x00000000,
    0x00000000, 0x00000000, 0x00000000, 0x00000000, 0x00000000, 0x00000000, 0x00000000, 0x00000000, 0x00000000, 0x00000000, 0x00000000, 0x00000000,
    0x00000000, 0x00000000, 0x00000000, 0x00000000, 0x00000000, 0x00000000, 0x00000000, 0x00000000, 0x00000000, 0x00000000, 0x00000000, 0x00000000,
    0x00000000, 0x00000000, 0x00000000, 0x00000000, 0x00000000, 0x00000000, 0x0a000000, 0x00000000, 0x00000000, 0x00000000, 0x00000000, 0x00000000,
    0x00000000, 0x00000000, 0x00000000, 0x00000000, 0x00000000, 0x00000000, 0x00000000, 0x00000000, 0x00000000, 0x00000000, 0x00000000, 0x01000000,
    0x7c117211, 0x0c000100, 0x03001a00, 0x3a030000, 0x3a030000, 0x3a030000, 0x32039501, 0x3e033803, 0x4a034403, 0x50033803, 0x5c035603, 0x62035603,
    0x44036803, 0x74036e03, 0x80037a03, 0x8c038603, 0x98039203, 0xa4039e03, 0xb003aa03, 0xb6033803, 0xc203bc03, 0xce03c803, 0xda03d403, 0xe603e003,
    0xec03c803, 0xf803f203, 0xfe035c03, 0x0404c203, 0x38030a04, 0x16041004, 0x32033203, 0x32033203, 0x32033203, 0x32033203, 0x32033203, 0x32033203,
    0x32033203, 0x32033203, 0x32033203, 0x38033203, 0x38033803, 0x38033803, 0x38033803, 0x38033803, 0x38033803, 0x38033803, 0x38033803, 0x38033803,
    0x38033803, 0x1c041c04, 0x44034403, 0x44034403, 0x4a034a03, 0x38032204, 0x38033803, 0x38033803, 0x38033803, 0x38033803, 0x38033803, 0x38033803,
    0x28043803, 0x50035003, 0x2e042e04, 0x2e042e04, 0x2e042e04, 0x2e042e04, 0x2e042e04, 0x56035c03, 0x56035603, 0x68036803, 0x34046803, 0x44034403,
    0x44034403, 0x44034403, 0x44034403, 0x44034403, 0x44034403, 0x44034403, 0x44034403, 0x44034403, 0x44034403, 0x3a044403, 0x6e036e03, 0x74037403,
    0x40047403, 0x80037a03, 0x80038003, 0x80038003, 0x80038003, 0x80038003, 0x80038003, 0x3e033e03, 0x3e033e03, 0x80033e03, 0x80038003, 0x8c038003,
    0x8c038c03, 0x98038c03, 0x98039803, 0x98039803, 0x9e039803, 0x9e039e03, 0xa403a403, 0xa403a403, 0xa403a403, 0xa403a403, 0xa403a403, 0xa403a403,
    0xa403a403, 0xa403a403, 0xa403a403, 0x4604a403, 0xb0034604, 0xb003b003, 0x3803b003, 0x04040404, 0xb603b603, 0xb603b603, 0xb603b603, 0xb603b603,
    0xb603b603, 0xb603b603, 0xb603b603, 0xc2034c04, 0xc203c203, 0xc8035204, 0xce03ce03, 0xce03ce03, 0xce03ce03, 0xce03ce03, 0xce03ce03, 0xd403d403,
    0xe003e003, 0xc803e003, 0xc803c803, 0xec03ec03, 0xec03ec03, 0xec03ec03, 0xec03ec03, 0xec03ec03, 0xec03ec03, 0xec03ec03, 0xec03ec03, 0xec03ec03,
    0xec03ec03, 0x5804ec03, 0xf803f803, 0x5c035c03, 0xfe035c03, 0xc203fe03, 0xc203c203, 0xc203c203, 0xc203c203, 0xc203c203, 0xc203c203, 0xc203c203,
    0xc203c203, 0xc203c203, 0xc203c203, 0x0a04c203, 0x0a040a04, 0x10040a04, 0x10041004, 0x10041004, 0x16041004, 0x16041604, 0x44033203, 0xaa03a403,
    0x1604b603, 0xce03c803, 0xe603da03, 0xec03c803, 0xfe03f203, 0x38031004, 0x44033203, 0x5e04a403, 0x6a046404, 0x7004ce03, 0x10047604, 0x38033203,
    0x80033803, 0x44038003, 0x44036803, 0x98036203, 0xa4039203, 0xb603aa03, 0xc803e603, 0xf203ec03, 0xfe03b003, 0x32033803, 0x38033203, 0x1c043803,
    0x38033803, 0x80033803, 0x80038003, 0x44034403, 0x98034403, 0x98039803, 0x74039803, 0x2e045603, 0x28045003, 0xa403a403, 0xb6034604, 0xb603b603,
    0xec03ce03, 0xec03ec03, 0x5c031004, 0xce03ce03, 0x4c04d403, 0x00000100, 0x01000000, 0x00000501, 0xf3000100, 0x01000000, 0x00000001, 0xe9000100,
    0x01000000, 0x0000d500, 0xf8000100, 0x01000000, 0x00007400, 0xf0000100, 0x01000000, 0x00007401, 0xfb000100, 0x01000000, 0x00004a00, 0xc2000100,
    0x01000000, 0x00008f00, 0x02010100, 0x01000000, 0x0000c100, 0x3b010100, 0x01000000, 0x0000c600, 0x51010100, 0x01000000, 0x0000c400, 0x06010100,
    0x01000000, 0x0000fd00, 0x19010100, 0x01000000, 0x0000fc00, 0x4f000100, 0x01000000, 0x00001601, 0x22010100, 0x01000000, 0x00008d00, 0xa7000100,
    0x01000000, 0x00000301, 0xdf000100, 0x01000000, 0x00005501, 0x21010100, 0x01000000, 0x00005100, 0x0f010100, 0x01000000, 0x0000e300, 0xf6000100,
    0x01000000, 0x00007d01, 0xec000100, 0x01000000, 0x0000f200, 0x60010100, 0x01000000, 0x0000ea00, 0xc5000100, 0x01000000, 0x00007500, 0xec010100,
    0x01000000, 0x00009f01, 0x92000100, 0x01000000, 0x0000ba01, 0x23010100, 0x01000000, 0x00002501, 0xeb010100, 0x01000000, 0x00002401, 0x4a010100,
    0x01000000, 0x0000d400, 0x46010100, 0x01000000, 0x00004801, 0x6c0f0100, 0x0100720f, 0x12000c00, 0x00000100, 0xc4009001, 0x96019001, 0xa2019c01,
    0xae01a801, 0xba01b401, 0x9001c001, 0x90019001, 0x90019001, 0x90019001, 0x90019001, 0x90019001, 0x90019001, 0x90019001, 0x90019001, 0x90019001,
    0x90019001, 0x96019001, 0x96019601, 0x96019601, 0x96019601, 0x96019601, 0x96019601, 0x96019601, 0x96019601, 0x96019601, 0x96019601, 0x96019601,
    0x9c019601, 0x9c019c01, 0x9c019c01, 0x9c019c01, 0x9c019c01, 0x9c019c01, 0x9c019c01, 0x9c019c01, 0xc6019c01, 0xc601c601, 0xc601c601, 0xc601c601,
    0xc601c601, 0xa801c601, 0xa801a801, 0xa801a801, 0xa801a801, 0xa801a801, 0xa801a801, 0xa801a801, 0xa801a801, 0xae01a801, 0xae01ae01, 0xae01ae01,
    0xae01ae01, 0xae01ae01, 0xae01ae01, 0xae01ae01, 0xae01ae01, 0xae01ae01, 0xae01ae01, 0xae01ae01, 0xb401ae01, 0xb401b401, 0xb401b401, 0xb401b401,
    0xb401b401, 0xb401b401, 0xb401b401, 0xb401b401, 0xba01b401, 0xba01ba01, 0xba01ba01, 0xba01ba01, 0xba01ba01, 0xba01ba01, 0xc001c001, 0xc001c001,
    0xc001c001, 0xc001c001, 0xc001c001, 0xc001c001, 0xc001c001, 0xc001c001, 0xae019001, 0xba01b401, 0xae019001, 0xd201cc01, 0x9001ba01, 0x9c019601,
    0xa801a801, 0xb401ae01, 0x90019001, 0x96019601, 0x9c019c01, 0xa8019c01, 0xa801a801, 0xc601a201, 0xae01ae01, 0xb401b401, 0xba01b401, 0xba01ba01,
    0x00000100, 0x01000000, 0x0000fa01, 0xc6010100, 0x01000000, 0x00004201, 0xbb000100, 0x01000000, 0x0000e501, 0x23020100, 0x01000000, 0x0000d301,
    0x18010100, 0x01000000, 0x00007101, 0xbc000100, 0x01000000, 0x0000fb01, 0x5f010100, 0x01000000, 0xc20eac0e, 0x0c000100, 0x2800ae00, 0x22020000,
    0x22020000, 0x22020000, 0x22020000, 0x22020000, 0x22020000, 0x22020000, 0x22020000, 0x22020000, 0x22020000, 0x22020000, 0x22020000, 0x22020000,
    0x22020000, 0x22020000, 0x22020000, 0x22020000, 0x22020000, 0x22020000, 0x22020000, 0x22020000, 0x22020000, 0x22020000, 0x22020000, 0x22020000,
    0x22020000, 0x28020000, 0x28020000, 0x28020000, 0x28020000, 0x28020000, 0x28020000, 0x28020000, 0x28020000, 0x28020000, 0x28020000, 0x28020000,
    0x28020000, 0x28020000, 0x28020000, 0x8c01bf00, 0x98019201, 0xa4019e01, 0xa401aa01, 0xb601b001, 0xc201bc01, 0xce01c801, 0xda01d401, 0xe601e001,
    0xf201ec01, 0xfe01f801, 0x0a020402, 0x16021002, 0x22021c02, 0x2e022802, 0x3a023402, 0x46024002, 0x52024c02, 0x58023402, 0x5e021002, 0x64021002,
    0x70026a02, 0x76022202, 0x7c021c02, 0x8c018202, 0x92018c01, 0x88029201, 0x9e019801, 0x8e029e01, 0x94029402, 0xb601e601, 0xc201b601, 0xc2019a02,
    0xa002c801, 0xc801c801, 0xda01a602, 0xe001e001, 0xe601e601, 0xac02ac02, 0x0a02fe01, 0xb2020a02, 0xb8021602, 0x2202b802, 0xbe022202, 0xc4022e02,
    0x3a023a02, 0x4c024602, 0x34024c02, 0x58023402, 0x58025802, 0xca025802, 0x64021002, 0x6a026402, 0x70026a02, 0x70027002, 0x7c027002, 0x8c01e601,
    0xd602d002, 0xc801dc02, 0xe802e202, 0x10020a02, 0x2202ee02, 0x34028202, 0x46023a02, 0x34025202, 0x10025802, 0x7c026a02, 0x0a021c02, 0xfa02f402,
    0x06030003, 0x8c010c03, 0x12039201, 0x9e01aa01, 0xe0011803, 0x1e03e601, 0xc201c801, 0x9801ce01, 0xfe01bc01, 0x2403f801, 0x0a022a03, 0xee021002,
    0x30032202, 0x36038202, 0x52021002, 0x58023402, 0x16021002, 0x3c036a02, 0x42031c02, 0x88024803, 0xc801c801, 0xb001e001, 0xb2028e02, 0x58023a02,
    0x7c025802, 0x3a026402, 0xbe024002, 0x00000100, 0x01001c02, 0xba020000, 0x4b010100, 0x01001c02, 0x1c021a01, 0x32010100, 0x01001c02, 0x1c024101,
    0x2c010100, 0x01001c02, 0x1c024c01, 0xd7000100, 0x0100ba02, 0xe402df00, 0xea010100, 0x01001c02, 0x1c024f01, 0x3e010100, 0x01001c02, 0x1c026a01,
    0x3a010100, 0x01001c02, 0x1c020601, 0x0b010100, 0x01001c02, 0x1c024701, 0x25010100, 0x01001c02, 0x1c02a001, 0x2f010100, 0x01001c02, 0x1c022601,
    0x19010100, 0x01001c02, 0xba028b01, 0x85010100, 0x0100ba02, 0xba028801, 0x79010100, 0x0100ba02, 0xba027801, 0x7b010100, 0x0100ba02, 0xba029901,
    0xae010100, 0x0100ba02, 0xba021401, 0x45010100, 0x0100ba02, 0xba028901, 0xdb000100, 0x0100ba02, 0xba02dc01, 0x95010100, 0x0100ba02, 0xba029601,
    0x5e010100, 0x0100ba02, 0xba026e01, 0x98010100, 0x0100ba02, 0xba02fd01, 0x69010100, 0x0100ba02, 0xba026001, 0xbf010100, 0x01001c02, 0x1c020e01,
    0xb8000100, 0x01001c02, 0x1c024002, 0x45010100, 0x01001c02, 0x1c02f601, 0x42010100, 0x01001c02, 0xba028a02, 0x7c010100, 0x0100ba02, 0xba028e01,
    0xb1010100, 0x0100ba02, 0xba026e02, 0x40010100, 0x01001c02, 0x1c026001, 0xbe000100, 0x01001c02, 0x1c024e01, 0xa8010100, 0x01001c02, 0xba025a01,
    0xa0010100, 0x0100ba02, 0xba02d601, 0x5b010100, 0x0100ba02, 0xba02ba01, 0xc5010100, 0x0100ba02, 0x1c021001, 0xb1010100, 0x01001c02, 0x1c023b01,
    0x2a010100, 0x01001c02, 0x1c029801, 0x29020100, 0x0100ba02, 0xba02aa01, 0x63010100, 0x0100ba02, 0xba027d01, 0xfe010100, 0x0100ba02, 0x4e0c480c,
    0x0c000100, 0x01001200, 0x1e000000, 0x1e000b00, 0x2a002400, 0x24003000, 0x24002400, 0x30002a00, 0x30003000, 0x00000100, 0x0100e402, 0xe4028202,
    0x45010100, 0x0100e402, 0xef025501, 0x5a010100, 0x0200e402, 0x53003300, 0x00005400, 0x5c005c00, 0x63000200, 0x03006800, 0x73006f00, 0x75000900,
    0x0e007500, 0x77007700, 0x79000f00, 0x10007a00, 0x85008300, 0x89001200, 0x15008b00, 0x75027502, 0x77021800, 0x19007a02, 0x7e027c02, 0x80021d00,
    0x20008002, 0x84028302, 0x86022100, 0x23008602, 0x8b028a02, 0x8d022400, 0x26008e02, 0x93029002, 0x96022800, 0x2c009602, 0xa302a102, 0xa5022d00,
    0x3000a702, 0xac02ac02, 0xb2023300, 0x3400b202, 0xb402b402, 0xb6023500, 0x3600ba02, 0xc302c202, 0xca023b00, 0x3d00cc02, 0xce02ce02, 0xd0024000,
    0x4100d602, 0xdb02da02, 0xdf024800, 0x4a00e302, 0xe502e502, 0xe7024f00, 0x5000e702, 0xeb02eb02, 0xef025100, 0x5200ef02, 0xf602f402, 0xf8025300,
    0x5600f802, 0xfc02fc02, 0xfe025700, 0x58000303, 0x08030503, 0x0b035e00, 0x62000d03, 0x0f030f03, 0x11036500, 0x66001703, 0x1c031b03, 0x20036d00,
    0x6f002403, 0x2b032803, 0x31037400, 0x78003703, 0x3d033d03, 0x3f037f00, 0x80004203, 0x45034503, 0x48038400, 0x85005d03, 0x04000100, 0xcc027502,
    0xff02fe02, 0x4c000100, 0x54005300, 0x6f005c00, 0x72007100, 0x79007300, 0x84008300, 0x77028500, 0x7a027902, 0x80027b02, 0x86028402, 0x8d028b02,
    0x91029002, 0xa1029202, 0xa502a202, 0xb602b402, 0xb902b802, 0xce02ba02, 0xd602d302, 0xdb02da02, 0xf402e002, 0xf602f502, 0x0003fc02, 0x07030103,
    0x0f030803, 0x1b031403, 0x36033503, 0x3d033703, 0x42034103, 0x49034803, 0x4b034a03, 0x4d034c03, 0x4f034e03, 0x51035003, 0x53035203, 0x55035403,
    0x57035603, 0x59035803, 0x5b035a03, 0x5d035c03, 0x2d000200, 0x21002100, 0x55000000, 0x01005b00, 0x6e005d00, 0x75000800, 0x1a007500, 0x77007700,
    0x89001b00, 0x1c008b00, 0x9d018701, 0x73021f00, 0x36007602, 0x78027802, 0x7c023a00, 0x3b007f02, 0x83028102, 0x85023f00, 0x42008502, 0x8a028702,
    0x8c024300, 0x47008c02, 0x8f028e02, 0x93024800, 0x4a00a002, 0xa402a302, 0xa6025800, 0x5a00a902, 0xad02ac02, 0xaf025e00, 0x6000af02, 0xb202b202,
    0xb5026100, 0x6200b502, 0xb702b702, 0xbb026300, 0x6400bb02, 0xbf02be02, 0xc1026500, 0x6700c302, 0xcd02c602, 0xcf026a00, 0x7200d202, 0xd502d402,
    0xd8027600, 0x7800d902, 0xdf02dc02, 0xe1027a00, 0x7e00f302, 0xfb02f702, 0xfd029100, 0x9600ff02, 0x06030203, 0x09039900, 0x9e000e03, 0x13031003,
    0x1503a400, 0xa8001703, 0x1a031903, 0x1c03ab00, 0xad001c03, 0x34032003, 0x3903ae00, 0xc3003903, 0x3c033c03, 0x3f03c400, 0xc5004003, 0x47034303,
    0x0100c700, 0x53004600, 0x5c005400, 0x64006300, 0x66006500, 0x68006700, 0x71006f00, 0x79007300, 0x89008400, 0x8b008a00, 0x30022e02, 0x34023202,
    0x37023602, 0x3c023a02, 0x3e023d02, 0x40023f02, 0x43024202, 0x47024402, 0x4a024802, 0x4f024b02, 0x56025302, 0x58025702, 0x5a025902, 0x5c025b02,
    0x64026302, 0x70026b02, 0x4a037102, 0x4c034b03, 0x4e034d03, 0x50034f03, 0x52035103, 0x54035303, 0x56035503, 0x58035703, 0x5a035903, 0x5c035b03,
    0x01005d03, 0x63020200, 0x01006402, 0x36003a00, 0x53003800, 0x5c005400, 0x71006f00, 0x73007200, 0x83007900, 0x85008400, 0x30022e02, 0x34023202,
    0x37023602, 0x3c023a02, 0x3e023d02, 0x40023f02, 0x43024202, 0x47024402, 0x4b024802, 0x56024f02, 0x58025702, 0x5b025a02, 0x4a035c02, 0x4c034b03,
    0x4e034d03, 0x50034f03, 0x52035103, 0x54035303, 0x56035503, 0x58035703, 0x5a035903, 0x5c035b03, 0x02005d03, 0x0b001d00, 0x00000b00, 0x0d000d00,
    0x34000100, 0x02003400, 0x39003900, 0x55000300, 0x04005b00, 0x6e005d00, 0x75000b00, 0x1d007500, 0x77007700, 0x89001e00, 0x1f008b00, 0x14011101,
    0xfd012200, 0x26000002, 0x23021d02, 0x27022a00, 0x31002802, 0x2d022b02, 0x2f023300, 0x36002f02, 0x31023102, 0x33023700, 0x38003302, 0x35023502,
    0x38023900, 0x3a003902, 0x3b023b02, 0x41023c00, 0x3d004102, 0x46024502, 0x49023e00, 0x40004a02, 0x4e024d02, 0x50024200, 0x44005002, 0x54025302,
    0x59024500, 0x47005902, 0x6b025d02, 0x6d024800, 0x57007202, 0x23000200, 0x0b000a00, 0x0d000000, 0x02000d00, 0x10001000, 0x1c000300, 0x04001c00,
    0x1e001e00, 0x22000500, 0x06002200, 0x24002400, 0x26000700, 0x08002600, 0x2a002900, 0x2f000900, 0x0b003100, 0x3a003400, 0x53000e00, 0x15005400,
    0x5c005c00, 0x65001700, 0x18006800, 0x6f006f00, 0x71001c00, 0x1d007300, 0x79007900, 0x84002000, 0x21008500, 0x14011101, 0x1d012300, 0x27001d01,
    0x20011f01, 0x24012800, 0x2a002401, 0x28012601, 0x2a012b00, 0x2e002b01, 0x32013201, 0x5b013000, 0x31005c01, 0x5e015e01, 0x6c013300, 0x34006c01,
    0xa701a501, 0xb9013500, 0x3800b901, 0xcf01c001, 0xdb013900, 0x4900e701, 0xf201ee01, 0xfc015600, 0x5b002602, 0x5d034a03, 0x01008600, 0x10001000,
    0xfe00d000, 0x1f011d01, 0x24012001, 0x26012501, 0x28012701, 0x2b012a01, 0x5e013201, 0x01006c01, 0x0a002c00, 0x1e001c00, 0x26002200, 0x36003000,
    0x53003800, 0x5c005400, 0x71006f00, 0x73007200, 0x7d007900, 0x84007e00, 0x5b018500, 0xfc015c01, 0x4a030102, 0x4c034b03, 0x4e034d03, 0x50034f03,
    0x52035103, 0x54035303, 0x56035503, 0x58035703, 0x5a035903, 0x5c035b03, 0x02005d03, 0x04001b00, 0x00000900, 0x1b000b00, 0x1d000600, 0x17001d00,
    0x21001f00, 0x23001800, 0x1b002500, 0x27002700, 0x29001e00, 0x1f002c00, 0x2f002f00, 0x31002300, 0x24003500, 0x37003700, 0x39002900, 0x2a003a00,
    0x5b005500, 0x5d002c00, 0x33005e00, 0x60006000, 0x63003500, 0x36006e00, 0x75007500, 0x77004200, 0x43007700, 0x7c007b00, 0x89004400, 0x46008b00,
    0x3001c500, 0x32014900, 0xb5005901, 0xbd015d01, 0xc001dd00, 0x3e01d301, 0xd501d501, 0xdb015201, 0x5301fb01, 0x0002fd01, 0x02027401, 0x78012602,
    0x01000200, 0xb003ae03, 0x02000000, 0x04006b00, 0x00000900, 0x0f000e00, 0x11000600, 0x08001500, 0x30001800, 0x32000d00, 0x26003a00, 0xcb00c700,
    0xcd002f00, 0x3400cf00, 0xd400d100, 0xd6003700, 0x3b00d900, 0xe200db00, 0xe4003f00, 0x4700e600, 0xeb00e800, 0xed004a00, 0x4e00f000, 0xf800f200,
    0xfa005200, 0x59000401, 0x08010601, 0x0a016400, 0x67000b01, 0x10010d01, 0x19016900, 0x6d002001, 0x24012201, 0x26017500, 0x78002601, 0x2f012d01,
    0x31017900, 0x7c003101, 0x34013301, 0x36017d00, 0x7f003701, 0x3d013901, 0x3f018100, 0x86004701, 0x4c014901, 0x4e018f00, 0x93005301, 0x56015501,
    0x58019900, 0x9b005801, 0x5e015d01, 0x62019c00, 0x9e006601, 0x6b016801, 0x6d01a300, 0xa7007001, 0x7f017201, 0x8101ab00, 0xb9008b01, 0x8f018d01,
    0x9101c400, 0xc7009401, 0x99019601, 0x9b01cb00, 0xcf00a101, 0xad01a301, 0xaf01d600, 0xe100b101, 0xb401b301, 0xb601e400, 0xe600bb01, 0xc501bd01,
    0xc701ec00, 0xf500c901, 0xcb01cb01, 0xce01f800, 0xf900cf01, 0xd201d101, 0xd401fb00, 0xfd00d401, 0xd701d601, 0xd901fe00, 0x0001d901, 0xdf01db01,
    0xe1010101, 0x0601e901, 0xee01eb01, 0xf0010f01, 0x1301f501, 0xf801f701, 0xfa011901, 0x1b01fa01, 0xfe01fd01, 0x02021c01, 0x1e010602, 0x0b020802,
    0x0d022301, 0x27011002, 0x1e021202, 0x20022b01, 0x38012602, 0x2d022d02, 0x3b023f01, 0x40013b02, 0x47024602, 0x4a024101, 0x43014c02, 0x4f024e02,
    0x51024601, 0x48015202, 0x54025402, 0x56024a01, 0x4b015602, 0x59025802, 0x5b024c01, 0x4e015b02, 0x5f025f02, 0x65024f01, 0x50016502, 0x71026a02,
    0x73025101, 0x59017402, 0x7c027c02, 0x81025b01, 0x5c018202, 0x8a028902, 0x8c025e01, 0x60018c02, 0x8f028e02, 0x92026101, 0x63019202, 0xa002a002,
    0xa2026401, 0x6501a202, 0xa602a602, 0xb0026601, 0x6701b202, 0xb602b402, 0xba026a01, 0x6d01ba02, 0xca02c602, 0xd0026e01, 0x7301d202, 0xde02dc02,
    0xe8027601, 0x7901ea02, 0xf302f002, 0xfc027c01, 0x8001fc02, 0xff02fe02, 0x03038101, 0x83010403, 0x0b030903, 0x11038501, 0x88011303, 0x1c031c03,
    0x29038b01, 0x8c012b03, 0x35033503, 0x3d038f01, 0x90013d03, 0x41033f03, 0x45039101, 0x94014503, 0x01000100, 0x0200b103, 0x04003000, 0x00000500,
    0x09000900, 0x0f000200, 0x03000f00, 0x1b001b00, 0x21000400, 0x05002100, 0x25002500, 0x29000600, 0x07002900, 0x35003500, 0xc7000800, 0x0900cf00,
    0xe600d100, 0xe8001200, 0x2800f400, 0x0801ff00, 0x0a013500, 0x3f000f01, 0x20011b01, 0x22014500, 0x4b002401, 0x26012601, 0x62014e00, 0x4f006b01,
    0x6e016d01, 0x75015900, 0x5b007801, 0x8f018701, 0x91015f00, 0x68009d01, 0xb101a801, 0xb3017500, 0x7f00b801, 0xc901c001, 0xcb018500, 0x8f00cb01,
    0x0b020202, 0x0d029000, 0x9a000e02, 0x18021502, 0x2d029c00, 0xa0002d02, 0x46024602, 0x4a02a100, 0xa2004a02, 0x4e024e02, 0x5f02a300, 0xa4005f02,
    0x6b026a02, 0x6d02a500, 0xa7006e02, 0x74027302, 0x7c02a900, 0xab007c02, 0x82028102, 0xa002ac00, 0xae00a002, 0xa602a602, 0xc602af00, 0xb000c902,
    0xd202d002, 0xdc02b400, 0xb700de02, 0xff02fe02, 0x0903ba00, 0xbc000a03, 0x13031103, 0x1c03be00, 0xc1001c03, 0x40033f03, 0x0200c200, 0x9f030300,
    0x0000ab03, 0xbe03b203, 0xce030d00, 0x1a00db03, 0xbf000100, 0x05000400, 0x09000700, 0x0c000b00, 0x0e000d00, 0x13001200, 0x15001400, 0x17001600,
    0x19001800, 0x1c001b00, 0x1e001d00, 0x20001f00, 0x22002100, 0x24002300, 0x26002500, 0x28002700, 0x2a002900, 0x2c002b00, 0x2e002d00, 0x30002f00,
    0x32003100, 0x34003300, 0x36003500, 0x38003700, 0x3a003900, 0xd000cc00, 0xe700e300, 0xf900f500, 0x09010501, 0x1b011001, 0x2d012901, 0x30012f01,
    0x37013501, 0x3e013801, 0x46014301, 0x51014801, 0x57015401, 0x67015901, 0x6f016c01, 0x80017101, 0x90018c01, 0xa2019e01, 0xa701a601, 0xb201ae01,
    0xbc01b901, 0xc601be01, 0xd001ca01, 0xd301d201, 0xda01d801, 0xe501e001, 0xea01e801, 0xf601f301, 0xfb01f901, 0xff01fd01, 0x0c020702, 0x11020f02,
    0x2c021f02, 0x31022d02, 0x35023302, 0x41023b02, 0x46024502, 0x48024702, 0x4b024a02, 0x4e024c02, 0x51024f02, 0x54025202, 0x58025602, 0x5b025902,
    0x6b026a02, 0x6d026c02, 0x70026f02, 0x74027302, 0x7b027802, 0x7d027c02, 0x81027f02, 0x89028302, 0x8b028a02, 0x8e028c02, 0x92028f02, 0x99029402,
    0xa202a002, 0xa602a302, 0xa902a702, 0xac02aa02, 0xb102b002, 0xb402b202, 0xb602b502, 0xba02b702, 0xc002bc02, 0xe902ca02, 0xfc02ea02, 0x04030303,
    0x1c030b03, 0x2b032a03, 0x3d033503, 0x41033f03, 0x01004503, 0xac030100, 0x0b000100, 0x12000800, 0x2c001a00, 0x30012e01, 0x5f013101, 0xd301d101,
    0x0200d401, 0xcc020300, 0x0100cc02, 0xfe02fe02, 0xff020200, 0x0300ff02, 0x17000200, 0x64006300, 0x65000700, 0x01006500, 0x66006600, 0x67000200,
    0x01006700, 0x68006800, 0x76000200, 0x08007600, 0x78007800, 0x89000800, 0x07008b00, 0xa702a702, 0xa9020900, 0x0a00a902, 0xb602b602, 0xb7020300,
    0x0400b702, 0xba02ba02, 0xbc020600, 0x0b00bc02, 0xbf02bf02, 0x15030500, 0x09001703, 0x1a031903, 0x23030a00, 0x05002303, 0x30032f03, 0x31030300,
    0x04003403, 0x37033703, 0x38030600, 0x0b003a03, 0x43034203, 0x02000300, 0x54004b00, 0x01005400, 0x5c005c00, 0x6f000200, 0x03006f00, 0x71007100,
    0x72000400, 0x05007200, 0x73007300, 0x79000600, 0x07007900, 0x83008300, 0x84000800, 0x09008400, 0x85008500, 0x77020a00, 0x0b007702, 0x79027902,
    0x7a020c00, 0x0d007a02, 0x7b027b02, 0x80020e00, 0x0f008002, 0x84028402, 0x86021000, 0x11008602, 0x8b028b02, 0x8d021200, 0x13008d02, 0x90029002,
    0x91021400, 0x15009102, 0x92029202, 0xa1021600, 0x1700a102, 0xa202a202, 0xa5021800, 0x1900a502, 0xb402b402, 0xb6021a00, 0x1b00b602, 0xb802b802,
    0xb9021c00, 0x1d00b902, 0xba02ba02, 0xce021e00, 0x1f00ce02, 0xd302d302, 0xd6022000, 0x2100d602, 0xda02da02, 0xdb022200, 0x2300db02, 0xe002e002,
    0xf4022400, 0x2500f402, 0xf502f502, 0xf6022600, 0x2700f602, 0xfc02fc02, 0x00032800, 0x29000003, 0x01030103, 0x07032a00, 0x2b000703, 0x08030803,
    0x0f032c00, 0x2d000f03, 0x14031403, 0x1b032e00, 0x2f001b03, 0x35033503, 0x36033000, 0x31003603, 0x37033703, 0x3d033200, 0x33003d03, 0x41034103,
    0x42033400, 0x35004203, 0x48034803, 0x49033600, 0x37004903, 0x4a034a03, 0x4b033800, 0x39004b03, 0x4c034c03, 0x4d033a00, 0x3b004d03, 0x4e034e03,
    0x4f033c00, 0x3d004f03, 0x50035003, 0x51033e00, 0x3f005103, 0x52035203, 0x53034000, 0x41005303, 0x54035403, 0x55034200, 0x43005503, 0x56035603,
    0x57034400, 0x45005703, 0x58035803, 0x59034600, 0x47005903, 0x5a035a03, 0x5b034800, 0x49005b03, 0x5c035c03, 0x5d034a00, 0x4b005d03, 0x67000200,
    0x5b005500, 0x5d001d00, 0x1c005e00, 0x5f005f00, 0x60002500, 0x1c006000, 0x62006100, 0x63002500, 0x1e006400, 0x65006500, 0x66001f00, 0x20006600,
    0x67006700, 0x68001f00, 0x20006800, 0x6a006900, 0x6b001c00, 0x22006b00, 0x6c006c00, 0x6d002100, 0x22006d00, 0x6e006e00, 0x76002100, 0x23007600,
    0x78007800, 0x89002300, 0x1e008b00, 0x73027302, 0x74020100, 0x11007402, 0x76027602, 0x78022600, 0x26007802, 0x7a027a02, 0x7c020200, 0x02007c02,
    0x7e027d02, 0x7f020300, 0x04007f02, 0x82028102, 0x83021600, 0x26008302, 0x85028502, 0x87021200, 0x26008802, 0x89028902, 0x8a020200, 0x26008a02,
    0x8c028c02, 0x8d020200, 0x05008d02, 0x8e028e02, 0x8f022600, 0x06008f02, 0x92029202, 0x93021300, 0x16009302, 0x94029402, 0x95020700, 0x16009602,
    0x97029702, 0x99020800, 0x26009a02, 0x9d029d02, 0xa0022600, 0x0900a002, 0xa702a702, 0xa9020a00, 0x0b00a902, 0xae02ae02, 0xaf021400, 0x0900af02,
    0xb202b202, 0xb5021700, 0x1700b502, 0xb602b602, 0xb7020c00, 0x0d00b702, 0xba02ba02, 0xbc021500, 0x0e00bc02, 0xbf02bf02, 0xc6020f00, 0x0100c702,
    0xca02c802, 0xcb021100, 0x2600cd02, 0xcf02cf02, 0xd0022600, 0x0200d302, 0xd602d402, 0xd8020300, 0x0400d902, 0xdb02db02, 0xdc021b00, 0x1600de02,
    0xe102df02, 0xe2022600, 0x0800e202, 0xe302e302, 0xe4022400, 0x1200e402, 0xe702e502, 0xe8022600, 0x0200ea02, 0xec02eb02, 0xed022600, 0x0200ed02,
    0xee02ee02, 0xef020500, 0x1600ef02, 0xf302f002, 0xf6020600, 0x1300f602, 0xf902f702, 0xfa020700, 0x2600fa02, 0xfd02fd02, 0xfe021600, 0x1800ff02,
    0x02030103, 0x03032400, 0x1b000303, 0x04030403, 0x05030200, 0x19000603, 0x07030703, 0x09030200, 0x09000a03, 0x14031403, 0x15031700, 0x0a001703,
    0x1a031903, 0x1c030b00, 0x10001c03, 0x23032303, 0x25030f00, 0x14002503, 0x2b032903, 0x2e031700, 0x17002e03, 0x30032f03, 0x31030c00, 0x0d003403,
    0x37033703, 0x38031500, 0x0e003a03, 0x40033f03, 0x42031000, 0x0c004303, 0x45034503, 0x46031700, 0x1a004703, 0x48034803, 0x02001700, 0x55007d00,
    0x01005b00, 0x5e005d00, 0x5f000200, 0x03005f00, 0x60006000, 0x61000200, 0x03006200, 0x64006300, 0x65000400, 0x05006500, 0x66006600, 0x67000600,
    0x05006700, 0x68006800, 0x69000600, 0x02006a00, 0x6b006b00, 0x6c000700, 0x08006c00, 0x6d006d00, 0x6e000700, 0x08006e00, 0x75007500, 0x77000900,
    0x09007700, 0x8b008900, 0x73020400, 0x0a007302, 0x74027402, 0x75020b00, 0x0c007502, 0x76027602, 0x78020d00, 0x0e007802, 0x7c027c02, 0x7d020f00,
    0x10007e02, 0x7f027f02, 0x81020d00, 0x0a008202, 0x83028302, 0x85021100, 0x12008502, 0x88028702, 0x89021200, 0x0c008902, 0x8a028a02, 0x8c021300,
    0x14008c02, 0x8e028e02, 0x8f021300, 0x15008f02, 0x93029302, 0x94021600, 0x12009402, 0x95029502, 0x96020a00, 0x16009602, 0x97029702, 0x98021700,
    0x18009802, 0x99029902, 0x9a021200, 0x17009a02, 0x9b029b02, 0x9c021800, 0x0c009e02, 0x9f029f02, 0xa0021200, 0x1900a002, 0xa302a302, 0xa4021a00,
    0x1b00a402, 0xa602a602, 0xa7021c00, 0x1d00a702, 0xa802a802, 0xa9021e00, 0x1f00a902, 0xac02ac02, 0xad021d00, 0x1e00ad02, 0xaf02af02, 0xb2021900,
    0x2000b202, 0xb502b502, 0xb7022100, 0x2200b702, 0xbb02bb02, 0xbe021b00, 0x1b00be02, 0xbf02bf02, 0xc1022300, 0x2300c102, 0xc302c202, 0xc6022000,
    0x0a00c702, 0xc902c802, 0xca020b00, 0x0f00ca02, 0xcc02cb02, 0xcd020e00, 0x2400cd02, 0xcf02cf02, 0xd0022500, 0x0f00d202, 0xd502d402, 0xd8021000,
    0x0d00d902, 0xde02dc02, 0xdf020a00, 0x1100df02, 0xe302e102, 0xe4021100, 0x1700e402, 0xe502e502, 0xe6021600, 0x1700e602, 0xe702e702, 0xe8020e00,
    0x0c00ea02, 0xeb02eb02, 0xec021600, 0x2500ec02, 0xed02ed02, 0xee021400, 0x2400ee02, 0xef02ef02, 0xf0021600, 0x1500f302, 0xf702f702, 0xf8021200,
    0x1600f802, 0xfa02f902, 0xfb021200, 0x1700fb02, 0xff02fd02, 0x02030a00, 0x13000303, 0x04030403, 0x05030c00, 0x0f000603, 0x0a030903, 0x0b031900,
    0x1c000b03, 0x0d030c03, 0x0e031a00, 0x26000e03, 0x10031003, 0x11032700, 0x1c001303, 0x16031503, 0x17031d00, 0x28001703, 0x1a031903, 0x1c031f00,
    0x29001c03, 0x20032003, 0x21031d00, 0x28002103, 0x24032203, 0x25031d00, 0x23002503, 0x26032603, 0x27031b00, 0x23002703, 0x28032803, 0x29031a00,
    0x20002b03, 0x2c032c03, 0x2d031b00, 0x27002d03, 0x2e032e03, 0x2f032100, 0x26002f03, 0x30033003, 0x31031b00, 0x22003403, 0x39033903, 0x3c031b00,
    0x23003c03, 0x40033f03, 0x43032900, 0x2a004403, 0x45034503, 0x46032000, 0x2b004703, 0xaa000200, 0x53005300, 0x54003c00, 0x3e005400, 0x5b005500,
    0x5c006000, 0x20005c00, 0x5e005d00, 0x5f006100, 0x69005f00, 0x60006000, 0x61006100, 0x69006200, 0x64006300, 0x65006200, 0x63006500, 0x66006600,
    0x67006400, 0x63006700, 0x68006800, 0x69006400, 0x61006a00, 0x6b006b00, 0x6c006600, 0x67006c00, 0x6d006d00, 0x6e006600, 0x67006e00, 0x70007000,
    0x71004000, 0x3f007100, 0x72007200, 0x74002100, 0x22007400, 0x76007600, 0x78006500, 0x65007800, 0x79007900, 0x83002300, 0x39008300, 0x84008400,
    0x85002400, 0x25008500, 0x8b008900, 0x73026200, 0x44007302, 0x74027402, 0x75024500, 0x02007502, 0x76027602, 0x77025e00, 0x1a007702, 0x78027802,
    0x79025e00, 0x03007902, 0x7a027a02, 0x7b024600, 0x41007b02, 0x7c027c02, 0x7d024600, 0x47007e02, 0x7f027f02, 0x80025900, 0x04008002, 0x82028102,
    0x83025a00, 0x5e008302, 0x85028502, 0x86024800, 0x01008602, 0x88028702, 0x89025e00, 0x46008902, 0x8a028a02, 0x8b025e00, 0x1d008b02, 0x8c028c02,
    0x8d024600, 0x49008d02, 0x8e028e02, 0x8f025e00, 0x4a008f02, 0x90029002, 0x91020500, 0x06009102, 0x92029202, 0x93024b00, 0x5a009302, 0x94029402,
    0x95024c00, 0x5a009602, 0x97029702, 0x98024d00, 0x07009802, 0x9a029902, 0x9b025e00, 0x1b009b02, 0x9c029c02, 0x9d021c00, 0x5e009d02, 0x9f029f02,
    0xa0020800, 0x4e00a002, 0xa402a402, 0xa5020900, 0x0a00a502, 0xa702a702, 0xa8024f00, 0x0b00a802, 0xa902a902, 0xae025000, 0x5100ae02, 0xaf02af02,
    0xb2024e00, 0x5200b202, 0xb502b502, 0xb6025200, 0x5300b602, 0xb702b702, 0xb8025400, 0x0c00b802, 0xb902b902, 0xba024200, 0x5500ba02, 0xbc02bc02,
    0xbf025600, 0x5700bf02, 0xc202c202, 0xc4020d00, 0x0e00c402, 0xc502c502, 0xc6024300, 0x4400c702, 0xca02c802, 0xcb024500, 0x5e00cd02, 0xce02ce02,
    0xcf020f00, 0x5e00cf02, 0xd302d002, 0xd4024600, 0x4700d602, 0xd902d802, 0xda025900, 0x1000da02, 0xdb02db02, 0xdc025f00, 0x5a00de02, 0xe102df02,
    0xe2025e00, 0x4d00e202, 0xe302e302, 0xe4026800, 0x4800e402, 0xe702e502, 0xe8025e00, 0x4600ea02, 0xec02eb02, 0xed025e00, 0x4600ed02, 0xee02ee02,
    0xef024900, 0x5a00ef02, 0xf302f002, 0xf4024a00, 0x1100f402, 0xf502f502, 0xf6021200, 0x4b00f602, 0xf902f702, 0xfa024c00, 0x5e00fa02, 0xfc02fc02,
    0xfd021e00, 0x5a00fd02, 0xff02fe02, 0x00035b00, 0x1f000003, 0x02030103, 0x03036800, 0x5f000303, 0x04030403, 0x05034600, 0x5c000603, 0x07030703,
    0x08034600, 0x3a000803, 0x0a030903, 0x0b034e00, 0x13000b03, 0x14031403, 0x15035200, 0x4f001703, 0x1a031903, 0x1b035000, 0x14001b03, 0x1c031c03,
    0x23035800, 0x57002303, 0x24032403, 0x25031500, 0x51002503, 0x2b032903, 0x2e035200, 0x52002e03, 0x30032f03, 0x31035300, 0x54003403, 0x35033503,
    0x36031600, 0x17003603, 0x37033703, 0x38035500, 0x56003a03, 0x3d033d03, 0x3f031800, 0x58004003, 0x41034103, 0x42031900, 0x53004303, 0x45034503,
    0x46035200, 0x5d004703, 0x48034803, 0x49035200, 0x26004903, 0x4a034a03, 0x4b032700, 0x28004b03, 0x4c034c03, 0x4d032900, 0x2a004d03, 0x4e034e03,
    0x4f032b00, 0x2c004f03, 0x50035003, 0x51032d00, 0x2e005103, 0x52035203, 0x53032f00, 0x30005303, 0x54035403, 0x55033100, 0x32005503, 0x56035603,
    0x57033300, 0x34005703, 0x58035803, 0x59033500, 0x36005903, 0x5a035a03, 0x5b033700, 0x3d005b03, 0x5c035c03, 0x5d033800, 0x3b005d03, 0x64020100,
    0x01000100, 0x08000200, 0x64006300, 0x65000100, 0x02006500, 0x66006600, 0x67000300, 0x02006700, 0x68006800, 0x89000300, 0x01008b00, 0x59025902,
    0x71020400, 0x04007102, 0x39000200, 0x38003800, 0x53000100, 0x02005300, 0x54005400, 0x5c000300, 0x04005c00, 0x6f006f00, 0x71000500, 0x06007100,
    0x72007200, 0x73000700, 0x08007300, 0x79007900, 0x83000900, 0x0a008300, 0x84008400, 0x85000b00, 0x0c008500, 0x2e022e02, 0x30020d00, 0x0e003002,
    0x32023202, 0x34020f00, 0x10003402, 0x36023602, 0x37021100, 0x12003702, 0x3a023a02, 0x3c021300, 0x14003c02, 0x3d023d02, 0x3e021500, 0x16003e02,
    0x3f023f02, 0x40021700, 0x18004002, 0x42024202, 0x43021900, 0x1a004302, 0x44024402, 0x47021b00, 0x1c004702, 0x48024802, 0x4b021d00, 0x1e004b02,
    0x4f024f02, 0x56021f00, 0x20005602, 0x57025702, 0x58022100, 0x22005802, 0x5a025a02, 0x5b022300, 0x24005b02, 0x5c025c02, 0x4a032500, 0x26004a03,
    0x4b034b03, 0x4c032700, 0x28004c03, 0x4d034d03, 0x4e032900, 0x2a004e03, 0x4f034f03, 0x50032b00, 0x2c005003, 0x51035103, 0x52032d00, 0x2e005203,
    0x53035303, 0x54032f00, 0x30005403, 0x55035503, 0x56033100, 0x32005603, 0x57035703, 0x58033300, 0x34005803, 0x59035903, 0x5a033500, 0x36005a03,
    0x5b035b03, 0x5c033700, 0x38005c03, 0x5d035d03, 0x02003900, 0x55003100, 0x13005b00, 0x5e005d00, 0x5f001400, 0x01005f00, 0x60006000, 0x61001400,
    0x01006200, 0x64006300, 0x65000f00, 0x10006500, 0x66006600, 0x67001100, 0x10006700, 0x68006800, 0x69001100, 0x14006a00, 0x6b006b00, 0x6c001700,
    0x12006c00, 0x6d006d00, 0x6e001700, 0x12006e00, 0x8b008900, 0x27020f00, 0x15002702, 0x28022802, 0x2b020200, 0x16002b02, 0x2d022c02, 0x2f020300,
    0x04002f02, 0x31023102, 0x33020900, 0x0a003302, 0x35023502, 0x36020b00, 0x15003602, 0x38023802, 0x39021500, 0x04003902, 0x3b023b02, 0x3f020500,
    0x05003f02, 0x41024102, 0x45020c00, 0x06004502, 0x46024602, 0x49020200, 0x02004902, 0x4d024d02, 0x4e020d00, 0x07004e02, 0x50025002, 0x54020200,
    0x0d005402, 0x59025902, 0x5d020800, 0x16005d02, 0x5f025e02, 0x60020300, 0x09006002, 0x61026102, 0x62020a00, 0x0b006402, 0x65026502, 0x66020500,
    0x0c006802, 0x69026902, 0x6b020600, 0x0e006c02, 0x6e026e02, 0x71020700, 0x08007102, 0x3e000200, 0x0b000b00, 0x0d001800, 0x18000d00, 0x34003400,
    0x39001900, 0x1a003900, 0x5e005d00, 0x5f000100, 0x02005f00, 0x60006000, 0x61000100, 0x02006200, 0x64006300, 0x65000300, 0x04006500, 0x66006600,
    0x67000500, 0x04006700, 0x68006800, 0x69000500, 0x01006a00, 0x6b006b00, 0x6c000600, 0x07006c00, 0x6d006d00, 0x6e000600, 0x07006e00, 0x75007500,
    0x77000800, 0x08007700, 0x8b008900, 0x11010300, 0x18001401, 0x0002fd01, 0x1d021900, 0x1a002302, 0x27022702, 0x28020900, 0x0a002802, 0x2b022b02,
    0x2c020b00, 0x0c002c02, 0x2d022d02, 0x2f020900, 0x0d002f02, 0x31023102, 0x33020e00, 0x0f003302, 0x35023502, 0x38021000, 0x09003802, 0x39023902,
    0x3b020d00, 0x11003b02, 0x41024102, 0x45021200, 0x13004502, 0x46024602, 0x49020a00, 0x0a004902, 0x4a024a02, 0x4d021400, 0x15004d02, 0x4e024e02,
    0x50021600, 0x0a005002, 0x53025302, 0x54021400, 0x15005402, 0x59025902, 0x5d021700, 0x0b005d02, 0x5e025e02, 0x5f020c00, 0x09005f02, 0x60026002,
    0x61020e00, 0x0f006102, 0x64026202, 0x65021000, 0x11006502, 0x68026602, 0x69021200, 0x13006902, 0x6a026a02, 0x6b020a00, 0x14006b02, 0x6e026d02,
    0x6f021600, 0x15006f02, 0x71027002, 0x72021700, 0x0b007202, 0x6e000200, 0x34003400, 0x36004800, 0x18003600, 0x38003800, 0x39001900, 0x49003900,
    0x53005300, 0x54002c00, 0x2d005400, 0x5b005500, 0x5c004b00, 0x1c005c00, 0x5e005d00, 0x5f004c00, 0x3a005f00, 0x60006000, 0x61004c00, 0x3a006200,
    0x64006300, 0x65004d00, 0x4e006500, 0x66006600, 0x67004f00, 0x4e006700, 0x68006800, 0x69004f00, 0x4c006a00, 0x6b006b00, 0x6c005100, 0x52006c00,
    0x6d006d00, 0x6e005100, 0x52006e00, 0x72007200, 0x74002e00, 0x38007400, 0x79007900, 0x83001d00, 0x39008300, 0x84008400, 0x85002f00, 0x1e008500,
    0x8b008900, 0x9f004d00, 0x1f009f00, 0x0002fd01, 0x1d024800, 0x49002302, 0x27022702, 0x28024a00, 0x3b002802, 0x2b022b02, 0x2c025000, 0x3c002d02,
    0x2e022e02, 0x2f021a00, 0x3d002f02, 0x30023002, 0x31020100, 0x3e003102, 0x32023202, 0x33020200, 0x45003302, 0x34023402, 0x35020300, 0x46003502,
    0x36023602, 0x37024a00, 0x04003702, 0x38023802, 0x39024a00, 0x3d003902, 0x3a023a02, 0x3b020500, 0x3f003b02, 0x3c023c02, 0x3d021400, 0x06003d02,
    0x3e023e02, 0x3f020700, 0x3f003f02, 0x40024002, 0x41020800, 0x47004102, 0x42024202, 0x43020900, 0x0a004302, 0x44024402, 0x45021500, 0x40004502,
    0x46024602, 0x49023b00, 0x3b004902, 0x4b024b02, 0x4d020b00, 0x41004d02, 0x4e024e02, 0x50024200, 0x3b005002, 0x53025302, 0x54021b00, 0x41005402,
    0x57025702, 0x58020c00, 0x0d005802, 0x59025902, 0x5a024300, 0x0e005a02, 0x5b025b02, 0x5c020f00, 0x10005c02, 0x5d025d02, 0x5e025000, 0x3c005f02,
    0x60026002, 0x61023e00, 0x45006102, 0x64026202, 0x65024600, 0x3f006502, 0x68026602, 0x69024700, 0x40006902, 0x6a026a02, 0x6b021100, 0x44006c02,
    0x6d026d02, 0x6e021200, 0x42006e02, 0x6f026f02, 0x70021600, 0x13007002, 0x71027102, 0x72024300, 0x17007202, 0x4a034a03, 0x4b033000, 0x20004b03,
    0x4c034c03, 0x4d033100, 0x32004d03, 0x4e034e03, 0x4f033300, 0x34004f03, 0x50035003, 0x51032100, 0x22005103, 0x52035203, 0x53033500, 0x23005303,
    0x54035403, 0x55032400, 0x25005503, 0x56035603, 0x57032600, 0x27005703, 0x58035803, 0x59032800, 0x29005903, 0x5a035a03, 0x5b032a00, 0x36005b03,
    0x5c035c03, 0x5d032b00, 0x37005d03, 0x0f000200, 0xd000d000, 0xfe000100, 0x0200fe00, 0x1d011d01, 0x1f010300, 0x04001f01, 0x20012001, 0x24010500,
    0x06002401, 0x25012501, 0x26010700, 0x08002601, 0x27012701, 0x28010900, 0x0a002801, 0x2a012a01, 0x2b010b00, 0x0c002b01, 0x32013201, 0x5e010d00,
    0x0e005e01, 0x6c016c01, 0x02000f00, 0x10000f00, 0x02001000, 0x34003400, 0x37000300, 0x05003700, 0x39003900, 0x55000100, 0x06005b00, 0x64006300,
    0x65000800, 0x04006500, 0x66006600, 0x67000700, 0x04006700, 0x68006800, 0x89000700, 0x08008b00, 0x2b012901, 0xfd010200, 0x03000002, 0x1c021902,
    0x1d020500, 0x01002302, 0x2b000200, 0x1c001c00, 0x1e000100, 0x02001e00, 0x22002200, 0x26000300, 0x04002600, 0x30003000, 0x36000500, 0x06003600,
    0x38003800, 0x53000700, 0x08005300, 0x54005400, 0x5c000900, 0x0a005c00, 0x6f006f00, 0x71000b00, 0x0c007100, 0x72007200, 0x73000d00, 0x0e007300,
    0x79007900, 0x7d000f00, 0x2a007d00, 0x7e007e00, 0x84002b00, 0x10008400, 0x85008500, 0x5b011100, 0x12005b01, 0x5c015c01, 0xfc011300, 0x1400fc01,
    0x01020102, 0x4a031500, 0x16004a03, 0x4b034b03, 0x4c031700, 0x18004c03, 0x4d034d03, 0x4e031900, 0x1a004e03, 0x4f034f03, 0x50031b00, 0x1c005003,
    0x51035103, 0x52031d00, 0x1e005203, 0x53035303, 0x54031f00, 0x20005403, 0x55035503, 0x56032100, 0x22005603, 0x57035703, 0x58032300, 0x24005803,
    0x59035903, 0x5a032500, 0x26005a03, 0x5b035b03, 0x5c032700, 0x28005c03, 0x5d035d03, 0x02002900, 0x04005900, 0x01000400, 0x05000500, 0x07000200,
    0x03000700, 0x08000800, 0x09000100, 0x03000900, 0x0a000a00, 0x0b001a00, 0x04000b00, 0x0c000c00, 0x0d000100, 0x04000d00, 0x0f000f00, 0x10000500,
    0x06001000, 0x12001200, 0x13002000, 0x1b001400, 0x15001500, 0x17000300, 0x03001700, 0x18001800, 0x19001b00, 0x16001900, 0x1a001a00, 0x1b000700,
    0x18001b00, 0x1d001d00, 0x1f001900, 0x08001f00, 0x20002000, 0x21001c00, 0x09002100, 0x23002300, 0x27001d00, 0x1d002700, 0x29002900, 0x2a001f00,
    0x0a002a00, 0x2f002f00, 0x31001d00, 0x1d003100, 0x33003300, 0x34000b00, 0x0c003400, 0x35003500, 0x37002100, 0x0d003700, 0x39003900, 0x3a000e00,
    0x0f003a00, 0x5b005500, 0x5d001000, 0x11005e00, 0x60006000, 0x63001100, 0x12006400, 0x65006500, 0x66001300, 0x14006600, 0x67006700, 0x68001300,
    0x14006800, 0x6a006900, 0x6b001100, 0x17006b00, 0x6c006c00, 0x6d001e00, 0x17006d00, 0x6e006e00, 0x76001e00, 0x15007600, 0x78007800, 0x7b001500,
    0x22007c00, 0x8b008900, 0xc5001200, 0x1a00c600, 0xdd00c700, 0xde000100, 0x0200f600, 0xfb00f700, 0xfc000300, 0x0100fd00, 0x1001fe00, 0x11010300,
    0x04001401, 0x18011501, 0x1b010100, 0x1b001b01, 0x28011c01, 0x29010500, 0x06002b01, 0x2d012d01, 0x2e011b00, 0x20003201, 0x36013301, 0x38011b00,
    0x1b003801, 0x51013901, 0x52010300, 0x1b005401, 0x59015501, 0x5a011600, 0x1a005a01, 0x60015d01, 0x62010700, 0x18007801, 0x7c017901, 0x7d011900,
    0x08008301, 0x86018401, 0x87011c00, 0x09009f01, 0xa401a001, 0xb9011d00, 0x1d00bd01, 0xcb01c001, 0xcc011f00, 0x2100cd01, 0xcf01ce01, 0xdb010a00,
    0x1d00f301, 0xfb01f701, 0xfd010b00, 0x0c000002, 0x18020202, 0x19022100, 0x0d001c02, 0x23021d02, 0x24020e00, 0x0f002602, 0x76000200, 0x05000500,
    0x06000100, 0x02000600, 0x07000700, 0x08000300, 0x04000800, 0x09000900, 0x0b000500, 0x06000b00, 0x0c000c00, 0x0d000700, 0x06000d00, 0x0e000e00,
    0x0f000100, 0x08000f00, 0x10001000, 0x11000700, 0x09001100, 0x12001200, 0x13000400, 0x01001400, 0x15001500, 0x16000a00, 0x02001600, 0x17001700,
    0x18000700, 0x0b001800, 0x19001900, 0x1a000c00, 0x0d001a00, 0x1d001d00, 0x1f000e00, 0x0f001f00, 0x20002000, 0x21001000, 0x11002100, 0x23002300,
    0x24001200, 0x13002400, 0x25002500, 0x27001400, 0x15002700, 0x29002900, 0x2a001600, 0x17002a00, 0x2b002b00, 0x2c001800, 0x19002c00, 0x2f002f00,
    0x31001a00, 0x1a003100, 0x32003200, 0x33001b00, 0x1c003300, 0x34003400, 0x35001d00, 0x1e003500, 0x37003700, 0x39001f00, 0x20003900, 0x3a003a00,
    0x55002100, 0x22005b00, 0x5e005d00, 0x60002300, 0x23006000, 0x64006300, 0x65002400, 0x25006500, 0x66006600, 0x67002600, 0x25006700, 0x68006800,
    0x69002600, 0x23006a00, 0x6b006b00, 0x6c002700, 0x28006c00, 0x6d006d00, 0x6e002700, 0x28006e00, 0x75007500, 0x77002f00, 0x2f007700, 0x7c007b00,
    0x89002e00, 0x24008b00, 0xc500c500, 0xc6000800, 0x0400c600, 0xf400de00, 0xf5000100, 0x0500f600, 0xfb00f700, 0xfc000300, 0x2900fc00, 0xfd00fd00,
    0xfe000400, 0x0a00fe00, 0x0f01ff00, 0x10010500, 0x0a001001, 0x14011101, 0x15010600, 0x07001801, 0x1a011901, 0x1b010100, 0x08002601, 0x2b012701,
    0x2c010700, 0x09002d01, 0x2e012e01, 0x2f010400, 0x29002f01, 0x30013001, 0x32010400, 0x04003201, 0x37013301, 0x38010100, 0x07003801, 0x45013901,
    0x46010a00, 0x2a004b01, 0x50014c01, 0x51010a00, 0x05005101, 0x54015201, 0x55010b00, 0x0c005901, 0x60015d01, 0x61010d00, 0x02006101, 0x74016f01,
    0x79012b00, 0x0e007c01, 0x83017d01, 0x84010f00, 0x10008601, 0x9d018701, 0x9e011100, 0x14009f01, 0xa401a001, 0xa5011200, 0x1300a701, 0xb801a801,
    0xb9011400, 0x1a00b901, 0xbd01ba01, 0xc0011500, 0x1600cb01, 0xcd01cc01, 0xce011e00, 0x1700cf01, 0xd001d001, 0xd1011800, 0x1900d301, 0xd501d501,
    0xdb011900, 0x1a00e701, 0xed01e801, 0xee012c00, 0x1a00f201, 0xf301f301, 0xf4011400, 0x1b00f601, 0xfb01f701, 0xfd011c00, 0x1d000002, 0x0e020202,
    0x0f021e00, 0x2d001402, 0x18021502, 0x19021e00, 0x1f001c02, 0x23021d02, 0x24022000, 0x21002602, 0x82000200, 0x04000400, 0x05003900, 0x3a000500,
    0x06000600, 0x07004700, 0x3b000700, 0x08000800, 0x09003900, 0x3b000900, 0x0a000a00, 0x0b003400, 0x3f000b00, 0x0c000c00, 0x0d003900, 0x3f000d00,
    0x0e000e00, 0x0f004700, 0x45000f00, 0x10001000, 0x11002600, 0x47001100, 0x12001200, 0x13003e00, 0x46001400, 0x15001500, 0x16003b00, 0x22001600,
    0x17001700, 0x18003b00, 0x46001800, 0x19001900, 0x1a004300, 0x35001a00, 0x1b001b00, 0x1c004000, 0x01001c00, 0x1d001d00, 0x1e002700, 0x1b001e00,
    0x1f001f00, 0x20002800, 0x29002000, 0x21002100, 0x23002a00, 0x3c002300, 0x27002700, 0x29003c00, 0x36002900, 0x2a002a00, 0x2f003d00, 0x3c002f00,
    0x31003100, 0x33003c00, 0x37003300, 0x34003400, 0x35002b00, 0x44003500, 0x36003600, 0x37000200, 0x33003700, 0x38003800, 0x39000300, 0x2c003900,
    0x3a003a00, 0x53002d00, 0x1c005300, 0x54005400, 0x55001f00, 0x2e005b00, 0x5c005c00, 0x5d000400, 0x2f005e00, 0x60006000, 0x63002f00, 0x30006400,
    0x65006500, 0x66003100, 0x32006600, 0x67006700, 0x68003100, 0x32006800, 0x6a006900, 0x6b002f00, 0x38006b00, 0x6c006c00, 0x6d004200, 0x38006d00,
    0x6e006e00, 0x70004200, 0x24007000, 0x71007100, 0x72002500, 0x20007200, 0x74007400, 0x76000500, 0x41007600, 0x78007800, 0x79004100, 0x06007900,
    0x84008400, 0x85001400, 0x07008500, 0x8b008900, 0xc5003000, 0x3400c600, 0xdd00c700, 0xde003900, 0x3a00f600, 0xfb00f700, 0xfc003b00, 0x3900fd00,
    0x1001fe00, 0x11013b00, 0x3f001401, 0x18011501, 0x19013900, 0x47001a01, 0x1b011b01, 0x1c014600, 0x45002801, 0x2b012901, 0x2c012600, 0x47002c01,
    0x2d012d01, 0x2e014600, 0x3e003201, 0x36013301, 0x38014600, 0x46003801, 0x51013901, 0x52013b00, 0x46005401, 0x59015501, 0x5a014300, 0x34005a01,
    0x5b015b01, 0x5c012100, 0x23005c01, 0x60015d01, 0x62013500, 0x40007801, 0x7c017901, 0x7d012700, 0x28008301, 0x86018401, 0x87012900, 0x2a009f01,
    0xa401a001, 0xb9013c00, 0x3c00bd01, 0xcb01c001, 0xcc013600, 0x4400cd01, 0xcf01ce01, 0xdb013d00, 0x3c00f301, 0xfb01f701, 0xfd013700, 0x2b000002,
    0x18020202, 0x19024400, 0x33001c02, 0x23021d02, 0x24022c00, 0x2d002602, 0x4a034a03, 0x4b031500, 0x08004b03, 0x4c034c03, 0x4d031d00, 0x16004d03,
    0x4e034e03, 0x4f031e00, 0x17004f03, 0x50035003, 0x51030900, 0x0a005103, 0x52035203, 0x53031800, 0x0b005303, 0x54035403, 0x55030c00, 0x0d005503,
    0x56035603, 0x57030e00, 0x0f005703, 0x58035803, 0x59031000, 0x11005903, 0x5a035a03, 0x5b031200, 0x19005b03, 0x5c035c03, 0x5d031300, 0x1a005d03,
    0x00000100, 0x8e010a00, 0x04008608, 0x544c4644, 0x79631a00, 0x4c006c72, 0x6b657267, 0x616cb400, 0xe6006e74, 0x00000400, 0xffff0000, 0x00001400,
    0x0e000700, 0x1c001500, 0x2d002300, 0x3b003400, 0x49004200, 0x57005000, 0x65005e00, 0x73006c00, 0x81007a00, 0x0a008800, 0x47420100, 0x38002052,
    0xffff0000, 0x01001400, 0x0f000800, 0x1d001600, 0x2e002400, 0x3c003500, 0x4a004300, 0x58005100, 0x66005f00, 0x74006d00, 0x82007b00, 0x00008900,
    0x1500ffff, 0x09000200, 0x17001000, 0x25001e00, 0x2f002a00, 0x3d003600, 0x4b004400, 0x59005200, 0x67006000, 0x75006e00, 0x83007c00, 0x04008a00,
    0x00000000, 0x1400ffff, 0x0a000300, 0x18001100, 0x26001f00, 0x37003000, 0x45003e00, 0x53004c00, 0x61005a00, 0x6f006800, 0x7d007600, 0x8b008400,
    0x02001000, 0x204c4f4d, 0x4f523e00, 0x6e00204d, 0xffff0000, 0x04001400, 0x12000b00, 0x20001900, 0x31002700, 0x3f003800, 0x4d004600, 0x5b005400,
    0x69006200, 0x77007000, 0x85007e00, 0x00008c00, 0x1500ffff, 0x0c000500, 0x1a001300, 0x28002100, 0x32002b00, 0x40003900, 0x4e004700, 0x5c005500,
    0x6a006300, 0x78007100, 0x86007f00, 0x00008d00, 0x1500ffff, 0x0d000600, 0x1b001400, 0x29002200, 0x33002c00, 0x41003a00, 0x4f004800, 0x5d005600,
    0x6b006400, 0x79007200, 0x87008000, 0x8f008e00, 0x746c6161, 0x61615c03, 0x6403746c, 0x746c6161, 0x61616c03, 0x7403746c, 0x746c6161, 0x61617c03,
    0x8403746c, 0x746c6161, 0x63638c03, 0x9403706d, 0x706d6363, 0x63639c03, 0xa403706d, 0x706d6363, 0x6363ac03, 0xb403706d, 0x706d6363, 0x6363bc03,
    0xc403706d, 0x6d6f6e64, 0x6e64cc03, 0xd2036d6f, 0x6d6f6e64, 0x6e64d803, 0xde036d6f, 0x6d6f6e64, 0x6e64e403, 0xea036d6f, 0x6d6f6e64, 0x7266f003,
    0xf6036361, 0x63617266, 0x7266fe03, 0x06046361, 0x63617266, 0x72660e04, 0x16046361, 0x63617266, 0x72661e04, 0x26046361, 0x6167696c, 0x696c2e04,
    0x34046167, 0x6167696c, 0x696c3a04, 0x40046167, 0x6167696c, 0x696c4604, 0x4c046167, 0x6167696c, 0x6e6c5204, 0x58046d75, 0x6d756e6c, 0x6e6c5e04,
    0x64046d75, 0x6d756e6c, 0x6e6c6a04, 0x70046d75, 0x6d756e6c, 0x6e6c7604, 0x7c046d75, 0x6c636f6c, 0x6f6c8204, 0x88046c63, 0x6c636f6c, 0x756e8e04,
    0x9404726d, 0x726d756e, 0x756e9a04, 0xa004726d, 0x726d756e, 0x756ea604, 0xac04726d, 0x726d756e, 0x756eb204, 0xb804726d, 0x6d756e6f, 0x6e6fbe04,
    0xc4046d75, 0x6d756e6f, 0x6e6fca04, 0xd0046d75, 0x6d756e6f, 0x6e6fd604, 0xdc046d75, 0x6d756e6f, 0x726fe204, 0xe8046e64, 0x6e64726f, 0x726fee04,
    0xf4046e64, 0x6e64726f, 0x726ffa04, 0x00056e64, 0x6e64726f, 0x726f0605, 0x0c056e64, 0x746c6173, 0x61731205, 0x1805746c, 0x746c6173, 0x61731e05,
    0x2405746c, 0x746c6173, 0x61732a05, 0x3005746c, 0x746c6173, 0x69733605, 0x3c05666e, 0x666e6973, 0x69734205, 0x4805666e, 0x666e6973, 0x69734e05,
    0x5405666e, 0x666e6973, 0x69735a05, 0x6005666e, 0x31307373, 0x73736605, 0x6c053130, 0x31307373, 0x73737205, 0x78053130, 0x31307373, 0x73737e05,
    0x84053130, 0x31307373, 0x73738a05, 0x90053230, 0x32307373, 0x73739605, 0x9c053230, 0x32307373, 0x7373a205, 0xa8053230, 0x32307373, 0x7373ae05,
    0xb4053230, 0x33307373, 0x7373ba05, 0xc0053330, 0x33307373, 0x7373c605, 0xcc053330, 0x33307373, 0x7373d205, 0xd8053330, 0x33307373, 0x7373de05,
    0xe4053430, 0x34307373, 0x7373ea05, 0xf0053430, 0x34307373, 0x7373f605, 0xfc053430, 0x34307373, 0x73730206, 0x08063430, 0x35307373, 0x73730e06,
    0x14063530, 0x35307373, 0x73731a06, 0x20063530, 0x35307373, 0x73732606, 0x2c063530, 0x35307373, 0x73733206, 0x38063630, 0x36307373, 0x73733e06,
    0x44063630, 0x36307373, 0x73734a06, 0x50063630, 0x36307373, 0x73735606, 0x5c063630, 0x73627573, 0x75736206, 0x68067362, 0x73627573, 0x75736e06,
    0x74067362, 0x73627573, 0x75737a06, 0x80067362, 0x73627573, 0x75738606, 0x8c067370, 0x73707573, 0x75739206, 0x98067370, 0x73707573, 0x75739e06,
    0xa4067370, 0x73707573, 0x7573aa06, 0xb0067370, 0x6f72657a, 0x657ab606, 0xbc066f72, 0x6f72657a, 0x657ac206, 0xc8066f72, 0x6f72657a, 0x657ace06,
    0xd4066f72, 0x6f72657a, 0x0000da06, 0x00000200, 0x00000100, 0x00000200, 0x00000100, 0x00000200, 0x00000100, 0x00000200, 0x00000100, 0x00000200,
    0x00000100, 0x00000200, 0x00000100, 0x00000200, 0x00000100, 0x18000200, 0x00001900, 0x18000200, 0x00001900, 0x18000200, 0x00001900, 0x18000200,
    0x00001900, 0x18000200, 0x00001900, 0x18000200, 0x00001900, 0x18000200, 0x00001900, 0x09000100, 0x01000000, 0x00000900, 0x09000100, 0x01000000,
    0x00000900, 0x09000100, 0x01000000, 0x00000900, 0x09000100, 0x02000000, 0x07000600, 0x02000000, 0x07000600, 0x02000000, 0x07000600, 0x02000000,
    0x07000600, 0x02000000, 0x07000600, 0x02000000, 0x07000600, 0x02000000, 0x07000600, 0x01000000, 0x00001700, 0x17000100, 0x01000000, 0x00001700,
    0x17000100, 0x01000000, 0x00001700, 0x17000100, 0x01000000, 0x00001700, 0x0e000100, 0x01000000, 0x00000e00, 0x0e000100, 0x01000000, 0x00000e00,
    0x0e000100, 0x01000000, 0x00000e00, 0x0e000100, 0x01000000, 0x00000400, 0x02000100, 0x01000000, 0x00000300, 0x08000100, 0x01000000, 0x00000800,
    0x08000100, 0x01000000, 0x00000800, 0x08000100, 0x01000000, 0x00000800, 0x08000100, 0x01000000, 0x00000d00, 0x0d000100, 0x01000000, 0x00000d00,
    0x0d000100, 0x01000000, 0x00000d00, 0x0d000100, 0x01000000, 0x00000d00, 0x05000100, 0x01000000, 0x00000500, 0x05000100, 0x01000000, 0x00000500,
    0x05000100, 0x01000000, 0x00000500, 0x05000100, 0x01000000, 0x00001600, 0x16000100, 0x01000000, 0x00001600, 0x16000100, 0x01000000, 0x00001600,
    0x16000100, 0x01000000, 0x00001600, 0x0b000100, 0x01000000, 0x00000b00, 0x0b000100, 0x01000000, 0x00000b00, 0x0b000100, 0x01000000, 0x00000b00,
    0x0b000100, 0x01007a01, 0x74011000, 0x10000100, 0x01006e01, 0x68011000, 0x10000100, 0x01006201, 0x5c011000, 0x10000100, 0x01005601, 0x54011000,
    0x11000100, 0x01004e01, 0x48011100, 0x11000100, 0x01004201, 0x3c011100, 0x11000100, 0x01003601, 0x30011100, 0x11000100, 0x01002e01, 0x28011200,
    0x12000100, 0x01002201, 0x1c011200, 0x12000100, 0x01001601, 0x10011200, 0x12000100, 0x01000a01, 0x08011200, 0x13000100, 0x01000201, 0xfc001300,
    0x13000100, 0x0100f600, 0xf0001300, 0x13000100, 0x0100ea00, 0xe4001300, 0x13000100, 0x0100e200, 0xdc001400, 0x14000100, 0x0100d600, 0xd0001400,
    0x14000100, 0x0100ca00, 0xc4001400, 0x14000100, 0x0100be00, 0xbc001400, 0x15000100, 0x0100b600, 0xb0001500, 0x15000100, 0x0100aa00, 0xa4001500,
    0x15000100, 0x01009e00, 0x98001500, 0x15000100, 0x01000000, 0x00000c00, 0x0c000100, 0x01000000, 0x00000c00, 0x0c000100, 0x01000000, 0x00000c00,
    0x0c000100, 0x01000000, 0x00000c00, 0x0a000100, 0x01000000, 0x00000a00, 0x0a000100, 0x01000000, 0x00000a00, 0x0a000100, 0x01000000, 0x00000a00,
    0x0a000100, 0x01000000, 0x00000f00, 0x0f000100, 0x01000000, 0x00000f00, 0x0f000100, 0x01000000, 0x00000f00, 0x0f000100, 0x01000000, 0x00000f00,
    0x00000001, 0x00000101, 0x00000201, 0x00000301, 0x00000401, 0x1c000501, 0x42003a00, 0x52004a00, 0x62005a00, 0x72006a00, 0x84007c00, 0x94008c00,
    0xa4009c00, 0xb400ac00, 0xc400bc00, 0xd400cc00, 0xe400dc00, 0xf400ec00, 0x0401fc00, 0x22011a01, 0x00000100, 0xe8030100, 0x00000300, 0x4e040100,
    0x00000100, 0xe0000100, 0x00000100, 0xe6000100, 0x00000100, 0xec000100, 0x00000100, 0xea000100, 0x00000100, 0xec000100, 0x00000600, 0x00010200,
    0x01001201, 0x01000000, 0x01001a01, 0x01000000, 0x01002c01, 0x01000000, 0x01003e01, 0x01000000, 0x01005001, 0x01000000, 0x01006201, 0x01000000,
    0x01007401, 0x01000000, 0x01007201, 0x01000000, 0x01007001, 0x01000000, 0x01006e01, 0x01000000, 0x0100a601, 0x01000000, 0x0100ae01, 0x01000000,
    0x0100ac01, 0x01000000, 0x0100aa01, 0x01000000, 0x0100a801, 0x01000000, 0x0400a601, 0x01000000, 0x04001202, 0x01000000, 0x06001c02, 0x08000000,
    0xa0028e02, 0xc402b202, 0xe802d602, 0x0c03fa02, 0x00000100, 0x8c030100, 0x00000100, 0x8a030100, 0xae030200, 0x59010400, 0xfb015f01, 0x0200ff01,
    0x0400a003, 0x5f015901, 0xff01fb01, 0x9e030100, 0x02000100, 0x0200c003, 0x87008600, 0xbe030200, 0x4a030b00, 0x4c034b03, 0x4e034d03, 0x50034f03,
    0x52035103, 0x7b005303, 0x01000300, 0x0100b803, 0x0000be03, 0x00000100, 0x03001a00, 0xb6030100, 0xac030100, 0x01000000, 0x1a000000, 0xae030200,
    0x4a030a00, 0x4c034b03, 0x4e034d03, 0x50034f03, 0x52035103, 0x02005303, 0x0a009403, 0x55035403, 0x57035603, 0x59035803, 0x5b035a03, 0x5d035c03,
    0x7a030200, 0x4a030a00, 0x4c034b03, 0x4e034d03, 0x50034f03, 0x52035103, 0x02005303, 0x0a006003, 0x55035403, 0x57035603, 0x59035803, 0x5b035a03,
    0x5d035c03, 0x46030200, 0x54030a00, 0x56035503, 0x58035703, 0x5a035903, 0x5c035b03, 0x01005d03, 0x0c002c03, 0x36030100, 0x0100f4ff, 0x02004003,
    0x42030200, 0x05001d00, 0xdf00de00, 0xe100e000, 0xe300e200, 0xe500e400, 0xe700e600, 0xe900e800, 0xeb00ea00, 0xed00ec00, 0xef00ee00, 0xf100f000,
    0xf300f200, 0x2d02f400, 0x74025f02, 0xc902c802, 0x2a030200, 0x0c000500, 0x16011501, 0x18011701, 0xea020100, 0x01000200, 0x0100e402, 0x1c030100,
    0x01000100, 0x01005802, 0x16030200, 0x05003700, 0x3c000c00, 0xde004800, 0xe000df00, 0xe200e100, 0xe400e300, 0xe600e500, 0xe800e700, 0xea00e900,
    0xec00eb00, 0xee00ed00, 0xf000ef00, 0xf200f100, 0xf400f300, 0x16011501, 0x18011701, 0x2d025c01, 0x74025f02, 0x79027702, 0x7e027b02, 0x84028002,
    0x8e028602, 0x98029102, 0x9e029b02, 0xa802a502, 0xaf02ad02, 0xc502b902, 0xc902c802, 0x14030100, 0x08000100, 0x04000100, 0x0200c500, 0x01000f00,
    0x03000803, 0x2e000c00, 0x04005800, 0x10000a00, 0x1c001600, 0x0200bd03, 0xb603a003, 0xa4030200, 0x0200b803, 0xb703a503, 0xa7030200, 0x0c000500,
    0x18001200, 0x24001e00, 0x0200be03, 0xb9039f03, 0xa4030200, 0x0200bb03, 0xba03a503, 0xa8030200, 0x0200bc03, 0x0400aa03, 0x10000a00, 0x1c001600,
    0x0200b503, 0xb2039f03, 0xa4030200, 0x0200b303, 0xb403a503, 0xaa030200, 0x01000300, 0x01009802, 0x0000a402, 0x00000100, 0x03001b00, 0x98020100,
    0x9e020100, 0x01000000, 0x1b000000, 0x00000300, 0x86020100, 0x92020100, 0x00000100, 0x03001b00, 0x01000000, 0x01009002, 0x01008002, 0x1b000000,
    0x00000300, 0x84020100, 0x6e020100, 0x00000100, 0x03001b00, 0x78020100, 0xf6020100, 0x01000000, 0x1b000000, 0x01000300, 0x0100f402, 0x0000e402,
    0x00000100, 0x03001b00, 0xfe020100, 0xd2020100, 0x01000000, 0x1b000000, 0x6a030200, 0x05003400, 0xdf00de00, 0xe100e000, 0xe300e200, 0xe500e400,
    0xe700e600, 0xe900e800, 0xeb00ea00, 0xed00ec00, 0xef00ee00, 0xf100f000, 0xf300f200, 0x1501f400, 0x17011601, 0x5c011801, 0x5f022d02, 0x77027402,
    0x7b027902, 0x80027e02, 0x86028402, 0x91028e02, 0x9b029802, 0xa5029e02, 0xad02a802, 0xb902af02, 0xc802c502, 0x0100c902, 0x02006803, 0x10000a00,
    0x0c000200, 0x02000d00, 0x3d003c00, 0x8a000100, 0x02000a00, 0x13005403, 0x1b010d00, 0xac032901, 0xab03ce03, 0xd003cf03, 0xd203d103, 0xd403d303,
    0xd603d503, 0xd803d703, 0xda03d903, 0x0100db03, 0x57010400, 0xf9016001, 0x01000002, 0x76021200, 0x7a027802, 0x7f027d02, 0x85028302, 0x90028d02,
    0x9a029702, 0xa4029d02, 0xac02a702, 0xb802ae02, 0x0100c402, 0x04000200, 0x02001500, 0x3b000300, 0x00003b00, 0x46003e00, 0x79000100, 0x0a007900,
    0x01000100, 0x02007b00, 0x4a030100, 0x00005303, 0x01000200, 0x5d035403, 0x02000000, 0x3b000200, 0x00003b00, 0x46003e00, 0x02000100, 0x47000200,
    0x00004700, 0x52004a00, 0x01000100, 0x3b000200, 0x02004700, 0x04000600, 0x00000400, 0xdd00c700, 0x2c020100, 0x18002c02, 0x5e025e02, 0x73021900,
    0x1a007302, 0xc702c602, 0x01001b00, 0x0b000500, 0x12011101, 0x14011301, 0x01000100, 0x01005b01, 0x04003700, 0x3b000b00, 0xc7004700, 0xc900c800,
    0xcb00ca00, 0xcd00cc00, 0xcf00ce00, 0xd100d000, 0xd300d200, 0xd500d400, 0xd700d600, 0xd900d800, 0xdb00da00, 0xdd00dc00, 0x12011101, 0x14011301,
    0x2c025b01, 0x73025e02, 0x78027602, 0x7d027a02, 0x83027f02, 0x8d028502, 0x97029002, 0x9d029a02, 0xa702a402, 0xae02ac02, 0xc402b802, 0xc702c602,
    0x01000100, 0x01000a00, 0xa2030300, 0xa803a603, 0x04000100, 0x12000800, 0x2c001a00, 0x01000100, 0x0100a703, 0x0b000100, 0x01000100, 0x0200b003,
    0x9f030200, 0x0000ad03, 0xbe03b203, 0x01000f00, 0x0f000100, 0x01000100, 0x01001000, 0x21003d00, 0x23002200, 0x25002400, 0x27002600, 0x29002800,
    0x2b002a00, 0x2d002c00, 0x2f002e00, 0x31003000, 0x33003200, 0x35003400, 0x37003600, 0x39003800, 0x8c013a00, 0x9e019001, 0xa601a201, 0xae01a701,
    0xb901b201, 0xbe01bc01, 0xca01c601, 0xd301d001, 0xd801d501, 0xe001da01, 0xe801e501, 0xf301ea01, 0xf901f601, 0xfd01fb01, 0x0002ff01, 0x07020102,
    0x0f020c02, 0x1f021102, 0x02000200, 0xaa03aa03, 0xb2030000, 0x0100be03, 0x04000200, 0x5d024602, 0x6a020000, 0x18006d02, 0x70026f02, 0x72021c00,
    0x1e007202, 0x3d000100, 0xa102a002, 0xa302a202, 0xa602a402, 0xa902a702, 0xac02aa02, 0xb002ae02, 0xb202b102, 0xb402b302, 0xb602b502, 0xb802b702,
    0xbb02ba02, 0xbd02bc02, 0xbf02be02, 0xc102c002, 0xc302c202, 0x0b03c402, 0x10030f03, 0x17031403, 0x1c031a03, 0x22032103, 0x25032303, 0x27032603,
    0x2a032803, 0x2e032b03, 0x36033503, 0x39033703, 0x3d033a03, 0x3f033e03, 0x42034103, 0x44034303, 0x01004503, 0x04003400, 0xc800c700, 0xca00c900,
    0xcc00cb00, 0xce00cd00, 0xd000cf00, 0xd200d100, 0xd400d300, 0xd600d500, 0xd800d700, 0xda00d900, 0xdc00db00, 0x1101dd00, 0x13011201, 0x5b011401,
    0x5e022c02, 0x76027302, 0x7a027802, 0x7f027d02, 0x85028302, 0x90028d02, 0x9a029702, 0xa4029d02, 0xac02a702, 0xb802ae02, 0xc602c402, 0x0100c702,
    0x0b000200, 0x02003b00, 0x0b000600, 0x00000b00, 0x10000f00, 0xa7030100, 0x0300a703, 0xaa03aa03, 0xb0030400, 0x0500b003, 0xbe03b203, 0x00000600,
    0x01000000, 0x00000000, 0x28000000, 0x02000000, 0x676e6c64, 0x28000000, 0x10000000, 0x676e6c73, 0x38000000, 0x10000000, 0x6c727943, 0x614c202c,
    0x202c6e74, 0x6b657247, 0x6c727943, 0x614c202c, 0x202c6e74, 0x6b657247, 0x01000000, 0x00000000,
};
