// IBM Plex Sans Bold TTF data as a C array (raw, uncompressed)
// Source: IBM Plex project (https://github.com/IBM/plex) — SIL Open Font License 1.1
static const unsigned int ibmplexsansboldfree_size = 200872;
static const unsigned int ibmplexsansboldfree_data[50218] =
{
    0x00000100, 0x00011300, 0x30000400, 0x47495344, 0x01000000, 0xa0100300, 0x08000000, 0x46454447, 0x22af0faf, 0x180d0200, 0xcc010000, 0x534f5047,
    0xc07a166c, 0xe40e0200, 0x74f00000, 0x42555347, 0xb36922a2, 0x58ff0200, 0xfe100000, 0x322f534f, 0x7e7a758d, 0xb8010000, 0x60000000, 0x70616d63,
    0xb2a90fb9, 0x04120000, 0x020b0000, 0x20747663, 0x260f2804, 0x94200000, 0x46000000, 0x6d677066, 0x379c5906, 0x081d0000, 0x73010000, 0x70736167,
    0x23001800, 0x080d0200, 0x10000000, 0x66796c67, 0xc0850c1e, 0xd4280000, 0x44b70100, 0x64616568, 0xe5588225, 0x3c010000, 0x36000000, 0x61656868,
    0x1c070508, 0x74010000, 0x24000000, 0x78746d68, 0x7e91161d, 0x18020000, 0xec0f0000, 0x61636f6c, 0x9ab0a743, 0xdc200000, 0xf8070000, 0x7078616d,
    0xd2021606, 0x98010000, 0x20000000, 0x6174656d, 0x297ecd2e, 0x58100300, 0x48000000, 0x656d616e, 0x18a550ff, 0x18e00100, 0x9b090000, 0x74736f70,
    0x1d55dcb0, 0xb4e90100, 0x51230000, 0x70657270, 0x84886da4, 0x7c1e0000, 0x16020000, 0x00000100, 0x47010300, 0xa450adf3, 0xf53c0f5f, 0xe8030900,
    0x00000000, 0xb19730e1, 0x00000000, 0x9c7b30e1, 0xedfecdfe, 0x7e043405, 0x09000100, 0x00000200, 0x00000000, 0x00000100, 0xedfe0104, 0x66050000,
    0xcdfecdfe, 0x01003405, 0x00000000, 0x00000000, 0x00000000, 0xfb030000, 0x00000100, 0x5400fb03, 0x66000700, 0x01000500, 0x00000000, 0x00000a00,
    0x16020002, 0x01000400, 0x6a020400, 0x0500bc02, 0x8a020000, 0x00005802, 0x8a024b00, 0x00005802, 0x64005e01, 0x01083b01, 0x03080b02, 0x00030205,
    0x00a00302, 0x0050ef02, 0x00003b20, 0x00000000, 0x42490000, 0x2001204d, 0xfdff0000, 0x24ff0c03, 0x01042c01, 0x00201301, 0x00009f01, 0x0d020000,
    0x0000ba02, 0x02002000, 0x2000d801, 0x00000000, 0x0000ec00, 0x0000ec00, 0x22003902, 0x2b006002, 0x45006002, 0x24000502, 0x2b006002, 0x24003202,
    0x15006901, 0x16002802, 0x2b006002, 0x16003202, 0x45005402, 0x39001e01, 0xf7ff1e01, 0x45004102, 0x45002f01, 0x45007e03, 0x45005402, 0x24003402,
    0x45006002, 0x2b006002, 0x45009401, 0x1a00f801, 0x17007f01, 0x3f005402, 0x09001a02, 0x13004903, 0x12003002, 0x06001602, 0x27000602, 0x1400ad02,
    0x4d009b02, 0x32008b02, 0x4d00b902, 0x4d005f02, 0x4d004902, 0x3200cf02, 0x4d00d402, 0x3200b001, 0x19002f02, 0x4d00b802, 0x4d001202, 0x4d003303,
    0x4d00d402, 0x3200ca02, 0x4d009002, 0x3200ca02, 0x4d00a202, 0x26007002, 0x1b004802, 0x4900b602, 0x0e008a02, 0x1d00cd03, 0x1000a102, 0x09008902,
    0x27005f02, 0x1f005802, 0x1f005802, 0x1f005802, 0x23005802, 0x2a005802, 0x10005802, 0x1e005802, 0x2e005802, 0x2a005802, 0x37005802, 0x28005802,
    0x22005802, 0x23005802, 0x23005802, 0x23005802, 0x3b005802, 0x36005802, 0x1b005802, 0x14005802, 0x35005802, 0x2c005802, 0x3b005802, 0x2a005802,
    0x24005802, 0x3200d102, 0x3d008703, 0x35009301, 0x35009301, 0x35009301, 0x24004c02, 0x24004c02, 0x24000c03, 0x0000e803, 0x1e002c02, 0x43003601,
    0x43008103, 0x4d004a01, 0x24003601, 0x2e004a01, 0x2e004a01, 0x44000c01, 0x4400ed01, 0x3e002c01, 0x24002c01, 0x3e001702, 0x24001702, 0x26003001,
    0x26001b02, 0x26003d01, 0x32003d01, 0x26002e02, 0x32002e02, 0x47004001, 0x47004001, 0x1b00ee01, 0x0e00f401, 0x25005201, 0xf3ff5201, 0x4d004e01,
    0x32004e01, 0x13007401, 0x32007401, 0x0300cc01, 0x2400cc01, 0x0bff9300, 0x0bff9300, 0x3200ce03, 0x32006605, 0x8a009201, 0x8a009201, 0x32003902,
    0x1f00a502, 0x30001803, 0x1e00d001, 0x18006602, 0x2e00c101, 0x2600b101, 0x3200d601, 0x24000c01, 0x2400ed01, 0x20005902, 0x1a000a02, 0x24001e02,
    0x0b007802, 0x2a005802, 0x35005802, 0x43005802, 0x43005802, 0x43005802, 0x4f005802, 0x43005802, 0x43005802, 0x35005802, 0x43005802, 0x67005802,
    0x67005802, 0x67005802, 0x67005802, 0x5b006601, 0x5b006601, 0x4d004a01, 0x3e00ae01, 0x4d004a01, 0x35005802, 0x34005802, 0x0e005802, 0x2300c001,
    0x16001803, 0x1e00ca02, 0x10002902, 0x4d002404, 0x26004b02, 0x0a007402, 0x29002802, 0x32007302, 0x0500e401, 0x22004602, 0x20005902, 0x13008a02,
    0x4d009902, 0x32006902, 0x22004602, 0x11000803, 0x4d007d03, 0x2600ff03, 0x4d009403, 0x24004002, 0x0600ac02, 0x25005c02, 0x1000ba02, 0x32009b02,
    0x26008402, 0x32005f02, 0x25005c02, 0x3e007502, 0x11006302, 0x10009502, 0x4d009902, 0x15008702, 0x15009802, 0x22003902, 0x22003902, 0x22003902,
    0x22003902, 0x22003902, 0x22003902, 0x22003902, 0x22003902, 0x22003902, 0x22003902, 0x22003902, 0x22003902, 0x22003902, 0x22003902, 0x22003902,
    0x22003902, 0x22003902, 0x22003902, 0x22003902, 0x22003902, 0xd9ff3902, 0x22003902, 0x22003902, 0x2b006002, 0x2b006002, 0x2b006002, 0x2b006002,
    0x2b006002, 0x2b006002, 0x2b006002, 0x2b006002, 0x2b006002, 0x2b006002, 0x2b006002, 0x2b006002, 0x2b006002, 0x2b006002, 0x2b006002, 0x2b006002,
    0x2b006002, 0x2b006002, 0x2b006002, 0x2b006002, 0x08006002, 0x2b006002, 0x2b006002, 0x22006003, 0x22006003, 0x24000502, 0x24000502, 0x24000502,
    0x24000502, 0x24000502, 0x2b00aa02, 0x2b006302, 0x29005b02, 0x24003202, 0x24003202, 0x24003202, 0x24003202, 0x24003202, 0x24003202, 0x24003202,
    0x24003202, 0x24003202, 0x24003202, 0x24003202, 0x24003202, 0x24003202, 0x24003202, 0xecff3202, 0x24003202, 0x24003202, 0x24003202, 0x16003202,
    0x16003202, 0x16003202, 0x16003202, 0x2b006002, 0x2b006002, 0x2b006002, 0x2b006002, 0x07005402, 0xceff5402, 0x45001e01, 0x45001e01, 0xd2ff1e01,
    0xceff1e01, 0xceff1e01, 0xd2ff1e01, 0x39001e01, 0xfaff1e01, 0x17001e01, 0xf7ff1e01, 0x03001e01, 0xd2ff1e01, 0x39003602, 0x45003602, 0xf7ff1e01,
    0xf7ff1e01, 0xceff1e01, 0x45004102, 0x45004102, 0x45002f01, 0x45006801, 0x45002f01, 0x4500c001, 0xfeff3a01, 0x45005402, 0x45005402, 0x45005402,
    0x45005402, 0x24007603, 0x45005402, 0x24003402, 0x24003402, 0x24003402, 0x24003402, 0x24003402, 0x24003402, 0x24003402, 0x24003402, 0x24003402,
    0x24003402, 0x0e003c02, 0x0e003c02, 0x24003402, 0x24003402, 0x24003402, 0x24003402, 0x24003402, 0x24003402, 0x24003402, 0x24003402, 0x24003402,
    0xe6ff3402, 0x24003402, 0x24003402, 0x24008503, 0x45009401, 0x1f009401, 0x3c009401, 0x1a00f801, 0x1a00f801, 0x1a00f801, 0x1a00f801, 0x1a00f801,
    0x15003801, 0x1500b402, 0x45005a02, 0x1b008701, 0x17008401, 0x17007f01, 0x17007f01, 0x45006002, 0x3f005402, 0x3f005402, 0x3f005402, 0x3f005402,
    0x3f005402, 0x3f005402, 0x3f005402, 0x3f005402, 0x3f005402, 0x3f005402, 0x3f005402, 0x3f005402, 0x3f005402, 0x3f005402, 0x3f005402, 0x3f005402,
    0x3f005402, 0x3f005402, 0x3f005402, 0x3f005402, 0x3f005402, 0x3f005402, 0x3f005402, 0x13004903, 0x13004903, 0x13004903, 0x13004903, 0x06001602,
    0x06001602, 0x06001602, 0x06001602, 0x06001602, 0x06001602, 0x06001602, 0x27000602, 0x27000602, 0x27000602, 0x1400ad02, 0x1400ad02, 0x1400ad02,
    0x1400ad02, 0x1400ad02, 0x1400ad02, 0x1400ad02, 0x1400ad02, 0x1400ad02, 0x1400ad02, 0x1400ad02, 0x1400ad02, 0x1400ad02, 0x1400ad02, 0x1400ad02,
    0x1400ad02, 0x1400ad02, 0x1400ad02, 0x1400ad02, 0x1400ad02, 0x1400ad02, 0x1400ad02, 0x1400ad02, 0xffffc803, 0xffffc803, 0x32008b02, 0x32008b02,
    0x32008b02, 0x32008b02, 0x32008b02, 0x4d00b902, 0x0700be02, 0x0700be02, 0x4d005f02, 0x4d005f02, 0x4d005f02, 0x4d005f02, 0x4d005f02, 0x4d005f02,
    0x4d005f02, 0x4d005f02, 0x4d005f02, 0x4d005f02, 0x4d005f02, 0x4d005f02, 0x4d005f02, 0x4d005f02, 0x08005f02, 0x4d005f02, 0x4d005f02, 0x3200ca02,
    0x3200cf02, 0x3200cf02, 0x3200cf02, 0x3200cf02, 0x0800de02, 0x4d00d402, 0x3200b001, 0x1b00b001, 0x1700b001, 0x1700b001, 0x1b00b001, 0x3200b001,
    0x3200b001, 0x3200b001, 0x3200b001, 0x3200b001, 0x3200b001, 0x1b00b001, 0x49009002, 0x49009002, 0x19002f02, 0x19002f02, 0x4d00b802, 0x4d001202,
    0x4d001202, 0x4d001202, 0x4d001202, 0xf9ff1c02, 0x4d00d402, 0x4d00d402, 0x4d00d402, 0x4d00d402, 0x4d00d402, 0x3200ca02, 0x3200ca02, 0x3200ca02,
    0x3200ca02, 0x3200ca02, 0x3200ca02, 0x3200ca02, 0x3200ca02, 0x3200ca02, 0x3200ca02, 0x3200ca02, 0x3200ca02, 0x3200ca02, 0x3200ca02, 0x3200ca02,
    0x3200ca02, 0x3200ca02, 0x3200ca02, 0x3200ca02, 0x3200ca02, 0x3200ca02, 0x3200ca02, 0x3200ca02, 0x3200ca02, 0x3200e603, 0x4d00a202, 0x4d00a202,
    0x4d00a202, 0x26007002, 0x26007002, 0x26007002, 0x26007002, 0x26007002, 0x4d00db02, 0x20005202, 0x1b004802, 0x1b004802, 0x1b004802, 0x4d009002,
    0x4900b602, 0x4900b602, 0x4900b602, 0x4900b602, 0x4900b602, 0x4900b602, 0x4900b602, 0x4900b602, 0x4900b602, 0x4900b602, 0x4900b602, 0x4900b602,
    0x4900b602, 0x4900b602, 0x4900b602, 0x4900b602, 0x4900b602, 0x4900b602, 0x4900b602, 0x4900b602, 0x4900b602, 0x4900b602, 0x4900b602, 0x1d00cd03,
    0x1d00cd03, 0x1d00cd03, 0x1d00cd03, 0x09008902, 0x09008902, 0x09008902, 0x09008902, 0x09008902, 0x09008902, 0x09008902, 0x27005f02, 0x27005f02,
    0x27005f02, 0x45005a02, 0x3100ac02, 0x1800d602, 0x31002e02, 0x3200d402, 0x2b009b02, 0x2b006e02, 0x45006102, 0x08001c02, 0x24003402, 0x28001002,
    0x2400b601, 0x22006202, 0x2a004002, 0x45004901, 0x45004402, 0x04001a02, 0x45006802, 0x08001c02, 0x2100b901, 0x24003402, 0x17008f02, 0x30004102,
    0x2400fb01, 0x24004a02, 0x1400f401, 0x3b004602, 0x2b000503, 0x0c002102, 0x3b00f702, 0x2b000203, 0x1400ad02, 0x4d009b02, 0x4d000202, 0x3100ac02,
    0x4d005f02, 0x27005f02, 0x4d00d402, 0x3200d402, 0x3200b001, 0x4d00b802, 0x14009f02, 0x4d003303, 0x4d00d402, 0x37005d02, 0x3200ca02, 0x4d00c502,
    0x4d009002, 0x2c006302, 0x1b004802, 0x09008902, 0x28005003, 0x1000a102, 0x42004803, 0x3200d402, 0x2b009b02, 0x2b006e02, 0x28001002, 0x22006202,
    0x45004901, 0xd8ff4901, 0xc9ff4901, 0x24003402, 0x3b004602, 0x3b004602, 0x3b004602, 0x2b000203, 0x1400ad02, 0xf1ffbf02, 0xf1ff3403, 0xf1ff2b02,
    0x1b00b001, 0xf1fff402, 0xf1ff1903, 0x09008902, 0xf1ffff02, 0x22003902, 0x2b006002, 0x28003702, 0x45004002, 0x2f003c02, 0x4500bc01, 0x2000f601,
    0x0a009202, 0x2b006002, 0x24003202, 0x28006203, 0x00003103, 0x17001302, 0xf6ffed01, 0x45006402, 0x3f005402, 0x45006402, 0x3f005402, 0x45004f02,
    0x45003b02, 0x0f006302, 0x0b002902, 0x4500d602, 0x45006402, 0x24003402, 0x45005502, 0x45005402, 0x45006002, 0x24000502, 0x1400ec01, 0x45007e03,
    0x06001602, 0x28002403, 0x2400fc02, 0x12003002, 0x45007902, 0x3f007802, 0x32004202, 0x45004c03, 0x3f007e03, 0x45007003, 0x3f00a203, 0x14007f02,
    0x0a007e02, 0x45002903, 0x45003102, 0x3c003102, 0x17001702, 0x45003603, 0x45002c03, 0x2b004902, 0x24004902, 0x1400ad02, 0x4d009102, 0x4d009b02,
    0x4d000202, 0x11002f03, 0x1100fb02, 0x4d005f02, 0x2800ee03, 0x1c001104, 0x1d006002, 0x4d00d402, 0x4d00d402, 0x4d00a302, 0x4d00a902, 0x1400e302,
    0x14009f02, 0x4d003303, 0x4d00d402, 0x3200ca02, 0x4d00c502, 0x4d009002, 0x32008b02, 0x1b004802, 0x0c007702, 0x23008803, 0x28009203, 0x1000a102,
    0x4d000403, 0x3600a602, 0x4d000604, 0x4d004504, 0x1600f602, 0x4d00a503, 0x4d009602, 0x1e009f02, 0x4d00f803, 0x2a00a602, 0x2600b002, 0x22003902,
    0x22003902, 0x2b006002, 0x2b006002, 0x22006003, 0x4500bc01, 0x4500bc01, 0x4500bc01, 0x1600cd01, 0x45003e02, 0x24003202, 0x24003202, 0x24003202,
    0x24001702, 0x28006203, 0x28006203, 0x28006a03, 0x0000fe02, 0x17001302, 0x17001302, 0x1800f501, 0x45001e01, 0x45006402, 0x45006402, 0x3f005402,
    0x45006402, 0x45004f02, 0x45005902, 0x45009f02, 0x14009d02, 0x07004f02, 0x0f005f03, 0x45008802, 0x45006503, 0x4500fb02, 0x24003402, 0x24003402,
    0x24003402, 0x45007902, 0x45005b03, 0x24000502, 0x1400ec01, 0x1400db02, 0x06001602, 0x06001602, 0x06001602, 0x06001602, 0x09001a02, 0x09001a02,
    0x12003d02, 0x32004202, 0x32006602, 0x32005602, 0x45002903, 0xfbff3102, 0x1a00f801, 0x45005602, 0x39001e01, 0xd2ff1e01, 0xf7ff1e01, 0x07005a02,
    0x07005402, 0x45005402, 0x24003202, 0x1500c302, 0x1500c302, 0x2400dd02, 0x09002402, 0x1400ad02, 0x1400ad02, 0xffffc803, 0x4d000202, 0x4d000202,
    0x4d000202, 0x16002102, 0x4d009c02, 0x4d005f02, 0x4d005f02, 0x4d005f02, 0x32009f02, 0x2800ee03, 0x2800ee03, 0x28000504, 0x1c00f803, 0x1d006002,
    0x1d006002, 0x1d005102, 0x3200b001, 0x4d00d402, 0x4d00d402, 0x4d00d402, 0x4d00a302, 0x4d00ba02, 0x4d00f302, 0x16000303, 0x0e00c402, 0x14001704,
    0x4d001303, 0x4d001004, 0x4d009003, 0x3200ca02, 0x3200ca02, 0x3200ca02, 0x4d000403, 0x4d000b04, 0x32008b02, 0x1b004802, 0x1b008503, 0x0c007702,
    0x0c007702, 0x0c007702, 0x0c007702, 0x09008902, 0x09008902, 0x1000b702, 0x3600a602, 0x3600e502, 0x3600ba02, 0x4d00a503, 0x0e00b702, 0x26007002,
    0x4d00c502, 0x3200b001, 0x1b00b001, 0x19002f02, 0x1b002703, 0x1b003103, 0x4d00a602, 0x3200ca02, 0x1e006e03, 0x1e006e03, 0x32008d03, 0x0e009902,
    0x19007201, 0x08005801, 0x16005b01, 0x04005901, 0x11005a01, 0x18006501, 0x17006401, 0x11004501, 0x19006201, 0x15006401, 0x19007201, 0x08005801,
    0x16005b01, 0x04005901, 0x11005a01, 0x18006501, 0x17006401, 0x11004501, 0x19006201, 0x15006401, 0x08005b03, 0x08005d03, 0x16005b03, 0x08004503,
    0x04003c03, 0x08006403, 0x16006203, 0x04005b03, 0x11006103, 0x08003b03, 0x18003e03, 0x08005303, 0x08005c03, 0x04005303, 0x18005f03, 0x11003003,
    0x08006303, 0x71009003, 0x5d009003, 0x5f008403, 0xd3008403, 0xd3008403, 0x5f008403, 0xc0008403, 0xa3008403, 0xc0008403, 0xa3008403, 0xb7008403,
    0xb7008403, 0x5f008403, 0x5f008403, 0x5f008403, 0x5f008403, 0xb8008403, 0xb8008403, 0x5f008403, 0x5f008403, 0x4f008403, 0xd3008403, 0x1a008403,
    0x1a008403, 0x5f008403, 0x5f008403, 0x6d008403, 0x6d008403, 0x6e005802, 0x84005802, 0x93005802, 0xd3005802, 0x6e005802, 0x81005802, 0xe4005802,
    0x96005802, 0x6a005802, 0x6a005802, 0x6e005802, 0x6c005802, 0x98005802, 0x94005802, 0xe7005802, 0x89005802, 0xbe005802, 0x56005802, 0x01015802,
    0x77005802, 0x43ff0000, 0x68ff0000, 0xa8ff0000, 0x43ff0000, 0x56ff0000, 0xb9ff0000, 0x6bff0000, 0x3fff0000, 0x3fff0000, 0x43ff0000, 0x6dff0000,
    0x88ff0000, 0xbcff0000, 0x01000000, 0x83ff0000, 0x93ff0000, 0xafff0000, 0xadff0000, 0x2bff0000, 0x3aff0000, 0x3aff0000, 0x3aff0000, 0x3aff0000,
    0x42ff0000, 0x40ff0000, 0x42ff0000, 0x40ff0000, 0x47ff0000, 0xcdfe0000, 0x40ff0000, 0x42ff0000, 0x42ff0000, 0x6e005802, 0x84005802, 0x93005802,
    0xd3005802, 0x6e005802, 0x81005802, 0xe4005802, 0x96005802, 0x6a005802, 0x6a005802, 0x6e005802, 0x6c005802, 0x98005802, 0x94005802, 0x01015802,
    0x88ff0000, 0x3aff0000, 0x3aff0000, 0x3aff0000, 0x3aff0000, 0x42ff0000, 0x40ff0000, 0x42ff0000, 0x40ff0000, 0x45ff0000, 0xcdfe0000, 0x40ff0000,
    0x42ff0000, 0x42ff0000, 0x0000ec00, 0x0000e803, 0x0000e803, 0x0000f401, 0x0000f401, 0x00004d01, 0x0000fa00, 0x0000a700, 0x00005802, 0x00003601,
    0x00007600, 0x00007600, 0x00003b00, 0x00000000, 0x00000000, 0x00000000, 0x00000000, 0xf7ff0000, 0x9fff0000, 0x00000000, 0x80001604, 0x40009904,
    0x0a00e803, 0x03000000, 0x03000000, 0x1c000000, 0x00000100, 0x0a090000, 0x01000300, 0x1c000000, 0xee080400, 0xe4000000, 0x06008000, 0x00006400,
    0x30000d00, 0x40003900, 0x67005a00, 0x7e007a00, 0x8f017f01, 0xa1019201, 0xdc01b001, 0x1b02ff01, 0x59023702, 0xc702bc02, 0x0403dd02, 0x12030c03,
    0x1b031503, 0x28032303, 0x8a037e03, 0x90038c03, 0xa903a103, 0xc903b103, 0x1b04ce03, 0x2f042404, 0x63045f04, 0x75046b04, 0xd904c204, 0xf904e904,
    0x3f0e2505, 0x9e1e851e, 0x0d20f91e, 0x1a201520, 0x22201e20, 0x29202620, 0x33203020, 0x44203a20, 0x79207020, 0xa1208920, 0xa620a420, 0xb220ae20,
    0xba20b520, 0xbf20bd20, 0x16211321, 0x26212221, 0x51212e21, 0x99215e21, 0xb321aa21, 0xbb21b721, 0xc621c421, 0x06220222, 0x12220f22, 0x1a221522,
    0x2b221e22, 0x48223622, 0x65226022, 0x1327ca25, 0x112b4c27, 0xccefe0ec, 0x02fbd8f6, 0xfdfffffe, 0x0000ffff, 0x0d000000, 0x31002000, 0x41003a00,
    0x68005b00, 0xa0007b00, 0x92018f01, 0xaf01a001, 0xfa01cd01, 0x37021802, 0xbb025902, 0xd802c602, 0x06030003, 0x15031203, 0x23031b03, 0x7e032603,
    0x8c038403, 0x91038e03, 0xaa03a303, 0xca03b203, 0x1c040004, 0x30042504, 0x6a046204, 0x90047204, 0xdc04cf04, 0x2405ee04, 0x801e3f0e, 0xa01e9e1e,
    0x10200020, 0x1c201820, 0x26202020, 0x2f202820, 0x39203220, 0x70204420, 0x80207420, 0xa420a120, 0xa820a620, 0xb420b120, 0xbd20b820, 0x1321bf20,
    0x22211621, 0x2e212621, 0x53215021, 0xa9219021, 0xb621b021, 0xc421ba21, 0x0222c621, 0x0f220622, 0x15221122, 0x1e221922, 0x36222b22, 0x60224822,
    0xca256422, 0x4c271327, 0xe0ec0e2b, 0xd7f6ccef, 0xfffe01fb, 0xfffffdff, 0xf5ff0100, 0x0d000000, 0xe0ff0000, 0xa6ff0000, 0x00000000, 0x1cff2a00,
    0x00000000, 0x00000000, 0xf2fe0000, 0xe600b7fe, 0x0000d500, 0x00000000, 0x9f00a100, 0x94009a00, 0xe4fc0000, 0xe3fe0000, 0xb5fe0000, 0x0000b4fe,
    0x00007cfe, 0x9bfe0000, 0x00009cfe, 0x00000000, 0x00000000, 0x00000000, 0x00000000, 0x000073f2, 0x00005ee3, 0x46e00000, 0x00000000, 0x38e00000,
    0x0000cbe3, 0x32e057e0, 0xe2e237e0, 0xdce2e2e2, 0x10e012e0, 0x00000fe0, 0x0ae00be0, 0x06e008e0, 0x95df05e0, 0x63df93df, 0x79df05e1, 0x00000000,
    0xe6e10000, 0xd7e10000, 0xc6e1d7e1, 0xa8dec3e1, 0x1ae022e0, 0x67de0000, 0x88de0000, 0x6bde7ade, 0x38de4fde, 0xd8da37de, 0x2cdc64dc, 0x19170000,
    0x00002c14, 0xf304c405, 0x0100fd03, 0x00000000, 0x0000e000, 0x0000fe00, 0x00000801, 0x24011e01, 0x00000000, 0xe002de02, 0x0003e202, 0x00000a03,
    0x00000000, 0x08030000, 0x1a031203, 0x00000000, 0x00000000, 0x00001e03, 0x00002003, 0x00002a03, 0x2a030000, 0x36030000, 0x00003e03, 0x70030000,
    0xd003ce03, 0xd803d203, 0x50043c04, 0x80046a04, 0x80040000, 0x88040000, 0x00003a05, 0x56055205, 0x00005a05, 0x5a050000, 0x00000000, 0x00000000,
    0x00000000, 0x00000000, 0x4a050000, 0x00000000, 0x00000000, 0x00000000, 0x00000000, 0x00000000, 0x44054205, 0x00005a05, 0x00006a05, 0x00000000,
    0x00000000, 0x00000000, 0x00006205, 0x00006205, 0x00000000, 0x00000000, 0x00000000, 0x00000000, 0x00005205, 0x54050000, 0x00000000, 0x00000000,
    0x70000300, 0x8e006400, 0x7d00b000, 0x63005300, 0x74007300, 0x91008b00, 0x55006000, 0x79005d00, 0x5f003b00, 0x99006100, 0x9a009600, 0x54007200,
    0x7a007500, 0x8f007600, 0x9a035c00, 0x06000400, 0x08000700, 0x0a000900, 0x77000b00, 0x78007f00, 0xe4039000, 0xac006f00, 0xab00af00, 0x8000b100,
    0x97038100, 0x86008300, 0xa3006d00, 0x8400f703, 0x88009503, 0x54039300, 0x99035503, 0x82002702, 0xa3039e00, 0x87005303, 0x69036e00, 0x6a036603,
    0x8d017100, 0x8a018701, 0x8b019301, 0x9e019101, 0xaf01a201, 0xab01a801, 0xc701ac01, 0xc301c001, 0xa701c401, 0xe101d901, 0xde01db01, 0xdf01e701,
    0xe5019400, 0x02020802, 0x06020502, 0x01021d02, 0xcd005b01, 0xca00c700, 0xcb00d300, 0xf500d100, 0x0601f900, 0x0201ff00, 0x22010301, 0x1f011c01,
    0xfe002001, 0x3f013601, 0x3c013901, 0x3d014501, 0x43019500, 0x62016801, 0x66016501, 0x61017d01, 0x8f017f01, 0x8801cf00, 0x9001c800, 0xa001d000,
    0xa301f700, 0xa401fa00, 0xa101fb00, 0xa501f800, 0xa601fc00, 0xb101fd00, 0xa9010801, 0xad010001, 0xb2010401, 0xaa010901, 0xbb010101, 0xba011201,
    0xbd011101, 0xbc011401, 0xbf011301, 0xbe011a01, 0xcb011901, 0xc9012601, 0xc1012401, 0xca011d01, 0xc5012501, 0xcc011b01, 0xcf012701, 0xd0012b01,
    0x2d012c01, 0x2e01d101, 0x3001d301, 0x2f01d201, 0x3101d401, 0x3201d501, 0x3301d601, 0x3501d801, 0x3401d701, 0xda013701, 0xe4013801, 0xdc014201,
    0xe3013a01, 0xf3014101, 0xf4015101, 0xf6015201, 0xf5015401, 0xf7015301, 0xfa015501, 0xf9015801, 0xf8015701, 0x00025601, 0xfe016001, 0xfd015e01,
    0x0e025d01, 0x0b026e01, 0x03026b01, 0x0d026301, 0x0a026d01, 0x0c026a01, 0x1a026c01, 0x1e027a01, 0x20027e01, 0x84012402, 0x86012602, 0x85012502,
    0xe8015a01, 0x0f024601, 0x89016f01, 0xc201c900, 0xdd011e01, 0x04023b01, 0x15026401, 0x16027501, 0x18027601, 0x17027801, 0x92017701, 0x9f01d200,
    0xe601f600, 0xfb014401, 0xff015901, 0x9d035f01, 0x9f039603, 0x9303a403, 0xad039803, 0xae03ac03, 0xa803a703, 0xa903b003, 0xb203aa03, 0xab03b103,
    0xb803af03, 0xb903b603, 0xa603a503, 0x9f006a02, 0x6c026b02, 0x70026d02, 0x64027202, 0x71026e02, 0x60025e02, 0x62026102, 0x2c026802, 0x67026302,
    0x66026502, 0x19036902, 0x4a031a03, 0x1c031403, 0x47034503, 0x49034803, 0x2f032d03, 0x28034b03, 0x3c032603, 0xa7024603, 0xa902a802, 0xab02aa02,
    0xae02ad02, 0xb102b002, 0xb302b202, 0x7302b502, 0x76027502, 0x7a027802, 0x7d027c02, 0x81027f02, 0x85028302, 0x89028702, 0x8b028a02, 0x8e028c02,
    0x90028f02, 0x93029202, 0x96029502, 0x99029802, 0x9d029b02, 0xa0029f02, 0xa302a202, 0xd702a502, 0x0903d802, 0xda02d202, 0x06030403, 0x08030703,
    0xee02ec02, 0xe7020a03, 0xfb02e402, 0x44030503, 0x20030303, 0x3203de02, 0x5103f102, 0x15031003, 0x1703d302, 0x1803d502, 0x1f03d602, 0x2203dd02,
    0x2903e002, 0x2a03e802, 0x2c03e902, 0x2b03eb02, 0x2e03ea02, 0x3003ed02, 0x3503ef02, 0x5003f402, 0x36030f03, 0x3703f502, 0x3d03f602, 0x3e03fc02,
    0x3f03fd02, 0x3803fe02, 0x4103f702, 0x42030003, 0x4c030103, 0x4e030b03, 0x4f030d03, 0x24030e03, 0xdc021e03, 0x1203e202, 0x1103ce02, 0x1303cd02,
    0x1b03d102, 0x4d03d902, 0x1d030c03, 0x2103db02, 0x2303df02, 0x2703e102, 0x2503e602, 0x3103e302, 0x3303f002, 0x3903f202, 0x3a03f802, 0x3b03f902,
    0x4003fa02, 0x1603ff02, 0x4303d402, 0x34030203, 0x1c02f302, 0x19027c01, 0x1b027901, 0x8c017b01, 0x8e01cc00, 0x9901ce00, 0x9b01d900, 0x9c01db00,
    0x9d01dc00, 0x9a01dd00, 0x9401da00, 0x9601d400, 0x9701d600, 0x9801d700, 0x9501d800, 0xae01d500, 0xb0010501, 0xb3010701, 0xb4010a01, 0xb6010b01,
    0xb7010d01, 0xb8010e01, 0xb5010f01, 0xc8010c01, 0xc6012301, 0xe0012101, 0xe2013e01, 0xee014001, 0xf0014c01, 0xf1014e01, 0xf2014f01, 0xef015001,
    0xe9014d01, 0xeb014701, 0xec014901, 0xed014a01, 0xea014b01, 0x07024801, 0x09026701, 0x10026901, 0x12027001, 0x13027201, 0x14027301, 0x11027401,
    0x21027101, 0x1f028101, 0x22028001, 0x23028201, 0xe7038301, 0xe803e503, 0xe903e603, 0xeb03ea03, 0xed03ec03, 0xf003ee03, 0xf503f103, 0x6500f603,
    0x69006600, 0x68006700, 0x8c006a00, 0xa0008d00, 0x7e00ef03, 0xb700b600, 0xb900b800, 0xba00ad00, 0x7103bb00, 0x67037603, 0x6b036803, 0x6d036c03,
    0x6f036e03, 0x72037003, 0x74037303, 0x79037503, 0x7c037a03, 0x8b037b03, 0x7d038c03, 0x80037e03, 0x81037f03, 0x82038703, 0x2a028803, 0x9d009200,
    0x8603a400, 0x85038403, 0xbe038303, 0x0600c003, 0x0000f801, 0xf7000900, 0x00000300, 0x00000000, 0x00000300, 0x00000000, 0x00000000, 0x00000000,
    0x00000000, 0x00000000, 0x00000000, 0x00000000, 0x00000000, 0x03000000, 0x64007000, 0xb0008e00, 0x53007d00, 0x73006300, 0x8b007400, 0x60009100,
    0x5d005500, 0x3b007900, 0x3f003e00, 0x41004000, 0x43004200, 0x45004400, 0x5f004600, 0x99006100, 0x9a009600, 0x54007200, 0x22002100, 0x24002300,
    0x26002500, 0x28002700, 0x2a002900, 0x2c002b00, 0x2e002d00, 0x30002f00, 0x32003100, 0x34003300, 0x36003500, 0x38003700, 0x3a003900, 0x7a007500,
    0x8f007600, 0x9a035c00, 0x06000400, 0x08000700, 0x0a000900, 0x0e000b00, 0x10000f00, 0x12001100, 0x14001300, 0x16001500, 0x18001700, 0x1a001900,
    0x1c001b00, 0x1e001d00, 0x20001f00, 0x7f007700, 0x90007800, 0x8b010000, 0xa2019101, 0xd901a801, 0x0602df01, 0xcd00c700, 0xcb00ca00, 0xd100d300,
    0xff00f900, 0x02010601, 0x1c010301, 0x1f012201, 0x36012001, 0x3f013901, 0x3d013c01, 0x62014501, 0x65016801, 0x8c006601, 0xac008800, 0x8100af00,
    0x8200a000, 0x84005b01, 0x85008300, 0x97039903, 0x9e019800, 0xa600e501, 0x9b009300, 0xb1009c00, 0xaa002702, 0x29022a02, 0xa5003c02, 0x87008600,
    0xf5005d02, 0x71004301, 0xa3006f00, 0xae00a400, 0x28029700, 0x6e006d00, 0xe4035e00, 0x93018d01, 0xf301e701, 0x59005101, 0x67005a00, 0x65006800,
    0x95006600, 0x7f01a200, 0x7b002002, 0x6b00ad00, 0xc5006c00, 0x8d00c600, 0x69009e00, 0x7e006a00, 0xab018a01, 0xac018701, 0xc001af01, 0xc401c301,
    0xdb01c701, 0x0000de01, 0x0202e101, 0x08020502, 0x9b031b01, 0x95039303, 0x96039d03, 0xa3039f03, 0xa4039803, 0x00009c03, 0x2c0000b8, 0x0900b84b,
    0x01b15850, 0xb8598e01, 0xb885ff01, 0xb91d4400, 0x03000900, 0xb82d5e5f, 0x202c0100, 0x44694520, 0x2d6001b0, 0x2c0200b8, 0x2a0100b8, 0x00b82d21,
    0x46202c03, 0x462503b0, 0x59235852, 0x8a208a20, 0x208a6449, 0x61682046, 0x2504b064, 0x61682046, 0x23585264, 0x2f598a65, 0x5300b020, 0xb0206958,
    0x21585400, 0x1b5940b0, 0x00b02069, 0xb0215854, 0x59596540, 0x00b82d3a, 0x46202c04, 0x462504b0, 0x8a235852, 0x20462059, 0xb064616a, 0x20462504,
    0x5264616a, 0x598a2358, 0xb82dfd2f, 0x4b2c0500, 0x2603b020, 0x58515850, 0x1b4480b0, 0x594440b0, 0x2021211b, 0x50c0b045, 0x44c0b058, 0x5959211b,
    0x0600b82d, 0x4520202c, 0x01b04469, 0x45202060, 0x4418697d, 0x2d6001b0, 0x2c0700b8, 0x2a0600b8, 0x0800b82d, 0xb0204b2c, 0x58532603, 0xb01b40b0,
    0x8a8a5900, 0x2603b020, 0x21235853, 0x8a8a80b0, 0x59238a1b, 0x2603b020, 0x21235853, 0x8ac000b8, 0x238a1b8a, 0x03b02059, 0x23585326, 0x0001b821,
    0x8a1b8a8a, 0xb0205923, 0x58532603, 0x01b82123, 0x1b8a8a40, 0x2059238a, 0x260300b8, 0x03b05853, 0x01b84525, 0x23585080, 0x8001b821, 0xb01b2123,
    0x23452503, 0x59212321, 0x4459211b, 0x0900b82d, 0x58534b2c, 0x211b4445, 0x002d5921, 0x2b0000b8, 0x0100ba00, 0x02000f00, 0x00ba012b, 0x00030010,
    0xbf012b02, 0x37001000, 0x23002d00, 0x0f001900, 0x08000000, 0x1100bf2b, 0x1f002600, 0x11001800, 0x00000b00, 0xbf2b0800, 0x23001200, 0x16001d00,
    0x0a001000, 0x08000000, 0x00bf002b, 0x003e0001, 0x002a0032, 0x00130023, 0x2b080000, 0x000200bf, 0x00430051, 0x00250034, 0x00000019, 0x00bf2b08,
    0x00360003, 0x0023002d, 0x000f0019, 0x2b080000, 0x000400bf, 0x003f004d, 0x00230031, 0x00000015, 0x00bf2b08, 0x00390005, 0x0026002e, 0x000f001a,
    0x2b080000, 0x000600bf, 0x00270031, 0x0017001f, 0x0000000f, 0x00bf2b08, 0x00420007, 0x002a0033, 0x0013001f, 0x2b080000, 0x000800bf, 0x002a0033,
    0x00180021, 0x0000000e, 0x00bf2b08, 0x00490009, 0x002f003c, 0x00140021, 0x2b080000, 0x000a00bf, 0x00510063, 0x002d003f, 0x0000001b, 0x00bf2b08,
    0x0076000b, 0x004b0060, 0x00220036, 0x2b080000, 0x000c00bf, 0x00200028, 0x00110018, 0x0000000a, 0x00bf2b08, 0x004b000d, 0x0030003d, 0x00170024,
    0x2b080000, 0x000e00bf, 0x00270029, 0x0017001f, 0x0000000f, 0x00bf2b08, 0x0025000f, 0x0018001e, 0x000a0011, 0x2b080000, 0x1300ba00, 0x07000800,
    0x0000b82b, 0x697d4520, 0x00ba4418, 0x0017003f, 0x00ba7401, 0x00170070, 0x00ba7401, 0x00170040, 0x00ba7401, 0x001700a0, 0x00ba7401, 0x00170010,
    0x00ba7501, 0x00170040, 0x00ba7501, 0x0019006f, 0x00ba7401, 0x00190060, 0x00ba7301, 0x00190010, 0x00ba7401, 0x0019000f, 0x00ba7501, 0x0019003f,
    0x00ba7501, 0x0019006f, 0x00ba7501, 0x0019009f, 0x00ba7501, 0x001b00b0, 0x00ba7301, 0x001b00d0, 0x00ba7301, 0x001b00f0, 0x00ba7301, 0x001b0050,
    0x00ba7401, 0x001b0030, 0x00ba7401, 0x001b0010, 0x00ba7401, 0x00210030, 0x00ba7301, 0x002100cf, 0x00007301, 0x5a001700, 0x66004400, 0x62004800,
    0x54007500, 0x4c006c00, 0x2f003800, 0x4a008c00, 0x98008700, 0x94006400, 0x0000a000, 0x38ff0c00, 0x49010c00, 0x71010600, 0x0d020600, 0xba020c00,
    0xe4020c00, 0x22020c00, 0x00000c00, 0x30000000, 0x30003000, 0xd2003000, 0xba014601, 0x7e020c02, 0x4c03fa02, 0x96041804, 0xbe056605, 0x52060206,
    0xca069e06, 0xa4074e07, 0x6c08f807, 0x2409de08, 0xe6099809, 0x760a3e0a, 0x240bd60a, 0xa60b6c0b, 0x680cf40b, 0x060dba0c, 0x840d480d, 0x540efc0d,
    0xd00e8e0e, 0x480f1e0f, 0xec0fa00f, 0x9a104010, 0x98110011, 0x40120e12, 0xbe128612, 0x70132213, 0xee13b413, 0xac143814, 0x54151215, 0x3616b815,
    0x08178616, 0xb6177a17, 0xbc184618, 0x86191019, 0x2c1af419, 0xfe1a861a, 0xb81b4c1b, 0x741c3a1c, 0x841d041d, 0x061f4a1e, 0x261f1e1f, 0x361f2e1f,
    0x661f4e1f, 0x901f781f, 0xca1fba1f, 0x0a20d61f, 0x22201620, 0x4a203e20, 0xb4207e20, 0xcc20c020, 0x0821fc20, 0x3c212221, 0x54214821, 0xd2219021,
    0xa4223822, 0xfa22ce22, 0x44232023, 0xe4239423, 0x24240424, 0x4e244624, 0xe225f824, 0x2226fa25, 0x1027d226, 0x6628be27, 0x6e29d628, 0x122ac429,
    0x3c2a302a, 0xa22a682a, 0x802bf42a, 0xf62ba62b, 0x362c1e2c, 0xa02c762c, 0x182df02c, 0x642d242d, 0xae2d882d, 0x142ee02d, 0x3e2e1c2e, 0x742e482e,
    0xc02e802e, 0x1e2fdc2e, 0xe02f5a2f, 0xc6304830, 0xda316e31, 0xd4326432, 0xba336e33, 0x38352c34, 0xae36a235, 0x9238ee37, 0xe4393439, 0x1c3bb43a,
    0x263cb43b, 0x203d6a3c, 0xee3e383e, 0x2040e03f, 0xe6409040, 0x46425441, 0xd442c842, 0xec42e042, 0x0443f842, 0x1c431043, 0x34432843, 0x24444043,
    0x3c443044, 0x54444844, 0x70446444, 0x88447c44, 0xa4449444, 0xbc44b044, 0xd444c844, 0xec44e044, 0x0445f844, 0x1c451045, 0x34452845, 0xfa45ee45,
    0x12460646, 0x2e461e46, 0x46463a46, 0x5e465246, 0x7a466e46, 0x92468646, 0x86477a47, 0x9e479247, 0x30482448, 0x48483c48, 0x8649e848, 0x9e499249,
    0xb649aa49, 0xce49c249, 0xe649da49, 0xfe49f249, 0xd04ac44a, 0xec4adc4a, 0x044bf84a, 0x944b104b, 0xac4ba04b, 0xc44bb84b, 0xdc4bd04b, 0xf44be84b,
    0x824c764c, 0xb24ca64c, 0xca4cbe4c, 0xe24cd64c, 0xfa4cee4c, 0x124d064d, 0xac4da04d, 0xcc4db84d, 0x064efa4d, 0x1e4e124e, 0x764e6a4e, 0x8e4e824e,
    0xe24e9a4e, 0xfa4eee4e, 0x124f064f, 0x7e4f1e4f, 0x964f8a4f, 0xae4fa24f, 0xc64fba4f, 0xde4fd24f, 0xf64fea4f, 0x8e508250, 0x0a519a50, 0x22511651,
    0x3a512e51, 0x52514651, 0x6e516251, 0x86517a51, 0x58524c52, 0x70526452, 0x88527c52, 0x3e533253, 0x8a534a53, 0xa8542c54, 0x28551c55, 0xb2553455,
    0x32562656, 0x4a563e56, 0x62565656, 0x7a566e56, 0x92568656, 0x3c579e56, 0x54574857, 0xc857bc57, 0xe057d457, 0xf857ec57, 0x10580458, 0x28581c58,
    0x40583458, 0x58584c58, 0x70586458, 0x88587c58, 0xa0589458, 0xb858ac58, 0xd058c458, 0xe858dc58, 0x0059f458, 0x18590c59, 0x30592459, 0xd0593c59,
    0xe859dc59, 0x005af459, 0x1c5a105a, 0x345a285a, 0x505a405a, 0x685a5c5a, 0xe05a745a, 0xf85aec5a, 0x8a5b045b, 0xa25b965b, 0x285cae5b, 0x3c5c305c,
    0x545c485c, 0x6c5c605c, 0x845c785c, 0x9c5c905c, 0x325da85c, 0x4a5d3e5d, 0x665d5a5d, 0x7e5d725d, 0xfe5df25d, 0x165e0a5e, 0xae5e225e, 0xc65eba5e,
    0xde5ed25e, 0xf65eea5e, 0x0e5f025f, 0x265f1a5f, 0xb65f325f, 0x1a60c25f, 0x36602a60, 0x4e604260, 0x66605a60, 0x7e607260, 0xd060c460, 0xe860dc60,
    0x5461f460, 0x6c616061, 0x84617861, 0x9c619061, 0xb461a861, 0xcc61c061, 0x6c626062, 0xea627862, 0x0263f662, 0x1a630e63, 0x32632663, 0x4e634263,
    0x66635a63, 0xfe63f263, 0x16640a64, 0x2e642264, 0xde64d264, 0x5665ea64, 0xdc65d065, 0x5666e865, 0xd466c866, 0xec66e066, 0x0467f866, 0x1c671067,
    0x34672867, 0xd4674067, 0xec67e067, 0x4e684268, 0x66685a68, 0x7e687268, 0x96688a68, 0xae68a268, 0xc668ba68, 0xde68d268, 0xf668ea68, 0x0e690269,
    0x26691a69, 0x3e693269, 0x56694a69, 0xfc69be69, 0x8a6a3c6a, 0x8a6b006b, 0x906c046c, 0x5a6de86c, 0x2c6ed06d, 0x266f8a6e, 0xac6f546f, 0x76700670,
    0x3671ba70, 0x88713e71, 0x4872ee71, 0xde72a472, 0xa4731c73, 0x72740874, 0x10750875, 0x20751875, 0x30752875, 0x40753875, 0xcc75c475, 0x1076d475,
    0x20761876, 0x76766e76, 0x86767e76, 0xc876c076, 0x8877d076, 0xf6779077, 0x0a78fe77, 0x22781678, 0x3a782e78, 0x52784678, 0x6a785e78, 0x82787678,
    0x9a788e78, 0xb278a678, 0xca78be78, 0xe478d678, 0xfc78f078, 0x0c790479, 0xf8798079, 0xa67a7a7a, 0x607b0a7b, 0x707b687b, 0xb47c2e7c, 0x9e7d2a7d,
    0xf07de87d, 0x087efc7d, 0xdc7e847e, 0x647f2a7f, 0x0c80b87f, 0x4c801480, 0x5c805480, 0x94806480, 0xa4809c80, 0xe4815a81, 0x2c82ec81, 0xec829882,
    0xb6833283, 0xa2840884, 0x6e850285, 0x3a86e285, 0x0a879e86, 0x04888e87, 0xda887488, 0x3c89e288, 0x70894489, 0x308aca89, 0x0e8b388a, 0x1e8ca08b,
    0x768c6a8c, 0x648d088d, 0xba8db28d, 0xca8dc28d, 0x0a8ed28d, 0x1a8e128e, 0x6e8e228e, 0x788f008f, 0xc08f808f, 0x64901e90, 0x1091b690, 0xcc917c91,
    0xa8922e92, 0x84931c93, 0x9c939093, 0xb493a893, 0xc893bc93, 0x3494fa93, 0xf4948694, 0x0c950095, 0x80951895, 0x98958c95, 0xdc965c96, 0x7097e896,
    0xf297ce97, 0x0a98fe97, 0x22981698, 0xb2982e98, 0xc8994499, 0xd29a509a, 0xbc9b349b, 0x249c189c, 0x169dae9c, 0xc69d5a9d, 0x649e269e, 0xbe9eb29e,
    0xd69eca9e, 0x289fe29e, 0xda9f809f, 0x48a0e69f, 0xbea0b2a0, 0x34a12ca1, 0x7ea176a1, 0x92a18aa1, 0x20a218a2, 0x30a228a2, 0x26a3a4a2, 0x0aa4c4a3,
    0x22a416a4, 0x36a42aa4, 0xa6a46aa4, 0x70a506a5, 0x88a57ca5, 0xf2a594a5, 0x0aa6fea5, 0x6aa7e8a6, 0xfca776a7, 0x62a85aa8, 0x7aa86ea8, 0x92a886a8,
    0xd2a92aa9, 0xf4aa6aaa, 0xecab72ab, 0xf6ac84ac, 0x8cad02ad, 0x36aef2ad, 0xf2ae98ae, 0x7eaf32af, 0x96af8aaf, 0xaeafa2af, 0x08b0b6af, 0x6eb062b0,
    0x4cb1dab0, 0xc4b158b1, 0x0eb2ccb1, 0x22b216b2, 0x90b22ab2, 0x4eb3eeb2, 0xd8b356b3, 0x0eb566b4, 0x9cb552b5, 0x2cb6d4b5, 0x10b7c6b6, 0x08b8a8b7,
    0xc0b83ab8, 0x6eb924b9, 0xfcb9a4b9, 0xdeba94ba, 0xdabb7abb, 0x92bc0cbc, 0x06bdf6bc, 0x26bd16bd, 0x46bd36bd, 0x66bd56bd, 0x86bd76bd, 0xa6bd96bd,
    0xc6bdb6bd, 0xe6bdd6bd, 0x06bef6bd, 0x6ebe3ebe, 0xcebe98be, 0x2ebf04bf, 0x82bf58bf, 0xd6bfacbf, 0x56c016c0, 0xb4c084c0, 0x12c1e2c0, 0x8ec150c1,
    0xaac19cc1, 0x2ac2e4c1, 0xbac272c2, 0x40c3fec2, 0x0ec4a8c3, 0xe2c47ac4, 0x4ec512c5, 0xd2c5a0c5, 0x1ac6f6c5, 0xaac656c6, 0x38c7f4c6, 0x16c894c7,
    0x72c856c8, 0x3ac9dec8, 0xaec95cc9, 0xc2c9b8c9, 0xd6c9ccc9, 0xeac9e0c9, 0xfec9f4c9, 0x12ca08ca, 0x68ca1cca, 0x7cca72ca, 0xa8ca9eca, 0xfecacaca,
    0x68cb08cb, 0x46ccc8cb, 0x24cddacc, 0xcacd7ecd, 0x80ce1cce, 0x3acfd2ce, 0x0ed08acf, 0xe8d07cd0, 0x70d116d1, 0x06d2ced1, 0x5cd232d2, 0xe0d2a0d2,
    0x78d336d3, 0x72d4f6d3, 0xccd48cd4, 0x70d51ed5, 0x6ad6e2d5, 0x16d7bad6, 0xaed764d7, 0x52d808d8, 0xfed8acd8, 0x78d978d9, 0x78d978d9, 0x78d978d9,
    0x78d978d9, 0x78d978d9, 0x78d978d9, 0x78d978d9, 0x78d978d9, 0x78d978d9, 0xb0d98ad9, 0x7edab0d9, 0xa2db26db, 0x20000200, 0xb8010000, 0x03000c03,
    0x3a000700, 0x000400ba, 0x11090008, 0x00b83912, 0x00b81004, 0xb800d000, 0x58450000, 0x2f0000b8, 0x0000b91b, 0x593e1300, 0xdc0100b8, 0x100000b8,
    0xdc0400b8, 0x100100b8, 0xdc0700b8, 0x11333130, 0x33251121, 0x01202311, 0xd0ccfe98, 0xfc0c03d0, 0x440264f4, 0x22000200, 0x1b02f4ff, 0x1f001902,
    0xcb002a00, 0x002500ba, 0x112c002b, 0x00b83912, 0x00b81025, 0xb800d019, 0x58450000, 0x2f1900b8, 0x1900b91b, 0x593e1b00, 0x450000b8, 0x0700b858,
    0x00b91b2f, 0x3e130007, 0x0000b859, 0x00b85845, 0xb91b2f00, 0x13000000, 0x00b8593e, 0x00b91007, 0xf4060020, 0x000400ba, 0x11190020, 0x00b83912,
    0x00b91019, 0xf4060012, 0x002500ba, 0x11070012, 0x00b83912, 0x05412f25, 0x25000f00, 0x25001f00, 0x41710200, 0x000f0003, 0x72010025, 0x4f000741,
    0x5f002500, 0x6f002500, 0x03002500, 0x00054171, 0x0025006f, 0x0025007f, 0x03415d02, 0x2500ef00, 0xb9710100, 0x07000d00, 0x1500baf4, 0x0d001200,
    0xb8391211, 0xb9100000, 0x06001d00, 0x213130f4, 0x23272622, 0x2223010e, 0x36343526, 0x3435013b, 0x06222326, 0x013e2707, 0x1d163233, 0x25153301,
    0x013d3632, 0x011d2223, 0xc9011614, 0x06073528, 0x4f3c520c, 0x53687954, 0x342c2f28, 0x61205811, 0x31707053, 0x3525e1fe, 0x32245748, 0x5435332a,
    0x21515345, 0x18262d26, 0x62352f4e, 0x5b73e65e, 0x3b3e2420, 0x001b1d0f, 0x2b000200, 0x1b02f4ff, 0x14001902, 0x81002200, 0x001500ba, 0x11240023,
    0x00b83912, 0x00b81015, 0xb800d006, 0x58450000, 0x2f0c00b8, 0x0c00b91b, 0x593e1b00, 0x450000b8, 0x1100b858, 0x00b91b2f, 0x3e1b0011, 0x0000b859,
    0x00b85845, 0xb91b2f06, 0x13000600, 0x00b8593e, 0xb8584500, 0x1b2f1400, 0x001400b9, 0xb8593e13, 0xb9100600, 0x06001500, 0x0100baf4, 0x06001500,
    0xb8391211, 0xb9100c00, 0x06001c00, 0x0f00baf4, 0x1c000c00, 0x30391211, 0x0e232531, 0x26222303, 0x33363435, 0x33171632, 0x23113335, 0x3d363227,
    0x23263401, 0x011d0622, 0x87011614, 0x251a0605, 0x6664192f, 0x4f336466, 0x9494050b, 0x37372a61, 0x37372a2a, 0x1b251558, 0x86868d0f, 0x582c388c,
    0x296cf3fd, 0x29249b24, 0x325b323b, 0x0000003b, 0x45000200, 0x3502f4ff, 0x1400e402, 0x81002200, 0x001500ba, 0x11240023, 0x00b83912, 0x00b81015,
    0xb800d00c, 0x58450000, 0x2f0000b8, 0x0000b91b, 0x593e1f00, 0x450000b8, 0x0600b858, 0x00b91b2f, 0x3e1b0006, 0x0000b859, 0x00b85845, 0xb91b2f14,
    0x13001400, 0x00b8593e, 0xb8584500, 0x1b2f0c00, 0x000c00b9, 0xb8593e13, 0xb9100600, 0x06001c00, 0x0300baf4, 0x1c000600, 0xb8391211, 0xb9100c00,
    0x06001500, 0x1100baf4, 0x0c001500, 0x30391211, 0x11331331, 0x33013e33, 0x14151632, 0x2e222306, 0x15232702, 0x36323723, 0x2634013d, 0x1d062223,
    0x45161401, 0x4f0b0594, 0x66666433, 0x252e1a64, 0x9405061a, 0x37372af5, 0x37372a2a, 0xd1fee402, 0x868c382c, 0x1b0f8d86, 0x6c581525, 0x325b323b,
    0x9b24293b, 0x00002924, 0x24000100, 0xee01f4ff, 0x1e001902, 0x00ba4300, 0x001f0000, 0x39121120, 0x0000b800, 0x00b85845, 0xb91b2f0a, 0x1b000a00,
    0x00b8593e, 0xb8584500, 0x1b2f0000, 0x000000b9, 0xb8593e13, 0xb9100a00, 0x06001100, 0x0000b8f4, 0x1800b910, 0x30f40600, 0x2e220531, 0x3e343502,
    0x16323302, 0x012e0717, 0x1d062223, 0x33161401, 0x17373632, 0x1901010e, 0x203e5c3b, 0x3b5c3e20, 0x78176b50, 0x2d272c07, 0x282d2e2e, 0x1a730b2f,
    0x47270c6d, 0x653f3f66, 0x41482648, 0x3b2a1e34, 0x3a326232, 0x4b32232b, 0x00000046, 0x2b000200, 0x1b02f4ff, 0x1400e402, 0x7d002200, 0x001500ba,
    0x11240023, 0x00b83912, 0x00b81015, 0xb800d006, 0x58450000, 0x2f1100b8, 0x1100b91b, 0x593e1f00, 0x450000b8, 0x0c00b858, 0x00b91b2f, 0x3e1b000c,
    0x0000b859, 0x00b85845, 0xb91b2f14, 0x13001400, 0x00b8593e, 0xb8584500, 0x1b2f0600, 0x000600b9, 0xb9593e13, 0x06001500, 0x0100baf4, 0x06001500,
    0xb8391211, 0xb9100c00, 0x06001c00, 0x0f00baf4, 0x1c000c00, 0x30391211, 0x0e232531, 0x26222303, 0x33363435, 0x33171632, 0x23113311, 0x3d363227,
    0x23263401, 0x011d0622, 0x87011614, 0x251a0605, 0x6664192f, 0x4f336466, 0x9494050b, 0x37372a61, 0x37372a2a, 0x1b251558, 0x86868d0f, 0x012c388c,
    0x6c1cfd2f, 0x249b2429, 0x5b323b29, 0x00003b32, 0x24000200, 0x0e02f4ff, 0x1b001902, 0x88002400, 0x000a00ba, 0x11260025, 0x00b83912, 0x00b8100a,
    0xb800d01c, 0x58450000, 0x2f0a00b8, 0x0a00b91b, 0x593e1b00, 0x450000b8, 0x0000b858, 0x00b91b2f, 0x3e130000, 0x0a00b859, 0x1c00b910, 0xb8f40600,
    0xb9100000, 0x06001500, 0x2000baf4, 0x15001c00, 0xb8391211, 0x412f2000, 0x00ef0003, 0x71010020, 0x9f000541, 0xaf002000, 0x02002000, 0x00034171,
    0x0020006f, 0x00b97101, 0xf4070011, 0x001800ba, 0x11150011, 0x31303912, 0x022e2205, 0x023e3435, 0x021e3233, 0x1521011d, 0x32331614, 0x0e173736,
    0x06220301, 0x3533011d, 0x20012634, 0x21415e3c, 0x3b5c3f20, 0x1b3b5d41, 0x3c38affe, 0x4a193a2e, 0x2d4b7123, 0x0c2bb833, 0x3f664727, 0x2748653e,
    0x35614a2c, 0x3d34082c, 0x295c1a25, 0x3bb8012e, 0x30090831, 0x0000003b, 0x15000100, 0x5c010000, 0x1000e402, 0x00ba6f00, 0x0011000f, 0x39121112,
    0x0000b800, 0x00b85845, 0xb91b2f02, 0x1b000200, 0x00b8593e, 0xb8584500, 0x1b2f0b00, 0x000b00b9, 0xb8593e1b, 0x58450000, 0x2f0700b8, 0x0700b91b,
    0x593e1f00, 0x450000b8, 0x1000b858, 0x00b91b2f, 0x3e130010, 0x0200b859, 0x0100b910, 0xb8f40600, 0xb9100700, 0x06000a00, 0x0b00b8f4, 0x0e00b910,
    0x30f40600, 0x35231331, 0x36343533, 0x2315013b, 0x23153315, 0x4a5f2311, 0x604d504a, 0x94696969, 0x3e739a01, 0x64734d4c, 0x0066fe73, 0x16000300,
    0x2b022cff, 0x37007202, 0x53004500, 0x00bab700, 0x0054002d, 0x39121155, 0x102d00b8, 0xd04200b8, 0x102d00b8, 0xd04600b8, 0x0000b800, 0x00b85845,
    0xb91b2f1d, 0x1b001d00, 0x00b8593e, 0xb8584500, 0x1b2f0500, 0x000500b9, 0xbb593e15, 0x06002300, 0x04002600, 0x1d00b82b, 0x4d00b910, 0xb8f40500,
    0xb9100500, 0x05004200, 0x3c00baf4, 0x42004d00, 0xb8391211, 0x412f3c00, 0x004f0005, 0x005f003c, 0x5d02003c, 0x003400b9, 0x00baf406, 0x0034000e,
    0x3912113c, 0xdc2d00b8, 0xe0000341, 0x01002d00, 0x00034171, 0x002d00d0, 0x03415d01, 0x2d001000, 0xb9710100, 0x05004600, 0x1700baf4, 0x2d004600,
    0x30391211, 0x0e140531, 0x2e222302, 0x36343502, 0x012e3537, 0x023e3435, 0x012e3537, 0x33363435, 0x34351732, 0x15013b36, 0x011e1523, 0x23061415,
    0x15062722, 0x013b1614, 0x34071632, 0x0e012b26, 0x16141501, 0x3632013b, 0x3d363203, 0x23263401, 0x011d0622, 0x2b021614, 0x506d421d, 0x1b3b5f44,
    0x26262e34, 0x12241b11, 0x726f2e30, 0x26292534, 0x2c2e7453, 0x2a33726f, 0x98221d17, 0x248b5760, 0x090ab42d, 0x3c3c3c32, 0x2b2c8f32, 0x2b2c2c2b,
    0x402a262b, 0x1f11172d, 0x322c1d2d, 0x33070b06, 0x171f1522, 0x1604040e, 0x6150334d, 0x252a140a, 0x4d16066e, 0x0b5f4f33, 0x15131b0f, 0x18175d50,
    0x1d0c190a, 0x72011b1b, 0x230c2325, 0x0c232525, 0x00002523, 0x2b000200, 0x1b022cff, 0x1f001902, 0x7a002d00, 0x002000ba, 0x112f002e, 0x00b83912,
    0x00b81020, 0xb800d003, 0xb82f1300, 0x58450000, 0x2f1900b8, 0x1900b91b, 0x593e1b00, 0x450000b8, 0x1e00b858, 0x00b91b2f, 0x3e1b001e, 0x0000b859,
    0x00b85845, 0xb91b2f03, 0x15000300, 0x00b9593e, 0xf4060009, 0x101300b8, 0x002000b9, 0x00baf406, 0x0020000e, 0x39121113, 0x101900b8, 0x002700b9,
    0x00baf406, 0x0019001c, 0x39121127, 0x14253130, 0x26222306, 0x33163727, 0x013d3632, 0x23030e23, 0x34352622, 0x16323336, 0x33353317, 0x3d363203,
    0x23263401, 0x011d0622, 0x1b021614, 0x644d8180, 0x4a324f1e, 0x0605373a, 0x192f251a, 0x64666664, 0x050b4f33, 0x372af594, 0x372a2a37, 0x80742037,
    0x355e202b, 0x1554353d, 0x890f1b25, 0x398a8282, 0x6dfe592c, 0x248d2429, 0x4b323c29, 0x00003c32, 0x16000300, 0x2b022cff, 0x32001902, 0x4e004000,
    0x00bac800, 0x004f0028, 0x39121150, 0x102800b8, 0xd03300b8, 0x102800b8, 0xd04c00b8, 0x0000b800, 0x00b85845, 0xb91b2f1d, 0x1b001d00, 0x00b8593e,
    0xb8584500, 0x1b2f2000, 0x002000b9, 0xb8593e1b, 0x58450000, 0x2f0500b8, 0x0500b91b, 0x593e1500, 0x101d00b8, 0x003a00b9, 0x00b8f405, 0x00b91005,
    0xf405004b, 0x004500ba, 0x114b003a, 0x00b83912, 0x05412f45, 0x45004f00, 0x45005f00, 0xb95d0200, 0x06002f00, 0x0e00baf4, 0x45002f00, 0xb8391211,
    0x41dc2800, 0x00e00003, 0x71010028, 0xd0000341, 0x01002800, 0x0003415d, 0x00280010, 0x00b97101, 0xf4050033, 0x001700ba, 0x11280033, 0x00b83912,
    0x00b91020, 0xf4050023, 0x14053130, 0x2223020e, 0x3435022e, 0x2e353736, 0x3e343501, 0x2e353702, 0x36343501, 0x17163233, 0x16231533, 0x23061415,
    0x15062722, 0x013b1614, 0x32251632, 0x34013d36, 0x06222326, 0x1614011d, 0x2b263413, 0x15010e01, 0x013b1614, 0x2b023632, 0x506d421d, 0x1b3b5f44,
    0x26262e34, 0x12241b11, 0x726f2e30, 0xae173319, 0x726f1040, 0x1d172a33, 0x57609822, 0x2b2ce6fe, 0x2b2c2c2b, 0x2d24bb2b, 0x32090ab4, 0x323c3c3c,
    0x2d402a26, 0x2d1f1117, 0x06322c1d, 0x2233070b, 0x0e171f15, 0x4d160404, 0x05615033, 0x261c6307, 0x0f0b5f4f, 0x5015131b, 0x0c2325f8, 0x23252523,
    0xfe25230c, 0x0a1817ab, 0x1b1d0c19, 0x0000001b, 0x45000100, 0x15020000, 0x1600e402, 0x00ba6500, 0x0017000f, 0x39121118, 0x0000b800, 0x00b85845,
    0xb91b2f00, 0x1f000000, 0x00b8593e, 0xb8584500, 0x1b2f0600, 0x000600b9, 0xb8593e1b, 0x58450000, 0x2f1600b8, 0x1600b91b, 0x593e1300, 0x450000b8,
    0x0b00b858, 0x00b91b2f, 0x3e13000b, 0x0600b859, 0x0f00b910, 0xbaf40600, 0x06000300, 0x12110f00, 0x13313039, 0x3e331133, 0x16323301, 0x11231115,
    0x22232634, 0x1115020e, 0x06944523, 0x513e460e, 0x29209453, 0x101b2212, 0xfee40294, 0x6c3c29d0, 0x01b7fe64, 0x0931333d, 0xfe131d14, 0x000000ac,
    0x39000200, 0xe5000000, 0x0d00ed02, 0x4c001100, 0x000000ba, 0x11130012, 0x00b83912, 0xb800d011, 0x58450000, 0x2f0e00b8, 0x0e00b91b, 0x593e1b00,
    0x450000b8, 0x0700b858, 0x00b91b2f, 0x3e1f0007, 0x0000b859, 0x00b85845, 0xb91b2f11, 0x13001100, 0x00b8593e, 0x00b8100e, 0x3130dc00, 0x3d262213,
    0x33363401, 0x011d1632, 0x33070614, 0x2d8f2311, 0x2d2d2929, 0x94772929, 0x29450294, 0x29201620, 0x20162029, 0xf3fd3829, 0xf7ff0200, 0xe50038ff,
    0x0800ed02, 0x56001600, 0x000900ba, 0x11180017, 0x00b83912, 0x00b81009, 0xb800d002, 0x58450000, 0x2f0000b8, 0x0000b91b, 0x593e1b00, 0x450000b8,
    0x1000b858, 0x00b91b2f, 0x3e1f0010, 0x0000b859, 0x00b85845, 0xb91b2f06, 0x15000600, 0x00b9593e, 0xf4060007, 0x100000b8, 0xdc0900b8, 0x33133130,
    0x2b061411, 0x13333501, 0x013d2622, 0x32333634, 0x14011d16, 0x46944506, 0x4a4e4e4e, 0x2d29292d, 0x0229292d, 0x46bbfd0d, 0x9a02734a, 0x20162029,
    0x16202929, 0x00002920, 0x45000100, 0x41020000, 0x0d00e402, 0x00ba6300, 0x000e0004, 0x3912110f, 0x0000b800, 0x00b85845, 0xb91b2f05, 0x1b000500,
    0x00b8593e, 0xb8584500, 0x1b2f0000, 0x000000b9, 0xb8593e1f, 0x58450000, 0x2f0d00b8, 0x0d00b91b, 0x593e1300, 0x450000b8, 0x0900b858, 0x00b91b2f,
    0x3e130009, 0x0200ba59, 0x0d000500, 0xb8391211, 0xb8100200, 0x30d00b00, 0x11331331, 0x33013f33, 0x27231307, 0x45231507, 0x69410694, 0xb0c3afa4,
    0x02944276, 0x614bfee4, 0xbcfec97d, 0x00944ade, 0x45000100, 0x1b010000, 0x0800e402, 0x00ba3500, 0x00090000, 0x3912110a, 0x0000b800, 0x00b85845,
    0xb91b2f04, 0x1f000400, 0x00b8593e, 0xb8584500, 0x1b2f0000, 0x000000b9, 0xb9593e13, 0x06000600, 0x333130f4, 0x11352622, 0x15331133, 0x94474cd8,
    0x02464a42, 0x738ffd54, 0x45000100, 0x3f030000, 0x26001902, 0x00ba9b00, 0x0027000a, 0x39121128, 0x0000b800, 0x00b85845, 0xb91b2f01, 0x1b000100,
    0x00b8593e, 0xb8584500, 0x1b2f0700, 0x000700b9, 0xb8593e1b, 0x58450000, 0x2f1000b8, 0x1000b91b, 0x593e1b00, 0x450000b8, 0x0000b858, 0x00b91b2f,
    0x3e130000, 0x0000b859, 0x00b85845, 0xb91b2f1d, 0x13001d00, 0x00b8593e, 0xb8584500, 0x1b2f1500, 0x001500b9, 0xb8593e13, 0xb9100700, 0x06002000,
    0x0400baf4, 0x20000700, 0xb8391211, 0xb9101000, 0x06001800, 0x0b00baf4, 0x18001000, 0x30391211, 0x33113331, 0x013e3315, 0x17163233, 0x33033e33,
    0x11151632, 0x23341123, 0x11150622, 0x23341123, 0x15020e22, 0x06944511, 0x363b440e, 0x0703114c, 0x1e342a1d, 0x4894514c, 0x48943621, 0x0f191f10,
    0x2a590d02, 0x1634363b, 0x6c111c27, 0x01b7fe64, 0x2726643d, 0x3d01acfe, 0x1d140964, 0x00acfe13, 0x45000100, 0x15020000, 0x16001902, 0x00ba6500,
    0x00170010, 0x39121118, 0x0000b800, 0x00b85845, 0xb91b2f01, 0x1b000100, 0x00b8593e, 0xb8584500, 0x1b2f0700, 0x000700b9, 0xb8593e1b, 0x58450000,
    0x2f0000b8, 0x0000b91b, 0x593e1300, 0x450000b8, 0x0c00b858, 0x00b91b2f, 0x3e13000c, 0x0700b859, 0x1000b910, 0xbaf40600, 0x07000400, 0x12111000,
    0x33313039, 0x33153311, 0x3233013e, 0x23111516, 0x23263411, 0x15020e22, 0x06944511, 0x513e460e, 0x29209453, 0x101b2212, 0x29590d02, 0xfe646c3c,
    0x333d01b7, 0x1d140931, 0x00acfe13, 0x24000200, 0x1002f4ff, 0x13001902, 0x43002100, 0x000000ba, 0x11230022, 0x00b83912, 0xb800d014, 0x58450000,
    0x2f0a00b8, 0x0a00b91b, 0x593e1b00, 0x450000b8, 0x0000b858, 0x00b91b2f, 0x3e130000, 0x1400b959, 0xb8f40600, 0xb9100a00, 0x06001b00, 0x053130f4,
    0x35022e22, 0x33023e34, 0x15021e32, 0x27020e14, 0x013d3632, 0x22232634, 0x14011d06, 0x3a1a0116, 0x22223f5b, 0x3a3a5b3f, 0x22223f5b, 0x2c3a5b3f,
    0x2c2c3030, 0x260c3030, 0x3f3f6648, 0x26264766, 0x3f3f6647, 0x75264866, 0x326b3236, 0x6b323636, 0x00003632, 0x45000200, 0x350238ff, 0x14001902,
    0x81002200, 0x001500ba, 0x11240023, 0x00b83912, 0x00b81015, 0xb800d00c, 0x58450000, 0x2f0600b8, 0x0600b91b, 0x593e1b00, 0x450000b8, 0x0000b858,
    0x00b91b2f, 0x3e1b0000, 0x0000b859, 0x00b85845, 0xb91b2f0c, 0x13000c00, 0x00b8593e, 0xb8584500, 0x1b2f1400, 0x001400b9, 0xb8593e15, 0xb9100600,
    0x06001c00, 0x0300baf4, 0x1c000600, 0xb8391211, 0xb9100c00, 0x06001500, 0x1100baf4, 0x0c001500, 0x30391211, 0x15331331, 0x33013e33, 0x14151632,
    0x2e222306, 0x11232702, 0x36321323, 0x2634013d, 0x1d062223, 0x45161401, 0x4f0b0594, 0x66666433, 0x252e1a64, 0x9405061a, 0x37372af5, 0x37372a2a,
    0x2c580d02, 0x86868c38, 0x251b0f8d, 0x01e0fe15, 0x5b323b34, 0x24293b32, 0x0029249b, 0x2b000200, 0x1b0238ff, 0x14001902, 0x7d002200, 0x001500ba,
    0x11240023, 0x00b83912, 0x00b81015, 0xb800d006, 0x58450000, 0x2f1100b8, 0x1100b91b, 0x593e1b00, 0x450000b8, 0x0c00b858, 0x00b91b2f, 0x3e1b000c,
    0x0000b859, 0x00b85845, 0xb91b2f14, 0x15001400, 0x00b8593e, 0xb8584500, 0x1b2f0600, 0x000600b9, 0xb9593e13, 0x06001500, 0x0100baf4, 0x06001500,
    0xb8391211, 0xb9100c00, 0x06001c00, 0x0f00baf4, 0x1c000c00, 0x30391211, 0x0e232531, 0x26222303, 0x33363435, 0x33171632, 0x23113335, 0x3d363203,
    0x23263401, 0x011d0622, 0x87011614, 0x251a0605, 0x6664192f, 0x4f336466, 0x9494050b, 0x37372a61, 0x37372a2a, 0x1b251558, 0x86868d0f, 0x582c388c,
    0x34012bfd, 0x249b2429, 0x5b323b29, 0x00003b32, 0x45000100, 0x7e010000, 0x10000d02, 0x00ba5400, 0x00110010, 0x39121112, 0x0000b800, 0x00b85845,
    0xb91b2f01, 0x1b000100, 0x00b8593e, 0xb8584500, 0x1b2f0900, 0x000900b9, 0xb8593e1b, 0x58450000, 0x2f0000b8, 0x0000b91b, 0x593e1300, 0x100900b8,
    0x000c00b9, 0x00baf40e, 0x00090004, 0x3912110c, 0x11333130, 0x3e331533, 0x15013b03, 0x15062223, 0x05944511, 0x2e211404, 0x41251a1f, 0x720d023f,
    0x13202916, 0xfe2e228a, 0x000000cd, 0x1a000100, 0xd801f4ff, 0x2a001902, 0x00ba6b00, 0x002b0007, 0x3912112c, 0x0000b800, 0x00b85845, 0xb91b2f14,
    0x1b001400, 0x00b8593e, 0xb8584500, 0x1b2f0000, 0x000000b9, 0xb8593e13, 0xb9101400, 0x06001d00, 0x0d00baf4, 0x00001d00, 0xb8391211, 0xb9100000,
    0x06000700, 0x0400baf4, 0x07000d00, 0xba391211, 0x14002300, 0x12110700, 0x1a00ba39, 0x23001d00, 0x30391211, 0x26221731, 0x011e3727, 0x35363233,
    0x26012f34, 0x023e3435, 0x021e3233, 0x012e0717, 0x15062223, 0x011f1614, 0x0e141516, 0x684cf702, 0x441c5729, 0x35222c2b, 0x351db139, 0x3f292f4b,
    0x55142931, 0x26213f19, 0x3b201720, 0x533b20ad, 0x582d310c, 0x171b241f, 0x16070725, 0x2d3f268c, 0x1f150b19, 0x1d195713, 0x17151418, 0x87170805,
    0x1a2f4026, 0x17000100, 0x5d010000, 0x13009b02, 0x00ba6200, 0x00140011, 0x39121115, 0x0b00b800, 0x0000b82f, 0x00b85845, 0xb91b2f06, 0x1b000600,
    0x00b8593e, 0xb8584500, 0x1b2f0d00, 0x000d00b9, 0xb8593e1b, 0x58450000, 0x2f0000b8, 0x0000b91b, 0x593e1300, 0x100600b8, 0x000500b9, 0x00b8f406,
    0x00b9100d, 0xf4060010, 0x100000b8, 0x001100b9, 0x3130f406, 0x35262233, 0x33352311, 0x013d3632, 0x15331533, 0x15331123, 0x4a4f4dfd, 0x85161e25,
    0x4e606868, 0x7301014b, 0x8e561b1d, 0x73d9fe73, 0x3f000100, 0x0f02f4ff, 0x18000d02, 0x00ba6100, 0x0019000f, 0x3912111a, 0x0000b800, 0x00b85845,
    0xb91b2f0a, 0x1b000a00, 0x00b8593e, 0xb8584500, 0x1b2f1500, 0x001500b9, 0xb8593e1b, 0x58450000, 0x2f1800b8, 0x1800b91b, 0x593e1300, 0x450000b8,
    0x0600b858, 0x00b91b2f, 0x3e130006, 0x0f00b959, 0xbaf40600, 0x0f000100, 0x12110600, 0x25313039, 0x23030e23, 0x11352622, 0x16141133, 0x023e3233,
    0x11331135, 0x057b0123, 0x31241707, 0x94535120, 0x22112922, 0x9494101a, 0x1c241458, 0x01646b10, 0x30c3fe4a, 0x1c130a34, 0xfd550113, 0x000000f3,
    0x09000100, 0x11020000, 0x09000d02, 0x00ba4400, 0x000a0004, 0x3912110b, 0x0000b800, 0x00b85845, 0xb91b2f01, 0x1b000100, 0x00b8593e, 0xb8584500,
    0x1b2f0700, 0x000700b9, 0xb8593e1b, 0x58450000, 0x2f0000b8, 0x0000b91b, 0x593e1300, 0xd00400b8, 0x03333130, 0x33011f33, 0x0333013f, 0x4192acb5,
    0x3f310831, 0x0d02ac8c, 0xd4bebed4, 0x0000f3fd, 0x13000100, 0x36030000, 0x15000d02, 0x00ba7600, 0x00160011, 0x39121117, 0x0000b800, 0x00b85845,
    0xb91b2f00, 0x1b000000, 0x00b8593e, 0xb8584500, 0x1b2f0600, 0x000600b9, 0xb8593e1b, 0x58450000, 0x2f0c00b8, 0x0c00b91b, 0x593e1b00, 0x450000b8,
    0x0f00b858, 0x00b91b2f, 0x3e13000f, 0x0000b859, 0x00b85845, 0xb91b2f15, 0x13001500, 0x00b8593e, 0x00b8d003, 0x00b8100f, 0x00b8d009, 0x00b81006,
    0x3130d012, 0x011f3313, 0x33013f33, 0x3f33011f, 0x23033301, 0x0f23012f, 0x8f132301, 0x2a042433, 0x2b3d873c, 0x89332404, 0x25409b91, 0x98402403,
    0xa0d40d02, 0xa0d4d4a0, 0xf3fdd4a0, 0xde8888de, 0x12000100, 0x1e020000, 0x0d000d02, 0x00ba6500, 0x000e0004, 0x3912110f, 0x0000b800, 0x00b85845,
    0xb91b2f02, 0x1b000200, 0x00b8593e, 0xb8584500, 0x1b2f0600, 0x000600b9, 0xb8593e1b, 0x58450000, 0x2f0a00b8, 0x0a00b91b, 0x593e1300, 0x450000b8,
    0x0000b858, 0x00b91b2f, 0x3e130000, 0x0400ba59, 0x00000200, 0xba391211, 0x02000c00, 0x12110000, 0x33313039, 0x17330313, 0x03333733, 0x23272313,
    0xabad1207, 0x5f0462a8, 0xa8afae9c, 0x01610465, 0xa502010b, 0xfef9fea5, 0x00ababfa, 0x06000100, 0x100238ff, 0x0f000d02, 0x00ba5200, 0x0010000d,
    0x39121111, 0x0900b800, 0x0000b82f, 0x00b85845, 0xb91b2f0a, 0x1b000a00, 0x00b8593e, 0xb8584500, 0x1b2f0000, 0x000000b9, 0xb8593e1b, 0x58450000,
    0x2f0600b8, 0x0600b91b, 0x593e1500, 0x000700b9, 0x00b8f406, 0x00b81009, 0x3130d00d, 0x0e033301, 0x35012b01, 0x33033733, 0x3733011f, 0xca8a8601,
    0x5c444914, 0x93b81263, 0x2706264d, 0xa2fd0d02, 0x3a733a3d, 0x98f52802, 0x00000098, 0x27000100, 0xdf010000, 0x09000d02, 0x00ba4700, 0x000a0002,
    0x3912110b, 0x0000b800, 0x00b85845, 0xb91b2f04, 0x1b000400, 0x00b8593e, 0xb8584500, 0x1b2f0000, 0x000000b9, 0xb9593e13, 0x06000700, 0x0100b8f4,
    0x0400b8d0, 0x0300b910, 0xb8f40600, 0x30d00600, 0x01353331, 0x15213523, 0x27152101, 0x01fc0501, 0x01fafea8, 0x2501750d, 0xdafe7473, 0x00000073,
    0x14000200, 0x99020000, 0x0700ba02, 0x68000b00, 0x000800ba, 0x110d000c, 0x00b83912, 0x00b81008, 0xb800d005, 0x58450000, 0x2f0500b8, 0x0500b91b,
    0x593e1d00, 0x450000b8, 0x0400b858, 0x00b91b2f, 0x3e130004, 0x0000b859, 0x00b85845, 0xb91b2f00, 0x13000000, 0x00ba593e, 0x00050002, 0x39121104,
    0x2f0200b8, 0x100500b8, 0xd00900b8, 0x100200b8, 0x000a00b9, 0x3130f40e, 0x07232721, 0x13331323, 0x33032301, 0xe932fb01, 0xbce69a32, 0x05bdfee3,
    0xa6a6a04d, 0x46fdba02, 0xf7fe3002, 0x4d000300, 0x73020000, 0x1500ba02, 0x29001f00, 0x00ba7100, 0x002a0021, 0x3912112b, 0x102100b8, 0xd00100b8,
    0x102100b8, 0xd01700b8, 0x0000b800, 0x00b85845, 0xb91b2f00, 0x1d000000, 0x00b8593e, 0xb8584500, 0x1b2f1500, 0x001500b9, 0xb8593e13, 0xb9100000,
    0x0e002900, 0x1f00baf4, 0x15002900, 0xb8391211, 0xb92f1f00, 0x0e002000, 0x0900baf4, 0x1f002000, 0xb8391211, 0xb9101500, 0x0e001600, 0x133130f4,
    0x15163221, 0x07020e14, 0x021e3215, 0x020e1415, 0x33372123, 0x013d3632, 0x012b2634, 0x36323335, 0x2634013d, 0x014d012b, 0x15615753, 0x191b2f23,
    0x1b1f2e37, 0xfe274230, 0x1eaf988e, 0xaf1e2323, 0x22221e97, 0xba02971e, 0x38285162, 0x06011124, 0x2d3e2712, 0x1f364929, 0x221e2180, 0x227c211e,
    0x221e1e1e, 0x32000100, 0x6e02f4ff, 0x1e00c602, 0x00ba4300, 0x001f0000, 0x39121120, 0x0000b800, 0x00b85845, 0xb91b2f0a, 0x1d000a00, 0x00b8593e,
    0xb8584500, 0x1b2f0000, 0x000000b9, 0xb8593e13, 0xb9100a00, 0x0e001100, 0x0000b8f4, 0x1800b910, 0x30f40e00, 0x2e220531, 0x3e343502, 0x16323302,
    0x012e0717, 0x1d062223, 0x33161401, 0x17373632, 0x6701010e, 0x2c507247, 0x4772502c, 0x83267e61, 0x43393b0e, 0x38435151, 0x277c1043, 0x592d0c7f,
    0x89585985, 0x554f305d, 0x57352c44, 0x57537053, 0x50482b3d, 0x00000057, 0x4d000200, 0x87020000, 0x0c00ba02, 0x4b001600, 0x000b00ba, 0x11180017,
    0x00b83912, 0x00b8100b, 0xb800d00d, 0x58450000, 0x2f0000b8, 0x0000b91b, 0x593e1d00, 0x450000b8, 0x0c00b858, 0x00b91b2f, 0x3e13000c, 0x0000b859,
    0x1500b910, 0xb8f40e00, 0xb9100c00, 0x0e001600, 0x133130f4, 0x021e3221, 0x020e1415, 0x32252123, 0x34013d36, 0x11012b26, 0x4507014d, 0x2c2c5072,
    0xfe457250, 0x440701f9, 0x6f444e4e, 0x572cba02, 0x83575783, 0x4c872c57, 0x4c546c54, 0x000054fe, 0x4d000100, 0x28020000, 0x0b00ba02, 0x00ba5700,
    0x000c0009, 0x3912110d, 0x0000b800, 0x00b85845, 0xb91b2f01, 0x1d000100, 0x00b8593e, 0xb8584500, 0x1b2f0000, 0x000000b9, 0xb8593e13, 0xb9100100,
    0x0e000400, 0x0800baf4, 0x00000400, 0xb8391211, 0xb92f0800, 0x0e000500, 0x0000b8f4, 0x0900b910, 0x30f40e00, 0x21113331, 0x21152115, 0x21152115,
    0xdb014d15, 0x1501bdfe, 0x4301ebfe, 0x8f87ba02, 0x00879786, 0x4d000100, 0x1c020000, 0x0900ba02, 0x00ba4d00, 0x000a0009, 0x3912110b, 0x0000b800,
    0x00b85845, 0xb91b2f01, 0x1d000100, 0x00b8593e, 0xb8584500, 0x1b2f0000, 0x000000b9, 0xb8593e13, 0xb9100100, 0x0e000400, 0x0800baf4, 0x00000400,
    0xb8391211, 0xb92f0800, 0x0e000500, 0x333130f4, 0x21152111, 0x21152115, 0xcf014d11, 0x0901c9fe, 0xba02f7fe, 0xfe868f87, 0x000000e2, 0x32000100,
    0x8802f4ff, 0x2700c602, 0x00ba7c00, 0x0028001c, 0x39121129, 0x0000b800, 0x00b85845, 0xb91b2f0e, 0x1d000e00, 0x00b8593e, 0xb8584500, 0x1b2f0400,
    0x000400b9, 0xb8593e13, 0x58450000, 0x2f2700b8, 0x2700b91b, 0x593e1300, 0x100400b8, 0x001c00b9, 0x00baf40e, 0x001c0001, 0x39121104, 0x100e00b8,
    0x001500b9, 0x00baf40e, 0x00150023, 0x39121104, 0x2f2300b8, 0x002400b9, 0x00baf40e, 0x00150012, 0x39121124, 0x23253130, 0x2223010e, 0x3435022e,
    0x3233023e, 0x2e071716, 0x06222301, 0x1614011d, 0x023e3233, 0x3523013d, 0x02231121, 0x5c080508, 0x4e683c4f, 0x74532e2c, 0x27885e47, 0x3d44107c,
    0x47545447, 0x1526321c, 0x80130182, 0x2e46356f, 0x5858865a, 0x51305c88, 0x39294751, 0x57705852, 0x261b0d53, 0xfe7f231a, 0x0000007b, 0x4d000100,
    0x87020000, 0x0b00ba02, 0x00ba7d00, 0x000c0002, 0x3912110d, 0x0000b800, 0x00b85845, 0xb91b2f04, 0x1d000400, 0x00b8593e, 0xb8584500, 0x1b2f0800,
    0x000800b9, 0xb8593e1d, 0x58450000, 0x2f0b00b8, 0x0b00b91b, 0x593e1300, 0x450000b8, 0x0300b858, 0x00b91b2f, 0x3e130003, 0x0100ba59, 0x03000400,
    0x7c391211, 0x2f0100b8, 0x00054118, 0x000100d0, 0x000100e0, 0x03417102, 0x01006000, 0xb9710100, 0x0e000600, 0x013130f4, 0x11231121, 0x11211133,
    0x01231133, 0x98f6feef, 0x980a0198, 0xfe1e0198, 0xfeba02e2, 0xfd1601ea, 0x00000046, 0x32000100, 0x7e010000, 0x0b00ba02, 0x00ba4b00, 0x000c0002,
    0x3912110d, 0x0000b800, 0x00b85845, 0xb91b2f05, 0x1d000500, 0x00b8593e, 0xb8584500, 0x1b2f0000, 0x000000b9, 0xb9593e13, 0x0e000100, 0x0500b8f4,
    0x0400b910, 0xb8f40e00, 0xb8d00800, 0xb8100100, 0x30d00900, 0x33353331, 0x21352311, 0x33112315, 0x5a5a3215, 0x5a5a4c01, 0x79c80179, 0x7938fe79,
    0x19000100, 0xe601f5ff, 0x1400ba02, 0x00ba3f00, 0x00150006, 0x39121116, 0x0000b800, 0x00b85845, 0xb91b2f14, 0x1d001400, 0x00b8593e, 0xb8584500,
    0x1b2f0600, 0x000600b9, 0xb9593e13, 0x0e000e00, 0x1400b8f4, 0x1300b910, 0x30f40e00, 0x14110131, 0x2223020e, 0x3727022e, 0x36323316, 0x35231135,
    0x3c1fe601, 0x4f343655, 0x8e072439, 0x2f214611, 0xfeba02d4, 0x374f3010, 0x48341c1f, 0x2a5b1c2c, 0x7a6f012d, 0x4d000100, 0xac020000, 0x0d00ba02,
    0x00ba6300, 0x000e0008, 0x3912110f, 0x0000b800, 0x00b85845, 0xb91b2f04, 0x1d000400, 0x00b8593e, 0xb8584500, 0x1b2f0900, 0x000900b9, 0xb8593e1d,
    0x58450000, 0x2f0d00b8, 0x0d00b91b, 0x593e1300, 0x450000b8, 0x0300b858, 0x00b91b2f, 0x3e130003, 0x0600ba59, 0x03000900, 0xb8391211, 0xb8100600,
    0x30d00100, 0x15070131, 0x11331123, 0x33013f33, 0x01230103, 0x98985b40, 0xac9d6306, 0xb30001eb, 0xc26e3001, 0xb4feba02, 0xe1fec587, 0x000065fe,
    0x4d000100, 0xef010000, 0x0500ba02, 0x00ba3500, 0x00060003, 0x39121107, 0x0000b800, 0x00b85845, 0xb91b2f01, 0x1d000100, 0x00b8593e, 0xb8584500,
    0x1b2f0000, 0x000000b9, 0xb9593e13, 0x0e000300, 0x333130f4, 0x21113311, 0x01984d15, 0xfdba020a, 0x000087cd, 0x4d000100, 0xe6020000, 0x1000ba02,
    0x00ba7100, 0x00110003, 0x39121112, 0x0000b800, 0x00b85845, 0xb91b2f09, 0x1d000900, 0x00b8593e, 0xb8584500, 0x1b2f0d00, 0x000d00b9, 0xb8593e1d,
    0x58450000, 0x2f1000b8, 0x1000b91b, 0x593e1300, 0x450000b8, 0x0800b858, 0x00b91b2f, 0x3e130008, 0x0d00b859, 0x0100b810, 0x0800b8d0, 0x0300b810,
    0x0900b8dc, 0x0600b810, 0x0300b8d0, 0x0b00b810, 0x013130d0, 0x2f010f23, 0x23112301, 0x33133311, 0x23113313, 0x33035702, 0x03358588, 0x02aba18f,
    0x018fa2a9, 0xf6f766ca, 0x022ffe6e, 0x01b9feba, 0x0046fd47, 0x4d000100, 0x87020000, 0x0d00ba02, 0x00ba6100, 0x000e0000, 0x3912110f, 0x0000b800,
    0x00b85845, 0xb91b2f05, 0x1d000500, 0x00b8593e, 0xb8584500, 0x1b2f0a00, 0x000a00b9, 0xb8593e1d, 0x58450000, 0x2f0d00b8, 0x0d00b91b, 0x593e1300,
    0x450000b8, 0x0400b858, 0x00b91b2f, 0x3e130004, 0x0500b859, 0x0200b810, 0x0d00b8d0, 0x0800b810, 0x013130d0, 0x23112327, 0x17133311, 0x11331133,
    0x43220123, 0xbfa68f03, 0xa68f0343, 0xfe8c4a01, 0xfeba022a, 0xd6018cb6, 0x000046fd, 0x32000200, 0x9802f4ff, 0x1300c602, 0x43002100, 0x000000ba,
    0x11230022, 0x00b83912, 0xb800d014, 0x58450000, 0x2f0a00b8, 0x0a00b91b, 0x593e1d00, 0x450000b8, 0x0000b858, 0x00b91b2f, 0x3e130000, 0x1400b959,
    0xb8f40e00, 0xb9100a00, 0x0e001b00, 0x053130f4, 0x35022e22, 0x33023e34, 0x15021e32, 0x27020e14, 0x013d3632, 0x22232634, 0x14011d06, 0x45650116,
    0x2c2c5072, 0x45457250, 0x2c2c5072, 0x45457250, 0x45454d4d, 0x2e0c4d4d, 0x5959875b, 0x2e2e5b87, 0x5959875b, 0x872e5b87, 0x5468545a, 0x68545a5a,
    0x00005a54, 0x4d000200, 0x6b020000, 0x0e00ba02, 0x67001800, 0x001000ba, 0x111a0019, 0x00b83912, 0x00b81010, 0xb800d00c, 0x58450000, 0x2f0100b8,
    0x0100b91b, 0x593e1d00, 0x450000b8, 0x0000b858, 0x00b91b2f, 0x3e130000, 0x0100b859, 0x1800b910, 0xbaf40e00, 0x18000d00, 0x12110000, 0x0d00b839,
    0x0003412f, 0x000d008f, 0x03417101, 0x0d006000, 0xb95d0100, 0x0e000f00, 0x333130f4, 0x1e322111, 0x0e141502, 0x15012b02, 0x36323311, 0x2634013d,
    0x014d012b, 0x374e314a, 0x4e371e1e, 0x22a0b231, 0xa0222727, 0x3a21ba02, 0x52323153, 0x01fc213a, 0x2c222380, 0x00002322, 0x32000200, 0x980248ff,
    0x1700c602, 0x5d002500, 0x001800ba, 0x11270026, 0x00b83912, 0x00b81018, 0xb800d00d, 0x58450000, 0x2f0d00b8, 0x0d00b91b, 0x593e1d00, 0x450000b8,
    0x0500b858, 0x00b91b2f, 0x3e130005, 0x1600b859, 0x0100b9dc, 0xb8f40e00, 0xb8100500, 0xb8d01500, 0xb9100500, 0x0e001800, 0x0d00b8f4, 0x1f00b910,
    0x30f40e00, 0x22230531, 0x2e013d26, 0x3e343501, 0x1e323302, 0x06141502, 0x27331507, 0x013d3632, 0x22232634, 0x14011d06, 0x5e1e0216, 0x83704a51,
    0x4572502c, 0x2c507245, 0xb96b6a7b, 0x454d4d45, 0xb84d4d45, 0x141d484c, 0x87599db3, 0x5b2e2e5b, 0xb2985987, 0x5ab73817, 0x5a546854, 0x5468545a,
    0x0000005a, 0x4d000200, 0x75020000, 0x0f00ba02, 0xdf001900, 0x000e00ba, 0x111b001a, 0x00b83912, 0x00b8100e, 0xb800d010, 0x58450000, 0x2f0200b8,
    0x0200b91b, 0x593e1d00, 0x450000b8, 0x0100b858, 0x00b91b2f, 0x3e130001, 0x0000b859, 0x00b85845, 0xb91b2f0d, 0x13000d00, 0x00b8593e, 0x00b91002,
    0xf40e0018, 0x000f00ba, 0x11010018, 0xb87c3912, 0x182f0f00, 0xb0000341, 0x01000f00, 0x0007415d, 0x000f0050, 0x000f0060, 0x000f0070, 0x03417103,
    0x0f002000, 0x41710100, 0x00000003, 0x5d01000f, 0x90000541, 0xa0000f00, 0x02000f00, 0x00034171, 0x000f00f0, 0x03415d01, 0x0f000000, 0x41710100,
    0x00500009, 0x0060000f, 0x0070000f, 0x0080000f, 0x5d04000f, 0x20000541, 0x30000f00, 0x02000f00, 0x1900b95d, 0xbaf40e00, 0x19000b00, 0x12110f00,
    0x33313039, 0x32211123, 0x1415021e, 0x23130706, 0x32372303, 0x34013d36, 0x15012b26, 0x4b0198e5, 0x1e374e30, 0xa989403f, 0x22a06d7a, 0xa0222727,
    0x3b20ba02, 0x6a473252, 0x01eefe18, 0x22238000, 0xb623222c, 0x26000100, 0x3f02f4ff, 0x2a00c602, 0x00ba6b00, 0x002b001c, 0x3912112c, 0x0000b800,
    0x00b85845, 0xb91b2f15, 0x1d001500, 0x00b8593e, 0xb8584500, 0x1b2f0000, 0x000000b9, 0xb8593e13, 0xb9101500, 0x0e001c00, 0x0d00baf4, 0x00001c00,
    0xb8391211, 0xb9100000, 0x0e000600, 0x0400baf4, 0x06000d00, 0xba391211, 0x15002200, 0x12110600, 0x1900ba39, 0x22001c00, 0x30391211, 0x26220531,
    0x33163727, 0x34353632, 0x2e012f26, 0x3e343501, 0x16323302, 0x012e0717, 0x15062223, 0x011f1614, 0x1415011e, 0x2f01020e, 0x642d805c, 0x36386847,
    0x6f453120, 0x61432467, 0x2b784f3e, 0x36471965, 0x2c273233, 0x24686c45, 0x3f0c6645, 0x2e506532, 0x07271d26, 0x586a0e09, 0x1f384e2f, 0x1d663032,
    0x24202425, 0x110b0720, 0x54325b63, 0x0000213c, 0x1b000100, 0x2d020000, 0x0700ba02, 0x00ba3d00, 0x00080002, 0x39121109, 0x0000b800, 0x00b85845,
    0xb91b2f05, 0x1d000500, 0x00b8593e, 0xb8584500, 0x1b2f0200, 0x000200b9, 0xb8593e13, 0xb9100500, 0x0e000400, 0x0000b8f4, 0x013130d0, 0x23112311,
    0x01152135, 0x02bd9870, 0xfd330212, 0x873302cd, 0x00000087, 0x49000100, 0x6d02f4ff, 0x1500ba02, 0x00ba4600, 0x0016000f, 0x39121117, 0x0000b800,
    0x00b85845, 0xb91b2f15, 0x1d001500, 0x00b8593e, 0xb8584500, 0x1b2f0800, 0x000800b9, 0xb8593e1d, 0x58450000, 0x2f0f00b8, 0x0f00b91b, 0x593e1300,
    0x000400b9, 0x3130f40e, 0x16141113, 0x35363233, 0x14113311, 0x2223020e, 0x1135022e, 0x44443add, 0x421d943a, 0x684b4b68, 0xba021d42, 0x494a54fe,
    0xac014a49, 0x714d64fe, 0x49232349, 0x9c014d71, 0x0e000100, 0x7c020000, 0x0900ba02, 0x00ba4400, 0x000a0004, 0x3912110b, 0x0000b800, 0x00b85845,
    0xb91b2f01, 0x1d000100, 0x00b8593e, 0xb8584500, 0x1b2f0700, 0x000700b9, 0xb8593e1d, 0x58450000, 0x2f0000b8, 0x0000b91b, 0x593e1300, 0xd00400b8,
    0x03333130, 0x33171333, 0x03331337, 0x689ae1ef, 0x68350337, 0xba02e395, 0xdbdbb1fe, 0x46fd4f01, 0x1d000100, 0xb0030000, 0x1500ba02, 0x00ba7600,
    0x00160012, 0x39121117, 0x0000b800, 0x00b85845, 0xb91b2f01, 0x1d000100, 0x00b8593e, 0xb8584500, 0x1b2f0700, 0x000700b9, 0xb8593e1d, 0x58450000,
    0x2f0d00b8, 0x0d00b91b, 0x593e1d00, 0x450000b8, 0x1000b858, 0x00b91b2f, 0x3e130010, 0x0000b859, 0x00b85845, 0xb91b2f00, 0x13000000, 0x00b8593e,
    0x00b8d004, 0x00b81010, 0x00b8d00a, 0x00b81007, 0x3130d013, 0x13330333, 0x13373317, 0x33171333, 0x03331337, 0x23270323, 0x9ebb0307, 0x03254296,
    0x4ea64d2c, 0x4325032b, 0x58ada290, 0x58230322, 0xb1feba02, 0x4f01c2c2, 0xc2c2b1fe, 0x46fd4f01, 0x99997a01, 0x000086fe, 0x10000100, 0x91020000,
    0x0d00ba02, 0x00ba6500, 0x000e0009, 0x3912110f, 0x0000b800, 0x00b85845, 0xb91b2f07, 0x1d000700, 0x00b8593e, 0xb8584500, 0x1b2f0b00, 0x000b00b9,
    0xb8593e1d, 0x58450000, 0x2f0500b8, 0x0500b91b, 0x593e1300, 0x450000b8, 0x0100b858, 0x00b91b2f, 0x3e130001, 0x0200ba59, 0x07000500, 0xba391211,
    0x07000900, 0x12110500, 0x21313039, 0x03230323, 0x33031323, 0x33373317, 0xb0910203, 0xa4930397, 0x88b1d5e0, 0xd7a48a03, 0xfffe0101, 0x51016901,
    0xacfeecec, 0x09000100, 0x80020000, 0x0900ba02, 0x00ba5a00, 0x000a0004, 0x3912110b, 0x0000b800, 0x00b85845, 0xb91b2f02, 0x1d000200, 0x00b8593e,
    0xb8584500, 0x1b2f0600, 0x000600b9, 0xb8593e1d, 0x58450000, 0x2f0000b8, 0x0000b91b, 0x593e1300, 0x000400ba, 0x11000002, 0x00b83912, 0x00b82f04,
    0x00b8d001, 0x00b81004, 0x3130d008, 0x33031133, 0x33133313, 0xeff81103, 0x900296aa, 0x1101efa5, 0xeafea901, 0x58fe1601, 0x0000eefe, 0x27000100,
    0x38020000, 0x0900ba02, 0x00ba4700, 0x000a0003, 0x3912110b, 0x0000b800, 0x00b85845, 0xb91b2f05, 0x1d000500, 0x00b8593e, 0xb8584500, 0x1b2f0100,
    0x000100b9, 0xb9593e13, 0x0e000800, 0x0200b8f4, 0x0500b8d0, 0x0400b910, 0xb8f40e00, 0x30d00700, 0x35012931, 0x21352101, 0x02210115, 0x01effd38,
    0x01b9fe58, 0x01a7fef8, 0xac018761, 0x54fe8787, 0x1f000200, 0x3902f4ff, 0x0b00c602, 0x43001900, 0x000000ba, 0x111b001a, 0x00b83912, 0xb800d00c,
    0x58450000, 0x2f0600b8, 0x0600b91b, 0x593e1d00, 0x450000b8, 0x0000b858, 0x00b91b2f, 0x3e130000, 0x0c00b959, 0xb8f40e00, 0xb9100600, 0x0e001300,
    0x053130f4, 0x34352622, 0x16323336, 0x27061415, 0x013d3632, 0x22232634, 0x14011d06, 0x892c0116, 0x89898484, 0x3c898484, 0x3c3c2e2e, 0xbe0c2e2e,
    0xbebeabab, 0x7fbeabab, 0x50845058, 0x84505858, 0x00005850, 0x1f000300, 0x3902f4ff, 0x0b00c602, 0x29001b00, 0x00ba7100, 0x002a0000, 0x3912112b,
    0xd00c00b8, 0x100000b8, 0xd01c00b8, 0x0000b800, 0x00b85845, 0xb91b2f06, 0x1d000600, 0x00b8593e, 0xb8584500, 0x1b2f0000, 0x000000b9, 0xb9593e13,
    0x0e000c00, 0x0600b8f4, 0x1300b910, 0xbaf40e00, 0x06002300, 0x12110000, 0x00b87c39, 0x41182f23, 0x00800003, 0x5d010023, 0x10000341, 0x01002300,
    0x1c00b85d, 0x053130dc, 0x34352622, 0x16323336, 0x27061415, 0x013d3632, 0x22232634, 0x14011d06, 0x2237021e, 0x34013d26, 0x16323336, 0x0614011d,
    0x84892c01, 0x84898984, 0x303d8984, 0x2f3e3d30, 0x212a190b, 0x201e1e20, 0x0c1e1e20, 0xbeababbe, 0xbeababbe, 0x8450587f, 0x4f59594f, 0x2b3e2884,
    0x1820ab17, 0x2020180e, 0x20180e18, 0x1f000300, 0x3902f4ff, 0x0b00c602, 0x1b001300, 0x00ba6f00, 0x001c0000, 0x3912111d, 0xd00c00b8, 0x100000b8,
    0xd01800b8, 0x0000b800, 0x00b85845, 0xb91b2f06, 0x1d000600, 0x00b8593e, 0xb8584500, 0x1b2f0000, 0x000000b9, 0xb9593e13, 0x0e000c00, 0x1500baf4,
    0x0c000600, 0xb8391211, 0xb8101500, 0xb8d01000, 0xb9100600, 0x0e001800, 0x1100baf4, 0x00001800, 0xb8391211, 0xb8101100, 0x30d01400, 0x26220531,
    0x33363435, 0x14151632, 0x36322706, 0x1e07013d, 0x2e372701, 0x06222301, 0x892c0115, 0x89898484, 0x3c898484, 0x2d0bc72e, 0x2c0bc445, 0x0c2e3c23,
    0xbeababbe, 0xbeababbe, 0x7550587f, 0xbf2220db, 0x581f1dd9, 0x00000050, 0x23000100, 0x44020000, 0x0b00ba02, 0x00ba5900, 0x000c0002, 0x3912110d,
    0x0000b800, 0x00b85845, 0xb91b2f07, 0x1d000700, 0x00b8593e, 0xb8584500, 0x1b2f0000, 0x000000b9, 0xb9593e13, 0x06000100, 0x0700b8f4, 0x0300b810,
    0x0600bad0, 0x00000700, 0xb8391211, 0xb92f0600, 0x0e000500, 0x0100b8f4, 0x0900b810, 0x333130d0, 0x23113335, 0x33372707, 0x5e153311, 0x608e09bc,
    0x7994e6a7, 0x4bbad401, 0x79bffddc, 0x2a000100, 0x27020000, 0x2500c602, 0x00ba5700, 0x00260019, 0x39121127, 0x0000b800, 0x00b85845, 0xb91b2f19,
    0x1d001900, 0x00b8593e, 0xb8584500, 0x1b2f0100, 0x000100b9, 0xb9593e13, 0x0e002400, 0x0200b8f4, 0x0300bad0, 0x24001900, 0xb8391211, 0xb9101900,
    0x0e000e00, 0x2300baf4, 0x01000e00, 0x30391211, 0x35012931, 0x3d033e37, 0x022e3401, 0x020e2223, 0x033e2707, 0x021e3233, 0x020e1415, 0x0221010f,
    0xd712fe27, 0x0b19281d, 0x11211a10, 0x121b2519, 0x2a0c8305, 0x3936563f, 0x1e203d58, 0x82254433, 0xb8894a01, 0x26272919, 0x1e140e16, 0x1b100a14,
    0x24321423, 0x201c3141, 0x2d2d4d38, 0x1e3a414a, 0x00000066, 0x10000100, 0x1b02f4ff, 0x3700c602, 0x00ba6100, 0x00380010, 0x39121139, 0x0000b800,
    0x00b85845, 0xb91b2f10, 0x1d001000, 0x00b8593e, 0xb8584500, 0x1b2f2500, 0x002500b9, 0xb8593e13, 0xb9101000, 0x06000700, 0x3500baf4, 0x25000700,
    0xb8391211, 0xb92f3500, 0x06000000, 0x1a00baf4, 0x35000000, 0xb8391211, 0xb9102500, 0x06002e00, 0x013130f4, 0x013d3632, 0x22232634, 0x3e270706,
    0x1e323303, 0x0e141502, 0x1e150702, 0x0e141503, 0x2e222302, 0x1e372702, 0x36323301, 0x2634013d, 0x0135012b, 0x31333806, 0x1a4a2a2d, 0x3a2e145e,
    0x5b382d48, 0x25152341, 0x351f1b30, 0x46261627, 0x52353b62, 0x6f112d3d, 0x33394317, 0x3f394139, 0x202ba601, 0x2b2e2607, 0x2b1a5828, 0x311a111f,
    0x36212a44, 0x06051928, 0x392a1b06, 0x364c2f24, 0x3025161d, 0x372b561b, 0x2b062c33, 0x00007d2b, 0x1e000200, 0x38020000, 0x0a00ba02, 0x67000e00,
    0x000400ba, 0x1110000f, 0x00b83912, 0x00b81004, 0xb800d00e, 0x58450000, 0x2f0400b8, 0x0400b91b, 0x593e1d00, 0x450000b8, 0x0000b858, 0x00b91b2f,
    0x3e130000, 0x0400b859, 0x0e00b810, 0x0200bad0, 0x00000e00, 0xb8391211, 0xb92f0200, 0x06000b00, 0x0300b8f4, 0x0b00b8d0, 0x0600b810, 0x0200b8d0,
    0x0900b810, 0x213130d0, 0x01352135, 0x15331133, 0x33251523, 0x51012311, 0x1001cdfe, 0xfe5858b2, 0x860abbb6, 0xfeb40180, 0xfa867440, 0x00002501,
    0x2e000100, 0x3302f4ff, 0x2800ba02, 0x00ba8900, 0x00290022, 0x3912112a, 0x0000b800, 0x00b85845, 0xb91b2f27, 0x1d002700, 0x00b8593e, 0xb8584500,
    0x1b2f1200, 0x001200b9, 0xb8593e13, 0xb9102700, 0x0e000100, 0x1200b8f4, 0x1b00b910, 0xbaf40600, 0x01000800, 0x12111b00, 0x0800b839, 0x0003412f,
    0x00080050, 0x03415d01, 0x0800e000, 0x415d0100, 0x00200005, 0x00300008, 0x5d020008, 0xb0000341, 0x01000800, 0x2200b95d, 0xbaf40600, 0x08000300,
    0x12112200, 0x01313039, 0x3e330721, 0x1e323303, 0x0e141502, 0x2e222302, 0x1e372702, 0x36323301, 0x2634013d, 0x07062223, 0x02211327, 0x0fc3fe0a,
    0x22190a08, 0x4e2d2130, 0x4523223a, 0x4e334064, 0x6d102c3c, 0x36364017, 0x29313837, 0x1a7b0e35, 0x3702ab01, 0x1d2919dd, 0x53391e10, 0x425b3534,
    0x30251625, 0x3929561b, 0x3008333e, 0x11102138, 0x00008b01, 0x2a000200, 0x3602f4ff, 0x1f00ba02, 0x60002d00, 0x000000ba, 0x112f002e, 0x00b83912,
    0xb800d020, 0x58450000, 0x2f0a00b8, 0x0a00b91b, 0x593e1d00, 0x450000b8, 0x0000b858, 0x00b91b2f, 0x3e130000, 0x2000b959, 0xbaf40600, 0x0a001600,
    0x12112000, 0x1600b839, 0x0003412f, 0x001600c0, 0x00b95d01, 0xf4060027, 0x001000ba, 0x11270016, 0x31303912, 0x022e2205, 0x023e3435, 0x030e3337,
    0x033e1707, 0x021e3233, 0x020e1415, 0x3d363227, 0x23263401, 0x011d0622, 0x30011614, 0x2343623e, 0x2d59472d, 0x4b6640cf, 0x09090a31, 0x21322519,
    0x1f374b2b, 0x3c604525, 0x32383832, 0x0c383832, 0x3f664927, 0x586f8349, 0x54532e1e, 0x14033257, 0x1f121d26, 0x36315138, 0x7524415a, 0x33123337,
    0x12333737, 0x00003733, 0x37000100, 0x25020000, 0x0800ba02, 0x00ba5100, 0x00090008, 0x3912110a, 0x0000b800, 0x00b85845, 0xb91b2f05, 0x1d000500,
    0x00b8593e, 0xb8584500, 0x1b2f0000, 0x000000b9, 0xb8593e13, 0xb9100500, 0x06000200, 0x0400baf4, 0x00000200, 0x7d391211, 0x2f0400b8, 0x0200b818,
    0x0700b810, 0x333130d0, 0x23152313, 0x03152135, 0x7fdaeaa6, 0x02e1ee01, 0x82f97f40, 0x0000c8fd, 0x28000300, 0x3002f4ff, 0x2100c602, 0x3d002f00,
    0x00ba7300, 0x003e0000, 0x3912113f, 0xd02200b8, 0x100000b8, 0xd03000b8, 0x0000b800, 0x00b85845, 0xb91b2f11, 0x1d001100, 0x00b8593e, 0xb8584500,
    0x1b2f0000, 0x000000b9, 0xb9593e13, 0x06002200, 0x3000baf4, 0x22001100, 0xb8391211, 0xb92f3000, 0x06002900, 0x0900baf4, 0x29003000, 0xba391211,
    0x30001900, 0x12112900, 0x1100b839, 0x3700b910, 0x30f40600, 0x2e220531, 0x36343502, 0x012e3537, 0x023e3435, 0x021e3233, 0x07061415, 0x15011e15,
    0x27020e14, 0x013d3632, 0x22232634, 0x14011d06, 0x36321316, 0x2634013d, 0x1d062223, 0x01161401, 0x42613e2c, 0x333f4a23, 0x593d1f41, 0x3d593a3a,
    0x3f33411f, 0x6142234a, 0x3535323e, 0x35353232, 0x32323032, 0x32323030, 0x4a361f0c, 0x1155432c, 0x3d4e1308, 0x1b314428, 0x2844311b, 0x08134e3d,
    0x2c435511, 0x731f364a, 0x2a142a2f, 0x142a2f2f, 0x34012f2a, 0x2710272d, 0x10272d2d, 0x00002d27, 0x22000200, 0x2e020000, 0x1f00c602, 0x68002d00,
    0x002000ba, 0x112f002e, 0x00b83912, 0x00b81020, 0xb800d01b, 0x58450000, 0x2f1b00b8, 0x1b00b91b, 0x593e1d00, 0x450000b8, 0x0600b858, 0x00b91b2f,
    0x3e130006, 0x1b00b859, 0x2700b910, 0xbaf40600, 0x06001100, 0x12112700, 0x1100b839, 0x0003412f, 0x001100cf, 0x00b95d01, 0xf4060020, 0x000b00ba,
    0x11110020, 0x31303912, 0x020e1401, 0x033e2307, 0x030e2737, 0x022e2223, 0x023e3435, 0x021e3233, 0x3d363205, 0x23263401, 0x011d0622, 0x2e021614,
    0x2d59472d, 0x4b6640cf, 0x09090b30, 0x21322519, 0x1f374b2b, 0x3c604525, 0x2343623e, 0x3832fafe, 0x38323238, 0x4ab10138, 0x1e586f82, 0x5754532e,
    0x26140332, 0x381f121d, 0x5a363250, 0x49272441, 0x33378566, 0x37373312, 0x37331233, 0x23000200, 0x3502f4ff, 0x13002e02, 0x43002100, 0x000000ba,
    0x11230022, 0x00b83912, 0xb800d014, 0x58450000, 0x2f0a00b8, 0x0a00b91b, 0x593e2100, 0x450000b8, 0x0000b858, 0x00b91b2f, 0x3e130000, 0x1400b959,
    0xb8f40600, 0xb9100a00, 0x06001b00, 0x053130f4, 0x35022e22, 0x33023e34, 0x15021e32, 0x27020e14, 0x013d3632, 0x22232634, 0x14011d06, 0x3a2c0116,
    0x27274761, 0x3a3a6147, 0x28284661, 0x303a6146, 0x30303b3b, 0x2a0c3b3b, 0x3f3f694b, 0x2a2a4b69, 0x3f3f694b, 0x7a2a4b69, 0x3566353b, 0x66353b3b,
    0x00003b35, 0x23000300, 0x3502f4ff, 0x0d002e02, 0x2f001b00, 0x00ba6500, 0x0030001c, 0x39121131, 0x101c00b8, 0xd00000b8, 0x101c00b8, 0xd00e00b8,
    0x0000b800, 0x00b85845, 0xb91b2f26, 0x21002600, 0x00b8593e, 0xb8584500, 0x1b2f1c00, 0x001c00b9, 0xb8593e13, 0xb9102600, 0x06001500, 0x0000baf4,
    0x1c001500, 0xb8391211, 0xb82f0000, 0xb8dc0700, 0xb9101c00, 0x06000e00, 0x253130f4, 0x013d2622, 0x32333634, 0x14011d16, 0x36320706, 0x2634013d,
    0x1d062223, 0x17161401, 0x35022e22, 0x33023e34, 0x15021e32, 0x01020e14, 0x1d1d1d2c, 0x1d1d1d1d, 0x3b3b311d, 0x3b3b3131, 0x47613a31, 0x61472727,
    0x46613a3a, 0x61462828, 0x0e161cd8, 0x161c1c16, 0x6a1c160e, 0x3566353b, 0x66353b3b, 0x2a7a3b35, 0x3f3f694b, 0x2a2a4b69, 0x3f3f694b, 0x002a4b69,
    0x23000300, 0x3502f4ff, 0x13002e02, 0x21001a00, 0x00ba7300, 0x00220000, 0x39121123, 0xd01400b8, 0x100000b8, 0xd01b00b8, 0x0000b800, 0x00b85845,
    0xb91b2f0a, 0x21000a00, 0x00b8593e, 0xb8584500, 0x1b2f0000, 0x000000b9, 0xb9593e13, 0x06001400, 0x0a00b8f4, 0x1b00b910, 0xbaf40600, 0x1b001800,
    0x12110000, 0x1900ba39, 0x1b000000, 0xba391211, 0x14001f00, 0x12110a00, 0x2000ba39, 0x14000a00, 0x30391211, 0x2e220531, 0x3e343502, 0x1e323302,
    0x0e141502, 0x36322702, 0x1607013d, 0x1d062213, 0x01263701, 0x47613a2c, 0x61472727, 0x46613a3a, 0x61462828, 0xc53f353a, 0x3f35321f, 0x2a0c1fc5,
    0x3f3f694b, 0x2a2a4b69, 0x3f3f694b, 0x752a4b69, 0xbd64373e, 0x3e50011c, 0x1cbd6437, 0x3b000100, 0x42020000, 0x0b002202, 0x00ba4500, 0x000c0002,
    0x3912110d, 0x0000b800, 0x00b85845, 0xb91b2f07, 0x21000700, 0x00b8593e, 0xb8584500, 0x1b2f0000, 0x000000b9, 0xb9593e13, 0x06000200, 0x0700b8f4,
    0x0300b810, 0x0200b8d0, 0x0900b810, 0x333130d0, 0x23113335, 0x33372707, 0x68153311, 0x3d9709b0, 0x7396a7ca, 0x675b2e01, 0x7351fe75, 0x36000100,
    0x22020000, 0x1d002e02, 0x00ba5700, 0x001e0011, 0x3912111f, 0x0000b800, 0x00b85845, 0xb91b2f11, 0x21001100, 0x00b8593e, 0xb8584500, 0x1b2f1d00,
    0x001d00b9, 0xb9593e13, 0x06001a00, 0x0000b8f4, 0x0100bad0, 0x1a001100, 0xb8391211, 0xb9101100, 0x06000800, 0x1900baf4, 0x1d000800, 0x30391211,
    0x3e013f31, 0x34013d01, 0x06222326, 0x033e2707, 0x15163233, 0x0f020e14, 0x21152101, 0x3232c040, 0x362d2235, 0x290d6410, 0x6a2d4939, 0x43362379,
    0x23014320, 0x6f771efe, 0x0f1c3c1d, 0x20312927, 0x25301941, 0x2a606216, 0x10293341, 0x00007322, 0x1b000100, 0x100264ff, 0x36002e02, 0x00ba5a00,
    0x00370022, 0x39121138, 0x3700b800, 0x0000b82f, 0x00b85845, 0xb91b2f22, 0x21002200, 0x00b8593e, 0x00b91037, 0xf40f0000, 0x000900b9, 0x00baf406,
    0x00220013, 0x39121109, 0x2f1300b8, 0x001000b9, 0x00b8f406, 0x00b91022, 0xf406001a, 0x002c00ba, 0x11130010, 0x31303912, 0x022e2205, 0x011e3727,
    0x3d363233, 0x2b263401, 0x32333501, 0x34013d36, 0x07222326, 0x33033e27, 0x15021e32, 0x07020e14, 0x15031e15, 0x01020e14, 0x3b4c3110, 0x1769112c,
    0x36303540, 0x3d3b373d, 0x2a2e2f36, 0x14593452, 0x2b43362c, 0x213e5836, 0x1b302315, 0x1627341f, 0x9c5e4325, 0x1b2f2315, 0x30342b52, 0x2f290c2c,
    0x0e202d73, 0x534f2c26, 0x101e2a19, 0x2a43301a, 0x19283421, 0x1c060606, 0x2f22372a, 0x001d354b, 0x14000200, 0x380270ff, 0x0a002202, 0x63000e00,
    0x000400ba, 0x1110000f, 0x00b83912, 0x00b81004, 0xb800d00e, 0xb82f0f00, 0x58450000, 0x2f0400b8, 0x0400b91b, 0x593e2100, 0x450000b8, 0x0100b858,
    0x00b91b2f, 0x3e130001, 0x0f00b859, 0x0000b910, 0xb8f40f00, 0xb9100100, 0x06000c00, 0x0600b8f4, 0x0100b8d0, 0x0900b810, 0x0400b8d0, 0x0e00b810,
    0x053130d0, 0x01352135, 0x15331133, 0x33251523, 0x51012311, 0x1a01c3fe, 0xfe5656b4, 0x900ac0af, 0xac017690, 0x906e4cfe, 0x001701fe, 0x35000100,
    0x280264ff, 0x2a002202, 0x00ba5a00, 0x002b0012, 0x3912112c, 0x2b00b800, 0x0000b82f, 0x00b85845, 0xb91b2f17, 0x21001700, 0x00b8593e, 0x00b9102b,
    0xf40f0000, 0x000b00b9, 0x00baf406, 0x00170021, 0x39121100, 0x2f2100b8, 0x001200b9, 0x00baf406, 0x00120015, 0x3912110b, 0x101700b8, 0x001a00b9,
    0x3130f406, 0x022e2205, 0x031e3727, 0x3d363233, 0x23263401, 0x27070622, 0x21152113, 0x033e3307, 0x021e3233, 0x020e1415, 0x4a2f2301, 0x69102b3a,
    0x28201a0c, 0x3835331a, 0x0e2f272f, 0x9c011c7b, 0x0811d2fe, 0x2d211709, 0x394d2c1e, 0x61432221, 0x2f23149c, 0x2214521a, 0x313d0e19, 0x1f3d3009,
    0x83011110, 0x2516dd78, 0x381d0f1b, 0x59343452, 0x00002541, 0x2c000200, 0x3402f4ff, 0x1f00ba02, 0x7f002d00, 0x000000ba, 0x112f002e, 0x00b83912,
    0xb800d020, 0x58450000, 0x2f0a00b8, 0x0a00b91b, 0x593e1d00, 0x450000b8, 0x0000b858, 0x00b91b2f, 0x3e130000, 0x1600ba59, 0x00000a00, 0xb8391211,
    0x412f1600, 0x00100003, 0x5d010016, 0xef000341, 0x01001600, 0x0003415d, 0x001600c0, 0x03415d01, 0x16005000, 0xb95d0100, 0x06002700, 0x1100baf4,
    0x27001600, 0xb8391211, 0xb9100000, 0x06002000, 0x053130f4, 0x35022e22, 0x37023e34, 0x07030e33, 0x33033e17, 0x15021e32, 0x27020e14, 0x013d3632,
    0x22232634, 0x14011d06, 0x3e300116, 0x2c234261, 0xbf2d5847, 0x2d46613e, 0x1909090a, 0x2b213225, 0x251f364a, 0x333c6043, 0x33333737, 0x270c3737,
    0x493f6649, 0x1e586f83, 0x5754532e, 0x26140332, 0x381f121d, 0x5a363151, 0x37752441, 0x37331233, 0x33123337, 0x00000037, 0x3b000100, 0x210270ff,
    0x08002202, 0x00ba4c00, 0x00090008, 0x3912110a, 0x0900b800, 0x0000b82f, 0x00b85845, 0xb91b2f05, 0x21000500, 0x00b8593e, 0x00b91009, 0xf40f0000,
    0x100500b8, 0x000200b9, 0x00baf406, 0x00050004, 0x39121100, 0x2f0400b8, 0x100200b8, 0xd00700b8, 0x13173130, 0x35231523, 0xa2031521, 0x017fd2ea,
    0x0290e1e6, 0x73f17c3d, 0x0000c1fd, 0x2a000300, 0x2e02f4ff, 0x2100c602, 0x3d002f00, 0x00ba7300, 0x003e0000, 0x3912113f, 0xd02200b8, 0x100000b8,
    0xd03000b8, 0x0000b800, 0x00b85845, 0xb91b2f11, 0x1d001100, 0x00b8593e, 0xb8584500, 0x1b2f0000, 0x000000b9, 0xb9593e13, 0x06002200, 0x3000baf4,
    0x22001100, 0xb8391211, 0xb92f3000, 0x06002900, 0x0900baf4, 0x30002900, 0xba391211, 0x30001900, 0x12112900, 0x1100b839, 0x3700b910, 0x30f40600,
    0x2e220531, 0x36343502, 0x012e3537, 0x023e3435, 0x021e3233, 0x07061415, 0x15011e15, 0x27020e14, 0x013d3632, 0x22232634, 0x14011d06, 0x36321316,
    0x2634013d, 0x1d062223, 0x01161401, 0x42603d2c, 0x333f4e23, 0x593c1f45, 0x3c593939, 0x3f33441f, 0x6042234d, 0x3636333d, 0x36363333, 0x34343033,
    0x34343030, 0x4a371f0c, 0x1055442b, 0x404b1108, 0x1c324428, 0x2844321c, 0x08114b40, 0x2b445510, 0x711f374a, 0x2a142a31, 0x142a3232, 0x3301312a,
    0x26102730, 0x10263030, 0x00003027, 0x24000200, 0x2c0270ff, 0x1f002e02, 0x7b002d00, 0x002000ba, 0x112f002e, 0x00b83912, 0x00b81020, 0xb800d000,
    0xb82f2e00, 0x58450000, 0x2f0000b8, 0x0000b91b, 0x593e2100, 0x102e00b8, 0x000b00b9, 0x00baf40f, 0x00000016, 0x3912110b, 0x2f1600b8, 0x9f000541,
    0xaf001600, 0x02001600, 0x0003415d, 0x0016005f, 0x03415d01, 0x16001f00, 0xb95d0100, 0x06002000, 0x1100baf4, 0x20001600, 0xb8391211, 0xb9100000,
    0x06002700, 0x013130f4, 0x15021e32, 0x07020e14, 0x37033e23, 0x23030e27, 0x35022e22, 0x13023e34, 0x013d3632, 0x22232634, 0x14011d06, 0x3e280116,
    0x2b234261, 0xbf2a5444, 0x2b445d3b, 0x1909090a, 0x2c213225, 0x251e364a, 0x333c6043, 0x33333737, 0x2e023737, 0x3f664927, 0x566e8247, 0x52512c1c,
    0x14033156, 0x1f121d26, 0x36325038, 0xfe24415a, 0x123337a5, 0x33373733, 0x00373312, 0x32000300, 0xce02f4ff, 0x2c00c602, 0x44003a00, 0x00bac800,
    0x00450037, 0x39121146, 0x103700b8, 0xd02100b8, 0x103700b8, 0xd03d00b8, 0x0000b800, 0x00b85845, 0xb91b2f17, 0x1d001700, 0x00b8593e, 0xb8584500,
    0x1b2f0300, 0x000300b9, 0xb8593e13, 0x58450000, 0x2f2c00b8, 0x2c00b91b, 0x593e1300, 0x101700b8, 0x002d00b9, 0x00baf406, 0x002d0000, 0x39121103,
    0x100300b8, 0x003b00b9, 0x00baf406, 0x00170034, 0x3912113b, 0x003e00ba, 0x1103002d, 0x00ba3912, 0x0034000d, 0x3912113e, 0x002100ba, 0x113e0034,
    0x00ba3912, 0x00170022, 0x3912113b, 0x002800ba, 0x11210022, 0x00b83912, 0x00b92f28, 0xf4060025, 0x002a00ba, 0x11000022, 0x00ba3912, 0x0022003d,
    0x39121100, 0x0e253130, 0x2e222301, 0x3e343502, 0x032e3702, 0x023e3435, 0x021e3233, 0x020e1415, 0x013e1707, 0x23153337, 0x23170706, 0x1d062203,
    0x17161401, 0x013d013e, 0x32032634, 0x010e2737, 0x1614011d, 0x5e21e701, 0x3c583a49, 0x3425151f, 0x161c0f1e, 0x4d371d0d, 0x36492b30, 0x3326161f,
    0x0e0d6c1c, 0x113fa702, 0xdeb38b1c, 0x1f1a251b, 0x23252423, 0x22932a3b, 0x1b39361c, 0x47351d2a, 0x2e38242a, 0x26101226, 0x22182e2a, 0x151a2e3d,
    0x21263c29, 0x11262d36, 0x23482075, 0x972f407b, 0x1b1e5502, 0x23271404, 0x041e2b15, 0x1afe1e1b, 0x2a149f1c, 0x32260a1b, 0x3d000200, 0x4e0387ff,
    0x3e00c502, 0xb0004c00, 0x003f00ba, 0x114e004d, 0x00b83912, 0x00b8103f, 0xb800d03d, 0xb82f0100, 0x58450000, 0x2f0b00b8, 0x0b00b91b, 0x593e1d00,
    0x9f000341, 0x01000100, 0x0100b85d, 0x3d00b910, 0xb8f40700, 0x41dc1a00, 0x003f0005, 0x004f001a, 0x7102001a, 0xcf000341, 0x01001a00, 0x1300b85d,
    0x0b00b8d0, 0x3200b910, 0xb8f40700, 0x41dc2000, 0x00200005, 0x00300020, 0x71020020, 0x004600b9, 0x00b8f407, 0x00b9101a, 0xf407003f, 0x001700ba,
    0x113f0046, 0xb87c3912, 0x182f1700, 0x002300ba, 0x11460020, 0x00b83912, 0x00b81020, 0x00b8d025, 0x00b8103f, 0x3130d029, 0x2e222305, 0x3e343502,
    0x1e323302, 0x06141502, 0x27262223, 0x23010e23, 0x34352622, 0x16323336, 0x33353317, 0x32331411, 0x34013d36, 0x2223022e, 0x011d020e, 0x3b021e14,
    0x36322701, 0x2634013d, 0x1d062223, 0x02161401, 0x955fd2a0, 0x68383667, 0x8e565d94, 0x56653765, 0x05034436, 0x4232370a, 0x2a425858, 0x6f050934,
    0x2b2a222c, 0x47406b4d, 0x2b2b5171, 0xd2477151, 0x29291ad9, 0x2b2b241a, 0x976d3c79, 0x6f9a5b5c, 0x8b61353e, 0x34857855, 0x69322a2a, 0x2d696666,
    0xf3fe4521, 0x1c4d4932, 0x26466640, 0x4473532e, 0x50714426, 0x1727d02c, 0x2e1f1774, 0x2e244424, 0x35000100, 0x5e01e900, 0x03007901, 0x00ba1500,
    0x00040000, 0x39121105, 0x0100ba00, 0x03000000, 0x3731302b, 0x35152135, 0x90e92901, 0x00000090, 0x3500ffff, 0x5e01e900, 0x06027901, 0x00005500,
    0x3500ffff, 0x5e01e900, 0x06027901, 0x00005500, 0x2400ffff, 0x2802f400, 0x06026c01, 0x00005900, 0x24000100, 0x2802f400, 0x03006c01, 0x00ba1700,
    0x00040000, 0x39121105, 0x0100bb00, 0x00000e00, 0x302b0400, 0x21353731, 0x04022415, 0x007878f4, 0x24000100, 0xe802f400, 0x03006c01, 0x00ba1700,
    0x00040000, 0x39121105, 0x0000bb00, 0x01000e00, 0x302b0400, 0x21353731, 0xc4022415, 0x007878f4, 0x00000100, 0xe803f400, 0x03006c01, 0xba000b00,
    0x01000000, 0x302b0300, 0x21013d31, 0xf4e80315, 0x00007878, 0x1e000100, 0x0e0242ff, 0x0300bdff, 0x00ba1700, 0x00040001, 0x39121105, 0x0000bb00,
    0x01000600, 0x302b0400, 0x21351731, 0xf0011e15, 0x007b7bbe, 0x43000100, 0xf300f5ff, 0x0d00a900, 0x00ba2200, 0x000e0000, 0x3912110f, 0x0000b800,
    0x00b85845, 0xb91b2f00, 0x13000000, 0x00b8593e, 0x3130dc07, 0x3d262217, 0x33363401, 0x011d1632, 0x2d9b0614, 0x2d2d2b2b, 0x2d0b2b2b, 0x2d231423,
    0x2314232d, 0x0000002d, 0x4300ffff, 0x3e03f5ff, 0x2600a900, 0x00005d00, 0x5d002700, 0x00002501, 0x5d000700, 0x00004b02, 0x4d00ffff, 0xfd00f5ff,
    0x26001802, 0x000a5d00, 0x5d000700, 0x6f010a00, 0x24000100, 0xf3006dff, 0x1100a900, 0x00ba2a00, 0x00120000, 0x39121113, 0x0000b800, 0x00b85845,
    0xb91b2f0b, 0x13000b00, 0x00b8593e, 0x00b8dc00, 0x00b8100b, 0x3130dc08, 0x1d163237, 0x07061401, 0x37013e23, 0x013d012e, 0x2d9b3634, 0x64303b2b,
    0x230d3223, 0x2da92b20, 0x763d1423, 0x28412125, 0x141d2b06, 0x00002d23, 0x2e00ffff, 0xfd006dff, 0x26001802, 0x000a6000, 0x5d000700, 0x6f010a00,
    0x2e00ffff, 0xfd006dff, 0x26001802, 0x000a6000, 0x5d000700, 0x6f010a00, 0x44000100, 0xc8009e01, 0x0300e402, 0x00ba1e00, 0x00040000, 0x39121105,
    0x0000b800, 0x00b85845, 0xb91b2f01, 0x1f000100, 0x3130593e, 0x11331113, 0x9e018444, 0xbafe4601, 0x4400ffff, 0xa9019e01, 0x2600e402, 0x00006300,
    0x63000700, 0x0000e100, 0x3e000100, 0x0801b801, 0x1300e402, 0x00ba2600, 0x00140000, 0x39121115, 0x0000b800, 0x00b85845, 0xb91b2f09, 0x1f000900,
    0x00b8593e, 0x00b8dc00, 0x3130dc0d, 0x3d262213, 0x023e3401, 0x010e3337, 0x1d011e07, 0x94061401, 0x1d11292d, 0x215d1728, 0x1e200c2f, 0x29b80129,
    0x3b1d151f, 0x1e122f36, 0x2906263e, 0x291f191a, 0x24000100, 0xee00c201, 0x1300ee02, 0x00ba2a00, 0x00140000, 0x39121115, 0x0000b800, 0x00b85845,
    0xb91b2f00, 0x1f000000, 0x00b8593e, 0x00b8dc0a, 0x00b81000, 0x3130dc0d, 0x1d163213, 0x020e1401, 0x013e2307, 0x3d012e37, 0x98363401, 0x1d11292d,
    0x215d1728, 0x1e200c2f, 0x29ee0229, 0x3b1d151f, 0x1e122f36, 0x2906263e, 0x291f191a, 0x3e00ffff, 0xf301b801, 0x2600e402, 0x00006500, 0x65000700,
    0x0000eb00, 0x2400ffff, 0xd901c201, 0x2600ee02, 0x00006600, 0x66000700, 0x0000eb00, 0x26000100, 0xf0008bff, 0x1300b700, 0x00ba1d00, 0x00140000,
    0x39121115, 0x0000b800, 0x0a00b82f, 0x0000b8dc, 0x0d00b810, 0x373130dc, 0x011d1632, 0x07020e14, 0x37013e23, 0x013d012e, 0x2e9b3634, 0x271d1027,
    0x30226016, 0x271d210c, 0x16202ab7, 0x2e353a1d, 0x263e1e12, 0x161a2a06, 0x00002a20, 0x2600ffff, 0xdb018bff, 0x2600b700, 0x00006900, 0x69000700,
    0x0000eb00, 0x26000100, 0x0b013100, 0x0600ef01, 0x00ba1100, 0x00070005, 0x39121108, 0x0300b800, 0x3731302f, 0x17373527, 0xbae01707, 0x78782bba,
    0xa07ea031, 0x0083835c, 0x32000100, 0x17013100, 0x0600ef01, 0x00ba1100, 0x00070001, 0x39121108, 0x0300b800, 0x3f31302f, 0x17372701, 0x78320715,
    0xbaba2b78, 0x5c83838d, 0x00a07ea0, 0x2600ffff, 0xfc013100, 0x2600ef01, 0x00006b00, 0x6b000700, 0x0000f100, 0x3200ffff, 0x08023100, 0x2600ef01,
    0x00006c00, 0x6c000700, 0x0000f100, 0x47000200, 0xf90053ff, 0x05001902, 0x32001300, 0x000600ba, 0x11150014, 0x00b83912, 0x00b81006, 0xb800d003,
    0xb82f0000, 0x58450000, 0x2f0d00b8, 0x0d00b91b, 0x593e1b00, 0xdc0600b8, 0xdc0200b8, 0x35173130, 0x15133313, 0x3d262203, 0x33363401, 0x011d1632,
    0x2e520614, 0x304e2f3f, 0x30302929, 0xc2ad2929, 0xe4fe1c01, 0x2c1602c2, 0x2c201820, 0x2018202c, 0x0000002c, 0x47000200, 0xf900f4ff, 0x0500ba02,
    0x3f001300, 0x000600ba, 0x11150014, 0x00b83912, 0x00b81006, 0xb800d000, 0x58450000, 0x2f0200b8, 0x0200b91b, 0x593e1d00, 0x450000b8, 0x0600b858,
    0x00b91b2f, 0x3e130006, 0x0d00b859, 0x0000b8dc, 0x373130dc, 0x15333503, 0x26220703, 0x3634013d, 0x1d163233, 0x82061401, 0x212e9c2f, 0x30292930,
    0xdc292930, 0xc2c21c01, 0x2ce8e4fe, 0x2c201820, 0x2018202c, 0x0000002c, 0x1b000200, 0xe60147ff, 0x1c001902, 0x51002a00, 0x000000ba, 0x112c002b,
    0x00b83912, 0xb800d01d, 0x58450000, 0x2f2400b8, 0x2400b91b, 0x593e1b00, 0x000000bb, 0x00140006, 0x00b82b04, 0x00b81024, 0x00b8dc1d, 0x0741dc0b,
    0x0b00df00, 0x0b00ef00, 0x0b00ff00, 0xb85d0300, 0xb8dc0a00, 0x30d00d00, 0x2e220531, 0x3e343502, 0x33353702, 0x1d010e15, 0x33161401, 0x17373632,
    0x2203030e, 0x34013d26, 0x16323336, 0x0614011d, 0x55350401, 0x301c213e, 0x4f8c2340, 0x27242d4f, 0x097a0933, 0x294d3722, 0x30292930, 0xb9292930,
    0x2e4c361e, 0x2033442a, 0x03994806, 0x260e382f, 0x33253028, 0x1b2d3a1e, 0x202c2202, 0x2c2c2018, 0x2c201820, 0x0e000200, 0xd901f4ff, 0x1c00c602,
    0x5e002a00, 0x001100ba, 0x112c002b, 0x00b83912, 0x00b81011, 0xb800d01d, 0x58450000, 0x2f1100b8, 0x1100b91b, 0x593e1d00, 0x450000b8, 0x1d00b858,
    0x00b91b2f, 0x3e13001d, 0x2400b859, 0x1c00b8dc, 0x000541dc, 0x001c00d0, 0x001c00e0, 0x00b85d02, 0x00b8dc1b, 0x00b8d001, 0x00b91011, 0xf4060008,
    0x35373130, 0x013d013e, 0x22232634, 0x3e270706, 0x1e323303, 0x0e141502, 0x07150702, 0x013d2622, 0x32333634, 0x14011d16, 0x4f4f9e06, 0x3327242d,
    0x22097a09, 0x34334d37, 0x1c213e56, 0x44234030, 0x30292930, 0xe9292930, 0x382f0399, 0x3028260e, 0x391e3325, 0x361e1c2d, 0x442a2e4c, 0x48062033,
    0x18202cf5, 0x202c2c20, 0x002c2018, 0x25000100, 0x5f0176ff, 0x1200f802, 0x00ba1500, 0x0013000a, 0x39121114, 0x0500b800, 0x0e00b82f, 0x1331302f,
    0x37023e34, 0x1d010e33, 0x17161401, 0x25032e23, 0x26402e1b, 0x5e5d518b, 0x40248c50, 0x38011b2f, 0x5e738648, 0x80d34b21, 0x49d08546, 0x87755e1f,
    0xf3ff0100, 0x2d0176ff, 0x1200f802, 0x00ba1500, 0x00130009, 0x39121114, 0x0d00b800, 0x0600b82f, 0x0131302f, 0x07020e14, 0x3d013e23, 0x27263401,
    0x01031e33, 0x402f1b2d, 0x5e508c24, 0x268b515d, 0x011b2e40, 0x75874938, 0xd0491f5e, 0xd3804685, 0x735e214b, 0x00000086, 0x4d000100, 0x1c0176ff,
    0x0700f802, 0x00ba2900, 0x00080005, 0x39121109, 0x0100b800, 0x0000b82f, 0x0100b82f, 0x0400b910, 0xb8f40700, 0xb9100000, 0x07000500, 0x173130f4,
    0x23153311, 0x4d153311, 0x8a4646cf, 0xfd688203, 0x0000684e, 0x32000100, 0x010176ff, 0x0700f802, 0x00ba2500, 0x00080004, 0x39121109, 0x0700b800,
    0x0200b82f, 0x0300b92f, 0xb8f40700, 0xb9100700, 0x07000500, 0x013130f4, 0x33352311, 0x01352311, 0x4646cf01, 0x7efcf802, 0x68b20268, 0x13000100,
    0x420176ff, 0x2100f802, 0x00ba4100, 0x00220000, 0x39121123, 0x0f00b800, 0x0000b82f, 0x1900ba2f, 0x03001800, 0x1900b82b, 0x0700b810, 0x1800b8d0,
    0x0800b810, 0x0f00b8d0, 0x1200b910, 0xb8f40700, 0xb9100000, 0x07001f00, 0x173130f4, 0x013d2622, 0x35232634, 0x013d3632, 0x013b3634, 0x14152315,
    0x1507020e, 0x011d031e, 0x29d51533, 0x2a2a3738, 0x6d293837, 0x261c1145, 0x1c261515, 0x348a4511, 0x2d2ccb31, 0xca2c2d71, 0xd7683431, 0x17222b18,
    0x17040404, 0xd7182b22, 0x00000068, 0x32000100, 0x610176ff, 0x2100f802, 0x00ba4100, 0x0022000f, 0x39121123, 0x2100b800, 0x1000b82f, 0x1800ba2f,
    0x03001900, 0x1900b82b, 0x0700b810, 0x1800b8d0, 0x0800b810, 0x1000b8d0, 0x1100b910, 0xb8f40700, 0xb9102100, 0x07002000, 0x133130f4, 0x011d1632,
    0x15331614, 0x011d0622, 0x012b0614, 0x34353335, 0x3537023e, 0x013d032e, 0x299f3523, 0x2a2a3738, 0x6d293837, 0x261c1145, 0x1c261515, 0xf8024511,
    0x2cca3134, 0x2c2d712d, 0x683431cb, 0x222b18d8, 0x04040417, 0x182b2217, 0x000068d6, 0x03000100, 0xa70169ff, 0x0300e402, 0x00ba2200, 0x00040001,
    0x39121105, 0x0000b800, 0x0000b82f, 0x00b85845, 0xb91b2f01, 0x1f000100, 0x3130593e, 0x01330117, 0x7a2a0103, 0x0397d6fe, 0x0085fc7b, 0x24000100,
    0xc80169ff, 0x0300e402, 0x00ba2200, 0x00040002, 0x39121105, 0x0000b800, 0x0000b82f, 0x00b85845, 0xb91b2f01, 0x1f000100, 0x3130593e, 0x01330105,
    0xd6fe4e01, 0x972a017a, 0x85fc7b03, 0x0bff0100, 0x88010000, 0x0300ba02, 0xb8002500, 0x58450000, 0x2f0100b8, 0x0100b91b, 0x593e1d00, 0x450000b8,
    0x0000b858, 0x00b91b2f, 0x3e130000, 0x23313059, 0xf5013301, 0xfd6c1102, 0xfdba02ef, 0x00000046, 0x0bffffff, 0x88010000, 0x0602ba02, 0x00007b00,
    0x32000500, 0x9c03f4ff, 0x0300c602, 0x1d000f00, 0x37002900, 0x00bab100, 0x00380021, 0x39121139, 0x102100b8, 0xd00300b8, 0x102100b8, 0xd00d00b8,
    0x102100b8, 0xd01300b8, 0x102100b8, 0xd03500b8, 0x0000b800, 0x00b85845, 0xb91b2f01, 0x1d000100, 0x00b8593e, 0xb8584500, 0x1b2f0a00, 0x000a00b9,
    0xb8593e1d, 0x58450000, 0x2f0000b8, 0x0000b91b, 0x593e1300, 0x450000b8, 0x1e00b858, 0x00b91b2f, 0x3e13001e, 0x0400ba59, 0x00000a00, 0xb8391211,
    0xb92f0400, 0x07001000, 0x0a00b8f4, 0x1700b910, 0xbaf40700, 0x1e002400, 0x12110100, 0x2400b839, 0x1e00b82f, 0x2a00b910, 0xb8f40700, 0xb9102400,
    0x07003100, 0x333130f4, 0x03013301, 0x34352622, 0x16323336, 0x27061415, 0x013d3632, 0x22232634, 0x14011d06, 0x26220116, 0x33363435, 0x14151632,
    0x36322706, 0x2634013d, 0x1d062223, 0xb3161401, 0xfe84e401, 0x5c58511c, 0x5c58585c, 0x1a1a585c, 0x1a1a1a1a, 0x581c021a, 0x58585c5c, 0x1a585c5c,
    0x1a1a1a1a, 0xba021a1a, 0x3a0146fd, 0x64626264, 0x64626264, 0x342d2956, 0x2d29292d, 0xfe292d34, 0x62626464, 0x62626464, 0x2d295664, 0x29292d34,
    0x292d342d, 0x32000700, 0x3405f4ff, 0x0300c602, 0x1d000f00, 0x37002900, 0x51004300, 0x00baec00, 0x00520035, 0x39121153, 0x103500b8, 0xd00100b8,
    0x103500b8, 0xd00d00b8, 0x103500b8, 0xd01300b8, 0x103500b8, 0xd01e00b8, 0x103500b8, 0xd03b00b8, 0x103500b8, 0xd04f00b8, 0x0000b800, 0x00b85845,
    0xb91b2f0a, 0x1d000a00, 0x00b8593e, 0xb8584500, 0x1b2f0100, 0x000100b9, 0xb8593e1d, 0x58450000, 0x2f1e00b8, 0x1e00b91b, 0x593e1300, 0x450000b8,
    0x0000b858, 0x00b91b2f, 0x3e130000, 0x0000b859, 0x00b85845, 0xb91b2f38, 0x13003800, 0x00ba593e, 0x000a0004, 0x39121100, 0x2f0400b8, 0x001000b9,
    0x00b8f407, 0x00b9100a, 0xf4070017, 0x002400ba, 0x111e0001, 0x00b83912, 0x00b82f24, 0x00b9101e, 0xf407002a, 0x102400b8, 0x003100b9, 0x00b8f407,
    0x00b81024, 0x00b8d03e, 0x00b91038, 0xf4070044, 0x103100b8, 0xd04b00b8, 0x01333130, 0x22030133, 0x36343526, 0x15163233, 0x32270614, 0x34013d36,
    0x06222326, 0x1614011d, 0x35262201, 0x32333634, 0x06141516, 0x3d363227, 0x23263401, 0x011d0622, 0x22051614, 0x36343526, 0x15163233, 0x32270614,
    0x34013d36, 0x06222326, 0x1614011d, 0x84e401b3, 0x58511cfe, 0x58585c5c, 0x1a585c5c, 0x1a1a1a1a, 0x1c021a1a, 0x585c5c58, 0x585c5c58, 0x1a1a1a1a,
    0x011a1a1a, 0x5c5c58b2, 0x5c5c5858, 0x1a1a1a58, 0x1a1a1a1a, 0x46fdba02, 0x62643a01, 0x62646462, 0x29566462, 0x292d342d, 0x2d342d29, 0x6464fe29,
    0x64646262, 0x56646262, 0x2d342d29, 0x342d2929, 0x6456292d, 0x64646262, 0x56646262, 0x2d342d29, 0x342d2929, 0x0000292d, 0x8a000100, 0x080176ff,
    0x0300f802, 0x00ba1500, 0x00040000, 0x39121105, 0x0100b800, 0x0000b82f, 0x1731302f, 0x8a113311, 0x82038a7e, 0x00007efc, 0x8a000200, 0x080176ff,
    0x0300f802, 0x25000700, 0x000400ba, 0x11090008, 0x00b83912, 0x00b81004, 0xb800d000, 0xb82f0100, 0xba2f0400, 0x00000500, 0x302b0300, 0x33111331,
    0x33110311, 0x7e7e8a11, 0x0191017e, 0xfd99fe67, 0xfe6701e5, 0x00000099, 0x32000200, 0x07025fff, 0x3d00c602, 0x7a005000, 0x001200ba, 0x11520051,
    0x00b83912, 0x00b81012, 0xb800d04a, 0xb82f0500, 0x58450000, 0x2f2400b8, 0x2400b91b, 0x593e1d00, 0x100500b8, 0x000c00b9, 0x00b8f406, 0x00b91024,
    0xf406002b, 0x001200ba, 0x1105002b, 0x00ba3912, 0x00240031, 0x3912110c, 0x004400ba, 0x1105002b, 0x00ba3912, 0x0031001c, 0x39121144, 0x004e00ba,
    0x110c002b, 0x00ba3912, 0x0012003b, 0x3912114e, 0x14253130, 0x2223020e, 0x1e372726, 0x36323301, 0x2f263435, 0x35032e01, 0x35373634, 0x3435012e,
    0x3233023e, 0x2e071716, 0x06222301, 0x1f161415, 0x15031e01, 0x15070614, 0x3427011e, 0x26012f26, 0x15010e27, 0x011f1614, 0x3e17011e, 0x20e80101,
    0x34305039, 0x1a482b68, 0x32292740, 0x2a4d2d2a, 0x340f233a, 0x202a2337, 0x362f5039, 0x1a492c67, 0x33262c3d, 0x2a4d2d2a, 0x340f243a, 0x5c2a2338,
    0x124c3020, 0x2013110e, 0x11084c30, 0x0d121108, 0x182d4029, 0x1a582820, 0x1c1f201d, 0x0c150c1f, 0x162b2720, 0x1117482b, 0x292f4517, 0x1f162b3f,
    0x1d1a5829, 0x1e1a201b, 0x210c150c, 0x2b162c27, 0x17101748, 0x2b1ac945, 0x0505150e, 0x19172914, 0x02150e2a, 0x28140306, 0x1f000100, 0x70026bff,
    0x1300ba02, 0x00ba3c00, 0x00140012, 0x39121115, 0x1300b800, 0x0000b82f, 0x00b85845, 0xb91b2f0a, 0x1d000a00, 0x00b9593e, 0xf4060011, 0xdc0000b8,
    0x101100b8, 0xd00d00b8, 0x101300b8, 0xd00f00b8, 0x22133130, 0x3435022e, 0x2133023e, 0x23112315, 0x23112311, 0x394d2cf2, 0x4d392121, 0x427e012c,
    0x016d626d, 0x503b2304, 0x3b502d2d, 0x1bfd6a23, 0x1bfde502, 0x30000300, 0xe802f4ff, 0x1300c602, 0x4a002900, 0x00ba8d00, 0x004b0000, 0x3912114c,
    0xd01400b8, 0x100000b8, 0xd02a00b8, 0x0000b800, 0x00b85845, 0xb91b2f0a, 0x1d000a00, 0x00b8593e, 0xb8584500, 0x1b2f0000, 0x000000b9, 0xb8593e13,
    0xb8dc1400, 0xb8100a00, 0xb8dc1f00, 0xb8101400, 0x41dc2a00, 0x009f0003, 0x5d01002a, 0x101f00b8, 0xdc3400b8, 0x90000341, 0x01003400, 0x3b00b95d,
    0xb8f40500, 0xb9102a00, 0x05004200, 0x3800baf4, 0x42003b00, 0xba391211, 0x3b004500, 0x12114200, 0x05313039, 0x35022e22, 0x33023e34, 0x15021e32,
    0x27020e14, 0x3d023e32, 0x022e3401, 0x020e2223, 0x1e14011d, 0x2e223702, 0x3e343502, 0x16323302, 0x012e0717, 0x1d062223, 0x33161401, 0x17373632,
    0x8c01030e, 0x345c804c, 0x4c805c34, 0x345c804c, 0x4c805c34, 0x2949643c, 0x3c644929, 0x2949643c, 0x43644929, 0x1c364d31, 0x314d361c, 0x64145849,
    0x2121240c, 0x21212626, 0x0b650d2a, 0x0c3d2e1f, 0x54855e32, 0x325e8554, 0x54855e32, 0x325e8554, 0x60462940, 0x61374438, 0x46292946, 0x38443761,
    0x52294660, 0x314f381f, 0x1f384f31, 0x1a30333e, 0x50212720, 0x19212721, 0x2029172f, 0x00000012, 0x1e000400, 0xb2012a01, 0x1300c602, 0x37002900,
    0x9f003f00, 0x000000ba, 0x11410040, 0x00b83912, 0x00b8d014, 0x00b81000, 0x00b8d036, 0x00b81000, 0xb800d038, 0x58450000, 0x2f0a00b8, 0x0a00b91b,
    0x593e1d00, 0x001f00b9, 0x00baf40b, 0x0014002b, 0x3912111f, 0x2b00b87c, 0x00ba182f, 0x002b0014, 0x39121140, 0x2f1400b8, 0x1f000341, 0x01001400,
    0x0000b971, 0xbaf40b00, 0x1f002c00, 0x12111400, 0x2c00b839, 0x3e00b92f, 0xbaf40b00, 0x3e003f00, 0x12112b00, 0x3f00b839, 0x3700b92f, 0xbaf40b00,
    0x3f003300, 0x12113700, 0x2b00b839, 0x3500b810, 0x133130d0, 0x35022e22, 0x33023e34, 0x15021e32, 0x27020e14, 0x3d023e32, 0x022e3401, 0x020e2223,
    0x1e14011d, 0x35233702, 0x15163233, 0x17070614, 0x37232723, 0x34013d32, 0xe815012b, 0x1f374a2a, 0x2a4a371f, 0x1f374a2a, 0x2a4a371f, 0x1828361e,
    0x1e362818, 0x1828361e, 0x07362818, 0x262a6640, 0x452b1114, 0x1c191720, 0x2a01191c, 0x2c4c371f, 0x1f374c2c, 0x2c4c371f, 0x1f374c2c, 0x3525132f,
    0x35222022, 0x25131325, 0x22202235, 0x37132535, 0x191e28d1, 0x3d490821, 0x1707172f, 0x00000035, 0x18000200, 0x32029901, 0x0700ba02, 0x94001800,
    0x001600ba, 0x111a0019, 0x00b83912, 0x00b81016, 0xb800d005, 0x58450000, 0x2f0300b8, 0x0300b91b, 0x593e1d00, 0x450000b8, 0x0900b858, 0x00b91b2f,
    0x3e1d0009, 0x0000b859, 0x00b85845, 0xb91b2f0d, 0x1d000d00, 0x00b8593e, 0x00b91003, 0xf40b0002, 0xdc0000b8, 0x9f000741, 0xaf000000, 0xbf000000,
    0x03000000, 0x00034171, 0x000000f0, 0x00b85d01, 0x00b81002, 0x00b8d006, 0x00b81000, 0x00b8d008, 0x00b8d010, 0x00b8100d, 0x00b8d013, 0x00b81009,
    0x3130d016, 0x35233513, 0x15231533, 0x17331133, 0x11333733, 0x23373523, 0x17232707, 0xdb435b15, 0x375a6042, 0x47543606, 0x4e4d0408, 0x99010904,
    0xe43d3de4, 0x6b6b2101, 0x5e5fdffe, 0x5f5e9191, 0x2e000200, 0x95014401, 0x1f00c002, 0xb7002a00, 0x001a00ba, 0x112c002b, 0x00b83912, 0x00b8101a,
    0xb800d020, 0x58450000, 0x2f1a00b8, 0x1a00b91b, 0x593e1d00, 0x000800ba, 0x112b001a, 0x00b83912, 0x03412f08, 0x08001f00, 0x41710100, 0x006f0005,
    0x007f0008, 0x71020008, 0x9f000341, 0x01000800, 0x00034171, 0x000800bf, 0x00b85d01, 0x00b8d001, 0x00b91008, 0xf40d0026, 0x101a00b8, 0x001300b9,
    0x00baf40d, 0x00260005, 0x39121113, 0x000e00ba, 0x1108001a, 0x00b83912, 0x05412f0e, 0x0e00c000, 0x0e00d000, 0xba5d0200, 0x13001600, 0x12110e00,
    0x0100b839, 0x1e00b910, 0xb8f40d00, 0xb9100e00, 0x0a002000, 0x013130f4, 0x27262223, 0x23010e23, 0x34352622, 0x35013b36, 0x22232634, 0x3e270706,
    0x16323301, 0x2733011d, 0x14011d22, 0x36323316, 0x9501013d, 0x052b193c, 0x29390a04, 0x4e523f33, 0x20231c38, 0x12380e29, 0x53483c4d, 0x1d3ec427,
    0x01241a18, 0x23251b4a, 0x39343923, 0x20211336, 0x20321419, 0xa2454427, 0x140e2b53, 0x2c1a1a13, 0x26000200, 0x8c014401, 0x0b00c002, 0x5b001900,
    0x000000ba, 0x111b001a, 0x00b83912, 0xb800d00c, 0x58450000, 0x2f0600b8, 0x0600b91b, 0x593e1d00, 0x001300b9, 0x00baf40d, 0x00130000, 0x3912111a,
    0x2f0000b8, 0x9f000341, 0x01000000, 0x00054171, 0x0000006f, 0x0000007f, 0x03417102, 0x00001f00, 0xb9710100, 0x0d000c00, 0x133130f4, 0x34352622,
    0x16323336, 0x27061415, 0x013d3632, 0x22232634, 0x14011d06, 0x5e55d916, 0x5e55555e, 0x2622555e, 0x26222226, 0x66440126, 0x66665858, 0x4e665858,
    0x2a3a2a29, 0x3a2a2929, 0x0000292a, 0x32000200, 0xa4014e01, 0x1300c602, 0x3c001f00, 0x000000ba, 0x11210020, 0x00b83912, 0xb800d014, 0x58450000,
    0x2f0a00b8, 0x0a00b91b, 0x593e1d00, 0x001a00b9, 0x00baf405, 0x001a0000, 0x39121120, 0x2f0000b8, 0x001400b9, 0x3130f405, 0x022e2213, 0x023e3435,
    0x021e3233, 0x020e1415, 0x35363227, 0x22232634, 0x16141506, 0x324427eb, 0x44321c1c, 0x32442727, 0x44321c1c, 0x2e2e2627, 0x2e2e2626, 0x331c4e01,
    0x45282944, 0x331c1c33, 0x44292845, 0x355f1c33, 0x35352828, 0x00352828, 0x24000100, 0xe8005a01, 0x0300ba02, 0x00ba1e00, 0x00040003, 0x39121105,
    0x0000b800, 0x00b85845, 0xb91b2f01, 0x1d000100, 0x3130593e, 0x0333011b, 0x3e863e24, 0x60015a01, 0x0000a0fe, 0x2400ffff, 0xc9015a01, 0x2600ba02,
    0x00008900, 0x89000700, 0x0000e100, 0x20000100, 0x3902ee00, 0x0e00eb02, 0x00ba1e00, 0x000f000e, 0x39121110, 0x0000b800, 0x00b85845, 0xb91b2f06,
    0x1f000600, 0x3130593e, 0x27372737, 0x33271737, 0x07173707, 0xc0270717, 0x27b77f68, 0x098109ae, 0x7eb727ae, 0x46ee6c68, 0x49723799, 0x7249bebe,
    0xa2459937, 0x1a000100, 0xf00138ff, 0x0b00e402, 0x00ba4b00, 0x000c0000, 0x3912110d, 0x0300b800, 0x0700b82f, 0x0000b82f, 0x00b85845, 0xb91b2f05,
    0x1f000500, 0x00b8593e, 0xb8584500, 0x1b2f0000, 0x000000b9, 0xb8593e15, 0xb9100300, 0x07000200, 0x0700b8f4, 0x0a00b910, 0x30f40700, 0x23111731,
    0x33353335, 0x23153315, 0xacacc611, 0xc8acac7e, 0xe06c6002, 0xa0fd6ce0, 0x24000100, 0xfa0138ff, 0x1300e402, 0x00ba6900, 0x00140001, 0x39121115,
    0x0300b800, 0x0b00b82f, 0x0700b82f, 0x0000b82f, 0x00b85845, 0xb91b2f09, 0x1f000900, 0x00b8593e, 0xb8584500, 0x1b2f0000, 0x000000b9, 0xb8593e15,
    0xb9100300, 0x07000200, 0x0700b8f4, 0x0600b910, 0xb8f40700, 0xb9100b00, 0x07000e00, 0x0300b8f4, 0x0f00b810, 0x0200b8d0, 0x1200b810, 0x173130d0,
    0x33352335, 0x33352311, 0x33153335, 0x33112315, 0xd0152315, 0xacacacac, 0xacacac7e, 0x6ce0c8ac, 0xe06c1401, 0xecfe6ce0, 0x0000e06c, 0x0b000200,
    0x6d020000, 0x1b00ba02, 0xb6001f00, 0x001b00ba, 0x11210020, 0x00b83912, 0x00b8101b, 0xb800d01c, 0x58450000, 0x2f0c00b8, 0x0c00b91b, 0x593e1d00,
    0x450000b8, 0x1000b858, 0x00b91b2f, 0x3e1d0010, 0x0000b859, 0x00b85845, 0xb91b2f0a, 0x1b000a00, 0x00b8593e, 0xb8584500, 0x1b2f0300, 0x000300b9,
    0xb8593e13, 0x58450000, 0x2f1b00b8, 0x1b00b91b, 0x593e1300, 0x100300b8, 0xdc0500b8, 0xd00100b8, 0x100500b8, 0x000600b9, 0x00b8f407, 0x00b9100a,
    0xf4070009, 0x100a00b8, 0xd00e00b8, 0xd01200b8, 0x100900b8, 0xd01e00b8, 0xd01500b8, 0x100600b8, 0xd01f00b8, 0xd01600b8, 0x100100b8, 0xd01900b8,
    0x23253130, 0x23372307, 0x23373335, 0x33373335, 0x33373307, 0x23153307, 0x23153307, 0x37132307, 0x6e010723, 0x1e5e1ea0, 0x651d7565, 0x1e5d1e75,
    0x1e5e1ea0, 0x651d7565, 0x2d5d1e75, 0xad1ea01e, 0xac5aadad, 0xadadad5a, 0x5aac5aad, 0xac0701ad, 0x000000ac, 0x2a000100, 0x2f021501, 0x0700ba02,
    0x00ba2200, 0x00080001, 0x39121109, 0x0000b800, 0x00b85845, 0xb91b2f05, 0x1d000500, 0x00b8593e, 0x3130d002, 0x03230301, 0x13331327, 0x068cb801,
    0x78c8708c, 0x011501c5, 0x39fcfe04, 0x94fe6c01, 0x35000100, 0x2302d400, 0x19009001, 0x00ba4900, 0x001a0003, 0x3912111b, 0x1300bb00, 0x00000600,
    0xb82b0400, 0xb8100000, 0xbadc0600, 0x06000900, 0x12110000, 0x00b87d39, 0xb8182f09, 0xb9100600, 0x06000d00, 0x1600baf4, 0x13000d00, 0x7c391211,
    0x2f1600b8, 0x25313018, 0x2e272622, 0x06222301, 0x013e2707, 0x17163233, 0x3233011e, 0x0e173736, 0x25a00101, 0x341b2138, 0x1621171f, 0x31401231,
    0x1b213825, 0x21171f34, 0x40123116, 0x0e1113d4, 0x540e0d13, 0x1113241a, 0x0e0d130e, 0x00241a54, 0x43000100, 0x15023f00, 0x0b002502, 0x00ba2700,
    0x000c0000, 0x3912110d, 0x0200bb00, 0x03000600, 0xb82b0400, 0xb8100300, 0xb8d00700, 0xb8100200, 0x30d00a00, 0x23353731, 0x33353335, 0x23153315,
    0xa9a9ec15, 0x3fa9a980, 0xb8b876b8, 0x0000b876, 0x43000100, 0x1502f700, 0x03006d01, 0x00ba1700, 0x00040000, 0x39121105, 0x0000bb00, 0x01000600,
    0x302b0400, 0x21353731, 0xd2014315, 0x007676f7, 0x43000200, 0x15020000, 0x0b007b02, 0x4a000f00, 0x000000ba, 0x11110010, 0x00b83912, 0xb800d00c,
    0x58450000, 0x2f0c00b8, 0x0c00b91b, 0x593e1300, 0x000200bb, 0x00030006, 0x00b82b04, 0x00b9100c, 0xf406000d, 0xdc0000b8, 0x100300b8, 0xd00700b8,
    0x100200b8, 0xd00a00b8, 0x35373130, 0x35333523, 0x15331533, 0x35051523, 0xa9ec1521, 0xa9a980a9, 0xd201d7fe, 0xa577a7b8, 0xb8a777a5, 0x00007777,
    0x4f000100, 0x09024700, 0x0b000f02, 0x00ba1e00, 0x000c0000, 0x3912110d, 0x0000b800, 0x00b85845, 0xb91b2f05, 0x1b000500, 0x3130593e, 0x37270725,
    0x37173727, 0x07170717, 0x528b2c01, 0x8b528b8b, 0x8b8b528b, 0x5292d952, 0x92529292, 0x92925292, 0x00000052, 0x43000300, 0x14021c00, 0x03004602,
    0x1f001100, 0x00ba3f00, 0x00200004, 0x39121121, 0x100400b8, 0xd00300b8, 0x100400b8, 0xd01200b8, 0x0000bb00, 0x01000600, 0xb82b0400, 0xb8100000,
    0xb8dc0b00, 0xb8dc0400, 0xb8100100, 0xb8dc1200, 0x30dc1900, 0x21353731, 0x26220715, 0x3634013d, 0x1d163233, 0x03061401, 0x013d2622, 0x32333634,
    0x14011d16, 0xd1014306, 0x28282fe8, 0x28282f2f, 0x28282f2f, 0x28282f2f, 0xdb7676f7, 0x1c181c29, 0x181c2929, 0x8801291c, 0x1c181c29, 0x181c2929,
    0x0000291c, 0x43000200, 0x15028200, 0x0300e001, 0x29000700, 0x000400ba, 0x11090008, 0x00b83912, 0x00b81004, 0xbb00d000, 0x06000000, 0x04000100,
    0x0400bb2b, 0x05000600, 0x302b0400, 0x21351331, 0x21350515, 0xd2014315, 0xd2012efe, 0x76766a01, 0x007676e8, 0x3500ffff, 0x23026000, 0x26020402,
    0x8c009000, 0x90000600, 0x00007400, 0x43000100, 0x15022500, 0x13003f02, 0x00ba4100, 0x00140008, 0x39121115, 0x0600bb00, 0x07000600, 0xbb2b0400,
    0x06000200, 0x04000300, 0x0700b82b, 0x0b00b810, 0x0600b8d0, 0x0e00b810, 0x0300b8d0, 0x0f00b810, 0x0200b8d0, 0x1200b810, 0x3f3130d0, 0x33352301,
    0x21352337, 0x33073337, 0x33072315, 0x5d072115, 0x3d8a4c32, 0x330401c7, 0x8d50337e, 0xf7fecb3e, 0x745d2532, 0x5f5f7476, 0x5d747674, 0x67000100,
    0xf101feff, 0x07005c02, 0x00ba2200, 0x00080005, 0x39121109, 0x0200b800, 0x0000b82f, 0x00b85845, 0xb91b2f07, 0x13000700, 0x3130593e, 0x15013513,
    0x15171507, 0xee8a0167, 0x570201ee, 0x96950301, 0x00969607, 0x67000100, 0xf101feff, 0x07005c02, 0x00ba2200, 0x00080001, 0x39121109, 0x0400b800,
    0x0000b82f, 0x00b85845, 0xb91b2f07, 0x13000700, 0x3130593e, 0x2735013f, 0x01150135, 0x01eeee67, 0x9476fe8a, 0x95960796, 0xfe57fefe, 0x000000fb,
    0x67000200, 0xf1010000, 0x03006102, 0x34000b00, 0x000600ba, 0x110d000c, 0x00b83912, 0x00b81006, 0xb800d000, 0xb82f0b00, 0x58450000, 0x2f0000b8,
    0x0000b91b, 0x593e1300, 0x000100b9, 0x00b8f406, 0x3130dc08, 0x15213533, 0x17150711, 0x25352515, 0xda8a0167, 0x0176feda, 0x0174748a, 0x5e075fd8,
    0xbf5abd89, 0x67000200, 0xf1010000, 0x07006102, 0x34000b00, 0x000100ba, 0x110d000c, 0x00b83912, 0x00b81001, 0xb800d00b, 0xb82f0400, 0x58450000,
    0x2f0b00b8, 0x0b00b91b, 0x593e1300, 0x000800b9, 0x00b8f406, 0x3130dc07, 0x27353713, 0x05150535, 0x21152115, 0x01dada67, 0x0176fe8a, 0x0176fe8a,
    0x5e075f14, 0xbf5abd89, 0x00007417, 0x5b00ffff, 0x0b01d500, 0x06028901, 0x00009e00, 0x5b000100, 0x0b01d500, 0x0d008901, 0x00ba1500, 0x000e0000,
    0x3912110f, 0x0000ba00, 0x03000700, 0x3731302b, 0x013d2622, 0x32333634, 0x14011d16, 0x2b2db306, 0x2b2d2d2b, 0x232dd52b, 0x2d2d2314, 0x2d231423,
    0x4d00ffff, 0xfd006401, 0x07001802, 0x0a005d00, 0x00006f01, 0x3e000100, 0x70019600, 0x1500c001, 0x00ba1500, 0x00160000, 0x39121117, 0x0000ba00,
    0x03000b00, 0x3731302b, 0x3d022e22, 0x023e3401, 0x021e3233, 0x0e14011d, 0x3a2ad702, 0x24111124, 0x3a2a2a3a, 0x24111124, 0x2314963a, 0x1c241c30,
    0x14142330, 0x241c3023, 0x1423301c, 0x4d00ffff, 0xfd006c00, 0x26004e02, 0x770a5d00, 0x5d000700, 0xa5010a00, 0x35000200, 0x23020000, 0x0500ba02,
    0x47000b00, 0x000b00ba, 0x110d000c, 0x00b83912, 0x00b8100b, 0xb800d000, 0x58450000, 0x2f0200b8, 0x0200b91b, 0x593e1d00, 0x450000b8, 0x0000b858,
    0x00b91b2f, 0x3e130000, 0x0200b859, 0x0900b810, 0x0000b8d0, 0x0b00b810, 0x213130d0, 0x13331303, 0x27372703, 0x01170723, 0x54cdcd02, 0x7127cdcd,
    0x71710671, 0x5d015d01, 0xa3fea3fe, 0xcecece8f, 0x000000ce, 0x34000100, 0x15024e00, 0x05006d01, 0x00ba1700, 0x00060000, 0x39121107, 0x0200bb00,
    0x03000600, 0x302b0400, 0x21352531, 0x01112135, 0x0198fe9c, 0x76a94ee1, 0x0000e1fe, 0x0e000100, 0x49020000, 0x0b00ba02, 0x00ba5200, 0x000c0007,
    0x3912110d, 0x0000b800, 0x00b85845, 0xb91b2f03, 0x1b000300, 0x00b8593e, 0xb8584500, 0x1b2f0900, 0x000900b9, 0xb8593e1d, 0x58450000, 0x2f0000b8,
    0x0000b91b, 0x593e1300, 0x100300b8, 0x000200b9, 0x00b8f406, 0x00b81000, 0x3130d006, 0x35230333, 0x33011f33, 0x03331337, 0xaa4c75cf, 0x2d082d40,
    0x01ca7b74, 0xb0e27c91, 0xfd8f01b0, 0x00000046, 0x23000100, 0x9d0138ff, 0x1100e402, 0x00ba3f00, 0x0012000b, 0x39121113, 0x0000b800, 0x00b85845,
    0xb91b2f07, 0x1f000700, 0x00b8593e, 0xb8584500, 0x1b2f1100, 0x001100b9, 0xb9593e15, 0x06000000, 0x0700b8f4, 0x0a00b910, 0x30f40600, 0x11331731,
    0x3b023e34, 0x11231501, 0x2b020e14, 0x13732301, 0x6a283b27, 0x3b271373, 0x02556a28, 0x283721a3, 0x5dfd7316, 0x16283721, 0x16000300, 0x02035500,
    0x1d00ef01, 0x3b002c00, 0x00ba6500, 0x003c0018, 0x3912113d, 0x101800b8, 0xd02100b8, 0x101800b8, 0xd03700b8, 0x2600bb00, 0x06000600, 0xbb2b0400,
    0x06000000, 0x04001e00, 0x0900ba2b, 0x00002600, 0xb8391211, 0xb8100600, 0xb8d00f00, 0xb8100000, 0xbad01500, 0x1e001900, 0x12110600, 0x1e00b839,
    0x2d00b810, 0x2600b8d0, 0x3400b810, 0x373130d0, 0x34352622, 0x16323336, 0x033e3317, 0x15163233, 0x22230614, 0x0e232726, 0x36322703, 0x23032e37,
    0x011d0622, 0x32211614, 0x34013d36, 0x06222326, 0xdf031e07, 0x5e6b6b5e, 0x06196643, 0x322a1b02, 0x6b6b5e19, 0x1966435e, 0x2a1b0206, 0x3f2b1932,
    0x1d16080b, 0x26221525, 0x227c0126, 0x2b222626, 0x17070b3f, 0x6c55251d, 0x3d6c6161, 0x24321e4b, 0x61616c14, 0x1e4b3d6c, 0x71142432, 0x26141f31,
    0x292a111d, 0x2a2a2912, 0x2a291229, 0x26141f31, 0x0000111d, 0x1e000200, 0xac02f4ff, 0x1c00c602, 0x5f002500, 0x000c00ba, 0x11270026, 0x00b83912,
    0x00b8100c, 0xb800d021, 0x58450000, 0x2f1600b8, 0x1600b91b, 0x593e1d00, 0x450000b8, 0x0c00b858, 0x00b91b2f, 0x3e13000c, 0x0300b859, 0x1600b8dc,
    0x2100b810, 0x1c00badc, 0x0c002100, 0xb8391211, 0xba2f1c00, 0x1c000600, 0x12110300, 0x2500b839, 0x373130dc, 0x3233011e, 0x0e173736, 0x2e222303,
    0x3e343502, 0x1e323302, 0x25211502, 0x23012e35, 0x15070622, 0x2c461dd6, 0x3724765a, 0x5c4c3a14, 0x58774735, 0x77583131, 0x58784647, 0x012afe31,
    0x2c461d1e, 0x581d462c, 0x43521512, 0x30412620, 0x855e331b, 0x5e865253, 0x865e3333, 0x11ce3a52, 0xce111616, 0x10000200, 0x1402f4ff, 0x2300f002,
    0x73002e00, 0x001100ba, 0x1130002f, 0x00b83912, 0x00b81011, 0xb800d028, 0x58450000, 0x2f1100b8, 0x1100b91b, 0x593e1f00, 0x450000b8, 0x0000b858,
    0x00b91b2f, 0x3e130000, 0x1100b859, 0x2400b910, 0xbaf40600, 0x24000600, 0x12110000, 0x0000b839, 0x1d00b910, 0xbaf40600, 0x11000b00, 0x12111d00,
    0x1900ba39, 0x00002400, 0xba391211, 0x11002800, 0x12111d00, 0x05313039, 0x3d022e22, 0x3e270701, 0x34353701, 0x3233023e, 0x0e141516, 0x14150702,
    0x36323316, 0x010e1737, 0x1d062203, 0x3d013e01, 0x01263401, 0x3546283a, 0x1b40291e, 0x311c1037, 0x5d582643, 0x3854371c, 0x2b1c1b1f, 0x6a1d781d,
    0x261d1161, 0x180c1831, 0x03283f2c, 0x260f671b, 0x4f38f30b, 0x59661731, 0x504f532f, 0x2126292c, 0x4c3d3c2b, 0x2079025e, 0x5322ac27, 0x1e200a36,
    0x4d000400, 0xff030000, 0x0b00c602, 0x27001900, 0xc5002b00, 0x001100ba, 0x112d002c, 0x00b83912, 0x00b81011, 0x00b8d003, 0x00b81011, 0x00b8d025,
    0x00b81011, 0xb800d028, 0x58450000, 0x2f0d00b8, 0x0d00b91b, 0x593e1d00, 0x450000b8, 0x1200b858, 0x00b91b2f, 0x3e1d0012, 0x0000b859, 0x00b85845,
    0xb91b2f06, 0x1d000600, 0x00b8593e, 0xb8584500, 0x1b2f0c00, 0x000c00b9, 0xb8593e13, 0x58450000, 0x2f1500b8, 0x1500b91b, 0x593e1300, 0x001a00ba,
    0x11150006, 0xb87c3912, 0x182f1a00, 0x000000b9, 0x00b8f407, 0x00b81015, 0x00b8d010, 0x00b8100d, 0x00b8d018, 0x00b91006, 0xf4070021, 0x100000b8,
    0xdc2900b8, 0x0f000541, 0x1f002900, 0x02002900, 0x2800b971, 0x30f40700, 0x26220131, 0x33363435, 0x14151632, 0x33110106, 0x11331713, 0x03231133,
    0x01112327, 0x013d3632, 0x22232634, 0x14011d06, 0x21350716, 0x4f590315, 0x4f4f5757, 0xa5fc5757, 0x0343a5a6, 0x43a5a68f, 0x1c7d0203, 0x1c1c2020,
    0x01832020, 0x5c66013e, 0x5c5c5454, 0xfe5c5454, 0xfeba029a, 0xd80198c0, 0x400146fd, 0x0128fe98, 0x362224b5, 0x22242422, 0xdb242236, 0x00004f4f,
    0x26000200, 0x2402f4ff, 0x1b00ba02, 0x5d002900, 0x001c00ba, 0x112b002a, 0x00b83912, 0x00b8101c, 0xb800d005, 0x58450000, 0x2f1600b8, 0x1600b91b,
    0x593e1d00, 0x450000b8, 0x0500b858, 0x00b91b2f, 0x3e130005, 0x1c00b959, 0xbaf40600, 0x16000f00, 0x12111c00, 0x00b87d39, 0xb9182f0f, 0x06002300,
    0x1200baf4, 0x0f002300, 0x30391211, 0x0e140131, 0x2e222302, 0x3e343502, 0x16323302, 0x012e3717, 0x031e3327, 0x3d363203, 0x23263401, 0x011d0622,
    0x24021614, 0x385d4325, 0x23435f3c, 0x2d48331b, 0x09184b37, 0xd97d9a1c, 0x2944572e, 0x363630ff, 0x36363030, 0x6c4a1201, 0x45252246, 0x5c383e63,
    0x2d352441, 0x458a5104, 0x83694f1d, 0x393e00ff, 0x3e3e3938, 0x3e393839, 0x0a000200, 0x6a022d00, 0x1f008d02, 0x88002d00, 0x000000ba, 0x112f002e,
    0x00b83912, 0xb800d020, 0x412f1000, 0x00200003, 0x5d010010, 0x000000ba, 0x112e0010, 0x00b83912, 0x00b82f00, 0x00b91010, 0xf4060027, 0x000300ba,
    0x11270000, 0x00b83912, 0x00b81003, 0x00b8d006, 0x00b91000, 0xf4060020, 0x000d00ba, 0x11200010, 0x00b83912, 0x00b8100d, 0x00bad00a, 0x00100013,
    0x39121120, 0x101300b8, 0xd01600b8, 0x001d00ba, 0x11270000, 0x00b83912, 0x00b8101d, 0x3130d01a, 0x27262225, 0x26372707, 0x27373435, 0x013e1737,
    0x17163233, 0x16071737, 0x17071415, 0x010e2707, 0x3d363227, 0x23263401, 0x011d0622, 0x3a011614, 0x5b1a4426, 0x20205b51, 0x1a5b515b, 0x44262644,
    0x5b515b1a, 0x515b2020, 0x26441a5b, 0x2e33332e, 0x6b33332e, 0x505c0e10, 0x4e4e375b, 0x5c505b37, 0x0e10100e, 0x375b505c, 0x5b374e4e, 0x100e5c50,
    0x3833386b, 0x33383833, 0x00383338, 0x29000200, 0x04028eff, 0x1a007602, 0x6f002200, 0x001e00ba, 0x11240023, 0x00b83912, 0x00b8101e, 0xb800d001,
    0x58450000, 0x2f0700b8, 0x0700b91b, 0x593e1b00, 0x450000b8, 0x0100b858, 0x00b91b2f, 0x3e130001, 0x0000b859, 0x0700b8dc, 0x0800b810, 0x0700b8dc,
    0x0a00b810, 0x0700b8d0, 0x1f00b910, 0xb8f40600, 0xb8d01100, 0xb9100100, 0x06001e00, 0x1200b8f4, 0x0100b8d0, 0x1900b810, 0x173130d0, 0x35012e35,
    0x35373634, 0x011e1533, 0x012e0717, 0x013e1127, 0x010e1737, 0x14031507, 0x0e111716, 0x5eed1501, 0x6e5d6766, 0x6a164e3d, 0x1a171f0a, 0x17690c23,
    0x21a53f53, 0x72212020, 0x6d8a126b, 0x6b118b6d, 0x30400a6a, 0x0924163a, 0x2509cdfe, 0x41303b17, 0x4a016a09, 0x010d3928, 0x28390d30, 0x32000100,
    0x5602f4ff, 0x2700c602, 0x00bac200, 0x00280000, 0x39121129, 0x0000b800, 0x00b85845, 0xb91b2f0a, 0x1d000a00, 0x00b8593e, 0xb8584500, 0x1b2f0000,
    0x000000b9, 0xb8593e13, 0xb9100a00, 0x06001300, 0x1900baf4, 0x00000a00, 0xb8391211, 0x412f1900, 0x000f0003, 0x71010019, 0xcf000341, 0x01001900,
    0x00034171, 0x001900ff, 0x03417101, 0x19002f00, 0x41710100, 0x005f0005, 0x006f0019, 0x5d020019, 0x2f000541, 0x3f001900, 0x02001900, 0x1600b95d,
    0xbaf40100, 0x13001000, 0x12111600, 0x1900b839, 0x1a00b910, 0x41f40200, 0x000f0003, 0x5d01001a, 0x001d00b9, 0x00b8f401, 0x00b91000, 0xf4060020,
    0x002200ba, 0x1120001d, 0x31303912, 0x022e2205, 0x023e3435, 0x021e3233, 0x012e0717, 0x07062223, 0x15231533, 0x1e231533, 0x37323301, 0x01030e17,
    0x51714464, 0x71512c2c, 0x36493244, 0x166d1027, 0x4b302c39, 0xeeeee60f, 0x324a0ee6, 0x0f6d3055, 0x0c4d3b29, 0x56865c31, 0x315c8755, 0x162c2115,
    0x3e27274f, 0x5a445a36, 0x50553b39, 0x16242d17, 0x05000100, 0xd8017aff, 0x1500ba02, 0x00ba5000, 0x00160011, 0x39121117, 0x1500b800, 0x0000b82f,
    0x00b85845, 0xb91b2f09, 0x1d000900, 0x00bb593e, 0x00060003, 0x2b040004, 0x101500b8, 0x000000b9, 0x00b8f406, 0x00b91009, 0xf406000c, 0x100400b8,
    0xd00d00b8, 0x100300b8, 0xd01000b8, 0x33173130, 0x33372313, 0x3b013e37, 0x07230701, 0x07230733, 0x012b010e, 0x6a1c7311, 0x07126a0c, 0x0c6e5055,
    0x0a7d1677, 0x5407187f, 0x01136a51, 0x42af780e, 0x78d47356, 0x005542ea, 0x22000100, 0x38020000, 0x2c00c602, 0x00ba6500, 0x002d0021, 0x3912112e,
    0x0000b800, 0x00b85845, 0xb91b2f11, 0x1d001100, 0x00b8593e, 0xb8584500, 0x1b2f0000, 0x000000b9, 0xb8593e13, 0xb9101100, 0x0e001800, 0x0700baf4,
    0x00001800, 0x7d391211, 0x2f0700b8, 0x0800b918, 0xb8f40600, 0xb8d01e00, 0xb8100700, 0xb8d02100, 0xb9100000, 0x0e002a00, 0x333130f4, 0x35013e35,
    0x35232734, 0x35012e33, 0x33023e34, 0x07171632, 0x2223012e, 0x16141506, 0x23153317, 0x1415011e, 0x1507020e, 0x26421521, 0x426f042d, 0x42230a08,
    0x7351395c, 0x3a1c6e28, 0x08343124, 0x0196c406, 0x1b170e01, 0x884e010d, 0x122b3e11, 0x2f15780f, 0x364c2e1a, 0x4d3c3d1d, 0x2f331f24, 0x78112114,
    0x1a080d07, 0x07151f29, 0x00008009, 0x20000300, 0x2f02aeff, 0x21000c03, 0x2f002800, 0x00ba8001, 0x00300008, 0x39121131, 0x100800b8, 0xd02500b8,
    0x100800b8, 0xd02d00b8, 0x0f00b800, 0x0100b82f, 0x0021412f, 0x0001000f, 0x0001001f, 0x0001002f, 0x0001003f, 0x0001004f, 0x0001005f, 0x0001006f,
    0x0001007f, 0x0001008f, 0x0001009f, 0x000100af, 0x000100bf, 0x000100cf, 0x000100df, 0x000100ef, 0x000100ff, 0x00b87110, 0x0541dc00, 0x00006000,
    0x00007000, 0x415d0200, 0x00000007, 0x00100000, 0x00200000, 0x71030000, 0xa0000741, 0xb0000000, 0xc0000000, 0x03000000, 0x0100b871, 0x0800b910,
    0x41f40600, 0x00a00005, 0x00b0000f, 0x7102000f, 0x00000741, 0x10000f00, 0x20000f00, 0x03000f00, 0x00034171, 0x000f00cf, 0x03415d01, 0x0f00ff00,
    0x415d0100, 0x009f0003, 0x5d01000f, 0xe0000341, 0x01000f00, 0x00054171, 0x000f0070, 0x000f0080, 0x05417102, 0x0f004000, 0x0f005000, 0xb8710200,
    0xb9100f00, 0x06002600, 0x0900baf4, 0x01002600, 0xb8391211, 0xb8100f00, 0x41dc1000, 0x00af0007, 0x00bf0010, 0x00cf0010, 0x71030010, 0x0f000541,
    0x1f001000, 0x02001000, 0x00034171, 0x0010006c, 0x00b85d01, 0x00b8100f, 0x00b9d012, 0xf4060019, 0x100100b8, 0xd02000b8, 0x002d00b9, 0x00baf406,
    0x0012001a, 0x3912112d, 0x002500ba, 0x1108000f, 0x00ba3912, 0x0019002c, 0x39121120, 0x35173130, 0x3727012e, 0x3517011e, 0x3435012e, 0x33353736,
    0x17011e15, 0x27012e07, 0x15011e15, 0x15070614, 0x17161403, 0x13010e35, 0x15272634, 0x4cfa013e, 0x1d5a2668, 0x62712a46, 0x3c726165, 0x125b215a,
    0x656a2432, 0x23ae645f, 0xe7232626, 0x22232b1a, 0x38075c52, 0x271e522a, 0x6217b406, 0x0b644f49, 0x2d075e5e, 0x20145226, 0x5a18a608, 0x11704a4d,
    0x1d460260, 0x08940b20, 0x16bdfe27, 0x0a9e0d29, 0x0000002b, 0x13000100, 0x77020000, 0x1700ba02, 0x00ba8c00, 0x0018000d, 0x39121119, 0x0000b800,
    0x00b85845, 0xb91b2f0b, 0x1d000b00, 0x00b8593e, 0xb8584500, 0x1b2f0f00, 0x000f00b9, 0xb8593e1d, 0x58450000, 0x2f0200b8, 0x0200b91b, 0x593e1300,
    0x000800bb, 0x00090001, 0x03412b04, 0x08006000, 0xb85d0100, 0xb9100800, 0x02000500, 0x0400b9f4, 0xb8f40100, 0x41d00000, 0x00600003, 0x5d010009,
    0x100800b8, 0xd01400b8, 0xd00e00b8, 0x100900b8, 0xd01100b8, 0x100500b8, 0xd01500b8, 0x15253130, 0x35233523, 0x35233533, 0x13330333, 0x03331333,
    0x15231533, 0x8f011533, 0xa8a8a899, 0x8aaca96e, 0xaea38902, 0x85a8a86e, 0x445a8585, 0xfe3d015a, 0xfe1301ed, 0x5a445ac3, 0x4d000500, 0x7102a6ff,
    0x1b000c03, 0x29001f00, 0x37002d00, 0x00ba8001, 0x0038002a, 0x39121139, 0x102a00b8, 0xd00200b8, 0x102a00b8, 0xd01c00b8, 0x102a00b8, 0xd02000b8,
    0x102a00b8, 0xd02e00b8, 0x0400b800, 0x0300b82f, 0x0100b82f, 0x000541dc, 0x000100ef, 0x000100ff, 0x03415d02, 0x01005f00, 0x415d0100, 0x007f0007,
    0x008f0001, 0x009f0001, 0x71030001, 0x0f000341, 0x01000100, 0x00034172, 0x00040070, 0x03417101, 0x04002f00, 0x415d0100, 0x005f0003, 0x5d010004,
    0xcf000341, 0x01000400, 0x0003415d, 0x0004009f, 0x03415d01, 0x0400ff00, 0x415d0100, 0x00a00003, 0x71010004, 0x40000341, 0x01000400, 0x00054171,
    0x00040000, 0x00040010, 0x00b87102, 0x00b81004, 0x00b8dc06, 0x00b81004, 0x00b8d008, 0x00b91004, 0xf406001e, 0x100300b8, 0x002d00b9, 0x00baf406,
    0x001e002c, 0x3912112d, 0x2f2c00b8, 0x2f000541, 0x3f002c00, 0x02002c00, 0x0005415d, 0x002c009f, 0x002c00af, 0x03415d02, 0x2c00bf00, 0x41710100,
    0x00df0003, 0x7101002c, 0x3f000541, 0x4f002c00, 0x02002c00, 0x00034171, 0x002c005f, 0x03415d01, 0x2c000f00, 0x415d0100, 0x00cf0005, 0x00df002c,
    0x5d02002c, 0x001f00b9, 0x00baf406, 0x001f000f, 0x3912112c, 0x100300b8, 0xd01b00b8, 0x101f00b8, 0xd02000b8, 0x101e00b8, 0xd02900b8, 0x102d00b8,
    0xd02e00b8, 0x102c00b8, 0xd03700b8, 0x23053130, 0x33112335, 0x33153335, 0x14151632, 0x1e150706, 0x0e141503, 0x03012b02, 0x3b152335, 0x3d363201,
    0x2b263401, 0x23350301, 0x32013b15, 0x34013d36, 0x01012b26, 0xc7c77286, 0x5c512572, 0x3820423e, 0x2d1a1829, 0x6841243f, 0x1d0aa142, 0x0a1d2020,
    0x22a1425f, 0x1d21211d, 0x026e5a22, 0x5c666692, 0x0840454d, 0x25130206, 0x45272838, 0x84011d33, 0x1d1e9595, 0xfe1e1d1f, 0x1f979760, 0x1f1d1f1d,
    0x32000300, 0x4c02aeff, 0x28000c03, 0x38003000, 0x00bac801, 0x00390028, 0x3912113a, 0x102800b8, 0xd02a00b8, 0x102800b8, 0xd03500b8, 0x0f00b800,
    0x0000b82f, 0x0021412f, 0x0000000f, 0x0000001f, 0x0000002f, 0x0000003f, 0x0000004f, 0x0000005f, 0x0000006f, 0x0000007f, 0x0000008f, 0x0000009f,
    0x000000af, 0x000000bf, 0x000000cf, 0x000000df, 0x000000ef, 0x000000ff, 0x03417110, 0x00000f00, 0xb8720100, 0xb8d00300, 0xb8100000, 0x41dc0500,
    0x00600005, 0x00700005, 0x5d020005, 0xa0000941, 0xb0000500, 0xc0000500, 0xd0000500, 0x04000500, 0x00074171, 0x00050000, 0x00050010, 0x00050020,
    0x00b87103, 0x00b81003, 0x0541d006, 0x0f007000, 0x0f008000, 0x41710200, 0x00e00005, 0x00f0000f, 0x7102000f, 0xcf000341, 0x01000f00, 0x0003415d,
    0x000f009f, 0x07415d01, 0x0f00a000, 0x0f00b000, 0x0f00c000, 0x41710300, 0x00400005, 0x0050000f, 0x7102000f, 0x00000741, 0x10000f00, 0x20000f00,
    0x03000f00, 0x0f00b871, 0x0c00b810, 0x0f00b8d0, 0x0d00b810, 0x000941dc, 0x000d00af, 0x000d00bf, 0x000d00cf, 0x000d00df, 0x07417104, 0x0d000f00,
    0x0d001f00, 0x0d002f00, 0x41710300, 0x006f0005, 0x007f000d, 0x5d02000d, 0x100f00b8, 0xd01300b8, 0x100d00b8, 0xd01400b8, 0x101300b8, 0xd01600b8,
    0x001c00b9, 0x00b8f406, 0x00b81000, 0x00b9d026, 0xf406001d, 0x100500b8, 0xd02800b8, 0x100f00b8, 0x002900b9, 0x00b8f406, 0x00b91003, 0xf406002a,
    0x100000b8, 0x002c00b9, 0x00b8f406, 0x00b91013, 0xf406002d, 0x100600b8, 0x003400b9, 0x00b8f406, 0x00b9100c, 0xf4060035, 0x2e253130, 0x23072701,
    0x35012e37, 0x013f3634, 0x3a330733, 0x33371701, 0x17011e07, 0x03272607, 0x1737013e, 0x010f030e, 0x16031323, 0x012e1317, 0x16140323, 0x010e1317,
    0x0b430115, 0x460a0a15, 0x7b594b0d, 0x09460a6b, 0x080f080c, 0x2b0b4609, 0x1066193a, 0x2a182b17, 0x240c670e, 0x09253d31, 0x162e1946, 0x15072e16,
    0x0e0f9008, 0x09241d24, 0x62020401, 0x739e2679, 0x6319aa88, 0x695b015a, 0x4a20350e, 0x63fe101b, 0x4c1a2409, 0x18202613, 0x91025c04, 0x010a48fe,
    0x0102c001, 0x351fe4fe, 0x15690114, 0x00003048, 0x22000100, 0x38020000, 0x2f00c602, 0x00bac000, 0x0030002a, 0x39121131, 0x0000b800, 0x00b85845,
    0xb91b2f16, 0x1d001600, 0x00b8593e, 0xb8584500, 0x1b2f0100, 0x000100b9, 0xb8593e13, 0xb9101600, 0x0e001d00, 0x0c00baf4, 0x01001d00, 0xb8391211,
    0x412f0c00, 0x00500003, 0x5d01000c, 0x80000341, 0x01000c00, 0x0005415d, 0x000c0020, 0x000c0030, 0x09415d02, 0x0c00b000, 0x0c00c000, 0x0c00d000,
    0x0c00e000, 0xb95d0400, 0x02000700, 0x000341f4, 0x0007000f, 0x00b95d01, 0xf4010006, 0x100c00b8, 0x000d00b9, 0x00b8f401, 0x00b8d021, 0x00b8100c,
    0x00b8d024, 0x00b81007, 0x00b8d027, 0x00b81006, 0x00b8d02a, 0x00b91001, 0xf40e002e, 0x01293130, 0x37013e35, 0x2e333523, 0x35232701, 0x35012e33,
    0x33023e34, 0x07171632, 0x2223012e, 0x33011d06, 0x011e2315, 0x23153317, 0x1507010e, 0xfe2a0221, 0x08291f18, 0x0f056870, 0x01324d07, 0x5c422301,
    0x28735139, 0x243a1c6e, 0xa5be3431, 0x89050f08, 0x152c0884, 0x0e834e01, 0x115a1f33, 0x085a1122, 0x4c2e080e, 0x3c3d1d36, 0x371f2449, 0x115a062f,
    0x245a1221, 0x00090b30, 0x11000300, 0xf7020000, 0x1b00ba02, 0x23001f00, 0x00badf00, 0x0024000e, 0x39121125, 0x100e00b8, 0xd01c00b8, 0x100e00b8,
    0xd02300b8, 0x0000b800, 0x00b85845, 0xb91b2f0c, 0x1d000c00, 0x00b8593e, 0xb8584500, 0x1b2f1000, 0x001000b9, 0xb8593e1d, 0x58450000, 0x2f0300b8,
    0x0300b91b, 0x593e1300, 0x450000b8, 0x1b00b858, 0x00b91b2f, 0x3e13001b, 0x0600bb59, 0x09000200, 0x412b0400, 0x005f0003, 0x5d010006, 0x2f000341,
    0x01000600, 0x0600b85d, 0x0500b910, 0xb8f40100, 0x41d00100, 0x005f0003, 0x5d010009, 0x2f000341, 0x01000900, 0x0900b85d, 0x0a00b910, 0xb8f40100,
    0xb8d00e00, 0xb8d01200, 0xb8100900, 0xb8d02300, 0xb8d01500, 0xb8100600, 0xb8d01f00, 0xb8d01600, 0xb8100100, 0xb8d01900, 0xb8100c00, 0xb8d01e00,
    0xb8101b00, 0x30d02000, 0x15232531, 0x35233523, 0x35233533, 0x17333533, 0x15333533, 0x15231533, 0x15231533, 0x23270323, 0x35330515, 0x8f7d0123,
    0x58585885, 0x9470ae58, 0x59595983, 0x619daf59, 0x032a0103, 0xe4e4e468, 0xde5a445a, 0x5adedede, 0x01e45a44, 0x82c8c83a, 0x000000ce, 0x4d000200,
    0x5d03f4ff, 0x3600ba02, 0xa9004000, 0x000800ba, 0x11420041, 0x00b83912, 0x00b81008, 0xb800d03a, 0x58450000, 0x2f1b00b8, 0x1b00b91b, 0x593e1b00,
    0x450000b8, 0x0100b858, 0x00b91b2f, 0x3e1d0001, 0x0000b859, 0x00b85845, 0xb91b2f30, 0x13003000, 0x00b8593e, 0xb8584500, 0x1b2f0000, 0x000000b9,
    0xb8593e13, 0xb9100100, 0x06003f00, 0x3500baf4, 0x00003f00, 0xb8391211, 0xb92f3500, 0x06004000, 0x0800baf4, 0x35004000, 0xb8391211, 0xb9103000,
    0x06000c00, 0x1b00b8f4, 0x2100b910, 0xbaf40600, 0x21001300, 0x12113000, 0x2700ba39, 0x0c001b00, 0x30391211, 0x33113331, 0x14151632, 0x1e170706,
    0x36323301, 0x2f263435, 0x35012e01, 0x33023e34, 0x07171632, 0x06222326, 0x1f161415, 0x15011e01, 0x23020e14, 0x012f2622, 0x32131123, 0x34013d36,
    0x15012b26, 0x7261ec4d, 0x1a422327, 0x211e213b, 0x28131711, 0x42301a2a, 0x1c422027, 0x17211c30, 0x13161d21, 0x35182628, 0x71523d55, 0x40564c23,
    0x23272723, 0x6cba0240, 0x1e593661, 0x182c307d, 0x141f1211, 0x2e452411, 0x15283a24, 0x1261110d, 0x1e141613, 0x41251114, 0x2c3b212f, 0x99483c1a,
    0x8c01effe, 0x232b2321, 0x0000b321, 0x26000400, 0xd9030000, 0x1f00ba02, 0x2b002500, 0x08013100, 0x002f00ba, 0x11330032, 0x00b83912, 0x00b8102f,
    0x00b8d000, 0x00b8102f, 0x00b8d021, 0x00b8102f, 0xb800d029, 0x58450000, 0x2f0c00b8, 0x0c00b91b, 0x593e1d00, 0x450000b8, 0x1000b858, 0x00b91b2f,
    0x3e1d0010, 0x0000b859, 0x00b85845, 0xb91b2f14, 0x1d001400, 0x00b8593e, 0xb8584500, 0x1b2f0300, 0x000300b9, 0xb8593e13, 0x58450000, 0x2f1f00b8,
    0x1f00b91b, 0x593e1300, 0x000600bb, 0x00090002, 0x03412b04, 0x06005f00, 0x415d0100, 0x002f0003, 0x5d010006, 0x100600b8, 0x000500b9, 0x00b8f401,
    0x0341d001, 0x09005f00, 0x415d0100, 0x002f0003, 0x5d010009, 0x100900b8, 0x000a00b9, 0x00b8f401, 0x00b8d00e, 0x00b8d012, 0x00b8d016, 0x00b81009,
    0x00b8d022, 0x00b8d029, 0x00b8d019, 0x00b81006, 0x00b8d02c, 0x00b8d01a, 0x00b81001, 0x00b8d01d, 0x00b81003, 0x00b8d024, 0x00b8101f, 0x00b8d02b,
    0x00b81010, 0x3130d030, 0x23072325, 0x33352327, 0x33352327, 0x33173327, 0x33173337, 0x33073337, 0x33072315, 0x23072315, 0x1f233701, 0x3f213301,
    0x011f2301, 0x012f3325, 0x47020723, 0x34ae3691, 0x540f6378, 0x2c96333f, 0x34a63487, 0x34902d87, 0x65105540, 0xfead367a, 0x066207e4, 0x9f010326,
    0x07620725, 0x69fafe2c, 0x2a032a09, 0x5ae4e4e4, 0xdede5a44, 0xdededede, 0xe45a445a, 0x21206601, 0x1d23bec0, 0xb42795c4, 0x000000b3, 0x4d000200,
    0x47030000, 0x0d00ba02, 0x75001b00, 0x001000ba, 0x111d001c, 0x00b83912, 0x00b81010, 0xb800d002, 0x58450000, 0x2f0f00b8, 0x0f00b91b, 0x593e1d00,
    0x450000b8, 0x0700b858, 0x00b91b2f, 0x3e1d0007, 0x0000b859, 0x00b85845, 0xb91b2f0d, 0x13000d00, 0x00b8593e, 0xb8584500, 0x1b2f0e00, 0x000e00b9,
    0xb8593e13, 0xb9100f00, 0x06001a00, 0x0000b8f4, 0x0d00b8dc, 0x0200b910, 0xb8f40600, 0x30dc1500, 0x11330131, 0x35363233, 0x14113311, 0x23212306,
    0x16322111, 0x11231115, 0x012b2634, 0x871e0111, 0x872023d8, 0x8dfe5165, 0x517301d1, 0x251e8765, 0xfef901d8, 0x01212b82, 0x640cfef3, 0x62ba0262,
    0x01cdfe64, 0xfd2b2132, 0x000000c1, 0x24000300, 0x21020000, 0x2000e402, 0x32002e00, 0x00baa500, 0x00330021, 0x39121134, 0x102100b8, 0xd00100b8,
    0x102100b8, 0xd03200b8, 0x0000b800, 0x00b85845, 0xb91b2f19, 0x1f001900, 0x00b8593e, 0xb8584500, 0x1b2f2f00, 0x002f00b9, 0xb9593e13, 0x06003000,
    0x0600b8f4, 0x2100b9dc, 0xbaf40600, 0x21000100, 0x12110600, 0x1700ba39, 0x30001900, 0xb8391211, 0xb92f1700, 0x01001600, 0x1000baf4, 0x06001600,
    0x7d391211, 0x2f1000b8, 0x2800b918, 0xbaf40600, 0x10001300, 0x12112800, 0x1700b839, 0x1b00b810, 0x1600b8d0, 0x1e00b810, 0x0600b8d0, 0x2000b810,
    0x253130d0, 0x23030e23, 0x35022e22, 0x33023e34, 0x33171632, 0x33352335, 0x33153335, 0x23112315, 0x3d363227, 0x23263401, 0x011d0622, 0x35031614,
    0x52011521, 0x20160806, 0x3b241c2c, 0x2b18182b, 0x3d39243b, 0x7a7a0610, 0x943b3b94, 0x2828274f, 0x28282727, 0xeec301a7, 0x0d171d10, 0x32492f16,
    0x162f4932, 0x5a86232f, 0xfe5a3939, 0x15226054, 0x28221543, 0x28202120, 0x6969fbfe, 0x06000100, 0xa0020000, 0x1300ba02, 0x00baa300, 0x00140012,
    0x39121115, 0x0000b800, 0x00b85845, 0xb91b2f06, 0x1d000600, 0x00b8593e, 0xb8584500, 0x1b2f0a00, 0x000a00b9, 0xb8593e1d, 0x58450000, 0x2f0100b8,
    0x0100b91b, 0x593e1300, 0x450000b8, 0x1100b858, 0x00b91b2f, 0x3e130011, 0x0300ba59, 0x01000600, 0x7c391211, 0x2f0300b8, 0x00054118, 0x00030060,
    0x00030070, 0x03417102, 0x0300f000, 0x415d0100, 0x00000003, 0x71010003, 0x60000341, 0x01000300, 0x0400b95d, 0xb8f40600, 0xb8d00800, 0xb8d00c00,
    0xb8100300, 0xb8d01300, 0x30d00f00, 0x11233331, 0x11333523, 0x13331133, 0x15330333, 0x03231323, 0x5998f723, 0xbc269859, 0xa8b5caac, 0x28cdb4d8,
    0x01782301, 0x01e1fe1f, 0x78e1fe1f, 0x2301ddfe, 0x25000100, 0x37020000, 0x1700ba02, 0x00ba3d00, 0x00180002, 0x39121119, 0x0000b800, 0x00b85845,
    0xb91b2f0d, 0x1d000d00, 0x00b8593e, 0xb8584500, 0x1b2f0200, 0x000200b9, 0xb8593e13, 0xb9100d00, 0x0e000c00, 0x1000b8f4, 0x253130d0, 0x07352315,
    0x07353735, 0x23353735, 0x23152135, 0x07153715, 0x01153715, 0x7878987a, 0x02bd7878, 0x7979bd12, 0x88d0d079, 0x43395a39, 0xc0395938, 0x39787b7b,
    0x3943395a, 0x0000005a, 0x10000400, 0xaa020000, 0x1e00ba02, 0x28002400, 0xe9002e00, 0x002900ba, 0x1130002f, 0x00b83912, 0x00b81029, 0x00b8d01d,
    0x00b81029, 0x00b8d023, 0x00b81029, 0xb800d028, 0x58450000, 0x2f0a00b8, 0x0a00b91b, 0x593e1d00, 0x450000b8, 0x0100b858, 0x00b91b2f, 0x3e130001,
    0x0a00b859, 0x2400b910, 0xb8f40600, 0xb9dc0800, 0x01000700, 0x0400b9f4, 0x41f40200, 0x000f0009, 0x001f0004, 0x002f0004, 0x003f0004, 0x5d040004,
    0x000300b9, 0x0941f401, 0x03000f00, 0x03001f00, 0x03002f00, 0x03003f00, 0xb85d0400, 0xb8100800, 0xb8d01f00, 0xb8d00e00, 0xb8100700, 0xb8d02700,
    0xb8d01100, 0xb8100400, 0xb8d02800, 0xb8d01700, 0xb8100300, 0xb8d02d00, 0xb8d01a00, 0xb8100300, 0x41dc2e00, 0x001f0005, 0x002f002e, 0x7202002e,
    0x0f000541, 0x1f002e00, 0x02002e00, 0x1e00b971, 0x30f40600, 0x11232131, 0x35333523, 0x35333523, 0x17163221, 0x16231533, 0x011c1514, 0x23153307,
    0x012b010e, 0x012e3311, 0x3517012b, 0x32171523, 0x15233736, 0x59980101, 0x01595959, 0x13654c1a, 0x01015a63, 0x6314665a, 0x05b6814b, 0xb86f1d25,
    0x251d6fb8, 0x3701b605, 0x9f504450, 0x08505649, 0x120a080f, 0x4f515009, 0x221d7e01, 0x884c4cd1, 0x00421f23, 0x32000300, 0x6702aeff, 0x1c000c03,
    0x2d002400, 0x00baa201, 0x002e001a, 0x3912112f, 0x101a00b8, 0xd02100b8, 0x101a00b8, 0xd02600b8, 0x0900b800, 0x1a00b82f, 0x001b412f, 0x001a003f,
    0x001a004f, 0x001a005f, 0x001a006f, 0x001a007f, 0x001a008f, 0x001a009f, 0x001a00af, 0x001a00bf, 0x001a00cf, 0x001a00df, 0x001a00ef, 0x001a00ff,
    0x0341710d, 0x1a000f00, 0x41720100, 0x000f0005, 0x001f001a, 0x7102001a, 0x2e000341, 0x01001a00, 0x0000b871, 0x000541dc, 0x00000060, 0x00000070,
    0x07415d02, 0x00000000, 0x00001000, 0x00002000, 0x41710300, 0x00a00009, 0x00b00000, 0x00c00000, 0x00d00000, 0x71040000, 0x101a00b8, 0xd01b00b8,
    0xd00100b8, 0x00000741, 0x10000900, 0x20000900, 0x03000900, 0x00054171, 0x00090070, 0x00090080, 0x03417102, 0x09009f00, 0x415d0100, 0x00cf0003,
    0x5d010009, 0x40000541, 0x50000900, 0x02000900, 0x00054171, 0x000900e0, 0x000900f0, 0x07417102, 0x0900a000, 0x0900b000, 0x0900c000, 0xb8710300,
    0xb8100900, 0x41dc0a00, 0x006f0005, 0x007f000a, 0x5d02000a, 0xaf000941, 0xbf000a00, 0xcf000a00, 0xdf000a00, 0x04000a00, 0x00074171, 0x000a000f,
    0x000a001f, 0x000a002f, 0x00b87103, 0x00b81009, 0x00b9d00c, 0xf4060012, 0x101a00b8, 0x002700b9, 0x00baf406, 0x00090013, 0x39121127, 0x2f1300b8,
    0x100100b8, 0x002000b9, 0x00b8f406, 0x00b91009, 0xf4060021, 0x101300b8, 0x002500b9, 0x00b8f406, 0x00b81027, 0x3130d026, 0x012e3717, 0x023e3435,
    0x0733013f, 0x2e071716, 0x33072701, 0x020e1415, 0x0307012b, 0x13171614, 0x1715010e, 0x3e323307, 0xc5013d02, 0x285d4a14, 0x0f40684a, 0x356a1273,
    0x1b230a75, 0x5437e71e, 0x10052c63, 0x4916186e, 0x1aa23f38, 0x24301b07, 0x21725216, 0x7c4f7c9f, 0x5b033057, 0x366b2068, 0xaf0c291a, 0x3a5c4289,
    0x7b015a1a, 0x01154432, 0x48590a9f, 0x1e0e9582, 0x001b202e, 0x26000100, 0x5e02f4ff, 0x3500c602, 0x00bad500, 0x0036001b, 0x39121137, 0x0000b800,
    0x00b85845, 0xb91b2f1b, 0x1d001b00, 0x00b8593e, 0xb8584500, 0x1b2f0000, 0x000000b9, 0xba593e13, 0x1b000d00, 0x12110000, 0x0d00b839, 0x0003412f,
    0x000d00ff, 0x05417101, 0x0d002f00, 0x0d003f00, 0x415d0200, 0x00cf0003, 0x7101000d, 0x2f000341, 0x01000d00, 0x00034171, 0x000d000f, 0x00b97101,
    0xf402000a, 0x0f000341, 0x01000a00, 0x0900b95d, 0xb8f40100, 0xb9100d00, 0x01000e00, 0x1b00b8f4, 0x1400b910, 0xbaf40e00, 0x14001700, 0x12110e00,
    0x0e00b839, 0x2300b810, 0x0d00b8d0, 0x2600b810, 0x0a00b8d0, 0x2700b810, 0x0900b8d0, 0x2a00b810, 0x0000b8d0, 0x2f00b910, 0xbaf40e00, 0x09003200,
    0x12112f00, 0x05313039, 0x35022e22, 0x23373634, 0x23373335, 0x35362135, 0x22232634, 0x3e270706, 0x1e323301, 0x06141502, 0x23153307, 0x21153307,
    0x16141506, 0x37363233, 0x01010e17, 0x3955394f, 0x4701011d, 0x01ed816c, 0x292d0567, 0x4a174124, 0x333f6d20, 0x021d3750, 0x7c774a03, 0x0397fef3,
    0x40232e35, 0x6e234c24, 0x4c3a220c, 0x070e082b, 0x0f5a445a, 0x1d262b11, 0x2e255d1a, 0x2544341e, 0x5a0c180b, 0x0d0c5a44, 0x27203031, 0x00362a5d,
    0x32000200, 0x4202aeff, 0x1e000c03, 0x67012600, 0x001e00ba, 0x11280027, 0x00b83912, 0x00b8101e, 0xb800d023, 0xb82f0900, 0x412f1d00, 0x000f0021,
    0x001f001d, 0x002f001d, 0x003f001d, 0x004f001d, 0x005f001d, 0x006f001d, 0x007f001d, 0x008f001d, 0x009f001d, 0x00af001d, 0x00bf001d, 0x00cf001d,
    0x00df001d, 0x00ef001d, 0x00ff001d, 0x7110001d, 0x0f000341, 0x01001d00, 0x0000b872, 0x000541dc, 0x00000060, 0x00000070, 0x09415d02, 0x0000a000,
    0x0000b000, 0x0000c000, 0x0000d000, 0x41710400, 0x00000005, 0x00100000, 0x71020000, 0x101d00b8, 0xd00100b8, 0xa0000741, 0xb0000900, 0xc0000900,
    0x03000900, 0x00034171, 0x0009009f, 0x03415d01, 0x0900cf00, 0x415d0100, 0x00e00005, 0x00f00009, 0x71020009, 0x40000b41, 0x50000900, 0x60000900,
    0x70000900, 0x80000900, 0x05000900, 0x00074171, 0x00090000, 0x00090010, 0x00090020, 0x00b87103, 0x00b81009, 0x0741dc0a, 0x0a000f00, 0x0a001f00,
    0x0a002f00, 0x41710300, 0x006f0005, 0x007f000a, 0x5d02000a, 0xaf000941, 0xbf000a00, 0xcf000a00, 0xdf000a00, 0x04000a00, 0x0900b871, 0x0c00b810,
    0x1200b9d0, 0xb8f40600, 0xb9101d00, 0x06001300, 0x0100b8f4, 0x2200b910, 0xb8f40600, 0xb9100900, 0x06002300, 0x173130f4, 0x35012e37, 0x3f023e34,
    0x1e073301, 0x26071701, 0x32330327, 0x030e1737, 0x0307012b, 0x13171614, 0xc715010e, 0x295b4e14, 0x103f684b, 0x3f2f1273, 0x25176716, 0x2b4f0d4c,
    0x37270e67, 0x0f172e47, 0x48171970, 0x76524434, 0x4c75a024, 0x0432577b, 0x370e665b, 0x13284a21, 0x4b504afe, 0x15232b15, 0x2a76015a, 0x99011640,
    0x0045560b, 0x25000200, 0x37020000, 0x0300ba02, 0x4f000b00, 0x000600ba, 0x110d000c, 0x00b83912, 0x00b81006, 0xb800d000, 0x58450000, 0x2f0100b8,
    0x0100b91b, 0x593e1d00, 0x450000b8, 0x0600b858, 0x00b91b2f, 0x3e130006, 0x0100b859, 0x0000b910, 0xb8f40600, 0xb9dc0900, 0x06000800, 0x0400b8f4,
    0x133130d0, 0x07152135, 0x23112311, 0x25152135, 0x98bd1202, 0x021202bd, 0xbb696951, 0x96016afe, 0x00006969, 0x3e000100, 0x50020000, 0x1c00ba02,
    0x00ba8700, 0x001d0006, 0x3912111e, 0x0000b800, 0x00b85845, 0xb91b2f0e, 0x1d000e00, 0x00b8593e, 0xb8584500, 0x1b2f0000, 0x000000b9, 0xb8593e13,
    0xb9100e00, 0x06000d00, 0x0800b8f4, 0x000341dc, 0x00080090, 0x00b95d01, 0xf4010007, 0xdc0300b8, 0x90000341, 0x01000300, 0x0200b95d, 0xb8f40600,
    0xb8100300, 0xb8d00400, 0xb8100d00, 0xb8d01100, 0xb8100800, 0xb8d01500, 0xb8100700, 0xb8d01800, 0xb8100200, 0x30d01b00, 0x23272131, 0x37323335,
    0x2e213521, 0x35012b01, 0x15231521, 0x3317011e, 0x010e2315, 0x5a011707, 0x5ba177a5, 0x01fdfe07, 0x2e300403, 0xcc1202a1, 0x7f0b2b17, 0x393d097b,
    0x5269dbbd, 0x69213169, 0x2a030469, 0x5a3b6921, 0x0000eb16, 0x11000100, 0x49020000, 0x1f00ba02, 0x00ba4f00, 0x00200013, 0x39121121, 0x0000b800,
    0x00b85845, 0xb91b2f08, 0x1d000800, 0x00b8593e, 0xb8584500, 0x1b2f1f00, 0x001f00b9, 0xb9593e13, 0x06001200, 0x0100baf4, 0x08001200, 0xba391211,
    0x08001800, 0x12111200, 0x00b87d39, 0x30182f18, 0x35073731, 0x35073537, 0x15333537, 0x15071537, 0x15071537, 0x023e3233, 0x0e143335, 0x69012b02,
    0x58585858, 0x97979798, 0x32223197, 0x1e911121, 0xdc44633f, 0x2a5a2ad5, 0x2a592a44, 0x5a48a6ee, 0x59474447, 0x2a10a248, 0x6f403646, 0x00002f53,
    0x10000200, 0x71020000, 0x1600ba02, 0x80002000, 0x001800ba, 0x11220021, 0x00b83912, 0x00b81018, 0xb800d001, 0x58450000, 0x2f0b00b8, 0x0b00b91b,
    0x593e1d00, 0x450000b8, 0x0200b858, 0x00b91b2f, 0x3e130002, 0x0400b859, 0x000341dc, 0x0004005f, 0x00b85d01, 0x00b8d000, 0x00b91004, 0xf4010005,
    0x000800b9, 0x00b9f402, 0xf4060009, 0x100800b8, 0xd01200b8, 0x100500b8, 0xd01400b8, 0x100900b8, 0xd01800b8, 0x100b00b8, 0x002000b9, 0x3130f406,
    0x35231525, 0x35333523, 0x11333523, 0x15163221, 0x012b0614, 0x03153315, 0x3d363233, 0x2b263401, 0x98000101, 0x58585858, 0x70623701, 0xd69f6270,
    0x26238cd6, 0x678c2227, 0x52696767, 0x6a2f0169, 0x526a6262, 0x25240169, 0x1f222c22, 0x4d000300, 0x7102aeff, 0x21000c03, 0x35002b00, 0x00ba5201,
    0x00360000, 0x39121137, 0xd02300b8, 0x100000b8, 0xd02d00b8, 0x0600b800, 0x0500b82f, 0x0100b82f, 0x0500b8d0, 0x0300b810, 0x000341dc, 0x000600a0,
    0x03417101, 0x06005f00, 0x415d0100, 0x00cf0003, 0x5d010006, 0x2f000341, 0x01000600, 0x0003415d, 0x000600ff, 0x03415d01, 0x06009f00, 0x415d0100,
    0x00000005, 0x00100006, 0x71020006, 0x70000341, 0x01000600, 0x00034171, 0x00060040, 0x00b87101, 0x00b81006, 0x00b8dc08, 0x00b81006, 0x00b8d00a,
    0x00b81008, 0x00b8d00c, 0x00b8100a, 0x00b8d00e, 0x00b91006, 0xf406002b, 0x100500b8, 0x002c00b9, 0x00baf406, 0x002b0035, 0x3912112c, 0x2f3500b8,
    0xbf000341, 0x01003500, 0x00054171, 0x0035004f, 0x0035005f, 0x03417202, 0x35000f00, 0x415d0100, 0x005f0003, 0x5d010035, 0x9f000541, 0xaf003500,
    0x02003500, 0x0005415d, 0x0035002f, 0x0035003f, 0x03415d02, 0x3500df00, 0x41710100, 0x007f0003, 0x72010035, 0xcf000541, 0xdf003500, 0x02003500,
    0x0005415d, 0x0035003f, 0x0035004f, 0x00b97102, 0xf4060022, 0x001400ba, 0x11350022, 0x00b83912, 0x00b81001, 0x00b8d01f, 0x00b81003, 0x3130d021,
    0x23152325, 0x33112335, 0x33153335, 0x1e153335, 0x06141501, 0x031e1507, 0x020e1415, 0x03231507, 0x3d363233, 0x2b263401, 0x32331101, 0x34013d36,
    0x01012b26, 0x646e4362, 0x6e436e64, 0x423e4741, 0x16293822, 0x223b2c18, 0x1dab866e, 0xab1d2020, 0x21211dc3, 0x6614c31d, 0x66920266, 0x0b696666,
    0x40454457, 0x14020608, 0x26273825, 0x021f3243, 0x1dea0166, 0x1d1d211d, 0x1d1e60fe, 0x001e1d21, 0x15000200, 0x4e020000, 0x1200ed02, 0xa1002000,
    0x000900ba, 0x11220021, 0x00b83912, 0x00b81009, 0xb800d016, 0x58450000, 0x2f0700b8, 0x0700b91b, 0x593e1f00, 0x450000b8, 0x0200b858, 0x00b91b2f,
    0x3e1b0002, 0x0000b859, 0x00b85845, 0xb91b2f0b, 0x1b000b00, 0x00b8593e, 0xb8584500, 0x1b2f1a00, 0x001a00b9, 0xb8593e1f, 0x58450000, 0x2f1200b8,
    0x1200b91b, 0x593e1300, 0x450000b8, 0x0e00b858, 0x00b91b2f, 0x3e13000e, 0x0200b859, 0x0100b910, 0xb8f40600, 0xb9100700, 0x06000a00, 0x0b00b8f4,
    0x1000b910, 0xb8f40600, 0xb8100b00, 0x30dc1300, 0x35231331, 0x36343533, 0x2315013b, 0x23112115, 0x23112311, 0x3d262201, 0x33363401, 0x011d1632,
    0x4a5f0614, 0x604d504a, 0x944f0169, 0x990194bb, 0x2d29292d, 0x0129292d, 0x4c3e739a, 0xfd64734d, 0xfe9a01f3, 0x29450266, 0x29201620, 0x20162029,
    0x00000029, 0x1500ffff, 0x84020000, 0x2600e402, 0x00000a00, 0x12000700, 0x00006901, 0x2200ffff, 0x1b02f4ff, 0x26023003, 0x00000400, 0x99030600,
    0x000000e1, 0x2200ffff, 0x1b02f4ff, 0x26021703, 0x00000400, 0x9d030600, 0x000000e1, 0x2200ffff, 0x1b02f4ff, 0x26022403, 0x00000400, 0x9c030600,
    0x000000e1, 0x2200ffff, 0x1b02f4ff, 0x26021b03, 0x00000400, 0x9b030600, 0x000000e1, 0x2200ffff, 0x1b02f4ff, 0x2602ef02, 0x00000400, 0x97030600,
    0x000000e1, 0x2200ffff, 0x1b0234ff, 0x26021902, 0x00000400, 0xb7030700, 0x00000d01, 0x2200ffff, 0x1b02f4ff, 0x26023003, 0x00000400, 0x9a030600,
    0x000000e1, 0x2200ffff, 0x1b02f4ff, 0x26022203, 0x00000400, 0xb2030700, 0x00000c01, 0x2200ffff, 0x1b02f4ff, 0x2602d702, 0x00000400, 0x95030600,
    0x000000e1, 0x22000200, 0x3b022cff, 0x36001902, 0x12014100, 0x003700ba, 0x11430042, 0x00b83912, 0x00b81037, 0xb800d031, 0x58450000, 0x2f3100b8,
    0x3100b91b, 0x593e1b00, 0x450000b8, 0x1f00b858, 0x00b91b2f, 0x3e13001f, 0x0000b859, 0x00b85845, 0xb91b2f0f, 0x15000f00, 0x00b8593e, 0xb8584500,
    0x1b2f0000, 0x000000b9, 0x41593e13, 0x00000013, 0x0010000f, 0x0020000f, 0x0030000f, 0x0040000f, 0x0050000f, 0x0060000f, 0x0070000f, 0x0080000f,
    0x5d09000f, 0x100f00b8, 0x000800b9, 0x00b8f404, 0x00b8dc0b, 0x00b81000, 0x00b8d018, 0x00b9101f, 0xf406003d, 0x001c00ba, 0x1131003d, 0x00b83912,
    0x00b91031, 0xf406002a, 0x003700ba, 0x111f002a, 0x00b83912, 0x07412f37, 0x37004f00, 0x37005f00, 0x37006f00, 0x41710300, 0x00ef0003, 0x71010037,
    0x6f000541, 0x7f003700, 0x02003700, 0x0005415d, 0x0037000f, 0x0037001f, 0x00b97102, 0xf4070025, 0x002d00ba, 0x1125002a, 0x00b83912, 0x00b91000,
    0xf4060035, 0x0e213130, 0x16141503, 0x37363233, 0x23010e17, 0x35022e22, 0x27373634, 0x2327012e, 0x2223010e, 0x36343526, 0x3435013b, 0x06222326,
    0x013e2707, 0x1d163233, 0x22253301, 0x1614011d, 0x3d363233, 0x251b0201, 0x1708182d, 0x0b1a120f, 0x303d0d35, 0x14222d19, 0x2202383f, 0x0c06062d,
    0x544f3c52, 0x28536879, 0x11342c2f, 0x53612058, 0xfe317070, 0x212457f3, 0x1f173525, 0x13091218, 0x330c100e, 0x13091b18, 0x372a1821, 0x3005051a,
    0x54353326, 0x21515345, 0x18262d26, 0x62352f4e, 0x3b69e55e, 0x201b1d0f, 0x00003e24, 0x2200ffff, 0x1b02f4ff, 0x26024c03, 0x00000400, 0x9f030600,
    0x000000e1, 0x2200ffff, 0x1b02f4ff, 0x2602dd03, 0x00000400, 0xa0030600, 0x000000e1, 0x2200ffff, 0x1b02f4ff, 0x2602ee02, 0x00000400, 0x93030600,
    0x000000e1, 0x2200ffff, 0x1b02f4ff, 0x2602c603, 0x00000400, 0xba030700, 0x00000c01, 0x2200ffff, 0x1b0234ff, 0x26021703, 0x00000400, 0x9d032600,
    0x070000e1, 0x0d01b703, 0x00000000, 0x2200ffff, 0x1b02f4ff, 0x2602c603, 0x00000400, 0xbb030700, 0x00000c01, 0x2200ffff, 0x1b02f4ff, 0x2602b803,
    0x00000400, 0xbc030700, 0x00000c01, 0x2200ffff, 0x1b02f4ff, 0x2602a303, 0x00000400, 0xbd030700, 0x00000c01, 0x2200ffff, 0x3f02f4ff, 0x2602c603,
    0x00000400, 0xc1030700, 0x00000c01, 0x2200ffff, 0x1b0234ff, 0x26021b03, 0x00000400, 0x9b032600, 0x070000e1, 0x0d01b703, 0x00000000, 0xd9ffffff,
    0x1b02f4ff, 0x2602c603, 0x00000400, 0xc3030700, 0x00000c01, 0x2200ffff, 0x1b02f4ff, 0x2602b803, 0x00000400, 0xc4030700, 0x00000c01, 0x2200ffff,
    0x1b02f4ff, 0x2602ae03, 0x00000400, 0xc6030700, 0x00000c01, 0x2b00ffff, 0x1b02f4ff, 0x26023003, 0x00000500, 0x99030600, 0x0000000f, 0x2b00ffff,
    0x1b02f4ff, 0x26021703, 0x00000500, 0x9d030600, 0x0000000f, 0x2b00ffff, 0x1b02f4ff, 0x26022403, 0x00000500, 0x9c030600, 0x0000000f, 0x2b00ffff,
    0x1b02f4ff, 0x26021b03, 0x00000500, 0x9b030600, 0x0000000f, 0x2b00ffff, 0x1b02f4ff, 0x2602ef02, 0x00000500, 0x97030600, 0x0000000f, 0x2b00ffff,
    0x1b0234ff, 0x26021902, 0x00000500, 0xb7030700, 0x00002301, 0x2b00ffff, 0x1b02f4ff, 0x26023003, 0x00000500, 0x9a030600, 0x0000000f, 0x2b00ffff,
    0x1b02f4ff, 0x26022203, 0x00000500, 0xb2030700, 0x00003b01, 0x2b00ffff, 0x1b02f4ff, 0x2602d702, 0x00000500, 0x95030600, 0x0000000f, 0x2b000200,
    0x3b022cff, 0x2c001902, 0xd1003a00, 0x002d00ba, 0x113c003b, 0x00b83912, 0x00b8102d, 0xb800d014, 0x58450000, 0x2f2600b8, 0x2600b91b, 0x593e1b00,
    0x450000b8, 0x2b00b858, 0x00b91b2f, 0x3e1b002b, 0x0000b859, 0x00b85845, 0xb91b2f20, 0x13002000, 0x00b8593e, 0xb8584500, 0x1b2f1900, 0x001900b9,
    0xb8593e13, 0x58450000, 0x2f0f00b8, 0x0f00b91b, 0x593e1500, 0x101900b8, 0xd00000b8, 0x00001341, 0x10000f00, 0x20000f00, 0x30000f00, 0x40000f00,
    0x50000f00, 0x60000f00, 0x70000f00, 0x80000f00, 0x09000f00, 0x0f00b85d, 0x0800b910, 0xb8f40400, 0xb8dc0b00, 0xb9102000, 0x06002d00, 0x1b00baf4,
    0x20002d00, 0xb8391211, 0xb9102600, 0x06003400, 0x2900baf4, 0x34002600, 0x30391211, 0x030e2131, 0x33161415, 0x17373632, 0x2223010e, 0x3435022e,
    0x23273736, 0x030e2335, 0x35262223, 0x32333634, 0x35331716, 0x36320333, 0x2634013d, 0x1d062223, 0x02161401, 0x182d251b, 0x120f1708, 0x0d350b1a,
    0x2d19303d, 0x383f1422, 0x06053401, 0x192f251a, 0x64666664, 0x050b4f33, 0x372af594, 0x372a2a37, 0x181f1737, 0x0e130912, 0x18330c10, 0x2113091b,
    0x1a372a18, 0x25155804, 0x868d0f1b, 0x2c388c86, 0x295ffe58, 0x29249b24, 0x325b323b, 0x0000003b, 0x2b00ffff, 0x1b02f4ff, 0x26024c03, 0x00000500,
    0x9f030600, 0x0000000f, 0x2b00ffff, 0x1b02f4ff, 0x2602dd03, 0x00000500, 0xa0030600, 0x0000000f, 0x2b00ffff, 0x1b02f4ff, 0x2602ee02, 0x00000500,
    0x93030600, 0x0000000f, 0x2b00ffff, 0x1b02f4ff, 0x2602c603, 0x00000500, 0xba030700, 0x00003b01, 0x2b00ffff, 0x1b0234ff, 0x26021703, 0x00000500,
    0x9d032600, 0x0700000f, 0x2301b703, 0x00000000, 0x2b00ffff, 0x1b02f4ff, 0x2602c603, 0x00000500, 0xbb030700, 0x00003b01, 0x2b00ffff, 0x1b02f4ff,
    0x2602b803, 0x00000500, 0xbc030700, 0x00003b01, 0x2b00ffff, 0x1b02f4ff, 0x2602a303, 0x00000500, 0xbd030700, 0x00003b01, 0x2b00ffff, 0x6e02f4ff,
    0x2602c603, 0x00000500, 0xc1030700, 0x00003b01, 0x2b00ffff, 0x1b0234ff, 0x26021b03, 0x00000500, 0x9b032600, 0x0700000f, 0x2301b703, 0x00000000,
    0x0800ffff, 0x1b02f4ff, 0x2602c603, 0x00000500, 0xc3030700, 0x00003b01, 0x2b00ffff, 0x4902f4ff, 0x2602b803, 0x00000500, 0xc4030700, 0x00003b01,
    0x2b00ffff, 0x1b02f4ff, 0x2602ae03, 0x00000500, 0xc6030700, 0x00003b01, 0x22000300, 0x3c03f4ff, 0x0a001902, 0x4b001300, 0x00ba0101, 0x004c003e,
    0x3912114d, 0x103e00b8, 0xd00900b8, 0x103e00b8, 0xd01300b8, 0x0000b800, 0x00b85845, 0xb91b2f3a, 0x1b003a00, 0x00b8593e, 0xb8584500, 0x1b2f4100,
    0x004100b9, 0xb8593e1b, 0x58450000, 0x2f2400b8, 0x2400b91b, 0x593e1300, 0x450000b8, 0x1b00b858, 0x00b91b2f, 0x3e13001b, 0x3a00b859, 0x3300b910,
    0xbaf40600, 0x33000000, 0x12112400, 0x0000b839, 0x0005412f, 0x0000006f, 0x0000007f, 0x03415d02, 0x0000ef00, 0x41710100, 0x000f0005, 0x001f0000,
    0x71020000, 0x0f000341, 0x01000000, 0x2400b872, 0x0600b910, 0xb8f40600, 0xb9104100, 0x06000f00, 0x0000b8f4, 0x2e00b910, 0xb8f40700, 0xb8d01300,
    0xb9101b00, 0x06001400, 0x0000b8f4, 0x4800b810, 0x1700bad0, 0x14004800, 0xba391211, 0x06001f00, 0x12112400, 0x3600ba39, 0x2e003300, 0xba391211,
    0x3a003d00, 0x12113300, 0x25313039, 0x011d0622, 0x36323314, 0x3525013d, 0x22232634, 0x17011d06, 0x17373632, 0x2223010e, 0x0e232726, 0x2e222303,
    0x3e343502, 0x35013b02, 0x22232634, 0x3e270706, 0x16323301, 0x013e3317, 0x021e3233, 0x1521011d, 0x0e011614, 0x23472f28, 0x2b4d0135, 0x77332d2d,
    0x4a163d2e, 0x4b487123, 0x0806156c, 0x293e2d1d, 0x152a3d28, 0x31533c21, 0x2c2f2853, 0x20581134, 0x4b305361, 0x57180619, 0x395c4139, 0x3faefe1a,
    0x0e1d1ee1, 0x4224203d, 0x3b300957, 0xce08313b, 0x295c1726, 0x152c3b2e, 0x17101c26, 0x2a22392a, 0x1a152a3f, 0x18262d26, 0x23352f4e, 0x2c242627,
    0x2c35614a, 0x003c3308, 0x2200ffff, 0x3c03f4ff, 0x26023003, 0x0000f500, 0x99030700, 0x00008400, 0x2400ffff, 0xee01f4ff, 0x26023003, 0x00000700,
    0x99030600, 0x000000e7, 0x2400ffff, 0xee01f4ff, 0x26022403, 0x00000700, 0x9c030600, 0x000000e7, 0x24000100, 0xee012cff, 0x3a001902, 0x00ba6100,
    0x003b0029, 0x3912113c, 0x0000b800, 0x00b85845, 0xb91b2f00, 0x1b000000, 0x00b8593e, 0xb8584500, 0x1b2f3300, 0x003300b9, 0xb8593e13, 0xb9100000,
    0x06000700, 0x3300b8f4, 0x0e00b910, 0xb8f40600, 0xb8103300, 0xb8d01500, 0xb8103300, 0xb8dc1a00, 0xb8dc3100, 0xb9dc2900, 0x04002200, 0x013130f4,
    0x07171632, 0x2223012e, 0x14011d06, 0x36323316, 0x010e1737, 0x3e17010f, 0x16323301, 0x020e1415, 0x27262223, 0x33011e37, 0x34353632, 0x012f022e,
    0x35012e37, 0x01023e34, 0x176b5019, 0x272c0778, 0x2d2e2e2d, 0x730b2f28, 0x0949681a, 0x0c180c04, 0x25162b1e, 0x3b341930, 0x210a2e0d, 0x06191317,
    0x15171d11, 0x20615c0e, 0x19025c3e, 0x1e344148, 0x62323b2a, 0x232b3a32, 0x02464932, 0x0403042b, 0x221a2520, 0x0f1d0916, 0x0c110c38, 0x0b0c060d,
    0x43020209, 0x3f6f8e11, 0x00264865, 0x2400ffff, 0xee01f4ff, 0x26021b03, 0x00000700, 0x9b030600, 0x000000e7, 0x2400ffff, 0xee01f4ff, 0x2602f802,
    0x00000700, 0x96030600, 0x000000e7, 0x2b00ffff, 0xfd02f4ff, 0x2600e402, 0x00000800, 0xa2030700, 0x0000d101, 0x2b000200, 0x5802f4ff, 0x1c00e402,
    0xca002a00, 0x001d00ba, 0x112c002b, 0x00b83912, 0x00b8101d, 0xb800d012, 0x58450000, 0x2f1500b8, 0x1500b91b, 0x593e1f00, 0x450000b8, 0x0c00b858,
    0x00b91b2f, 0x3e1b000c, 0x0000b859, 0x00b85845, 0xb91b2f06, 0x13000600, 0x00b8593e, 0xb8584500, 0x1b2f1c00, 0x001c00b9, 0xb8593e13, 0xb9100600,
    0x06001d00, 0x0100baf4, 0x06001d00, 0x41391211, 0x00000007, 0x0010000c, 0x0020000c, 0x5d03000c, 0x100c00b8, 0x002400b9, 0x00baf406, 0x000c000f,
    0x39121124, 0x100c00b8, 0xdc1200b8, 0xff000341, 0x01001200, 0x0009415d, 0x0012000f, 0x0012001f, 0x0012002f, 0x0012003f, 0x00b97104, 0xf4070013,
    0xd01700b8, 0x101200b8, 0xd01a00b8, 0x23253130, 0x2223030e, 0x36343526, 0x17163233, 0x35233533, 0x15333533, 0x11231533, 0x36322723, 0x2634013d,
    0x1d062223, 0x01161401, 0x1a060587, 0x64192f25, 0x33646666, 0x8d050b4f, 0x3d3d948d, 0x372a6194, 0x372a2a37, 0x25155837, 0x868d0f1b, 0x2c388c86,
    0x32326499, 0x6cb2fd64, 0x249b2429, 0x5b323b29, 0x00003b32, 0x29000200, 0x2b02f4ff, 0x2500f102, 0xa0003300, 0x000900ba, 0x11350034, 0x00b83912,
    0x00b81009, 0xb800d026, 0x58450000, 0x2f2000b8, 0x2000b91b, 0x593e1f00, 0x450000b8, 0x2500b858, 0x00b91b2f, 0x3e1f0025, 0x0000b859, 0x00b85845,
    0xb91b2f09, 0x13000900, 0x00b9593e, 0xf4060026, 0x001300ba, 0x11260020, 0xb87d3912, 0x182f1300, 0x001b00ba, 0x11130020, 0x00ba3912, 0x00250024,
    0x3912111b, 0x001a00ba, 0x111b0025, 0x00ba3912, 0x00240001, 0x3912111a, 0x002d00b9, 0x00baf406, 0x00130016, 0x3912112d, 0x001d00ba, 0x111a0024,
    0x31303912, 0x011e0701, 0x020e1415, 0x022e2223, 0x023e3435, 0x17163233, 0x27012e37, 0x2e372707, 0x1e332701, 0x03371701, 0x013d3632, 0x22232634,
    0x14011d06, 0x49df0116, 0x43254d48, 0x613d395d, 0x341c2343, 0x4c382d49, 0x390e0718, 0x50335929, 0xe22a5025, 0x530c180d, 0x38383083, 0x38383030,
    0x4b2cb502, 0x6e4c6dbb, 0x44252246, 0x5b383e62, 0x2d352341, 0x29573003, 0x1e2f3c35, 0x13081734, 0x71fd3109, 0x3936393d, 0x36393d3d, 0x00003d39,
    0x2400ffff, 0x0e02f4ff, 0x26023003, 0x00000900, 0x99030600, 0x000000f4, 0x2400ffff, 0x0e02f4ff, 0x26021703, 0x00000900, 0x9d030600, 0x000000f4,
    0x2400ffff, 0x0e02f4ff, 0x26022403, 0x00000900, 0x9c030600, 0x000000f4, 0x2400ffff, 0x0e02f4ff, 0x26021b03, 0x00000900, 0x9b030600, 0x000000f4,
    0x2400ffff, 0x0e02f4ff, 0x2602ef02, 0x00000900, 0x97030600, 0x000000f4, 0x2400ffff, 0x0e02f4ff, 0x2602f802, 0x00000900, 0x96030600, 0x000000f4,
    0x2400ffff, 0x0e0234ff, 0x26021902, 0x00000900, 0xb7030700, 0x00001b01, 0x2400ffff, 0x0e02f4ff, 0x26023003, 0x00000900, 0x9a030600, 0x000000f4,
    0x2400ffff, 0x0e02f4ff, 0x26022203, 0x00000900, 0xb2030700, 0x00001f01, 0x2400ffff, 0x0e02f4ff, 0x2602d702, 0x00000900, 0x95030600, 0x000000f4,
    0x24000200, 0x0e022cff, 0x34001902, 0xda003d00, 0x001600ba, 0x113f003e, 0x00b83912, 0x00b81016, 0xb800d039, 0x58450000, 0x2f1600b8, 0x1600b91b,
    0x593e1b00, 0x450000b8, 0x0c00b858, 0x00b91b2f, 0x3e13000c, 0x0000b859, 0x00b85845, 0xb91b2f00, 0x15000000, 0x1341593e, 0x00000000, 0x00001000,
    0x00002000, 0x00003000, 0x00004000, 0x00005000, 0x00006000, 0x00007000, 0x00008000, 0xb85d0900, 0xb9100c00, 0x06002100, 0x0900baf4, 0x0c002100,
    0xb8391211, 0xb9101600, 0x06003900, 0x3d00baf4, 0x21003900, 0xb8391211, 0x412f3d00, 0x009f0005, 0x00af003d, 0x7102003d, 0x6f000341, 0x01003d00,
    0x00034171, 0x003d00ef, 0x00b97101, 0xf407001d, 0x002400ba, 0x1121001d, 0x00b83912, 0x00b91000, 0xf404002e, 0xdc3100b8, 0x22053130, 0x3435022e,
    0x0e273736, 0x2e222301, 0x3e343502, 0x1e323302, 0x21011d02, 0x33161415, 0x17373632, 0x0e07010e, 0x16141501, 0x37363233, 0x03010e17, 0x23263435,
    0x011d0622, 0x2c185001, 0x343e1422, 0x09150e01, 0x213f5c3b, 0x3b5c3f20, 0x1b3b5d41, 0x3d39affe, 0x4a163e2c, 0x2c2d330b, 0x110f172d, 0x0d340b1a,
    0x2d2b0b3c, 0x09d4332d, 0x2a182013, 0x03041733, 0x66472701, 0x48653e3f, 0x614a2c27, 0x34082c35, 0x5c17283d, 0x2021270d, 0x0f11162a, 0x18330c10,
    0x090c021b, 0x313b3b30, 0x00000008, 0x2400ffff, 0x0e02f4ff, 0x2602ee02, 0x00000900, 0x93030600, 0x000000f4, 0x2400ffff, 0x5202f4ff, 0x2602c603,
    0x00000900, 0xc1030700, 0x00001f01, 0x2400ffff, 0x0e0234ff, 0x26021b03, 0x00000900, 0x9b032600, 0x070000f4, 0x1b01b703, 0x00000000, 0xecffffff,
    0x0e02f4ff, 0x2602c603, 0x00000900, 0xc3030700, 0x00001f01, 0x2400ffff, 0x2d02f4ff, 0x2602b803, 0x00000900, 0xc4030700, 0x00001f01, 0x2400ffff,
    0x0e02f4ff, 0x2602ae03, 0x00000900, 0xc6030700, 0x00001f01, 0x24000200, 0x0e02f4ff, 0x1d001902, 0x95002600, 0x001700ba, 0x11280027, 0x00b83912,
    0x00b81017, 0xb800d021, 0x58450000, 0x2f0d00b8, 0x0d00b91b, 0x593e1b00, 0x450000b8, 0x1700b858, 0x00b91b2f, 0x3e130017, 0x0d00b859, 0x0400b910,
    0xb8f40600, 0xb9101700, 0x06002100, 0x2600baf4, 0x04002100, 0xb8391211, 0x412f2600, 0x00600003, 0x71010026, 0x90000541, 0xa0002600, 0x02002600,
    0x00034171, 0x00260000, 0x05417101, 0x2600c000, 0x2600d000, 0xb95d0200, 0x07001d00, 0x0900baf4, 0x1d000400, 0x30391211, 0x34350131, 0x0e222326,
    0x3e270702, 0x1e323301, 0x0e141502, 0x2e222302, 0x17013d02, 0x32331614, 0x23013d36, 0x39367501, 0x171e2619, 0x6e234a0a, 0x3f5c3b48, 0x5c3f2021,
    0x3b5d413b, 0x2d2b991b, 0x01b8332d, 0x3d34082c, 0x0a17120c, 0x272e295c, 0x3e3f6647, 0x2c274865, 0x2c35614a, 0x3b3b3060, 0x00000831, 0x1600ffff,
    0x2b022cff, 0x26021703, 0x00000d00, 0x9d030600, 0x000000e7, 0x1600ffff, 0x2b022cff, 0x26021b03, 0x00000d00, 0x9b030600, 0x000000e7, 0x1600ffff,
    0x2b022cff, 0x26022903, 0x00000d00, 0xa1030600, 0x000000e7, 0x1600ffff, 0x2b022cff, 0x2602f802, 0x00000d00, 0x96030600, 0x000000e7, 0x2b00ffff,
    0x1b022cff, 0x26021703, 0x00000c00, 0x9d030600, 0x000000ff, 0x2b00ffff, 0x1b022cff, 0x26021b03, 0x00000c00, 0x9b030600, 0x000000ff, 0x2b00ffff,
    0x1b022cff, 0x26022903, 0x00000c00, 0xa1030600, 0x000000ff, 0x2b00ffff, 0x1b022cff, 0x2602f802, 0x00000c00, 0x96030600, 0x000000ff, 0x07000100,
    0x15020000, 0x1e00e402, 0x00baae00, 0x001f0018, 0x39121120, 0x0000b800, 0x00b85845, 0xb91b2f0f, 0x1b000f00, 0x00b8593e, 0xb8584500, 0x1b2f0500,
    0x000500b9, 0xb8593e1f, 0x58450000, 0x2f0000b8, 0x0000b91b, 0x593e1300, 0x450000b8, 0x1400b858, 0x00b91b2f, 0x3e130014, 0x00074159, 0x000f0000,
    0x000f0010, 0x000f0020, 0x00b85d03, 0x00b8100f, 0x0341dc02, 0x0200ff00, 0x415d0100, 0x000f0009, 0x001f0002, 0x002f0002, 0x003f0002, 0x71040002,
    0x000300b9, 0x00b8f407, 0x00b8d007, 0x00b81002, 0x00b8d00a, 0x00b9100f, 0xf4060018, 0x000c00ba, 0x1118000f, 0x31303912, 0x35231133, 0x15333533,
    0x15231533, 0x33013e33, 0x11151632, 0x26341123, 0x020e2223, 0x3e451115, 0x8c8c943e, 0x3e460e06, 0x20945351, 0x1b221229, 0x644e0210, 0x9a643232,
    0x646c3c29, 0x3d01b7fe, 0x14093133, 0xacfe131d, 0xceffffff, 0x15020000, 0x2602b903, 0x00000e00, 0x9b030700, 0x9e0064ff, 0x45000100, 0xd9000000,
    0x03000d02, 0x00ba2f00, 0x00040000, 0x39121105, 0x0000b800, 0x00b85845, 0xb91b2f01, 0x1b000100, 0x00b8593e, 0xb8584500, 0x1b2f0000, 0x000000b9,
    0x30593e13, 0x33113331, 0x02944511, 0x00f3fd0d, 0x4500ffff, 0x26010000, 0x26023003, 0x00001b01, 0x99030700, 0x000064ff, 0xd2ffffff, 0x4e010000,
    0x26021703, 0x00001b01, 0x9d030700, 0x000064ff, 0xceffffff, 0x52010000, 0x26022403, 0x00001b01, 0x9c030700, 0x000064ff, 0xceffffff, 0x52010000,
    0x26021b03, 0x00001b01, 0x9b030700, 0x000064ff, 0xd2ffffff, 0x4e010000, 0x2602ef02, 0x00001b01, 0x97030700, 0x000064ff, 0x3900ffff, 0xe50034ff,
    0x2602ed02, 0x00000f00, 0xb7030700, 0x00008f00, 0xfaffffff, 0xd9000000, 0x26023003, 0x00001b01, 0x9a030700, 0x000064ff, 0x1700ffff, 0x08010000,
    0x26022203, 0x00001b01, 0xb2030700, 0x00008f00, 0xf7ffffff, 0x29010000, 0x2602d702, 0x00001b01, 0x95030700, 0x000064ff, 0x03000200, 0xf9002cff,
    0x1b00ed02, 0xa0002900, 0x001c00ba, 0x112b002a, 0x00b83912, 0x00b8101c, 0xb800d00a, 0x58450000, 0x2f2300b8, 0x2300b91b, 0x593e1f00, 0x450000b8,
    0x0000b858, 0x00b91b2f, 0x3e1b0000, 0x0000b859, 0x00b85845, 0xb91b2f1b, 0x13001b00, 0x00b8593e, 0xb8584500, 0x1b2f1100, 0x001100b9, 0xb8593e15,
    0xb8101b00, 0x41d00200, 0x00000013, 0x00100011, 0x00200011, 0x00300011, 0x00400011, 0x00500011, 0x00600011, 0x00700011, 0x00800011, 0x5d090011,
    0x101100b8, 0x000a00b9, 0x00b8f404, 0x00b8dc0d, 0x00b81000, 0x3130dc1c, 0x0e113313, 0x16141503, 0x37363233, 0x23010e17, 0x35022e22, 0x27373634,
    0x26221323, 0x3634013d, 0x1d163233, 0x45061401, 0x182d2594, 0x120f1708, 0x0d350b1a, 0x2d19303d, 0x383f1422, 0x2d4a3401, 0x2d2d2929, 0x0d022929,
    0x1f17f3fd, 0x13091218, 0x330c100e, 0x13091b18, 0x372a1821, 0x4502041a, 0x20162029, 0x16202929, 0x00002920, 0xd2ffffff, 0x4e010000, 0x2602ee02,
    0x00001b01, 0x93030700, 0x000064ff, 0x3900ffff, 0xfd0138ff, 0x2600ed02, 0x00000f00, 0x10000700, 0x00001801, 0x4500ffff, 0x390238ff, 0x26003003,
    0x00001b01, 0x29012700, 0x00001801, 0x99032700, 0x000062ff, 0x99030600, 0x00000077, 0xf7ff0100, 0xd90038ff, 0x08000d02, 0x00ba3500, 0x00090004,
    0x3912110a, 0x0000b800, 0x00b85845, 0xb91b2f02, 0x1b000200, 0x00b8593e, 0xb8584500, 0x1b2f0800, 0x000800b9, 0xb9593e15, 0x06000000, 0x073130f4,
    0x11331133, 0x012b0614, 0x46944e09, 0x02554e4e, 0x46bbfd62, 0x0000004a, 0xf7ffffff, 0x260138ff, 0x26023003, 0x00002901, 0x99030700, 0x000064ff,
    0xceffffff, 0x520138ff, 0x26021b03, 0x00002901, 0x9b030700, 0x000064ff, 0x4500ffff, 0x4102edfe, 0x2602e402, 0x00001100, 0xb8030700, 0x00004401,
    0x45000100, 0x41020000, 0x0d000d02, 0x00ba6300, 0x000e0008, 0x3912110f, 0x0000b800, 0x00b85845, 0xb91b2f04, 0x1b000400, 0x00b8593e, 0xb8584500,
    0x1b2f0900, 0x000900b9, 0xb8593e1b, 0x58450000, 0x2f0300b8, 0x0300b91b, 0x593e1300, 0x450000b8, 0x0d00b858, 0x00b91b2f, 0x3e13000d, 0x0600ba59,
    0x03000900, 0xb8391211, 0xb8100600, 0x30d00100, 0x15072531, 0x15331123, 0x33013f33, 0x01231307, 0x9494411a, 0xa6714506, 0xdbadc0ba, 0x0d029447,
    0xcd815dde, 0x0000c0fe, 0x4500ffff, 0x26010000, 0x2602f803, 0x00001200, 0x99030700, 0xc80064ff, 0x4500ffff, 0xbb010000, 0x2600e402, 0x00001200,
    0xa2030700, 0x00008f00, 0x4500ffff, 0x1b01edfe, 0x2602e402, 0x00001200, 0xb8030700, 0x0000af00, 0x4500ffff, 0xc4010000, 0x2600e402, 0x00001200,
    0x96030700, 0xc3fe3f00, 0xfeff0100, 0x47010000, 0x1000e402, 0x00ba5500, 0x00110001, 0x39121112, 0x0000b800, 0x00b85845, 0xb91b2f09, 0x1f000900,
    0x00b8593e, 0xb8584500, 0x1b2f0100, 0x000100b9, 0xb9593e13, 0x06000f00, 0x0600baf4, 0x09000f00, 0xb8391211, 0xb92f0600, 0x07000700, 0x0b00b8f4,
    0x0600b8d0, 0x0e00b810, 0x213130d0, 0x3d262223, 0x37350701, 0x37113311, 0x33150715, 0x4c432101, 0x944d4d47, 0x4a426868, 0x6d199746, 0xfe500119,
    0x226d22e0, 0x000000e4, 0x4500ffff, 0x15020000, 0x26023003, 0x00001400, 0x99030600, 0x00000000, 0x4500ffff, 0x15020000, 0x26022403, 0x00001400,
    0x9c030600, 0x00000000, 0x4500ffff, 0x1502edfe, 0x26021902, 0x00001400, 0xb8030700, 0x00002e01, 0x4500ffff, 0x15020000, 0x2602ee02, 0x00001400,
    0x93030600, 0x00000000, 0x2400ffff, 0x37030000, 0x2700ee02, 0x22011400, 0x06000000, 0x00006600, 0x45000100, 0x150238ff, 0x1b001902, 0x00ba6b00,
    0x001c0000, 0x3912111d, 0x0000b800, 0x00b85845, 0xb91b2f0d, 0x1b000d00, 0x00b8593e, 0xb8584500, 0x1b2f1300, 0x001300b9, 0xb8593e1b, 0x58450000,
    0x2f0c00b8, 0x0c00b91b, 0x593e1300, 0x450000b8, 0x1b00b858, 0x00b91b2f, 0x3e15001b, 0x0000b959, 0xb8f40600, 0xb9101300, 0x06000500, 0x1000baf4,
    0x05001300, 0x30391211, 0x11330531, 0x22232634, 0x1115020e, 0x15331123, 0x33013e33, 0x11151632, 0x012b0614, 0x204e3301, 0x1b221229, 0x06949410,
    0x513e460e, 0x4f4d4653, 0x33920155, 0x1d130931, 0x02acfe14, 0x3c29590d, 0x7ffe646c, 0x00004a46, 0x2400ffff, 0x1002f4ff, 0x26023003, 0x00001500,
    0x99030600, 0x000000ee, 0x2400ffff, 0x1002f4ff, 0x26021703, 0x00001500, 0x9d030600, 0x000000ee, 0x2400ffff, 0x1002f4ff, 0x26022403, 0x00001500,
    0x9c030600, 0x000000ee, 0x2400ffff, 0x1002f4ff, 0x26021b03, 0x00001500, 0x9b030600, 0x000000ee, 0x2400ffff, 0x1002f4ff, 0x2602ef02, 0x00001500,
    0x97030600, 0x000000ee, 0x2400ffff, 0x100234ff, 0x26021902, 0x00001500, 0xb7030700, 0x00001901, 0x2400ffff, 0x1002f4ff, 0x26023003, 0x00001500,
    0x9a030600, 0x000000ee, 0x2400ffff, 0x1002f4ff, 0x26022203, 0x00001500, 0xb2030700, 0x00001901, 0x2400ffff, 0x1302f4ff, 0x26022c03, 0x00001500,
    0x98030600, 0x000000ee, 0x2400ffff, 0x1002f4ff, 0x2602d702, 0x00001500, 0x95030600, 0x000000ee, 0x0e000300, 0x2e02ceff, 0x18003f02, 0x26001f00,
    0x00ba9f00, 0x00270014, 0x39121128, 0x101400b8, 0xd01900b8, 0x101400b8, 0xd02300b8, 0x0000b800, 0x00b85845, 0xb91b2f08, 0x1b000800, 0x00b8593e,
    0xb8584500, 0x1b2f1400, 0x001400b9, 0xb9593e13, 0x06001900, 0x2000baf4, 0x19000800, 0xb8391211, 0xb9100800, 0x06002300, 0x1700baf4, 0x14002300,
    0xba391211, 0x20000100, 0x12111700, 0x0a00ba39, 0x19000800, 0xba391211, 0x23001d00, 0x12111400, 0x0d00ba39, 0x1d000a00, 0xba391211, 0x20001e00,
    0x12111700, 0x2100ba39, 0x1d000a00, 0x30391211, 0x26013f31, 0x023e3435, 0x37173233, 0x15160717, 0x23020e14, 0x07272622, 0x3d363237, 0x27160701,
    0x22232637, 0x430e1506, 0x5b3f2229, 0x3c394b3a, 0x222a4450, 0x263a5b3f, 0xc03c1b43, 0x19a1332e, 0x2619a03a, 0x530a332e, 0x663f6644, 0x48222647,
    0x6742543c, 0x2647663f, 0x92471011, 0xc1623640, 0x17c07617, 0x00003640, 0x0e00ffff, 0x2e02ceff, 0x26023003, 0x00004301, 0x99030600, 0x000000f2,
    0x2400ffff, 0x1002f4ff, 0x2602ee02, 0x00001500, 0x93030600, 0x000000ee, 0x24000200, 0x2702f4ff, 0x18007702, 0x6c002600, 0x000c00ba, 0x11280027,
    0x00b83912, 0x00b8100c, 0xb800d019, 0x58450000, 0x2f1400b8, 0x1400b91b, 0x593e1b00, 0x450000b8, 0x1600b858, 0x00b91b2f, 0x3e1b0016, 0x0000b859,
    0x00b85845, 0xb91b2f0c, 0x13000c00, 0x00b8593e, 0x00b81016, 0x00b8dc04, 0x00b81016, 0x00b8dc18, 0x00b9100c, 0xf4060019, 0x101400b8, 0x002000b9,
    0x3130f406, 0x06141501, 0x15011e07, 0x23020e14, 0x35022e22, 0x32333634, 0x03353317, 0x013d3632, 0x22232634, 0x14011d06, 0x1f270216, 0x22151825,
    0x3a3a5b3f, 0x82223f5b, 0x3c272e74, 0x30302c91, 0x30302c2c, 0x2f5e7702, 0x5325052e, 0x49673f35, 0x67492727, 0x0c907f3f, 0x36f2fd6a, 0x36326b32,
    0x326b3236, 0x00000036, 0x2400ffff, 0x2702f4ff, 0x26023003, 0x00004601, 0x99030600, 0x000000ee, 0x2400ffff, 0x270234ff, 0x26027702, 0x00004601,
    0xb7030700, 0x00001901, 0x2400ffff, 0x2702f4ff, 0x26023003, 0x00004601, 0x9a030600, 0x000000ee, 0x2400ffff, 0x2702f4ff, 0x26022203, 0x00004601,
    0xb2030700, 0x00001901, 0x2400ffff, 0x2702f4ff, 0x2602ee02, 0x00004601, 0x94030600, 0x000000ee, 0x2400ffff, 0x4c02f4ff, 0x2602c603, 0x00001500,
    0xc1030700, 0x00001901, 0x2400ffff, 0x100234ff, 0x26021b03, 0x00001500, 0x9b032600, 0x070000ee, 0x1901b703, 0x00000000, 0xe6ffffff, 0x1002f4ff,
    0x2602c603, 0x00001500, 0xc3030700, 0x00001901, 0x2400ffff, 0x2702f4ff, 0x2602b803, 0x00001500, 0xc4030700, 0x00001901, 0x2400ffff, 0x1002f4ff,
    0x2602ae03, 0x00001500, 0xc6030700, 0x00001901, 0x24000300, 0x6103f4ff, 0x0d001902, 0x3e001600, 0x00bada00, 0x003f001b, 0x39121140, 0x101b00b8,
    0xd00300b8, 0x101b00b8, 0xd01600b8, 0x0000b800, 0x00b85845, 0xb91b2f26, 0x1b002600, 0x00b8593e, 0xb8584500, 0x1b2f2d00, 0x002d00b9, 0xb8593e1b,
    0x58450000, 0x2f1e00b8, 0x1e00b91b, 0x593e1300, 0x450000b8, 0x1700b858, 0x00b91b2f, 0x3e130017, 0x1e00b859, 0x0000b910, 0xb8f40600, 0xb9102600,
    0x06000700, 0x2d00b8f4, 0x1200b910, 0xb8f40600, 0xb9101700, 0x06003800, 0x1600baf4, 0x38001200, 0xb8391211, 0x412f1600, 0x009f0005, 0x00af0016,
    0x71020016, 0x6f000341, 0x01001600, 0x00034171, 0x001600ef, 0x00ba7101, 0x0000001b, 0x3912111e, 0x002900ba, 0x11070026, 0x00b93912, 0xf4070034,
    0x003b00ba, 0x11380034, 0x31303912, 0x3d363225, 0x23263401, 0x011d0622, 0x35251614, 0x22232634, 0x13011d06, 0x23272622, 0x2223010e, 0x3435022e,
    0x16323336, 0x013e3317, 0x021e3233, 0x1521011d, 0x32331614, 0x0e173736, 0x2c1a0101, 0x2c2c3030, 0xd9013030, 0x332d2d2b, 0x105d4367, 0x3f531406,
    0x223f5b3a, 0x55397482, 0x58140618, 0x3d5a3a3f, 0x3baefe1f, 0x193a2e3d, 0x6971234a, 0x326b3236, 0x6b323636, 0x09cf3632, 0x313b3b30, 0x29bcfe08,
    0x27272321, 0x7f3f6749, 0x23272390, 0x63462627, 0x34082c3d, 0x5c1a253d, 0x00002e29, 0x4500ffff, 0x7e010000, 0x26023003, 0x00001800, 0x99030600,
    0x000000b5, 0x1f00ffff, 0xa3010000, 0x26022403, 0x00001800, 0x9c030600, 0x000000b5, 0x3c00ffff, 0x7e01edfe, 0x26020d02, 0x00001800, 0xb8030700,
    0x00008f00, 0x1a00ffff, 0xd801f4ff, 0x26023003, 0x00001900, 0x99030600, 0x000000cf, 0x1a00ffff, 0xd801f4ff, 0x26022403, 0x00001900, 0x9c030600,
    0x000000cf, 0x1a000100, 0xd8012cff, 0x48001902, 0x00ba8500, 0x00490018, 0x3912114a, 0x0000b800, 0x00b85845, 0xb91b2f25, 0x1b002500, 0x00b8593e,
    0xb8584500, 0x1b2f1100, 0x001100b9, 0xb8593e13, 0xb8dc4100, 0xb8dc0f00, 0xb9dc0700, 0x04000000, 0x2500b8f4, 0x2e00b910, 0xbaf40600, 0x2e001e00,
    0x12111100, 0x1100b839, 0x1800b910, 0xbaf40600, 0x1e001500, 0x12111800, 0x3400ba39, 0x18002500, 0xba391211, 0x2e002b00, 0x12113400, 0x1100b839,
    0x3c00b810, 0x053130d0, 0x37272622, 0x3233011e, 0x2e343536, 0x37012f02, 0x3727012e, 0x3233011e, 0x2f343536, 0x34352601, 0x3233023e, 0x0717021e,
    0x2223012e, 0x16141506, 0x1516011f, 0x0f020e14, 0x013e1701, 0x15163233, 0x01020e14, 0x0d3b3406, 0x17210a2e, 0x11061913, 0x0d15171d, 0x5723593d,
    0x2c2b441c, 0xb1393522, 0x2f4b351d, 0x29313f29, 0x3f195514, 0x17202621, 0x1bad3b20, 0x092c4833, 0x0c180c04, 0x25162b1e, 0x0f1dd430, 0x0c110c38,
    0x0b0c060d, 0x40020209, 0x58282f05, 0x171b241f, 0x16070725, 0x2d3f268c, 0x1f150b19, 0x1d195713, 0x17151418, 0x87170805, 0x1d2e3c23, 0x03042c04,
    0x1a252004, 0x00091622, 0x1a00ffff, 0xd801f4ff, 0x26021b03, 0x00001900, 0x9b030600, 0x000000cf, 0x1a00ffff, 0xd801edfe, 0x26021902, 0x00001900,
    0xb8030700, 0x0000f900, 0x15000100, 0x5c010000, 0x0c00e402, 0x00ba5400, 0x000d000c, 0x3912110e, 0x0000b800, 0x00b85845, 0xb91b2f07, 0x1f000700,
    0x00b8593e, 0xb8584500, 0x1b2f0200, 0x000200b9, 0xb8593e1b, 0x58450000, 0x2f0c00b8, 0x0c00b91b, 0x593e1300, 0x100200b8, 0x000100b9, 0x00b8f406,
    0x00b91007, 0xf406000a, 0x23133130, 0x34353335, 0x15013b36, 0x5f231123, 0x4d504a4a, 0x01946960, 0x4c3e739a, 0x8ffd734d, 0x15000100, 0x9b02f4ff,
    0x3c00f002, 0x00ba9a00, 0x003d002c, 0x3912113e, 0x0000b800, 0x00b85845, 0xb91b2f2c, 0x1f002c00, 0x00b8593e, 0xb8584500, 0x1b2f2500, 0x002500b9,
    0xb8593e1b, 0x58450000, 0x2f1900b8, 0x1900b91b, 0x593e1b00, 0x450000b8, 0x2200b858, 0x00b91b2f, 0x3e130022, 0x0000b859, 0x00b85845, 0xb91b2f05,
    0x13000500, 0x00b9593e, 0xf406000c, 0x101900b8, 0x003300b9, 0x00baf407, 0x00330012, 0x39121105, 0x102c00b8, 0x001d00b9, 0x00b8f406, 0x00b91025,
    0xf4060024, 0x003900ba, 0x110c0019, 0x31303912, 0x020e1425, 0x27262223, 0x33011e37, 0x34353632, 0x2e012f26, 0x36343501, 0x26343537, 0x15062223,
    0x23112311, 0x34353335, 0x3233023e, 0x011d021e, 0x15062223, 0x011f1614, 0x9b02011e, 0x2b47331d, 0x541d5e3f, 0x1b1d3017, 0x1f231f21, 0x434a3c34,
    0x37373737, 0x254a4a94, 0x38385e43, 0x3824425c, 0x201e262f, 0xad3e361f, 0x1a30442b, 0x1b562724, 0x1a1c1d18, 0x110a0b1b, 0x503c3d43, 0x353a020f,
    0xedfd3a35, 0x04739a01, 0x1e3a5334, 0x3453381e, 0x181a1561, 0x110a0b15, 0x00000045, 0x45000100, 0x450238ff, 0x2400e402, 0x00ba9100, 0x00250018,
    0x39121126, 0x0000b800, 0x00b85845, 0xb91b2f06, 0x1f000600, 0x00b8593e, 0xb8584500, 0x1b2f0a00, 0x000a00b9, 0xb8593e1b, 0x58450000, 0x2f0000b8,
    0x0000b91b, 0x593e1300, 0x450000b8, 0x1600b858, 0x00b91b2f, 0x3e150016, 0x0600b859, 0x0900b910, 0xb8f40600, 0xb9100a00, 0x06002300, 0x0c00b8f4,
    0x1600b8d0, 0x1700b910, 0xbaf40600, 0x23002100, 0x12111700, 0x2100b839, 0x2000b92f, 0xbaf40700, 0x21000d00, 0x12112000, 0x33313039, 0x023e3411,
    0x2315013b, 0x07152115, 0x1415011e, 0x012b020e, 0x36323335, 0x2634013d, 0x3735012b, 0x13451123, 0x77283b27, 0x874f0184, 0x4324594f, 0x32403b5f,
    0x3f3b3b3f, 0x02be7518, 0x2837214e, 0x6a647316, 0x59620fc5, 0x1c375237, 0x21302873, 0xab6f2c30, 0x000066fe, 0x1b000100, 0x61010000, 0x1b009b02,
    0x00ba9c00, 0x001c001a, 0x3912111d, 0x1000b800, 0x0000b82f, 0x00b85845, 0xb91b2f0b, 0x1b000b00, 0x00b8593e, 0xb8584500, 0x1b2f1200, 0x001200b9,
    0xb8593e1b, 0x58450000, 0x2f0100b8, 0x0100b91b, 0x593e1300, 0x001a00b9, 0x00baf406, 0x000b0007, 0x3912111a, 0x2f0700b8, 0xe0000541, 0xf0000700,
    0x02000700, 0x0005415d, 0x00070020, 0x00070030, 0x00b97102, 0xf4070006, 0x100b00b8, 0x000a00b9, 0x00b8f406, 0x00b91012, 0xf4060015, 0x100700b8,
    0xd01600b8, 0x100600b8, 0xd01900b8, 0x23213130, 0x013d2622, 0x35333523, 0x32333523, 0x33013d36, 0x23153315, 0x23153315, 0x59013315, 0x404f4d58,
    0x1e254a40, 0x68688516, 0x4e605555, 0x5964444b, 0x561b1d73, 0x6459738e, 0x0000006a, 0x1700ffff, 0xd7010000, 0x26001703, 0x00001a00, 0xa2030700,
    0x3300ab00, 0x1700ffff, 0x5d01edfe, 0x26029b02, 0x00001a00, 0xb8030700, 0x0000e500, 0x17000100, 0x77012cff, 0x30009b02, 0x00ba7300, 0x00310011,
    0x39121132, 0x1b00b800, 0x0000b82f, 0x00b85845, 0xb91b2f16, 0x1b001600, 0x00b8593e, 0xb8584500, 0x1b2f2400, 0x002400b9, 0xb8593e13, 0xb8dc2900,
    0xb8dc0f00, 0xb9dc0700, 0x04000000, 0x2400b8f4, 0x2100b910, 0xbaf40600, 0x21001100, 0x12112400, 0x1600b839, 0x1500b910, 0xb8f40600, 0xb8101600,
    0xb8d01d00, 0xb8101500, 0x30d02000, 0x26221731, 0x011e3727, 0x35363233, 0x2f022e34, 0x35263701, 0x33352311, 0x013d3632, 0x15331533, 0x15331123,
    0x3e170723, 0x16323301, 0x020e1415, 0x0d3b34f3, 0x17210a2e, 0x11061913, 0x1115171d, 0x1e254a63, 0x68688516, 0x040b5060, 0x1e0c180c, 0x3025162b,
    0x380f1dd4, 0x0d0c110c, 0x090b0c06, 0x1a510202, 0x73010178, 0x8e561b1d, 0x73d9fe73, 0x04030437, 0x221a2520, 0x00000916, 0x45000200, 0x350238ff,
    0x1400e402, 0x81002200, 0x001500ba, 0x11240023, 0x00b83912, 0x00b81015, 0xb800d00c, 0x58450000, 0x2f0000b8, 0x0000b91b, 0x593e1f00, 0x450000b8,
    0x0600b858, 0x00b91b2f, 0x3e1b0006, 0x0000b859, 0x00b85845, 0xb91b2f14, 0x15001400, 0x00b8593e, 0xb8584500, 0x1b2f0c00, 0x000c00b9, 0xb8593e13,
    0xb9100600, 0x06001c00, 0x0300baf4, 0x1c000600, 0xb8391211, 0xb9100c00, 0x06001500, 0x1100baf4, 0x0c001500, 0x30391211, 0x11331331, 0x33013e33,
    0x14151632, 0x2e222306, 0x11232702, 0x36321323, 0x2634013d, 0x1d062223, 0x45161401, 0x4f0b0594, 0x66666433, 0x252e1a64, 0x9405061a, 0x37372af5,
    0x37372a2a, 0xd1fee402, 0x868c382c, 0x1b0f8d86, 0xe0fe1525, 0x323b3401, 0x293b325b, 0x29249b24, 0x3f00ffff, 0x0f02f4ff, 0x26023003, 0x00001b00,
    0x99030600, 0x000000fc, 0x3f00ffff, 0x0f02f4ff, 0x26021703, 0x00001b00, 0x9d030600, 0x000000fc, 0x3f00ffff, 0x0f02f4ff, 0x26022403, 0x00001b00,
    0x9c030600, 0x000000fc, 0x3f00ffff, 0x0f02f4ff, 0x26021b03, 0x00001b00, 0x9b030600, 0x000000fc, 0x3f00ffff, 0x0f02f4ff, 0x2602ef02, 0x00001b00,
    0x97030600, 0x000000fc, 0x3f00ffff, 0x0f0234ff, 0x26020d02, 0x00001b00, 0xb7030700, 0x00002701, 0x3f00ffff, 0x0f02f4ff, 0x26023003, 0x00001b00,
    0x9a030600, 0x000000fc, 0x3f00ffff, 0x0f02f4ff, 0x26022203, 0x00001b00, 0xb2030700, 0x00002701, 0x3f00ffff, 0x2102f4ff, 0x26022c03, 0x00001b00,
    0x98030600, 0x000000fc, 0x3f00ffff, 0x0f02f4ff, 0x2602d702, 0x00001b00, 0x95030600, 0x000000fc, 0x3f000100, 0x2f022cff, 0x30000d02, 0x00bab500,
    0x00310029, 0x39121132, 0x0000b800, 0x00b85845, 0xb91b2f24, 0x1b002400, 0x00b8593e, 0xb8584500, 0x1b2f2f00, 0x002f00b9, 0xb8593e1b, 0x58450000,
    0x2f1900b8, 0x1900b91b, 0x593e1300, 0x450000b8, 0x2000b858, 0x00b91b2f, 0x3e130020, 0x0000b859, 0x00b85845, 0xb91b2f0f, 0x15000f00, 0x00b8593e,
    0x00b81019, 0x1341d000, 0x0f000000, 0x0f001000, 0x0f002000, 0x0f003000, 0x0f004000, 0x0f005000, 0x0f006000, 0x0f007000, 0x0f008000, 0xb85d0900,
    0xb9100f00, 0x04000800, 0x0b00b8f4, 0x2000b8dc, 0x2900b910, 0xbaf40600, 0x29001b00, 0x12112000, 0x21313039, 0x1415030e, 0x36323316, 0x010e1737,
    0x022e2223, 0x37363435, 0x23352327, 0x2223030e, 0x33113526, 0x33161411, 0x35023e32, 0x0e023311, 0x08182c25, 0x1a120f17, 0x3d0d350b, 0x222d1930,
    0x01383f14, 0x17070534, 0x51203124, 0x29229453, 0x101a2211, 0x181f1793, 0x0e130912, 0x18330c10, 0x2113091b, 0x1a372a18, 0x24145804, 0x646b101c,
    0xc3fe4a01, 0x130a3430, 0x5501131c, 0x3f00ffff, 0x0f02f4ff, 0x26024c03, 0x00001b00, 0x9f030600, 0x000000fc, 0x3f00ffff, 0x0f02f4ff, 0x2602ee02,
    0x00001b00, 0x93030600, 0x000000fc, 0x3f000100, 0x4e02f4ff, 0x1e007702, 0x00ba7500, 0x001f0015, 0x39121120, 0x0000b800, 0x00b85845, 0xb91b2f10,
    0x1b001000, 0x00b8593e, 0xb8584500, 0x1b2f1b00, 0x001b00b9, 0xb8593e1b, 0x58450000, 0x2f0c00b8, 0x0c00b91b, 0x593e1300, 0x450000b8, 0x0500b858,
    0x00b91b2f, 0x3e130005, 0x1b00b859, 0x0300b810, 0x0c00b8dc, 0x1500b910, 0xbaf40600, 0x15000700, 0x12110c00, 0x1b00b839, 0x1d00b810, 0x013130dc,
    0x11070614, 0x0e233523, 0x26222303, 0x11331135, 0x32331614, 0x1135023e, 0x02333533, 0x93251b4e, 0x24170705, 0x53512031, 0x11292294, 0x57101a22,
    0x2b19027c, 0x49fe0631, 0x1c241458, 0x01646b10, 0x30c3fe4a, 0x1c130a34, 0x6a550113, 0x3f00ffff, 0x4e02f4ff, 0x26023003, 0x00006f01, 0x99030600,
    0x000000fb, 0x3f00ffff, 0x4e0234ff, 0x26027702, 0x00006f01, 0xb7030700, 0x00002601, 0x3f00ffff, 0x4e02f4ff, 0x26023003, 0x00006f01, 0x9a030600,
    0x000000fb, 0x3f00ffff, 0x4e02f4ff, 0x26022203, 0x00006f01, 0xb2030700, 0x00002601, 0x3f00ffff, 0x4e02f4ff, 0x2602ee02, 0x00006f01, 0x94030600,
    0x000000fb, 0x3f00ffff, 0x0f02f4ff, 0x26027903, 0x00001b00, 0xc5030700, 0x00002701, 0x3f00ffff, 0x0f02f4ff, 0x2602c603, 0x00001b00, 0xbe030700,
    0x00002701, 0x3f00ffff, 0x0f02f4ff, 0x2602c603, 0x00001b00, 0xc0030700, 0x00002701, 0x3f00ffff, 0x0f02f4ff, 0x2602c803, 0x00001b00, 0xbf030700,
    0x00002701, 0x1300ffff, 0x36030000, 0x26023003, 0x00001d00, 0x99030600, 0x00000079, 0x1300ffff, 0x36030000, 0x26021b03, 0x00001d00, 0x9b030600,
    0x00000079, 0x1300ffff, 0x36030000, 0x2602ef02, 0x00001d00, 0x97030600, 0x00000079, 0x1300ffff, 0x36030000, 0x26023003, 0x00001d00, 0x9a030600,
    0x00000079, 0x0600ffff, 0x100238ff, 0x26023003, 0x00001f00, 0x99030600, 0x000000e4, 0x0600ffff, 0x100238ff, 0x26021b03, 0x00001f00, 0x9b030600,
    0x000000e4, 0x0600ffff, 0x100238ff, 0x2602ef02, 0x00001f00, 0x97030600, 0x000000e4, 0x0600ffff, 0x100234ff, 0x26020d02, 0x00001f00, 0xb7030700,
    0x0000b001, 0x0600ffff, 0x100238ff, 0x26023003, 0x00001f00, 0x9a030600, 0x000000e4, 0x0600ffff, 0x100238ff, 0x26022203, 0x00001f00, 0xb2030700,
    0x00000f01, 0x0600ffff, 0x100238ff, 0x2602ee02, 0x00001f00, 0x93030600, 0x000000e4, 0x2700ffff, 0xdf010000, 0x26023003, 0x00002000, 0x99030600,
    0x000000d8, 0x2700ffff, 0xdf010000, 0x26022403, 0x00002000, 0x9c030600, 0x000000d8, 0x2700ffff, 0xdf010000, 0x2602f802, 0x00002000, 0x96030600,
    0x000000d8, 0x1400ffff, 0x99020000, 0x2602d103, 0x00002100, 0xcd030600, 0x00000027, 0x1400ffff, 0x99020000, 0x2602b803, 0x00002100, 0xd1030600,
    0x00000027, 0x1400ffff, 0x99020000, 0x2602c503, 0x00002100, 0xd0030600, 0x00000027, 0x1400ffff, 0x99020000, 0x2602bc03, 0x00002100, 0xcf030600,
    0x00000027, 0x1400ffff, 0x99020000, 0x26029003, 0x00002100, 0xcb030600, 0x00000027, 0x1400ffff, 0x990234ff, 0x2602ba02, 0x00002100, 0xb7030700,
    0x00005301, 0x1400ffff, 0x99020000, 0x2602d103, 0x00002100, 0xce030600, 0x00000027, 0x1400ffff, 0x99020000, 0x2602c303, 0x00002100, 0xd6030700,
    0x00005301, 0x1400ffff, 0x99020000, 0x26027803, 0x00002100, 0xc9030600, 0x00000027, 0x14000200, 0xb9022cff, 0x1f00ba02, 0xb8002300, 0x002000ba,
    0x11250024, 0x00b83912, 0x00b81020, 0xb800d000, 0x58450000, 0x2f0000b8, 0x0000b91b, 0x593e1d00, 0x450000b8, 0x1f00b858, 0x00b91b2f, 0x3e13001f,
    0x0000b859, 0x00b85845, 0xb91b2f1b, 0x13001b00, 0x00b8593e, 0xb8584500, 0x1b2f1100, 0x001100b9, 0xb8593e15, 0xb8101b00, 0x41d00200, 0x00000013,
    0x00100011, 0x00200011, 0x00300011, 0x00400011, 0x00500011, 0x00600011, 0x00700011, 0x00800011, 0x5d090011, 0x101100b8, 0x000a00b9, 0x00b8f404,
    0x00badc0d, 0x0000001d, 0x3912111f, 0x2f1d00b8, 0x100000b8, 0xd02100b8, 0x101d00b8, 0x002200b9, 0x3130f40e, 0x0e133313, 0x16141503, 0x37363233,
    0x23010e17, 0x35022e22, 0x27373634, 0x07232723, 0x03230123, 0xe3bcfa33, 0x08182d25, 0x1a120f17, 0x3d0d350b, 0x222d1930, 0x01383f14, 0x32e9323e,
    0x0542019a, 0xba02a04d, 0x1f1746fd, 0x13091218, 0x330c100e, 0x13091b18, 0x372a1821, 0xa6a6041a, 0xf7fe3002, 0x1400ffff, 0x99020000, 0x2602ed03,
    0x00002100, 0xd3030600, 0x00000027, 0x1400ffff, 0x99020000, 0x26027e04, 0x00002100, 0xd4030600, 0x00000027, 0x1400ffff, 0x99020000, 0x26028f03,
    0x00002100, 0xc7030600, 0x00000027, 0x1400ffff, 0x99020000, 0x26026704, 0x00002100, 0xd7030700, 0x00005301, 0x1400ffff, 0x990234ff, 0x2602b803,
    0x00002100, 0xd1032600, 0x07000027, 0x5301b703, 0x00000000, 0x1400ffff, 0x99020000, 0x26026704, 0x00002100, 0xd8030700, 0x00005301, 0x1400ffff,
    0x99020000, 0x26025904, 0x00002100, 0xd9030700, 0x00005301, 0x1400ffff, 0x99020000, 0x26024304, 0x00002100, 0xda030700, 0x00005301, 0x1400ffff,
    0x99020000, 0x26026704, 0x00002100, 0xde030700, 0x00005301, 0x1400ffff, 0x990234ff, 0x2602bc03, 0x00002100, 0xcf032600, 0x07000027, 0x5301b703,
    0x00000000, 0x1400ffff, 0x99020000, 0x26026704, 0x00002100, 0xe0030700, 0x00005301, 0x1400ffff, 0x99020000, 0x26025904, 0x00002100, 0xe1030700,
    0x00005301, 0x1400ffff, 0x99020000, 0x26024f04, 0x00002100, 0xe3030700, 0x00005301, 0xffff0200, 0x91030000, 0x0f00ba02, 0x8c001300, 0x000f00ba,
    0x11150014, 0x00b83912, 0x00b8100f, 0xb800d012, 0x58450000, 0x2f0400b8, 0x0400b91b, 0x593e1d00, 0x450000b8, 0x0300b858, 0x00b91b2f, 0x3e130003,
    0x0000b859, 0x00b85845, 0xb91b2f0f, 0x13000f00, 0x00ba593e, 0x00040001, 0x39121103, 0x2f0100b8, 0x100400b8, 0x001000b9, 0x00b8f40e, 0x00bad007,
    0x0007000b, 0x3912110f, 0x2f0b00b8, 0x000800b9, 0x00b8f40e, 0x00b9100f, 0xf40e000c, 0x100100b8, 0x001100b9, 0x3130f40e, 0x23072325, 0x21152101,
    0x21152115, 0x21152115, 0x1133010b, 0x4ed1b601, 0x02550198, 0x01bcfe3d, 0x01eafe16, 0x1725fe44, 0xa6a6947d, 0x8f87ba02, 0x02879786, 0x01f4fe33,
    0x0000000c, 0xffffffff, 0x91030000, 0x2602d103, 0x00009e01, 0xcd030700, 0x00005901, 0x3200ffff, 0x6e02f4ff, 0x2602d103, 0x00002300, 0xcd030600,
    0x00000037, 0x3200ffff, 0x6e02f4ff, 0x2602c503, 0x00002300, 0xd0030600, 0x00000037, 0x32000100, 0x6e022cff, 0x3a00c602, 0x00ba6100, 0x003b0022,
    0x3912113c, 0x0000b800, 0x00b85845, 0xb91b2f34, 0x1d003400, 0x00b8593e, 0xb8584500, 0x1b2f2c00, 0x002c00b9, 0xb8593e13, 0xb9103400, 0x0e000000,
    0x2c00b8f4, 0x0700b910, 0xb8f40e00, 0xb8102c00, 0xb8d00e00, 0xb8102c00, 0xb8dc1300, 0xb8dc2a00, 0xb9dc2200, 0x04001b00, 0x013130f4, 0x011d0622,
    0x32331614, 0x0e173736, 0x17072301, 0x3233013e, 0x0e141516, 0x26222302, 0x011e3727, 0x35363233, 0x2f022e34, 0x012e3701, 0x023e3435, 0x17163233,
    0x01012e07, 0x51514367, 0x10433843, 0x5d7e277c, 0x180c0409, 0x162b1e0c, 0x34193025, 0x0a2e0d3b, 0x19131721, 0x171d1106, 0x85730e15, 0x4772502c,
    0x83267e61, 0x3f023b0e, 0x53705357, 0x482b3d57, 0x042b5750, 0x25200403, 0x0916221a, 0x0c380f1d, 0x060d0c11, 0x02090b0c, 0xb1114302, 0x5d89589d,
    0x44554f30, 0x0000352c, 0x3200ffff, 0x6e02f4ff, 0x2602bc03, 0x00002300, 0xcf030600, 0x00000037, 0x3200ffff, 0x6e02f4ff, 0x26029903, 0x00002300,
    0xca030600, 0x00000037, 0x4d00ffff, 0x87020000, 0x2602c503, 0x00002400, 0xd0030600, 0x00000017, 0x07000200, 0x8c020000, 0x1000ba02, 0x97001e00,
    0x001c00ba, 0x1120001f, 0x00b83912, 0x00b8101c, 0xb800d00f, 0x58450000, 0x2f0400b8, 0x0400b91b, 0x593e1d00, 0x450000b8, 0x1000b858, 0x00b91b2f,
    0x3e130010, 0x0400b859, 0x1900b910, 0xbaf40e00, 0x19000100, 0x12111000, 0x0100b839, 0x0003412f, 0x000100c0, 0x03417101, 0x0100e000, 0x41710100,
    0x00900005, 0x00a00001, 0x71020001, 0x60000541, 0x70000100, 0x02000100, 0x0200b971, 0xb8f40600, 0xb8d01a00, 0xb8100100, 0xb8d01d00, 0xb9101000,
    0x0e001e00, 0x133130f4, 0x11333523, 0x021e3221, 0x020e1415, 0x32252123, 0x34013d36, 0x15012b26, 0x15231533, 0x014b4b52, 0x50724507, 0x72502c2c,
    0x01f9fe45, 0x4e4e4407, 0x77776f44, 0x01722901, 0x83572c1f, 0x57835757, 0x544c872c, 0x984c546c, 0x0000a272, 0x0700ffff, 0x8c020000, 0x0602ba02,
    0x0000a601, 0x4d00ffff, 0x28020000, 0x2602d103, 0x00002500, 0xcd030600, 0x0000000f, 0x4d00ffff, 0x28020000, 0x2602b803, 0x00002500, 0xd1030600,
    0x0000000f, 0x4d00ffff, 0x28020000, 0x2602c503, 0x00002500, 0xd0030600, 0x0000000f, 0x4d00ffff, 0x28020000, 0x2602bc03, 0x00002500, 0xcf030600,
    0x0000000f, 0x4d00ffff, 0x28020000, 0x26029003, 0x00002500, 0xcb030600, 0x0000000f, 0x4d00ffff, 0x28020000, 0x26029903, 0x00002500, 0xca030600,
    0x0000000f, 0x4d00ffff, 0x280234ff, 0x2602ba02, 0x00002500, 0xb7030700, 0x00003b01, 0x4d00ffff, 0x28020000, 0x2602d103, 0x00002500, 0xce030600,
    0x0000000f, 0x4d00ffff, 0x28020000, 0x2602c303, 0x00002500, 0xd6030700, 0x00003b01, 0x4d00ffff, 0x28020000, 0x26027803, 0x00002500, 0xc9030600,
    0x0000000f, 0x4d000100, 0x49022cff, 0x2300ba02, 0x00baa700, 0x0024001e, 0x39121125, 0x0000b800, 0x00b85845, 0xb91b2f00, 0x1d000000, 0x00b8593e,
    0xb8584500, 0x1b2f2300, 0x002300b9, 0xb8593e13, 0x58450000, 0x2f1900b8, 0x1900b91b, 0x593e1500, 0x100000b8, 0x000300b9, 0x00baf40e, 0x00030007,
    0x39121123, 0x2f0700b8, 0x000400b9, 0x00b8f40e, 0x00b91023, 0xf40e0008, 0x102300b8, 0xd00a00b8, 0x00001341, 0x10001900, 0x20001900, 0x30001900,
    0x40001900, 0x50001900, 0x60001900, 0x70001900, 0x80001900, 0x09001900, 0x1900b85d, 0x1200b910, 0xb8f40400, 0x30dc1500, 0x15211331, 0x15211521,
    0x15211521, 0x1415030e, 0x36323316, 0x010e1737, 0x022e2223, 0x37363435, 0x014d2127, 0x01bdfedb, 0x01ebfe15, 0x182c2543, 0x120f1708, 0x0d350b1a,
    0x2d19303d, 0x383f1422, 0x0284fe01, 0x868f87ba, 0x1f178797, 0x13091218, 0x330c100e, 0x13091b18, 0x372a1821, 0x0000041a, 0x4d00ffff, 0x28020000,
    0x26028f03, 0x00002500, 0xc7030600, 0x0000000f, 0x4d00ffff, 0x6e020000, 0x26026704, 0x00002500, 0xde030700, 0x00003b01, 0x4d00ffff, 0x280234ff,
    0x2602bc03, 0x00002500, 0xcf032600, 0x0700000f, 0x3b01b703, 0x00000000, 0x0800ffff, 0x28020000, 0x26026704, 0x00002500, 0xe0030700, 0x00003b01,
    0x4d00ffff, 0x49020000, 0x26025904, 0x00002500, 0xe1030700, 0x00003b01, 0x4d00ffff, 0x28020000, 0x26024f04, 0x00002500, 0xe3030700, 0x00003b01,
    0x32000200, 0x9802f4ff, 0x1f00c602, 0x72002600, 0x001a00ba, 0x11280027, 0x00b83912, 0x00b8101a, 0xb800d020, 0x58450000, 0x2f1000b8, 0x1000b91b,
    0x593e1d00, 0x450000b8, 0x1a00b858, 0x00b91b2f, 0x3e13001a, 0x2000b959, 0xbaf40e00, 0x20000000, 0x12111000, 0x0000b839, 0x0003412f, 0x0000005f,
    0x00b87101, 0x00b91010, 0xf40e0005, 0x000a00ba, 0x11000005, 0x00b83912, 0x00b91000, 0xf4060024, 0x21133130, 0x23263435, 0x07020e22, 0x33033e27,
    0x15021e32, 0x23020e14, 0x35022e22, 0x37363205, 0x32011e21, 0x444ec501, 0x16233022, 0x300d8907, 0x463b5d46, 0x2c2c5071, 0x46467150, 0x012c5071,
    0x054d3f33, 0x4d05defe, 0x53038f01, 0x291d0f5a, 0x4829311a, 0x5c2e1f35, 0x86595887, 0x5c2e2e5c, 0x4ee25986, 0x004e4949, 0x3200ffff, 0x8802f4ff,
    0x2602b803, 0x00002700, 0xd1030600, 0x0000003a, 0x3200ffff, 0x8802f4ff, 0x2602bc03, 0x00002700, 0xcf030600, 0x0000003a, 0x3200ffff, 0x8802edfe,
    0x2602c602, 0x00002700, 0xb8030700, 0x00005d01, 0x3200ffff, 0x8802f4ff, 0x26029903, 0x00002700, 0xca030600, 0x0000003a, 0x08000200, 0xd6020000,
    0x1300ba02, 0xce001700, 0x000200ba, 0x11190018, 0x00b83912, 0x00b81002, 0xb800d017, 0x58450000, 0x2f0c00b8, 0x0c00b91b, 0x593e1d00, 0x450000b8,
    0x0800b858, 0x00b91b2f, 0x3e1d0008, 0x0000b859, 0x00b85845, 0xb91b2f03, 0x13000300, 0x00b8593e, 0xb8584500, 0x1b2f1300, 0x001300b9, 0xba593e13,
    0x08000100, 0x12110300, 0x0100b839, 0x0005412f, 0x0001002f, 0x0001003f, 0x05415d02, 0x0100cf00, 0x0100df00, 0x415d0200, 0x005f0003, 0x5d010001,
    0x001700b9, 0x00baf40e, 0x00080005, 0x39121117, 0x2f0500b8, 0x2f000341, 0x01000500, 0x00054171, 0x0005004f, 0x0005005f, 0x00b95d02, 0xf4050006,
    0xd00a00b8, 0xd00e00b8, 0x100500b8, 0xd01600b8, 0xd01100b8, 0x21013130, 0x23112311, 0x33353335, 0x33352115, 0x23153315, 0x35112311, 0xf4011521,
    0x4a98f6fe, 0x0a01984a, 0x984a4a98, 0x1e01f6fe, 0xfa01e2fe, 0x4e4e4e72, 0x06fe724e, 0x5656a401, 0x4d00ffff, 0x87020000, 0x2602bc03, 0x00002800,
    0xcf030600, 0x0000003e, 0x3200ffff, 0x7e010000, 0x2602d103, 0x00002900, 0xcd030600, 0x000000ad, 0x1b00ffff, 0x97010000, 0x2602b803, 0x00002900,
    0xd1030600, 0x000000ad, 0x1700ffff, 0x9b010000, 0x2602c503, 0x00002900, 0xd0030600, 0x000000ad, 0x1700ffff, 0x9b010000, 0x2602bc03, 0x00002900,
    0xcf030600, 0x000000ad, 0x1b00ffff, 0x97010000, 0x26029003, 0x00002900, 0xcb030600, 0x000000ad, 0x3200ffff, 0x7e010000, 0x26029903, 0x00002900,
    0xca030600, 0x000000ad, 0x3200ffff, 0x7e0134ff, 0x2602ba02, 0x00002900, 0xb7030700, 0x0000d800, 0x3200ffff, 0x7e010000, 0x2602d103, 0x00002900,
    0xce030600, 0x000000ad, 0x3200ffff, 0x7e010000, 0x2602c303, 0x00002900, 0xd6030700, 0x0000d800, 0x3200ffff, 0x7e010000, 0x26027803, 0x00002900,
    0xc9030600, 0x000000ad, 0x32000100, 0x9f012cff, 0x2300ba02, 0x00ba9f00, 0x0024001e, 0x39121125, 0x0000b800, 0x00b85845, 0xb91b2f04, 0x1d000400,
    0x00b8593e, 0xb8584500, 0x1b2f2300, 0x002300b9, 0xb8593e13, 0x58450000, 0x2f1900b8, 0x1900b91b, 0x593e1500, 0x102300b8, 0x000000b9, 0x00b8f40e,
    0x00b91004, 0xf40e0003, 0xd00700b8, 0x100000b8, 0xd00800b8, 0x102300b8, 0xd00a00b8, 0x00001341, 0x10001900, 0x20001900, 0x30001900, 0x40001900,
    0x50001900, 0x60001900, 0x70001900, 0x80001900, 0x09001900, 0x1900b85d, 0x1200b910, 0xb8f40400, 0x30dc1500, 0x11333731, 0x15213523, 0x15331123,
    0x1415030e, 0x36323316, 0x010e1737, 0x022e2223, 0x37363435, 0x5a322327, 0x5b4d015a, 0x182d255b, 0x120f1708, 0x0d350b1a, 0x2d19303d, 0x383f1422,
    0x0179ed01, 0xfe7979c8, 0x1f177938, 0x13091218, 0x330c100e, 0x13091b18, 0x372a1821, 0x0000041a, 0x1b00ffff, 0x97010000, 0x26028f03, 0x00002900,
    0xc7030600, 0x000000ad, 0x49000200, 0x4702f5ff, 0x1500ba02, 0x5c001900, 0x000d00ba, 0x111b001a, 0x00b83912, 0x00b8100d, 0xb800d018, 0xb82f1900,
    0x58450000, 0x2f1500b8, 0x1500b91b, 0x593e1d00, 0x450000b8, 0x1600b858, 0x00b91b2f, 0x3e1d0016, 0x0000b859, 0x00b85845, 0xb91b2f06, 0x13000600,
    0x00b9593e, 0xf40e000d, 0x101500b8, 0x001400b9, 0x3130f40e, 0x0e141101, 0x26222302, 0x011e3727, 0x023e3233, 0x35231135, 0x23113321, 0x43244702,
    0x7c6f395d, 0x38088e0f, 0x1d25132b, 0xf2fe5811, 0xba029898, 0x523318fe, 0x586c1f39, 0x0b2e2d1c, 0x011a2517, 0x7bfe7a65, 0x4900ffff, 0x6702f5ff,
    0x2700d103, 0x6cffcd03, 0x27000000, 0xa500cd03, 0x06000000, 0x0000cc01, 0x1900ffff, 0xe601f5ff, 0x2602d103, 0x00002a00, 0xcd030600, 0x00000003,
    0x1900ffff, 0xf101f5ff, 0x2602bc03, 0x00002a00, 0xcf030600, 0x00000003, 0x4d00ffff, 0xac02edfe, 0x2602ba02, 0x00002b00, 0xb8030700, 0x00006601,
    0x4d00ffff, 0xef010000, 0x2602d103, 0x00002c00, 0xcd030700, 0x00006eff, 0x4d00ffff, 0xef010000, 0x2602e402, 0x00002c00, 0xa2030700, 0x0000a400,
    0x4d00ffff, 0xef01edfe, 0x2602ba02, 0x00002c00, 0xb8030700, 0x00001e01, 0x4d00ffff, 0xf7010000, 0x2602ba02, 0x00002c00, 0x96030700, 0xf3fe7200,
    0xf9ff0100, 0xf4010000, 0x0d00ba02, 0x00ba5700, 0x000e000c, 0x3912110f, 0x0000b800, 0x00b85845, 0xb91b2f06, 0x1d000600, 0x00b8593e, 0xb8584500,
    0x1b2f0100, 0x000100b9, 0xb9593e13, 0x0e000c00, 0x0300baf4, 0x0c000600, 0x7c391211, 0x2f0300b8, 0x0400b918, 0xb8f40600, 0xb8d00800, 0xb8100300,
    0x30d00b00, 0x35012931, 0x11373507, 0x15371133, 0x01211507, 0x595efef4, 0x9e9e9859, 0x1df30a01, 0x56011d71, 0x7133dafe, 0x00009c33, 0x4d00ffff,
    0x87020000, 0x2602d103, 0x00002e00, 0xcd030600, 0x0000003d, 0x4d00ffff, 0x87020000, 0x2602c503, 0x00002e00, 0xd0030600, 0x0000003d, 0x4d00ffff,
    0x8702edfe, 0x2602ba02, 0x00002e00, 0xb8030700, 0x00006901, 0x4d00ffff, 0x87020000, 0x26028f03, 0x00002e00, 0xc7030600, 0x0000003d, 0x4d000100,
    0x870238ff, 0x1400ba02, 0x00ba7c00, 0x0015000d, 0x39121116, 0x0000b800, 0x00b85845, 0xb91b2f06, 0x1d000600, 0x00b8593e, 0xb8584500, 0x1b2f0100,
    0x000100b9, 0xb8593e1d, 0x58450000, 0x2f0000b8, 0x0000b91b, 0x593e1300, 0x450000b8, 0x1000b858, 0x00b91b2f, 0x3e130010, 0x0000b859, 0x00b85845,
    0xb91b2f0c, 0x15000c00, 0x00b8593e, 0x00b81010, 0x00b8d004, 0x00b9100c, 0xf40e000d, 0x100100b8, 0xd01300b8, 0x11333130, 0x33171333, 0x14113311,
    0x35012b06, 0x03233533, 0x4d112327, 0x0343bfa6, 0x4f4d478f, 0x43bf1754, 0xfeba0203, 0xd6018cb6, 0x4a460efd, 0x4a015573, 0x002afe8c, 0x3200ffff,
    0x9802f4ff, 0x2602d103, 0x00002f00, 0xcd030600, 0x00000039, 0x3200ffff, 0x9802f4ff, 0x2602b803, 0x00002f00, 0xd1030600, 0x00000039, 0x3200ffff,
    0x9802f4ff, 0x2602c503, 0x00002f00, 0xd0030600, 0x00000039, 0x3200ffff, 0x9802f4ff, 0x2602bc03, 0x00002f00, 0xcf030600, 0x00000039, 0x3200ffff,
    0x9802f4ff, 0x26029003, 0x00002f00, 0xcb030600, 0x00000039, 0x3200ffff, 0x980234ff, 0x2602c602, 0x00002f00, 0xb7030700, 0x00006501, 0x3200ffff,
    0x9802f4ff, 0x2602d103, 0x00002f00, 0xce030600, 0x00000039, 0x3200ffff, 0x9802f4ff, 0x2602c303, 0x00002f00, 0xd6030700, 0x00006501, 0x3200ffff,
    0x9802f4ff, 0x2602cd03, 0x00002f00, 0xcc030600, 0x00000039, 0x3200ffff, 0x9802f4ff, 0x26027803, 0x00002f00, 0xc9030600, 0x00000039, 0x32000300,
    0x9802c8ff, 0x1900f202, 0x2b002200, 0x00ba9f00, 0x002c0000, 0x3912112d, 0xd01f00b8, 0x100000b8, 0xd02800b8, 0x0000b800, 0x00b85845, 0xb91b2f0d,
    0x1d000d00, 0x00b8593e, 0xb8584500, 0x1b2f0000, 0x000000b9, 0xb8593e13, 0xb9100d00, 0x0e001f00, 0x0200baf4, 0x00001f00, 0xb8391211, 0xb9100000,
    0x0e002800, 0x1c00baf4, 0x28000d00, 0xba391211, 0x1c000500, 0x12110200, 0x0f00ba39, 0x28000d00, 0xba391211, 0x1f002500, 0x12110000, 0x1200ba39,
    0x25000f00, 0xba391211, 0x0f001d00, 0x12112500, 0x2600ba39, 0x02001c00, 0x30391211, 0x27220531, 0x2e372707, 0x3e343501, 0x17323302, 0x1e071737,
    0x0e141501, 0x17140302, 0x22232613, 0x34211506, 0x33160327, 0x01353632, 0x35425465, 0x26233d5c, 0x4572502c, 0x5c354254, 0x2c26233d, 0x0cde7250,
    0x483121df, 0x0c320151, 0x483121df, 0x4e220c51, 0x802d5a3b, 0x5b875953, 0x3b4e222e, 0x53802d5a, 0x2e5b8759, 0x242f3201, 0x5e156201, 0xfe242f58,
    0x585e159e, 0x3200ffff, 0x9802c8ff, 0x2602d103, 0x0000e501, 0xcd030600, 0x00000039, 0x3200ffff, 0x9802f4ff, 0x26028f03, 0x00002f00, 0xc7030600,
    0x00000039, 0x32000200, 0xad02f4ff, 0x1a002403, 0x6c002800, 0x000c00ba, 0x112a0029, 0x00b83912, 0x00b8100c, 0xb800d01b, 0x58450000, 0x2f1600b8,
    0x1600b91b, 0x593e1d00, 0x450000b8, 0x1800b858, 0x00b91b2f, 0x3e1d0018, 0x0000b859, 0x00b85845, 0xb91b2f0c, 0x13000c00, 0x00b8593e, 0x00b81018,
    0x00b8dc04, 0x00b81018, 0x00b8dc1a, 0x00b9100c, 0xf40e001b, 0x101600b8, 0x002200b9, 0x3130f40e, 0x06141501, 0x15011e07, 0x23020e14, 0x35022e22,
    0x33023e34, 0x35331732, 0x3d363203, 0x23263401, 0x011d0622, 0xad021614, 0x28253a28, 0x4572502c, 0x2c507245, 0x4572502c, 0xcc6f2a33, 0x454d4d45,
    0x034d4d45, 0x33315e24, 0x55822d01, 0x2e5b8759, 0x59875b2e, 0x2e5b8759, 0x57fd6a0c, 0x5468545a, 0x68545a5a, 0x00005a54, 0x3200ffff, 0xad02f4ff,
    0x2602d103, 0x0000e801, 0xcd030600, 0x00000039, 0x3200ffff, 0xad0234ff, 0x26022403, 0x0000e801, 0xb7030700, 0x00006501, 0x3200ffff, 0xad02f4ff,
    0x2602d103, 0x0000e801, 0xce030600, 0x00000039, 0x3200ffff, 0xad02f4ff, 0x2602c303, 0x0000e801, 0xd6030700, 0x00006501, 0x3200ffff, 0xad02f4ff,
    0x26028f03, 0x0000e801, 0xc8030600, 0x00000039, 0x3200ffff, 0x9802f4ff, 0x26026704, 0x00002f00, 0xde030700, 0x00006501, 0x3200ffff, 0x980234ff,
    0x2602bc03, 0x00002f00, 0xcf032600, 0x07000039, 0x6501b703, 0x00000000, 0x3200ffff, 0x9802f4ff, 0x26026704, 0x00002f00, 0xe0030700, 0x00006501,
    0x3200ffff, 0x9802f4ff, 0x26025904, 0x00002f00, 0xe1030700, 0x00006501, 0x3200ffff, 0x9802f4ff, 0x26024f04, 0x00002f00, 0xe3030700, 0x00006501,
    0x32000200, 0xaf03f4ff, 0x1900c602, 0xa5002600, 0x000f00ba, 0x11280027, 0x00b83912, 0x00b8100f, 0xb800d01c, 0x58450000, 0x2f0d00b8, 0x0d00b91b,
    0x593e1d00, 0x450000b8, 0x0f00b858, 0x00b91b2f, 0x3e1d000f, 0x0000b859, 0x00b85845, 0xb91b2f03, 0x13000300, 0x00b8593e, 0xb8584500, 0x1b2f0000,
    0x000000b9, 0xb8593e13, 0xb9100f00, 0x0e001200, 0x1600baf4, 0x00001200, 0xb8391211, 0xb92f1600, 0x0e001300, 0x0000b8f4, 0x1700b910, 0xb8f40e00,
    0xb9100300, 0x0e001a00, 0x1700b8f4, 0x1c00b810, 0x1200b8d0, 0x1d00b810, 0x0d00b8d0, 0x2000b910, 0x30f40e00, 0x010e2131, 0x022e2223, 0x023e3435,
    0x21173233, 0x21152115, 0x21152115, 0x37322515, 0x23012e11, 0x011d0622, 0xd8011614, 0x45223b16, 0x2c2c5072, 0x43457250, 0xfecf0138, 0xfe1601bc,
    0xfd4401ea, 0x1a333bb6, 0x4e441d37, 0x2e06064e, 0x5959875b, 0x0c2e5b87, 0x97868f87, 0x01097b87, 0x5a0505b1, 0x5a546854, 0x4d00ffff, 0x75020000,
    0x2602d103, 0x00003200, 0xcd030600, 0x00000018, 0x4d00ffff, 0x75020000, 0x2602c503, 0x00003200, 0xd0030600, 0x00000018, 0x4d00ffff, 0x7502edfe,
    0x2602ba02, 0x00003200, 0xb8030700, 0x00005401, 0x2600ffff, 0x3f02f4ff, 0x2602d103, 0x00003300, 0xcd030600, 0x0000000a, 0x2600ffff, 0x3f02f4ff,
    0x2602c503, 0x00003300, 0xd0030600, 0x0000000a, 0x26000100, 0x3f022cff, 0x4800c602, 0x00ba7500, 0x00490000, 0x3912114a, 0x0000b800, 0x00b85845,
    0xb91b2f42, 0x1d004200, 0x00b8593e, 0xb8584500, 0x1b2f2d00, 0x002d00b9, 0xb8593e13, 0xb9104200, 0x0e000000, 0x2d00b8f4, 0x3300b910, 0xbaf40e00,
    0x42000600, 0x12113300, 0x2d00b839, 0x0f00b810, 0x2d00b8d0, 0x1400b810, 0x2b00b8dc, 0x2300b8dc, 0x1c00b9dc, 0xbaf40400, 0x00003a00, 0x12112d00,
    0x01313039, 0x14150622, 0x1e011f16, 0x0e141501, 0x17010f02, 0x3233013e, 0x0e141516, 0x26222302, 0x011e3727, 0x35363233, 0x2f022e34, 0x012e3701,
    0x33163727, 0x34353632, 0x2e012f26, 0x3e343501, 0x16323302, 0x012e0717, 0x32333801, 0x6c452c27, 0x593d2068, 0x0c04093a, 0x2b1e0c18, 0x19302516,
    0x2e0d3b34, 0x1317210a, 0x1d110619, 0x4e0d1517, 0x4764296f, 0x20363868, 0x676f4531, 0x3e614324, 0x652b784f, 0x40024719, 0x20242024, 0x63110b07,
    0x3b4f2f5b, 0x042c0425, 0x25200403, 0x0916221a, 0x0c380f1d, 0x060d0c11, 0x02090b0c, 0x3d063f02, 0x2e50652d, 0x07271d26, 0x586a0e09, 0x1f384e2f,
    0x1d663032, 0x00000025, 0x2600ffff, 0x3f02f4ff, 0x2602bc03, 0x00003300, 0xcf030600, 0x0000000a, 0x2600ffff, 0x3f02edfe, 0x2602c602, 0x00003300,
    0xb8030700, 0x00003601, 0x4d000100, 0xbd02f4ff, 0x2200ba02, 0x00ba7000, 0x00230009, 0x39121124, 0x0000b800, 0x00b85845, 0xb91b2f1a, 0x1d001a00,
    0x00b8593e, 0xb8584500, 0x1b2f0500, 0x000500b9, 0xb8593e13, 0x58450000, 0x2f1900b8, 0x1900b91b, 0x593e1300, 0x100500b8, 0x000c00b9, 0x00baf406,
    0x001a0015, 0x3912110c, 0x2f1500b8, 0x001400b9, 0x00b8f406, 0x00b9101a, 0xf40e0017, 0x101500b8, 0xd01e00b8, 0x14253130, 0x2223020e, 0x1e372726,
    0x36323301, 0x2634013d, 0x3735012b, 0x11231121, 0x15071521, 0xbd02031e, 0x35553b20, 0x5f216342, 0x23232f15, 0x60342c29, 0x98fffe82, 0x1f7c3002,
    0xd8243742, 0x233d5331, 0x1761252a, 0x24202e1b, 0x97752a20, 0xba02c6fd, 0x0204908b, 0x00482f18, 0x20000100, 0x32020000, 0x0f00ba02, 0x00babd00,
    0x00100002, 0x39121111, 0x0000b800, 0x00b85845, 0xb91b2f09, 0x1d000900, 0x00b8593e, 0xb8584500, 0x1b2f0200, 0x000200b9, 0xb8593e13, 0xb9100900,
    0x0e000800, 0x0400baf4, 0x02000800, 0xb8391211, 0x412f0400, 0x009f0005, 0x00af0004, 0x5d020004, 0x1f000341, 0x01000400, 0x00034171, 0x0004008f,
    0x03417101, 0x0400bf00, 0x41710100, 0x003f0005, 0x004f0004, 0x71020004, 0xcf000541, 0xdf000400, 0x02000400, 0x0003415d, 0x0004005f, 0x05415d01,
    0x04002f00, 0x04003f00, 0xb85d0200, 0xb8d00000, 0xb9100400, 0x06000500, 0x0800b8f4, 0x0c00b810, 0x0500b8d0, 0x0d00b810, 0x013130d0, 0x23112311,
    0x23353335, 0x23152135, 0x01153315, 0x8b8b9875, 0xbd1202bd, 0xfe12018b, 0x721201ee, 0xaf8787af, 0x00000072, 0x1b00ffff, 0x2d020000, 0x2602c503,
    0x00003400, 0xd0030600, 0x000000f9, 0x1b00ffff, 0x2d02edfe, 0x2602ba02, 0x00003400, 0xb8030700, 0x00002401, 0x1b000100, 0x2d022cff, 0x2600ba02,
    0x00ba6800, 0x00270007, 0x39121128, 0x0000b800, 0x00b85845, 0xb91b2f15, 0x1d001500, 0x00b8593e, 0xb8584500, 0x1b2f1200, 0x001200b9, 0xb8593e13,
    0x58450000, 0x2f1100b8, 0x1100b91b, 0x593e1300, 0xdc1f00b8, 0xdc0f00b8, 0xdc0700b8, 0x000000b9, 0x00b8f404, 0x00b91015, 0xf40e0014, 0xd01800b8,
    0x101200b8, 0xd01a00b8, 0x22053130, 0x1e372726, 0x36323301, 0x022e3435, 0x2337012f, 0x21352311, 0x23112315, 0x013e1707, 0x15163233, 0x01020e14,
    0x0d3b3432, 0x17210a2e, 0x11061913, 0x0f15171d, 0x1202bd29, 0x040b2cbd, 0x1e0c180c, 0x3025162b, 0x380f1dd4, 0x0d0c110c, 0x090b0c06, 0x024a0202,
    0xfd878733, 0x030437cd, 0x1a252004, 0x00091622, 0x4d000200, 0x6b020000, 0x1000ba02, 0x95001a00, 0x001200ba, 0x111c001b, 0x00b83912, 0x00b81012,
    0xb800d00e, 0x58450000, 0x2f0100b8, 0x0100b91b, 0x593e1d00, 0x450000b8, 0x0000b858, 0x00b91b2f, 0x3e130000, 0x0100b859, 0x0300b810, 0x000341dc,
    0x0003006f, 0x03415d01, 0x0300c000, 0xb8710100, 0xb8100000, 0x41dc0f00, 0x004f0003, 0x7101000f, 0x8f000541, 0x9f000f00, 0x02000f00, 0x00034171,
    0x000f009f, 0x05415d01, 0x0f001f00, 0x0f002f00, 0xb95d0200, 0x0e001100, 0x0300b8f4, 0x1a00b910, 0x30f40e00, 0x33113331, 0x1e323315, 0x0e141502,
    0x15012b02, 0x36323311, 0x2634013d, 0x984d012b, 0x374e31b2, 0x4e371e1e, 0x22a0b231, 0xa0222727, 0x2178ba02, 0x3131523b, 0x84213b52, 0x22230801,
    0x0023222c, 0x4900ffff, 0x6d02f4ff, 0x2602d103, 0x00003500, 0xcd030600, 0x0000002f, 0x4900ffff, 0x6d02f4ff, 0x2602b803, 0x00003500, 0xd1030600,
    0x0000002f, 0x4900ffff, 0x6d02f4ff, 0x2602c503, 0x00003500, 0xd0030600, 0x0000002f, 0x4900ffff, 0x6d02f4ff, 0x2602bc03, 0x00003500, 0xcf030600,
    0x0000002f, 0x4900ffff, 0x6d02f4ff, 0x26029003, 0x00003500, 0xcb030600, 0x0000002f, 0x4900ffff, 0x6d0234ff, 0x2602ba02, 0x00003500, 0xb7030700,
    0x00005b01, 0x4900ffff, 0x6d02f4ff, 0x2602d103, 0x00003500, 0xce030600, 0x0000002f, 0x4900ffff, 0x6d02f4ff, 0x2602c303, 0x00003500, 0xd6030700,
    0x00005b01, 0x4900ffff, 0x6d02f4ff, 0x2602cd03, 0x00003500, 0xcc030600, 0x0000002f, 0x4900ffff, 0x6d02f4ff, 0x26027803, 0x00003500, 0xc9030600,
    0x0000002f, 0x49000100, 0x6d022cff, 0x3000ba02, 0x00ba9c00, 0x0031002a, 0x39121132, 0x0000b800, 0x00b85845, 0xb91b2f30, 0x1d003000, 0x00b8593e,
    0xb8584500, 0x1b2f0800, 0x000800b9, 0xb8593e1d, 0x58450000, 0x2f2a00b8, 0x2a00b91b, 0x593e1300, 0x450000b8, 0x1e00b858, 0x00b91b2f, 0x3e15001e,
    0x2a00b859, 0x0400b910, 0x41f40e00, 0x00000013, 0x0010001e, 0x0020001e, 0x0030001e, 0x0040001e, 0x0050001e, 0x0060001e, 0x0070001e, 0x0080001e,
    0x5d09001e, 0x101e00b8, 0x001700b9, 0x00b8f404, 0x00badc1a, 0x00040027, 0x3912112a, 0x11133130, 0x32331614, 0x33113536, 0x020e1411, 0x15030e07,
    0x32331614, 0x0e173736, 0x2e222301, 0x36343502, 0x010e2737, 0x022e2223, 0x3add1135, 0x943a4444, 0x242f1c0b, 0x131e2411, 0x19120f17, 0x3d0d350b,
    0x222c192f, 0x02374014, 0x4b132110, 0x021d4268, 0x4a54feba, 0x014a4949, 0x3464feac, 0x1b3a4754, 0x1a18170c, 0x100f110f, 0x1b18330c, 0x17201409,
    0x0617312a, 0x49230202, 0x9c014d71, 0x4900ffff, 0x6d02f4ff, 0x2602ed03, 0x00003500, 0xd3030600, 0x0000002f, 0x4900ffff, 0x6d02f4ff, 0x26028f03,
    0x00003500, 0xc7030600, 0x0000002f, 0x49000100, 0xa202f4ff, 0x1b002403, 0x00ba5600, 0x001c0015, 0x3912111d, 0x0000b800, 0x00b85845, 0xb91b2f1b,
    0x1d001b00, 0x00b8593e, 0xb8584500, 0x1b2f0800, 0x000800b9, 0xb8593e1d, 0x58450000, 0x2f1500b8, 0x1500b91b, 0x593e1300, 0x000400b9, 0x00b8f40e,
    0x00b81008, 0x00b8dc0a, 0x00b81008, 0x3130dc0f, 0x16141113, 0x35363233, 0x33353311, 0x07061415, 0x020e1411, 0x022e2223, 0x3add1135, 0x4d3a4444,
    0x1d1f167c, 0x4b4b6842, 0x021d4268, 0x4a54feba, 0x014a4949, 0x265e6aac, 0xb6fe092f, 0x2349714d, 0x4d714923, 0x00009c01, 0x4900ffff, 0xa202f4ff,
    0x2602d103, 0x00000f02, 0xcd030600, 0x0000002f, 0x4900ffff, 0xa20234ff, 0x26022403, 0x00000f02, 0xb7030700, 0x00005b01, 0x4900ffff, 0xa202f4ff,
    0x2602d103, 0x00000f02, 0xce030600, 0x0000002f, 0x4900ffff, 0xa202f4ff, 0x2602c303, 0x00000f02, 0xd6030700, 0x00005b01, 0x4900ffff, 0xa202f4ff,
    0x26028f03, 0x00000f02, 0xc8030600, 0x0000002f, 0x4900ffff, 0x6d02f4ff, 0x26021a04, 0x00003500, 0xe2030700, 0x00005b01, 0x4900ffff, 0x6d02f4ff,
    0x26026704, 0x00003500, 0xdb030700, 0x00005b01, 0x4900ffff, 0x6d02f4ff, 0x26026704, 0x00003500, 0xdd030700, 0x00005b01, 0x4900ffff, 0x6d02f4ff,
    0x26026904, 0x00003500, 0xdc030700, 0x00005b01, 0x1d00ffff, 0xb0030000, 0x2602d103, 0x00003700, 0xcd030700, 0x0000bb00, 0x1d00ffff, 0xb0030000,
    0x2602bc03, 0x00003700, 0xcf030700, 0x0000bb00, 0x1d00ffff, 0xb0030000, 0x26029003, 0x00003700, 0xcb030700, 0x0000bb00, 0x1d00ffff, 0xb0030000,
    0x2602d103, 0x00003700, 0xce030700, 0x0000bb00, 0x0900ffff, 0x80020000, 0x2602d103, 0x00003900, 0xcd030600, 0x00000019, 0x0900ffff, 0x80020000,
    0x2602bc03, 0x00003900, 0xcf030600, 0x00000019, 0x0900ffff, 0x800234ff, 0x2602ba02, 0x00003900, 0xb7030700, 0x00004301, 0x0900ffff, 0x80020000,
    0x26029003, 0x00003900, 0xcb030600, 0x00000019, 0x0900ffff, 0x80020000, 0x2602d103, 0x00003900, 0xce030600, 0x00000019, 0x0900ffff, 0x80020000,
    0x2602c303, 0x00003900, 0xd6030700, 0x00004501, 0x0900ffff, 0x80020000, 0x26028f03, 0x00003900, 0xc7030600, 0x00000019, 0x2700ffff, 0x38020000,
    0x2602d103, 0x00003a00, 0xcd030600, 0x00000003, 0x2700ffff, 0x38020000, 0x2602c503, 0x00003a00, 0xd0030600, 0x00000003, 0x2700ffff, 0x38020000,
    0x26029903, 0x00003a00, 0xca030600, 0x00000003, 0x45000100, 0x150238ff, 0x1a000d02, 0x00ba7c00, 0x001b0006, 0x3912111c, 0x0000b800, 0x00b85845,
    0xb91b2f01, 0x1b000100, 0x00b8593e, 0xb8584500, 0x1b2f0c00, 0x000c00b9, 0xb8593e1b, 0x58450000, 0x2f0000b8, 0x0000b91b, 0x593e1500, 0x450000b8,
    0x0f00b858, 0x00b91b2f, 0x3e13000f, 0x0000b859, 0x00b85845, 0xb91b2f14, 0x13001400, 0x00b9593e, 0xf4060006, 0x001100ba, 0x11140006, 0x00ba3912,
    0x00060018, 0x39121114, 0x11173130, 0x16141133, 0x023e3233, 0x11331135, 0x0e233523, 0x26222301, 0x15172327, 0x28229445, 0x101b2112, 0x0d059494,
    0x231d2d3a, 0xc81e0508, 0xc1fed502, 0x130a3230, 0x5401131d, 0x2958f3fd, 0x8812183b, 0x0000005e, 0x31000200, 0x7b020000, 0x0500ba02, 0x49000900,
    0x000600ba, 0x110b000a, 0x00b83912, 0x00b81006, 0xb800d001, 0x58450000, 0x2f0100b8, 0x0100b91b, 0x593e1d00, 0x450000b8, 0x0500b858, 0x00b91b2f,
    0x3e130005, 0x0100b859, 0x0700b810, 0x0500b8d0, 0x0800b910, 0x30f40e00, 0x33133731, 0x01211513, 0x31210323, 0xfdc7bcc7, 0x052501b6, 0x790f0185,
    0xbffd4102, 0xfe300279, 0x00000057, 0x18000100, 0xbe0238ff, 0x0b00ba02, 0x00ba5200, 0x000c000b, 0x3912110d, 0x0000b800, 0x00b85845, 0xb91b2f03,
    0x1d000300, 0x00b8593e, 0xb8584500, 0x1b2f0000, 0x000000b9, 0xb8593e15, 0x58450000, 0x2f0800b8, 0x0800b91b, 0x593e1500, 0x100300b8, 0x000200b9,
    0x00b8f40e, 0x00b8d00a, 0x3130d006, 0x35231117, 0x11231521, 0x11231123, 0xa602647c, 0xc8ae9864, 0x8787fb02, 0xfb0205fd, 0x000005fd, 0x31000100,
    0x090238ff, 0x0d00ba02, 0x00ba6300, 0x000e0003, 0x3912110f, 0x0000b800, 0x00b85845, 0xb91b2f06, 0x1d000600, 0x00b8593e, 0xb8584500, 0x1b2f0100,
    0x000100b9, 0xba593e15, 0x0a000b00, 0xb82b0300, 0xb9100100, 0x0e000c00, 0x0200b8f4, 0x0b00b8d0, 0x0300b810, 0x0a00b8d0, 0x0400b810, 0x0600b8d0,
    0x0900b910, 0xb8f40e00, 0x30d00500, 0x35210531, 0x35033513, 0x13211521, 0x02210315, 0xd728fe09, 0xfed801d7, 0x01c2c2cc, 0x018dc834, 0x32010432,
    0xf8fe878d, 0x00f8fe64, 0x32000100, 0xa2020000, 0x2f00c602, 0x00ba6a00, 0x00300022, 0x39121131, 0x0000b800, 0x00b85845, 0xb91b2f0a, 0x1d000a00,
    0x00b8593e, 0xb8584500, 0x1b2f2f00, 0x002f00b9, 0xb8593e13, 0x58450000, 0x2f1600b8, 0x1600b91b, 0x593e1300, 0x102f00b8, 0x000000b9, 0x00b8f40e,
    0x00b91016, 0xf40e0013, 0x100000b8, 0xdc2d00b8, 0xd01700b8, 0x100a00b8, 0x002200b9, 0x3130f40e, 0x2e353337, 0x3e343501, 0x1e323302, 0x06141502,
    0x15331507, 0x033e3521, 0x2e34013d, 0x0e222302, 0x14011d02, 0x1517021e, 0x4b9f3221, 0x724f294f, 0x4f724949, 0x9f4b4f29, 0x2717f3fe, 0x26140f1b,
    0x37222237, 0x1b0f1426, 0xf3fe1727, 0x7d220a86, 0x54714161, 0x71543030, 0x227d6141, 0x07cd860a, 0x182e271d, 0x28341c51, 0x34281818, 0x2e18511c,
    0xcd071d27, 0x2b000200, 0x7902f4ff, 0x19001902, 0x97002800, 0x001d00ba, 0x112a0029, 0x00b83912, 0x00b8101d, 0xb800d009, 0x58450000, 0x2f0f00b8,
    0x0f00b91b, 0x593e1b00, 0x450000b8, 0x1500b858, 0x00b91b2f, 0x3e1b0015, 0x0000b859, 0x00b85845, 0xb91b2f09, 0x13000900, 0x00b8593e, 0xb8584500,
    0x1b2f0100, 0x000100b9, 0xb8593e13, 0xb9100900, 0x06001a00, 0x0600baf4, 0x15001a00, 0x7c391211, 0x2f0600b8, 0x0f00b818, 0x2200b910, 0xbaf40600,
    0x22001200, 0x12110100, 0x00b87d39, 0xb8182f12, 0xb9100100, 0x06001800, 0x213130f4, 0x2f262223, 0x010e2301, 0x35262223, 0x32333634, 0x3f331716,
    0x17033301, 0x36320533, 0x2e27013f, 0x06222301, 0x1614011d, 0x3b3b7902, 0x03090c39, 0x614a5518, 0x4a616f6f, 0x1204185b, 0x3c749417, 0x188ffe38,
    0x16161129, 0x21182911, 0x3b2d2222, 0x8c50502c, 0x4d8d8686, 0xfe4d4753, 0x2b0797fd, 0x303f4030, 0x4f3c372b, 0x0000373c, 0x2b000200, 0x4c02f4ff,
    0x16001902, 0x87002400, 0x001700ba, 0x11260025, 0x00b83912, 0x00b81017, 0xb800d008, 0x58450000, 0x2f1300b8, 0x1300b91b, 0x593e1b00, 0x450000b8,
    0x0e00b858, 0x00b91b2f, 0x3e1b000e, 0x0000b859, 0x00b85845, 0xb91b2f01, 0x13000100, 0x00b8593e, 0xb8584500, 0x1b2f0800, 0x000800b9, 0xb9593e13,
    0x06001700, 0x0500baf4, 0x08001700, 0xb8391211, 0xb9100e00, 0x06001e00, 0x1100baf4, 0x0e001e00, 0xb8391211, 0xb9100100, 0x06001500, 0x213130f4,
    0x27262223, 0x23010e23, 0x34352622, 0x16323336, 0x33353317, 0x32053311, 0x34013d36, 0x06222326, 0x1614011d, 0x40324c02, 0x0f050b43, 0x6664354e,
    0x4f336466, 0x3194050b, 0x372adafe, 0x372a2a37, 0x322d3337, 0x86868d3a, 0x582c388c, 0x290766fe, 0x29249b24, 0x325b323b, 0x0000003b, 0x45000200,
    0x350238ff, 0x1a00f002, 0x88003200, 0x002300ba, 0x11340033, 0x00b83912, 0x00b81023, 0xb800d003, 0x58450000, 0x2f0300b8, 0x0300b91b, 0x593e1f00,
    0x450000b8, 0x1a00b858, 0x00b91b2f, 0x3e15001a, 0x0000b859, 0x00b85845, 0xb91b2f14, 0x13001400, 0x00b8593e, 0x00b91003, 0xf4060023, 0x003200ba,
    0x11140023, 0x00b83912, 0x00b92f32, 0xf406001b, 0x000b00ba, 0x1132001b, 0x00ba3912, 0x00140018, 0x39121103, 0x2f1800b8, 0x101400b8, 0x002a00b9,
    0x3130f406, 0x33363413, 0x15021e32, 0x15070614, 0x1415011e, 0x2223020e, 0x11232726, 0x32331323, 0x34013d36, 0x06222326, 0x16141115, 0x3d363233,
    0x2b263401, 0x75734501, 0x1b38593d, 0x4e47393d, 0x314b321a, 0x050b4e36, 0x2021d094, 0x262c282b, 0x2f2d362e, 0x272f3535, 0x8c86de01, 0x2746351e,
    0x05125544, 0x32495509, 0x39223d54, 0x02e0fe2b, 0x1e232c7b, 0x32363229, 0x2a26a6fe, 0x28222d32, 0x0000002e, 0x08000100, 0x130238ff, 0x10000d02,
    0x00ba7400, 0x00110009, 0x39121112, 0x0000b800, 0x00b85845, 0xb91b2f04, 0x1b000400, 0x00b8593e, 0xb8584500, 0x1b2f0c00, 0x000c00b9, 0xb8593e1b,
    0x58450000, 0x2f1000b8, 0x1000b91b, 0x593e1500, 0x450000b8, 0x0000b858, 0x00b91b2f, 0x3e130000, 0x0000b859, 0x00b85845, 0xb91b2f0e, 0x13000e00,
    0x00b8593e, 0x00b91004, 0xf4060001, 0x100000b8, 0xd00900b8, 0x03333130, 0x32333523, 0x33021f16, 0x0333013f, 0x87c02315, 0x3f3a3431, 0x08212311,
    0xbf8c4c29, 0x739a0194, 0x947d3d2e, 0xf3fde894, 0x000000c8, 0x24000200, 0x1002f4ff, 0x1c00e402, 0x5f002c00, 0x000d00ba, 0x112e002d, 0x00b83912,
    0x00b8100d, 0xb800d029, 0x58450000, 0x2f1a00b8, 0x1a00b91b, 0x593e1f00, 0x450000b8, 0x0d00b858, 0x00b91b2f, 0x3e13000d, 0x1a00b859, 0x0000b910,
    0xb8f40600, 0xb9100d00, 0x06002900, 0x0300baf4, 0x29001a00, 0xba391211, 0x00002200, 0x12110d00, 0x01313039, 0x1e171527, 0x0e141503, 0x2e222302,
    0x3e343502, 0x27353302, 0x03152135, 0x27022e34, 0x011d010e, 0x32331614, 0x43013536, 0x4a35695d, 0x3f22142e, 0x5b3a3a5b, 0x331e223f, 0x01832543,
    0x13076b87, 0x33331820, 0x302c2c30, 0x040b7102, 0x4c452140, 0x66402d52, 0x46272647, 0x5b3a3960, 0x6606203d, 0x89fe738c, 0x2a2d331f, 0x39490816,
    0x3636325e, 0x00000032, 0x28000100, 0xf901f4ff, 0x2d001902, 0x00ba6a00, 0x002e0021, 0x3912112f, 0x0000b800, 0x00b85845, 0xb91b2f14, 0x1b001400,
    0x00b8593e, 0xb8584500, 0x1b2f0300, 0x000300b9, 0xb8593e13, 0xb9101400, 0x06001b00, 0x0300b8f4, 0x2a00b910, 0xbaf40600, 0x1b002100, 0x12112a00,
    0x2100b839, 0x0003412f, 0x0021006f, 0x00b97101, 0xf4070024, 0x000b00ba, 0x11240021, 0x31303912, 0x23010e25, 0x35022e22, 0x35373634, 0x3435012e,
    0x3233023e, 0x2e071716, 0x06222301, 0x3b14011d, 0x22231501, 0x1614011d, 0x37363233, 0x7626f901, 0x3c55354f, 0x39394320, 0x51381c36, 0x2a6b4c35,
    0x27401a55, 0x673b2828, 0x362d3b74, 0x4b1d442e, 0x2a172e29, 0x3d38243b, 0x37080508, 0x2836202f, 0x57292917, 0x171b1b1a, 0x2d622d0a, 0x211d1d0b,
    0x0000001e, 0x24000100, 0xb00151ff, 0x2100e402, 0x00ba4f00, 0x00220013, 0x39121123, 0x0000b800, 0x00b85845, 0xb91b2f00, 0x1f000000, 0x00b8593e,
    0xb8584500, 0x1b2f1200, 0x001200b9, 0xb8593e13, 0xb9100000, 0x06002100, 0x0200b8f4, 0x1200b8d0, 0x0a00b910, 0xb8f40600, 0xb8101200, 0x30dc1000,
    0x15211331, 0x1d010e07, 0x011f1401, 0x1415011e, 0x3727010f, 0x35032e27, 0x3f023e34, 0x23073501, 0xaa76013a, 0x4a4c2028, 0x360c2a2a, 0x314a3078,
    0x09122a43, 0x7f29311c, 0xe4029652, 0x4b36e374, 0x14440e21, 0x23380b14, 0x2e831e19, 0x260d1475, 0x21233b32, 0x304a3f3a, 0x000a0597, 0x22000100,
    0x230238ff, 0x19001902, 0x00ba6f00, 0x001a0013, 0x3912111b, 0x0000b800, 0x00b85845, 0xb91b2f03, 0x1b000300, 0x00b8593e, 0xb8584500, 0x1b2f0a00,
    0x000a00b9, 0xb8593e1b, 0x58450000, 0x2f0000b8, 0x0000b91b, 0x593e1300, 0x450000b8, 0x0f00b858, 0x00b91b2f, 0x3e15000f, 0x0300b859, 0x0200b910,
    0xb8f40600, 0xb9100a00, 0x06001300, 0x0600baf4, 0x0a001300, 0x30391211, 0x23113331, 0x17323335, 0x33013e33, 0x11151632, 0x26341123, 0x020e2223,
    0x31531115, 0x060c6552, 0x513f460f, 0x29209453, 0x101b2212, 0x5e739a01, 0x646c3d2d, 0x0502effd, 0x14093133, 0xacfe131d, 0x2a000300, 0x1602f4ff,
    0x1300f002, 0x2d002000, 0x00bab300, 0x002e000a, 0x3912112f, 0x100a00b8, 0xd01400b8, 0x100a00b8, 0xd02800b8, 0x0000b800, 0x00b85845, 0xb91b2f00,
    0x1f000000, 0x00b8593e, 0xb8584500, 0x1b2f0a00, 0x000a00b9, 0xb9593e13, 0x06001400, 0x1b00baf4, 0x14000000, 0xb8391211, 0x412f1b00, 0x00bf0003,
    0x5d01001b, 0x5f000341, 0x01001b00, 0x00034171, 0x001b007f, 0x05417201, 0x1b004f00, 0x1b005f00, 0x415d0200, 0x00bf0005, 0x00cf001b, 0x7102001b,
    0x2f000341, 0x01001b00, 0x00034171, 0x001b002f, 0x03415d01, 0x1b00e000, 0xb95d0100, 0x06002100, 0x0000b8f4, 0x2800b910, 0x30f40600, 0x1e320131,
    0x0e141502, 0x2e222302, 0x3e343502, 0x3e321302, 0x23013d02, 0x021e1415, 0x34353303, 0x2223022e, 0x0115020e, 0x405b3920, 0x5b402222, 0x405b3939,
    0x5b402222, 0x17231639, 0x170cb80c, 0x0cb84522, 0x17162317, 0x020c1722, 0x925927f0, 0x59926c6c, 0x92592727, 0x59926c6c, 0x0e79fd27, 0x352e3c23,
    0x233c2e35, 0x3443010e, 0x0e233c2e, 0x2e3c230e, 0x45000100, 0x39010000, 0x08000d02, 0x00ba3500, 0x00090007, 0x3912110a, 0x0000b800, 0x00b85845,
    0xb91b2f05, 0x1b000500, 0x00b8593e, 0xb8584500, 0x1b2f0100, 0x000100b9, 0xb9593e13, 0x06000700, 0x213130f4, 0x35262223, 0x33113311, 0x4d583901,
    0x4e60944f, 0xfe74014b, 0x00000066, 0x45000100, 0x36020000, 0x14000d02, 0x00ba6d00, 0x00150008, 0x39121116, 0x0000b800, 0x00b85845, 0xb91b2f04,
    0x1b000400, 0x00b8593e, 0xb8584500, 0x1b2f0e00, 0x000e00b9, 0xb8593e1b, 0x58450000, 0x2f0300b8, 0x0300b91b, 0x593e1300, 0x450000b8, 0x1400b858,
    0x00b91b2f, 0x3e130014, 0x0600ba59, 0x03000e00, 0xb8391211, 0xb8100600, 0xb8d00100, 0xb9100e00, 0x06001100, 0x253130f4, 0x11231507, 0x3f331533,
    0x3b033e01, 0x07231501, 0x1b012313, 0x06949442, 0x180d4f43, 0x3414201a, 0xadb95e3d, 0x029942db, 0x5958e10d, 0x040b130e, 0xc4fe5e73, 0x04000100,
    0x10020000, 0x1400e402, 0x00ba6d00, 0x0015000f, 0x39121116, 0x0000b800, 0x00b85845, 0xb91b2f02, 0x1f000200, 0x00b8593e, 0xb8584500, 0x1b2f1400,
    0x001400b9, 0xb8593e1b, 0x58450000, 0x2f1300b8, 0x1300b91b, 0x593e1300, 0x450000b8, 0x0a00b858, 0x00b91b2f, 0x3e13000a, 0x0200b859, 0x0100b910,
    0xb8f40600, 0xb9100a00, 0x06000700, 0x1400b8f4, 0x1000b810, 0x133130d0, 0x32333523, 0x33131716, 0x26222315, 0x0f23022f, 0x9f132301, 0x3a395956,
    0x403dac12, 0x2a123a39, 0x4d1d0b1c, 0x7102bc8c, 0xfd372b73, 0x372b73f1, 0xe47c7c82, 0x00000d02, 0x45000100, 0x460238ff, 0x1c000d02, 0x00ba8a00,
    0x001d0006, 0x3912111e, 0x0000b800, 0x00b85845, 0xb91b2f01, 0x1b000100, 0x00b8593e, 0xb8584500, 0x1b2f0a00, 0x000a00b9, 0xb8593e1b, 0x58450000,
    0x2f0000b8, 0x0000b91b, 0x593e1500, 0x450000b8, 0x1600b858, 0x00b91b2f, 0x3e130016, 0x0000b859, 0x00b85845, 0xb91b2f0f, 0x13000f00, 0x00b8593e,
    0x00b91016, 0xf4060006, 0x100f00b8, 0x000c00b9, 0x00baf406, 0x00060013, 0x39121116, 0x001a00ba, 0x11160006, 0x31303912, 0x11331117, 0x32331614,
    0x33113536, 0x23153311, 0x23272622, 0x2223010e, 0x17232726, 0x22944515, 0x94382628, 0x43403231, 0x370c050b, 0x142a2029, 0x02c82605, 0x30c1fed5,
    0x01242932, 0x7366fe54, 0x34382d33, 0x688c1e1a, 0x08000100, 0x13020000, 0x0e000d02, 0x00ba5200, 0x000f0009, 0x39121110, 0x0000b800, 0x00b85845,
    0xb91b2f03, 0x1b000300, 0x00b8593e, 0xb8584500, 0x1b2f0c00, 0x000c00b9, 0xb8593e1b, 0x58450000, 0x2f0000b8, 0x0000b91b, 0x593e1300, 0x100300b8,
    0x000200b9, 0x00b8f406, 0x00b81000, 0x3130d009, 0x35230333, 0x1f163233, 0x013f3302, 0x79b20333, 0x403a3431, 0x081f2510, 0xb18c4d28, 0x30739a01,
    0x97978e3d, 0x00f3fdfb, 0x21000100, 0xb70151ff, 0x3000e402, 0x00ba6d00, 0x00310004, 0x39121132, 0x0000b800, 0x00b85845, 0xb91b2f2e, 0x1f002e00,
    0x00b8593e, 0xb8584500, 0x1b2f1a00, 0x001a00b9, 0xb8593e13, 0xb9102e00, 0x06002d00, 0x0000b8f4, 0x0a00bad0, 0x1a002d00, 0xb8391211, 0xb92f0a00,
    0x06000700, 0x1a00b8f4, 0x1200b910, 0xb8f40e00, 0xb8101a00, 0xbadc1800, 0x0a002600, 0x12110700, 0x01313039, 0x011d0622, 0x013b1614, 0x06222315,
    0x1614011d, 0x011e011f, 0x010f1415, 0x2e273727, 0x3e343503, 0x26353702, 0x37363435, 0x21352335, 0x2d340115, 0x312f3531, 0x212b205f, 0x2a2a4629,
    0x3078360c, 0x27413046, 0x38261411, 0x242a7b23, 0x02960173, 0x102d2c71, 0x2b732f26, 0x27231a22, 0x380b130b, 0x831e1923, 0x0d13752e, 0x28403326,
    0x1f2d3a1f, 0x65150505, 0x080c3b24, 0x00007373, 0x2400ffff, 0x1002f4ff, 0x06021902, 0x00001500, 0x17000100, 0x6d020000, 0x10000d02, 0x00ba5c00,
    0x00110006, 0x39121112, 0x0000b800, 0x00b85845, 0xb91b2f0d, 0x1b000d00, 0x00b8593e, 0xb8584500, 0x1b2f0300, 0x000300b9, 0xb8593e13, 0x58450000,
    0x2f0a00b8, 0x0a00b91b, 0x593e1300, 0x100300b8, 0x000000b9, 0x00b8f406, 0x00b9100d, 0xf406000c, 0xd00800b8, 0xd01000b8, 0x33253130, 0x26222315,
    0x11231135, 0x35231123, 0x02231521, 0x4d3a420e, 0x50947f4f, 0x735f5602, 0x014b4e73, 0x0166fe01, 0x0073739a, 0x30000200, 0x160238ff, 0x11001902,
    0x6a001f00, 0x001200ba, 0x11210020, 0x00b83912, 0x00b81012, 0xb800d003, 0x58450000, 0x2f0300b8, 0x0300b91b, 0x593e1b00, 0x450000b8, 0x1100b858,
    0x00b91b2f, 0x3e150011, 0x0000b859, 0x00b85845, 0xb91b2f09, 0x13000900, 0x00ba593e, 0x0009000f, 0x39121103, 0x2f0f00b8, 0x100900b8, 0x001200b9,
    0x00b8f406, 0x00b91003, 0xf4060019, 0x34133130, 0x16323336, 0x23061415, 0x27022e22, 0x13231123, 0x013d3632, 0x22232634, 0x14011d06, 0x7d733016,
    0x5f647284, 0x1a252d18, 0xf0940506, 0x2c303626, 0x0136302c, 0x8d8c8607, 0x0f8d8685, 0xfe15251b, 0x393101e0, 0x36326337, 0x26833236, 0x0000002a,
    0x24000100, 0xeb0151ff, 0x21001902, 0x00ba4b00, 0x00220021, 0x39121123, 0x0000b800, 0x00b85845, 0xb91b2f0b, 0x1b000b00, 0x00b8593e, 0xb8584500,
    0x1b2f0000, 0x000000b9, 0xb8593e13, 0xb9100b00, 0x06001200, 0x0000b8f4, 0x1a00b910, 0xb8f40600, 0xb8100000, 0x30dc2000, 0x2e270531, 0x3e343503,
    0x16323302, 0x012e0717, 0x1d062223, 0x1f161401, 0x15011e01, 0x27010f14, 0x383f3401, 0x2117334f, 0x503a5b3f, 0x0778176b, 0x2e2d272c, 0x2a3f3934,
    0x78360c2a, 0x2b0f110c, 0x383f5b40, 0x4826445e, 0x2a1e3441, 0x2d3a323b, 0x0b110f3f, 0x1e192338, 0x00002e83, 0x24000200, 0x3402f4ff, 0x13000d02,
    0x4f002200, 0x000900ba, 0x11240023, 0x00b83912, 0x00b81009, 0xb800d01b, 0x58450000, 0x2f1100b8, 0x1100b91b, 0x593e1b00, 0x450000b8, 0x0900b858,
    0x00b91b2f, 0x3e130009, 0x1100b859, 0x1400b910, 0xb8f40600, 0xb8d00000, 0xb9100900, 0x06001b00, 0x013130f4, 0x15011e15, 0x23020e14, 0x35022e22,
    0x21333634, 0x06222115, 0x1614011d, 0x3d363233, 0x27263401, 0x2827c101, 0x3a5b3f22, 0x223f5b3a, 0x1a017482, 0x302ce6fe, 0x302c2c30, 0x9a011517,
    0x3b481808, 0x26446039, 0x3d634726, 0x32738c80, 0x36326532, 0x21653236, 0x00001132, 0x14000100, 0xd8010000, 0x0c000d02, 0x00ba4700, 0x000d000a,
    0x3912110e, 0x0000b800, 0x00b85845, 0xb91b2f06, 0x1b000600, 0x00b8593e, 0xb8584500, 0x1b2f0000, 0x000000b9, 0xb8593e13, 0xb9100600, 0x06000500,
    0x0900b8f4, 0x0000b8d0, 0x0a00b910, 0x30f40600, 0x26222131, 0x35231135, 0x11231521, 0x3e011533, 0x018e4f4d, 0x4e6aa2c4, 0x7301014b, 0x73d9fe73,
    0x3b000100, 0x0b02f4ff, 0x0f000d02, 0x00ba4600, 0x0010000b, 0x39121111, 0x0000b800, 0x00b85845, 0xb91b2f0e, 0x1b000e00, 0x00b8593e, 0xb8584500,
    0x1b2f0700, 0x000700b9, 0xb8593e1b, 0x58450000, 0x2f0b00b8, 0x0b00b91b, 0x593e1300, 0x000300b9, 0x3130f406, 0x33161437, 0x11353632, 0x23141133,
    0x33113522, 0x2c2c28cf, 0xe8e89428, 0x3435d294, 0x3b013534, 0xfbfbe2fe, 0x00001e01, 0x2b000200, 0xda0238ff, 0x20001902, 0x92002b00, 0x001e00ba,
    0x112d002c, 0x00b83912, 0x00b8101e, 0xb800d021, 0x58450000, 0x2f1600b8, 0x1600b91b, 0x593e1b00, 0x450000b8, 0x0800b858, 0x00b91b2f, 0x3e1b0008,
    0x0000b859, 0x00b85845, 0xb91b2f00, 0x13000000, 0x00b8593e, 0xb8584500, 0x1b2f1e00, 0x001e00b9, 0xb8593e13, 0x58450000, 0x2f2000b8, 0x2000b91b,
    0x593e1500, 0x101600b8, 0x002800b9, 0x00baf406, 0x00160009, 0x39121128, 0x100000b8, 0x001000b9, 0x00b8f406, 0x00b9101e, 0xf4060021, 0x22053130,
    0x3435022e, 0x0e173736, 0x14011d01, 0x34353316, 0x3233023e, 0x1415021e, 0x23152306, 0x3d363213, 0x23263401, 0x01150622, 0x45633e37, 0x5e453d26,
    0x30422026, 0x354e3218, 0x1b365035, 0x9191838f, 0x1e1e4236, 0x250c1e1e, 0x5c426747, 0x1d59268e, 0x3e4a2c4c, 0x5434ce3c, 0x3f1d203c, 0x928a4865,
    0x3c2f01bc, 0x2933693e, 0x00003329, 0x0c000100, 0x190238ff, 0x17000d02, 0x00ba7500, 0x00180011, 0x39121119, 0x0000b800, 0x00b85845, 0xb91b2f17,
    0x1b001700, 0x00b8593e, 0xb8584500, 0x1b2f0600, 0x000600b9, 0xb8593e1b, 0x58450000, 0x2f1300b8, 0x1300b91b, 0x593e1500, 0x450000b8, 0x0c00b858,
    0x00b91b2f, 0x3e15000c, 0x0400ba59, 0x13001700, 0xb9391211, 0x06000900, 0x1100baf4, 0x0c000600, 0xb8391211, 0xb9101700, 0x06001500, 0x133130f4,
    0x011f1632, 0x03333733, 0x23153313, 0x012f2622, 0x13230323, 0x58352327, 0x3a123939, 0xaa9c6104, 0x3945426a, 0x043d113a, 0x68b19c67, 0x290d0242,
    0xfef69c31, 0x73fffe9f, 0xfead302a, 0xf17101f9, 0x00000073, 0x3b000100, 0xbc0238ff, 0x1700c602, 0x00ba8700, 0x00180001, 0x39121119, 0x0000b800,
    0x00b85845, 0xb91b2f05, 0x1b000500, 0x00b8593e, 0xb8584500, 0x1b2f0b00, 0x000b00b9, 0xb8593e1d, 0x58450000, 0x2f1100b8, 0x1100b91b, 0x593e1b00,
    0x450000b8, 0x0000b858, 0x00b91b2f, 0x3e150000, 0x0000b859, 0x00b85845, 0xb91b2f01, 0x13000100, 0x00b8593e, 0xb8584500, 0x1b2f1600, 0x001600b9,
    0xb8593e13, 0xb9100100, 0x06000a00, 0x1600b8f4, 0x0d00b910, 0x30f40600, 0x22350531, 0x33113526, 0x33161411, 0x32113311, 0x33113536, 0x23061411,
    0x79330115, 0x3133947f, 0x94333191, 0xbcc8797f, 0x10018881, 0x383fd1fe, 0xa1fd5f02, 0x2f013f38, 0x8188f0fe, 0x000000bc, 0x2b000100, 0xd702f4ff,
    0x29001902, 0x00bab300, 0x002a0014, 0x3912112b, 0x0000b800, 0x00b85845, 0xb91b2f1c, 0x1b001c00, 0x00b8593e, 0xb8584500, 0x1b2f0b00, 0x000b00b9,
    0xb8593e1b, 0x58450000, 0x2f1600b8, 0x1600b91b, 0x593e1300, 0x450000b8, 0x1100b858, 0x00b91b2f, 0x3e130011, 0x0300b959, 0xb8f40600, 0xb9101600,
    0x06002400, 0x1d00baf4, 0x1c002400, 0xb8391211, 0x412f1d00, 0x000b000d, 0x001b001d, 0x002b001d, 0x003b001d, 0x004b001d, 0x005b001d, 0x5d06001d,
    0xab000941, 0xbb001d00, 0xcb001d00, 0xdb001d00, 0x04001d00, 0x0a00b85d, 0x2800bad0, 0x16001c00, 0xb8391211, 0x302f2800, 0x16142531, 0x3d363233,
    0x27263401, 0x15011e37, 0x22230614, 0x23062327, 0x34352622, 0x0e173736, 0x14011d01, 0x36323316, 0x0133013d, 0x1e1e1bcb, 0x5e24221b, 0x57684042,
    0x1e041e77, 0x41685777, 0x20265e41, 0x1b1e1e1b, 0x2933c594, 0x2c663329, 0x23591e4b, 0x81847588, 0x84818989, 0x59238c71, 0x662c4c1d, 0x33292933,
    0x000000ac, 0x1400ffff, 0x99020000, 0x0602ba02, 0x00002100, 0x4d00ffff, 0x73020000, 0x0602ba02, 0x00002200, 0x4d00ffff, 0xe7010000, 0x0602ba02,
    0x0000aa02, 0x3100ffff, 0x7b020000, 0x0602ba02, 0x00002802, 0x4d00ffff, 0x28020000, 0x0602ba02, 0x00002500, 0x2700ffff, 0x38020000, 0x0602ba02,
    0x00003a00, 0x4d00ffff, 0x87020000, 0x0602ba02, 0x00002800, 0x32000300, 0xa202f4ff, 0x1300c602, 0x25002100, 0x00ba9900, 0x00260000, 0x39121127,
    0xd01400b8, 0x100000b8, 0xd02200b8, 0x0000b800, 0x00b85845, 0xb91b2f0a, 0x1d000a00, 0x00b8593e, 0xb8584500, 0x1b2f0000, 0x000000b9, 0xb9593e13,
    0x0e001400, 0x0a00b8f4, 0x1b00b910, 0xbaf40e00, 0x1b002300, 0x12111400, 0x2300b839, 0x0003412f, 0x00230020, 0x03417101, 0x2300c000, 0x41710100,
    0x00900005, 0x00a00023, 0x71020023, 0x50000341, 0x01002300, 0x00034171, 0x002300b0, 0x03415d01, 0x23004000, 0xb95d0100, 0x0e002200, 0x053130f4,
    0x35022e22, 0x33023e34, 0x15021e32, 0x27020e14, 0x013d3632, 0x22232634, 0x14011d06, 0x33352716, 0x486a0115, 0x2c2c5173, 0x48487351, 0x2c2c5173,
    0x49487351, 0x49494e4e, 0xc0174e4e, 0x875b2e0c, 0x5b875959, 0x875b2e2e, 0x5b875959, 0x545a872e, 0x5a5a5468, 0x5a546854, 0x008686a3, 0x3200ffff,
    0x7e010000, 0x0602ba02, 0x00002900, 0x4d00ffff, 0xac020000, 0x0602ba02, 0x00002b00, 0x14000100, 0x8b020000, 0x0900ba02, 0x00ba4800, 0x000a0004,
    0x3912110b, 0x0000b800, 0x00b85845, 0xb91b2f09, 0x1d000900, 0x00b8593e, 0xb8584500, 0x1b2f0800, 0x000800b9, 0xb8593e13, 0x58450000, 0x2f0200b8,
    0x0200b91b, 0x593e1300, 0x100900b8, 0xd00500b8, 0x13013130, 0x23270323, 0x13230307, 0x9ee1aa01, 0x35033768, 0x02e39a68, 0x0146fdba, 0xfedbdb4f,
    0x00ba02b1, 0x4d00ffff, 0xe6020000, 0x0602ba02, 0x00002d00, 0x4d00ffff, 0x87020000, 0x0602ba02, 0x00002e00, 0x37000300, 0x26020000, 0x0300ba02,
    0x0b000700, 0x00ba6700, 0x000c0007, 0x3912110d, 0x100700b8, 0xd00300b8, 0x100700b8, 0xd00b00b8, 0x0000b800, 0x00b85845, 0xb91b2f00, 0x1d000000,
    0x00b8593e, 0xb8584500, 0x1b2f0b00, 0x000b00b9, 0xb8593e13, 0xb9100000, 0x0e000300, 0x0700baf4, 0x0b000300, 0xb8391211, 0xb92f0700, 0x0e000400,
    0x0b00b8f4, 0x0800b910, 0x30f40e00, 0x15211331, 0x15211721, 0x15210721, 0xef013721, 0x013d11fe, 0x3d8bfe75, 0x11feef01, 0x8f87ba02, 0x00879786,
    0x3200ffff, 0x9802f4ff, 0x0602c602, 0x00002f00, 0x4d00ffff, 0x78020000, 0x0602ba02, 0x0000ba02, 0x4d00ffff, 0x6b020000, 0x0602ba02, 0x00003000,
    0x2c000100, 0x2f020000, 0x0b00ba02, 0x00ba4700, 0x000c0002, 0x3912110d, 0x0000b800, 0x00b85845, 0xb91b2f04, 0x1d000400, 0x00b8593e, 0xb8584500,
    0x1b2f0000, 0x000000b9, 0xb9593e13, 0x0e000900, 0x0100b8f4, 0x0400b8d0, 0x0700b910, 0xb8f40e00, 0x30d00300, 0x37353331, 0x15213527, 0x21071721,
    0xd4de2c15, 0xc3fef901, 0x5001e3d0, 0x87d5d787, 0x86ddd186, 0x1b00ffff, 0x2d020000, 0x0602ba02, 0x00003400, 0x0900ffff, 0x80020000, 0x0602ba02,
    0x00003900, 0x28000300, 0x2803d4ff, 0x1d00e402, 0x39002b00, 0x00bad600, 0x003a002b, 0x3912113b, 0x102b00b8, 0xd00000b8, 0x102b00b8, 0xd03900b8,
    0x0100b800, 0x0b00b82f, 0x000b412f, 0x00010070, 0x00010080, 0x00010090, 0x000100a0, 0x000100b0, 0x03415d05, 0x0b004000, 0x41710100, 0x002f0003,
    0x5d01000b, 0x5f000341, 0x01000b00, 0x0005415d, 0x000b008f, 0x000b009f, 0x05415d02, 0x0b00d000, 0x0b00e000, 0x415d0200, 0x00000005, 0x0010000b,
    0x7102000b, 0x70000341, 0x01000b00, 0x0d00b871, 0x000741dc, 0x000d00cf, 0x000d00df, 0x000d00ef, 0x00b85d03, 0x00b8100b, 0x00b8d010, 0x00b81001,
    0x00b8d01a, 0x00b81001, 0x00b8dc1d, 0x00b9100b, 0xf40e001f, 0x100100b8, 0x002a00b9, 0x00b8f40e, 0x00b8d02c, 0x00b8101f, 0x3130d037, 0x2e222325,
    0x3e343502, 0x35013b02, 0x32331533, 0x1415021e, 0x012b020e, 0x23132315, 0x1d020e22, 0x021e1401, 0x3e32023b, 0x34013d02, 0x012b022e, 0x0a5b0111,
    0x2a4d6e44, 0x446e4d2a, 0x440a9a0a, 0x2a2a4d6e, 0x0a446e4d, 0x1c0a039a, 0x18182834, 0x0a1c3428, 0x28341c9e, 0x34281818, 0x2d200a1c, 0x4a4a7654,
    0x402d5478, 0x77542d40, 0x54784a49, 0x53024c2d, 0x273e2a17, 0x2a3e273e, 0x3e2a1717, 0x3e273e27, 0x76fe172a, 0x1000ffff, 0x91020000, 0x0602ba02,
    0x00003800, 0x42000100, 0x06030000, 0x1f00ba02, 0x00ba7100, 0x0020001f, 0x39121121, 0x0000b800, 0x00b85845, 0xb91b2f06, 0x1d000600, 0x00b8593e,
    0xb8584500, 0x1b2f0e00, 0x000e00b9, 0xb8593e1d, 0x58450000, 0x2f1600b8, 0x1600b91b, 0x593e1d00, 0x450000b8, 0x1f00b858, 0x00b91b2f, 0x3e13001f,
    0x0000ba59, 0x1f000e00, 0xb8391211, 0xb92f0000, 0x0e000d00, 0x1000b8f4, 0x0000b8d0, 0x1d00b810, 0x253130d0, 0x3d022e22, 0x14153301, 0x1133021e,
    0x3e321133, 0x33013d02, 0x020e1415, 0x01231523, 0x44684857, 0x1f109821, 0x1f9a1f2f, 0x9810202e, 0x48684421, 0x4c29b09a, 0xe5e5446c, 0x1127412f,
    0x73fe8d01, 0x2f412711, 0x6c44e5e5, 0x00b0294c, 0x3200ffff, 0xa2020000, 0x0602c602, 0x00002b02, 0x2b00ffff, 0x7902f4ff, 0x26023003, 0x00002c02,
    0xa5030600, 0x000000ed, 0x2b00ffff, 0x4c02f4ff, 0x26023003, 0x00002d02, 0xa5030600, 0x000000f5, 0x2800ffff, 0xf901f4ff, 0x26023003, 0x00003102,
    0xa5030600, 0x000000e2, 0x2200ffff, 0x230238ff, 0x26023003, 0x00003302, 0xa5030600, 0x00000005, 0x4500ffff, 0x39010000, 0x26023003, 0x00003502,
    0xa5030700, 0x000062ff, 0xd8ffffff, 0x54010000, 0x2602ef02, 0x00003502, 0x97030700, 0x00006aff, 0xc9ffffff, 0x6f010000, 0x26023003, 0x00003502,
    0xa6030700, 0x000052ff, 0x2400ffff, 0x1002f4ff, 0x26023003, 0x00001500, 0xa5030600, 0x000000e6, 0x3b00ffff, 0x0b02f4ff, 0x26023003, 0x00004102,
    0xa5030600, 0x000000f6, 0x3b00ffff, 0x0b02f4ff, 0x2602ef02, 0x00004102, 0x97030600, 0x000000fe, 0x3b00ffff, 0x0b02f4ff, 0x26023003, 0x00004102,
    0xa6030600, 0x000000e6, 0x2b00ffff, 0xd702f4ff, 0x26023003, 0x00004502, 0xa5030600, 0x0000004d, 0x1400ffff, 0x99020000, 0x26023003, 0x00002100,
    0xd5030700, 0x000029ff, 0xf1ffffff, 0x88020000, 0x26003003, 0x00602500, 0xd5030700, 0x0000f0fe, 0xf1ffffff, 0xe7020000, 0x26003003, 0x00602800,
    0xd5030700, 0x0000f0fe, 0xf1ffffff, 0xf9010000, 0x26003003, 0x007b2900, 0xd5030700, 0x0000f0fe, 0x1b00ffff, 0x97010000, 0x26029003, 0x00002900,
    0xcb030600, 0x000000ad, 0xf1ffffff, 0xc202f4ff, 0x26003003, 0x002a2f00, 0xd5030700, 0x0000f0fe, 0xf1ffffff, 0x10030000, 0x27003003, 0x90003900,
    0x07000000, 0xf0fed503, 0x00000000, 0x0900ffff, 0x80020000, 0x26029003, 0x00003900, 0xcb030600, 0x00000019, 0xf1ffffff, 0xcd020000, 0x27003003,
    0xf0fed503, 0x06000000, 0x002b2b02, 0x2200ffff, 0x1b02f4ff, 0x06021902, 0x00000400, 0x2b00ffff, 0x1b02f4ff, 0x06021902, 0x00000500, 0x28000200,
    0x1302f4ff, 0x1f00f002, 0x65002d00, 0x000000ba, 0x112f002e, 0x00b83912, 0xb800d020, 0x58450000, 0x2f0b00b8, 0x0b00b91b, 0x593e1f00, 0x450000b8,
    0x0000b858, 0x00b91b2f, 0x3e130000, 0x0b00b859, 0x0c00b910, 0xb8f40600, 0xb9100000, 0x06002000, 0x1600baf4, 0x20000b00, 0xb8391211, 0xb92f1600,
    0x06002700, 0x1300baf4, 0x16002700, 0x30391211, 0x2e220531, 0x3e343502, 0x15013f02, 0x07030e07, 0x33013e33, 0x15021e32, 0x27020e14, 0x013d3632,
    0x22232634, 0x14011d06, 0x3a1e0116, 0x22213f5c, 0xaa4a6c46, 0x1e3125ab, 0x1105010e, 0x47293840, 0x3f211e35, 0x302c3a5b, 0x302c2c30, 0x53270c30,
    0x9364587f, 0x11083764, 0x1504118e, 0x3332442b, 0x5b402234, 0x4766403a, 0x32367526, 0x36363250, 0x36325032, 0x45000300, 0x18020000, 0x0e000d02,
    0x22001800, 0x00ba8700, 0x00230019, 0x39121124, 0x101900b8, 0xd00100b8, 0x101900b8, 0xd00f00b8, 0x0000b800, 0x00b85845, 0xb91b2f00, 0x1b000000,
    0x00b8593e, 0xb8584500, 0x1b2f0e00, 0x000e00b9, 0xb9593e13, 0x06001800, 0x2200baf4, 0x00001800, 0xb8391211, 0x412f2200, 0x002f0005, 0x003f0022,
    0x5d020022, 0xcf000541, 0xdf002200, 0x02002200, 0x1700b95d, 0xbaf40700, 0x22000700, 0x12111700, 0x0000b839, 0x2100b910, 0x30f40600, 0x32211331,
    0x06141516, 0x15161507, 0x21230614, 0x3d363225, 0x2b263401, 0x32371501, 0x34013d36, 0x15012b26, 0x482b0145, 0x8339364c, 0xd3fe4e58, 0x18141201,
    0x70821418, 0x14161614, 0x480d0270, 0x0838333c, 0x466d0c05, 0x14166952, 0x7417141f, 0x1b1416cc, 0x006f1614, 0x2f000300, 0x1b02f4ff, 0x1d00ee02,
    0x35002900, 0x00ba6d00, 0x00360000, 0x39121137, 0xd01e00b8, 0x100000b8, 0xd03100b8, 0x0000b800, 0x00b85845, 0xb91b2f09, 0x1f000900, 0x00b8593e,
    0xb8584500, 0x1b2f0000, 0x000000b9, 0xb8593e13, 0xb9100900, 0x06003100, 0x2500baf4, 0x00003100, 0xb8391211, 0xb92f2500, 0x06002a00, 0x1400baf4,
    0x2a002500, 0xb8391211, 0xb9100000, 0x06001e00, 0x053130f4, 0x11352622, 0x33023e34, 0x15021e32, 0x07020e14, 0x15031e15, 0x27020e14, 0x013d3632,
    0x012b2634, 0x13161415, 0x013d3632, 0x22232634, 0x01011d06, 0x217d711d, 0x3335563c, 0x14233e56, 0x251f3324, 0x26172b3d, 0x2f365d43, 0x5f303334,
    0x332c1b2e, 0x2d27262e, 0x01737d0c, 0x3c563622, 0x47331d20, 0x2835202a, 0x01050218, 0x2842301b, 0x223d5533, 0x322c2f75, 0x3c702c2a, 0x2b4b0137,
    0x2b242526, 0x0076252a, 0x45000100, 0xa8010000, 0x05000d02, 0x00ba3900, 0x00060004, 0x39121107, 0x0000b800, 0x00b85845, 0xb91b2f00, 0x1b000000,
    0x00b8593e, 0xb8584500, 0x1b2f0500, 0x000500b9, 0xb8593e13, 0xb9100000, 0x06000300, 0x133130f4, 0x11231521, 0x63014523, 0x0d0294cf, 0x0066fe73,
    0x20000100, 0xd801f4ff, 0x27001902, 0x00ba5300, 0x00280015, 0x39121129, 0x0000b800, 0x00b85845, 0xb91b2f15, 0x1b001500, 0x00b8593e, 0xb8584500,
    0x1b2f0000, 0x000000b9, 0xb9593e13, 0x06002100, 0x0800baf4, 0x21001500, 0xb8391211, 0xb9101500, 0x06000e00, 0x1d00baf4, 0x00000e00, 0x30391211,
    0x26221731, 0x023e3435, 0x013e013f, 0x22233435, 0x3e270706, 0x15323301, 0x0f020e14, 0x14150601, 0x37363233, 0xf5010e17, 0x2b146d68, 0x281c3145,
    0x43264523, 0x722a541a, 0x2f15d33f, 0x3f19354a, 0x20482a42, 0x0c732a51, 0x301e4d50, 0x070c1e26, 0x30171f0a, 0x28591d1d, 0x36239c2c, 0x060d202b,
    0x212a260f, 0x312d5923, 0x0a000200, 0x830274ff, 0x10000d02, 0x61001700, 0x001400ba, 0x11190018, 0x00b83912, 0x00b81014, 0xb800d00d, 0x58450000,
    0x2f0700b8, 0x0700b91b, 0x593e1b00, 0x450000b8, 0x0e00b858, 0x00b91b2f, 0x3e13000e, 0x0000b959, 0xb8f40600, 0xb8d00900, 0xb9100e00, 0x0c001000,
    0x0c00b8f4, 0x0700b8d0, 0x1300b910, 0xb8f40600, 0xb8100000, 0x30d01700, 0x3e333731, 0x21013d03, 0x23153311, 0x23152135, 0x15231125, 0x0a070614,
    0x0d140d45, 0x5aa60106, 0x8693fe86, 0x17848b01, 0x30137310, 0x9533503f, 0x8cff66fe, 0x2701ff8c, 0x1c756c2a, 0x2b00ffff, 0x1b022cff, 0x06021902,
    0x00000c00, 0x2400ffff, 0x0e02f4ff, 0x06021902, 0x00000900, 0x28000100, 0x3a030000, 0x33000d02, 0x00baed00, 0x0034002c, 0x39121135, 0x0000b800,
    0x00b85845, 0xb91b2f0a, 0x1b000a00, 0x00b8593e, 0xb8584500, 0x1b2f1100, 0x001100b9, 0xb8593e1b, 0x58450000, 0x2f1900b8, 0x1900b91b, 0x593e1b00,
    0x450000b8, 0x3300b858, 0x00b91b2f, 0x3e130033, 0x0000b859, 0x00b85845, 0xb91b2f2c, 0x13002c00, 0x00b8593e, 0xb8584500, 0x1b2f2400, 0x002400b9,
    0xb8593e13, 0xb9103300, 0x06000000, 0x2e00baf4, 0x33000a00, 0xb8391211, 0x412f2e00, 0x002f0005, 0x003f002e, 0x5d02002e, 0xcf000541, 0xdf002e00,
    0x02002e00, 0x0f00b95d, 0xbaf40600, 0x0f000500, 0x12112e00, 0x0a00b839, 0x0900b910, 0xb8f40600, 0xb8100f00, 0xb8d01300, 0xb9101900, 0x06001a00,
    0x1e00baf4, 0x2e000f00, 0xb8391211, 0xb9102400, 0x06002300, 0x2e00b8f4, 0x2a00b810, 0x373130d0, 0x37363733, 0x012f2635, 0x32333523, 0x33011f16,
    0x33153335, 0x3b013e37, 0x07231501, 0x16150706, 0x1533011f, 0x2f262223, 0x23152301, 0x0e072335, 0x28012b01, 0x26143736, 0x362d1325, 0x14362a3d,
    0x42944240, 0x2a361440, 0x132d363d, 0x37142625, 0x362a4336, 0x94424515, 0x36154542, 0x6c73432a, 0x09050825, 0x22735a26, 0xc9c97f28, 0x7322287f,
    0x0509265a, 0x736c2508, 0xd1862a21, 0x212a86d1, 0x00000100, 0x31030000, 0x2000e402, 0x00baa700, 0x0021001b, 0x39121122, 0x0000b800, 0x00b85845,
    0xb91b2f0a, 0x1f000a00, 0x00b8593e, 0xb8584500, 0x1b2f0600, 0x000600b9, 0xb8593e1b, 0x58450000, 0x2f0e00b8, 0x0e00b91b, 0x593e1b00, 0x450000b8,
    0x1f00b858, 0x00b91b2f, 0x3e13001f, 0x0000b859, 0x00b85845, 0xb91b2f1b, 0x13001b00, 0x00b8593e, 0xb8584500, 0x1b2f1700, 0x001700b9, 0xba593e13,
    0x06001d00, 0x12111f00, 0x1d00b839, 0x0800b92f, 0xbaf40600, 0x1d000200, 0x12110800, 0x0c00b839, 0x1d00b8d0, 0x1900b810, 0x1200bad0, 0x0c001900,
    0x30391211, 0x37363731, 0x012f2635, 0x11331733, 0x37331133, 0x07060733, 0x011f1615, 0x15232723, 0x07233523, 0x157e3723, 0x70152323, 0x8c3c6f99,
    0x71986f3c, 0x15242016, 0x3c76a17e, 0xa0763c8c, 0x0726e47e, 0xc8260905, 0xfe9b01c4, 0x27c8c465, 0x25080508, 0xd6d6d6e4, 0x0000e4d6, 0x17000100,
    0xeb01f4ff, 0x28001902, 0x00ba7a00, 0x0029000f, 0x3912112a, 0x0000b800, 0x00b85845, 0xb91b2f1c, 0x1b001c00, 0x00b8593e, 0xb8584500, 0x1b2f0000,
    0x000000b9, 0xba593e13, 0x00000300, 0x12110400, 0x0600b939, 0xb8f40600, 0xb9101c00, 0x06001500, 0x0e00baf4, 0x15000600, 0xb8391211, 0x412f0e00,
    0x006f0003, 0x7101000e, 0x000d00b9, 0x00baf407, 0x001c0019, 0x39121118, 0x002200ba, 0x110d000e, 0x31303912, 0x27262217, 0x32331637, 0x34013d36,
    0x3335012b, 0x34013d32, 0x06222326, 0x013e2707, 0x15163233, 0x15070614, 0x1415011e, 0x6b4efc06, 0x553a572c, 0x743b2c2d, 0x28283b67, 0x58144229,
    0x6d4b7027, 0x3939366d, 0x310c7e43, 0x1f42582d, 0x622d0b1b, 0x1b170a2d, 0x304e1d21, 0x333f5134, 0x06050838, 0x594f323d, 0xf6ff0100, 0xce012eff,
    0x31001902, 0x00ba5d00, 0x0032001d, 0x39121133, 0x0000b800, 0x00b85845, 0xb91b2f1d, 0x1b001d00, 0x00b8593e, 0xb8584500, 0x1b2f0000, 0x000000b9,
    0xb9593e15, 0x06000500, 0x1d00b8f4, 0x1600b910, 0xbaf40600, 0x16000c00, 0x12110000, 0x0c00b839, 0x0f00b92f, 0xbaf40600, 0x0c002700, 0x12110f00,
    0x17313039, 0x16372722, 0x3d363233, 0x2b263401, 0x32333501, 0x34013d36, 0x06222326, 0x013e2707, 0x021e3233, 0x020e1415, 0x031e1507, 0x020e1415,
    0x585688d4, 0x362e4c36, 0x59592d31, 0x232f2c24, 0x78072d23, 0x304e7317, 0x14233d53, 0x221f3325, 0x25162938, 0x6ed25c42, 0x2c335158, 0x732f2b15,
    0x26152b2f, 0x341e2a2b, 0x341e4940, 0x351f2947, 0x05041b2a, 0x3d2f1d03, 0x3a4e2f24, 0x00000020, 0x45000100, 0x1f020000, 0x0f000d02, 0x00ba5d00,
    0x0010000d, 0x39121111, 0x0000b800, 0x00b85845, 0xb91b2f00, 0x1b000000, 0x00b8593e, 0xb8584500, 0x1b2f0600, 0x000600b9, 0xb8593e1b, 0x58450000,
    0x2f0900b8, 0x0900b91b, 0x593e1300, 0x450000b8, 0x0f00b858, 0x00b91b2f, 0x3e13000f, 0x0300b859, 0x0600b8d0, 0x0c00b810, 0x133130d0, 0x33071533,
    0x1133013f, 0x23373523, 0x4523010f, 0x3d030d91, 0x0d918492, 0x84923d03, 0x7ad30d02, 0xf3fddd70, 0xdd707ad3, 0x3f00ffff, 0x0f02f4ff, 0x06020d02,
    0x00001b00, 0x4500ffff, 0x1f020000, 0x26021103, 0x00008102, 0x9e030600, 0x00000007, 0x3f00ffff, 0x0f02f4ff, 0x26021103, 0x00001b00, 0x9e030600,
    0x000000fc, 0x45000100, 0x29020000, 0x1d000d02, 0x00ba9d00, 0x001e001a, 0x3912111f, 0x0000b800, 0x00b85845, 0xb91b2f00, 0x1b000000, 0x00b8593e,
    0xb8584500, 0x1b2f0700, 0x000700b9, 0xb8593e1b, 0x58450000, 0x2f1d00b8, 0x1d00b91b, 0x593e1300, 0x450000b8, 0x1600b858, 0x00b91b2f, 0x3e130016,
    0x1b00ba59, 0x1d000000, 0xb8391211, 0x412f1b00, 0x00cf0005, 0x00df001b, 0x5d02001b, 0x2f000541, 0x3f001b00, 0x02001b00, 0x0200b95d, 0xb8f40600,
    0xb9100700, 0x06000a00, 0x0e00baf4, 0x1b000200, 0xb8391211, 0xb9101600, 0x06001300, 0x133130f4, 0x37331533, 0x013b013e, 0x0e072315, 0x1e150701,
    0x33011f01, 0x26222315, 0x1523012f, 0x4c944523, 0x2a351545, 0x0e2d353d, 0x1d11121b, 0x45363b0c, 0x4a17342a, 0x0d02944c, 0x222780c9, 0x161a5473,
    0x14040505, 0x22736b16, 0x00d18629, 0x45000100, 0x3b020000, 0x1200e402, 0x00ba6f00, 0x0013000f, 0x39121114, 0x0000b800, 0x00b85845, 0xb91b2f00,
    0x1f000000, 0x00b8593e, 0xb8584500, 0x1b2f0400, 0x000400b9, 0xb8593e1b, 0x58450000, 0x2f1200b8, 0x1200b91b, 0x593e1300, 0x450000b8, 0x0e00b858,
    0x00b91b2f, 0x3e13000e, 0x1000ba59, 0x0e000400, 0xb8391211, 0xb92f1000, 0x06000200, 0x0900baf4, 0x02001000, 0x30391211, 0x11331331, 0x07333733,
    0x1507010e, 0x23011f16, 0x23152327, 0x7b479445, 0x1e0e7a9c, 0x80162713, 0x944779a2, 0x65fee402, 0x1917c2c4, 0x26080505, 0x00d6d6e3, 0x0f000100,
    0x1e02faff, 0x16000d02, 0x00ba5400, 0x0017000d, 0x39121118, 0x0000b800, 0x00b85845, 0xb91b2f07, 0x1b000700, 0x00b8593e, 0xb8584500, 0x1b2f1600,
    0x001600b9, 0xb8593e13, 0x58450000, 0x2f0a00b8, 0x0a00b91b, 0x593e1300, 0x101600b8, 0x000100b9, 0x00b8f406, 0x00b91007, 0xf406000c, 0x33373130,
    0x013d033e, 0x11231121, 0x0e141523, 0x010e0702, 0x440f012b, 0x060b0f0a, 0x7f94a101, 0x101b140a, 0x2d2f3f18, 0x39280d73, 0xfda63650, 0x3b9a01f3,
    0x334b6744, 0x00141810, 0x0b000100, 0x1e020000, 0x09000d02, 0x00ba4800, 0x000a0005, 0x3912110b, 0x0000b800, 0x00b85845, 0xb91b2f00, 0x1b000000,
    0x00b8593e, 0xb8584500, 0x1b2f0900, 0x000900b9, 0xb8593e13, 0x58450000, 0x2f0300b8, 0x0300b91b, 0x593e1300, 0x100000b8, 0xd00500b8, 0x33133130,
    0x012f2313, 0x23010f23, 0x95a7c5b2, 0x31083141, 0x0d02943f, 0xbed4f3fd, 0x0000d4be, 0x45000100, 0x91020000, 0x10000d02, 0x00ba6d00, 0x0011000b,
    0x39121112, 0x0000b800, 0x00b85845, 0xb91b2f04, 0x1b000400, 0x00b8593e, 0xb8584500, 0x1b2f0000, 0x000000b9, 0xb8593e1b, 0x58450000, 0x2f1000b8,
    0x1000b91b, 0x593e1300, 0x450000b8, 0x0700b858, 0x00b91b2f, 0x3e130007, 0x1000b859, 0x0b00b810, 0x0200b8dc, 0x0400b8d0, 0x0900b810, 0x0000b8d0,
    0x0d00b810, 0x133130d0, 0x37331733, 0x11231133, 0x2f010f23, 0x23112301, 0x0484a045, 0x0390a084, 0x286b6b28, 0x0d029003, 0xf3fdd7d7, 0xae495501,
    0xabfe49ae, 0x45000100, 0x1f020000, 0x0b000d02, 0x00ba7f00, 0x000c000a, 0x3912110d, 0x0000b800, 0x00b85845, 0xb91b2f04, 0x1b000400, 0x00b8593e,
    0xb8584500, 0x1b2f0000, 0x000000b9, 0xb8593e1b, 0x58450000, 0x2f0b00b8, 0x0b00b91b, 0x593e1300, 0x450000b8, 0x0700b858, 0x00b91b2f, 0x3e130007,
    0x0900ba59, 0x00000b00, 0xb8391211, 0x412f0900, 0x00cf0005, 0x00df0009, 0x5d020009, 0x2f000541, 0x3f000900, 0x02000900, 0x0200b95d, 0x30f40600,
    0x15331331, 0x11333533, 0x15233523, 0xb2944523, 0x94b29494, 0xc9c90d02, 0xd1d1f3fd, 0x2400ffff, 0x1002f4ff, 0x06021902, 0x00001500, 0x45000100,
    0x10020000, 0x07000d02, 0x00ba4a00, 0x00080006, 0x39121109, 0x0000b800, 0x00b85845, 0xb91b2f00, 0x1b000000, 0x00b8593e, 0xb8584500, 0x1b2f0700,
    0x000700b9, 0xb8593e13, 0x58450000, 0x2f0300b8, 0x0300b91b, 0x593e1300, 0x100000b8, 0x000500b9, 0x3130f406, 0x23112113, 0x23112311, 0x94cb0145,
    0x0d0294a3, 0x9a01f3fd, 0x000066fe, 0x4500ffff, 0x15020000, 0x06021902, 0x00001400, 0x4500ffff, 0x350238ff, 0x06021902, 0x00001600, 0x2400ffff,
    0xee01f4ff, 0x06021902, 0x00000700, 0x14000100, 0xd8010000, 0x07000d02, 0x00ba3d00, 0x00080007, 0x39121109, 0x0000b800, 0x00b85845, 0xb91b2f02,
    0x1b000200, 0x00b8593e, 0xb8584500, 0x1b2f0700, 0x000700b9, 0xb8593e13, 0xb9100200, 0x06000100, 0x0500b8f4, 0x133130d0, 0x15213523, 0xac231123,
    0x98c40198, 0x739a0194, 0x0066fe73, 0x4500ffff, 0x3f030000, 0x06021902, 0x00001300, 0x0600ffff, 0x100238ff, 0x06020d02, 0x00001f00, 0x28000300,
    0xfc0238ff, 0x1d00c602, 0x39002b00, 0x00bacf00, 0x003a0000, 0x3912113b, 0xd02100b8, 0x100000b8, 0xd03700b8, 0x0000b800, 0x00b85845, 0xb91b2f0d,
    0x1d000d00, 0x00b8593e, 0xb8584500, 0x1b2f0900, 0x000900b9, 0xb8593e1b, 0x58450000, 0x2f1200b8, 0x1200b91b, 0x593e1b00, 0x450000b8, 0x1d00b858,
    0x00b91b2f, 0x3e15001d, 0x0000b859, 0x00b85845, 0xb91b2f03, 0x13000300, 0x00b8593e, 0xb8584500, 0x1b2f1800, 0x001800b9, 0xb8593e13, 0xb9100300,
    0x06001e00, 0x0100baf4, 0x03001e00, 0xb8391211, 0xb9100900, 0x06002500, 0x0b00baf4, 0x25000900, 0xb8391211, 0xb9101200, 0x06003300, 0x0f00baf4,
    0x33001200, 0xb8391211, 0xb9101800, 0x06002c00, 0x1a00baf4, 0x18002c00, 0x30391211, 0x06232531, 0x35262223, 0x32333634, 0x33353317, 0x33363315,
    0x14151632, 0x27222306, 0x03231123, 0x013d3632, 0x22232634, 0x14011d06, 0x36322116, 0x2634013d, 0x1d062223, 0x01161401, 0x50230548, 0x58505058,
    0x9405254e, 0x584e2505, 0x50585050, 0x3d940523, 0x211c1c21, 0x01222229, 0x22222937, 0x1c1c2129, 0x937f4438, 0xf3468093, 0x938046f3, 0xff447f93,
    0x20260100, 0x201add1a, 0x3c673c39, 0x673c3939, 0x1a20393c, 0x00201add, 0x24000300, 0xd80238ff, 0x1d00e402, 0x31002700, 0x00ba8d00, 0x00320000,
    0x39121133, 0xd01e00b8, 0x100000b8, 0xd03100b8, 0x0000b800, 0x00b85845, 0xb91b2f0b, 0x1b000b00, 0x00b8593e, 0xb8584500, 0x1b2f0d00, 0x000d00b9,
    0xb8593e1f, 0x58450000, 0x2f0100b8, 0x0100b91b, 0x593e1300, 0x450000b8, 0x1d00b858, 0x00b91b2f, 0x3e15001d, 0x0b00b859, 0x1000b810, 0x0100b8d0,
    0x1a00b810, 0x0b00b8d0, 0x2000b910, 0xb8f40600, 0xb9100100, 0x06002700, 0x2800b8f4, 0x2000b8d0, 0x2f00b810, 0x053130d0, 0x022e2223, 0x023e3435,
    0x3335013b, 0x1e323315, 0x0e141502, 0x15012b02, 0x23011923, 0x011d0622, 0x013b1614, 0x013d3632, 0x012b2634, 0x01390111, 0x2748663f, 0x3f664827,
    0x3f018a01, 0x27274866, 0x013f6648, 0x403a018a, 0x3a8c3a40, 0x013a4040, 0x6648270c, 0x48653e3e, 0x27cbcb27, 0x3e3e6548, 0xbc274866, 0x45012c01,
    0x3d433d44, 0x433d4444, 0xbbfe443d, 0x1200ffff, 0x1e020000, 0x06020d02, 0x00001e00, 0x45000100, 0x6a0274ff, 0x0b000d02, 0x00ba5400, 0x000c0005,
    0x3912110d, 0x0000b800, 0x00b85845, 0xb91b2f06, 0x1b000600, 0x00b8593e, 0xb8584500, 0x1b2f0200, 0x000200b9, 0xb8593e1b, 0x58450000, 0x2f0100b8,
    0x0100b91b, 0x593e1300, 0x000400b9, 0x00b8f406, 0x00b8d008, 0x00b91001, 0xf40c000b, 0x01293130, 0x33113311, 0x33113311, 0xe4012315, 0xa39461fe,
    0x02865a94, 0x0166fe0d, 0xff66fe9a, 0x3f000100, 0x690274ff, 0x20000d02, 0x00ba7900, 0x00210015, 0x39121122, 0x0000b800, 0x00b85845, 0xb91b2f10,
    0x1b001000, 0x00b8593e, 0xb8584500, 0x1b2f1b00, 0x001b00b9, 0xb8593e1b, 0x58450000, 0x2f0c00b8, 0x0c00b91b, 0x593e1300, 0x450000b8, 0x0100b858,
    0x00b91b2f, 0x3e130001, 0x0c00b859, 0x1500b910, 0xbaf40600, 0x0c000600, 0x12111500, 0x0100b839, 0x1e00b910, 0xb8f40600, 0xb9100100, 0x0c002000,
    0x213130f4, 0x27262223, 0x0e232726, 0x26222303, 0x11331135, 0x32331614, 0x1135023e, 0x15331133, 0x0de90123, 0x040c2f20, 0x17070502, 0x51203124,
    0x29229453, 0x101a2211, 0x22805a94, 0x140c0a20, 0x6b101c24, 0xfe4a0164, 0x0a3430c3, 0x01131c13, 0xff66fe55, 0x32000100, 0xfd010000, 0x14000d02,
    0x00ba6700, 0x0015000d, 0x39121116, 0x0000b800, 0x00b85845, 0xb91b2f11, 0x1b001100, 0x00b8593e, 0xb8584500, 0x1b2f0800, 0x000800b9, 0xb8593e1b,
    0x58450000, 0x2f1400b8, 0x1400b91b, 0x593e1300, 0x000d00ba, 0x11140008, 0x00b83912, 0x03412f0d, 0x0d005000, 0xb95d0100, 0x06000400, 0x0100baf4,
    0x04000d00, 0x30391211, 0x0e232531, 0x26222301, 0x1533013d, 0x32331614, 0x33013d36, 0x69012311, 0x33431205, 0x25945159, 0x942a2a2a, 0x2520df94,
    0xb1b85f5c, 0x171e2327, 0x00f3fdc6, 0x45000100, 0x07030000, 0x0b000d02, 0x00ba5b00, 0x000c0003, 0x3912110d, 0x0000b800, 0x00b85845, 0xb91b2f08,
    0x1b000800, 0x00b8593e, 0xb8584500, 0x1b2f0400, 0x000400b9, 0xb8593e1b, 0x58450000, 0x2f0000b8, 0x0000b91b, 0x593e1b00, 0x450000b8, 0x0b00b858,
    0x00b91b2f, 0x3e13000b, 0x0200b959, 0xb8f40600, 0x30d00600, 0x11331331, 0x11331133, 0x11331133, 0x83944521, 0xfd948394, 0xfe0d023e, 0xfe9a0166,
    0xfd9a0166, 0x000000f3, 0x3f000100, 0x3903f4ff, 0x26000d02, 0x00ba9b00, 0x00270021, 0x39121128, 0x0000b800, 0x00b85845, 0xb91b2f04, 0x1b000400,
    0x00b8593e, 0xb8584500, 0x1b2f0c00, 0x000c00b9, 0xb8593e1b, 0x58450000, 0x2f1600b8, 0x1600b91b, 0x593e1b00, 0x450000b8, 0x0000b858, 0x00b91b2f,
    0x3e130000, 0x0000b859, 0x00b85845, 0xb91b2f1e, 0x13001e00, 0x00b8593e, 0xb8584500, 0x1b2f1900, 0x001900b9, 0xb8593e13, 0xb9100000, 0x06000800,
    0x1e00b8f4, 0x1000b910, 0xbaf40600, 0x1e001a00, 0x12111000, 0x2100ba39, 0x08000000, 0x30391211, 0x26221731, 0x11331135, 0x36323314, 0x11331135,
    0x3e323314, 0x33113502, 0x23352311, 0x2223010e, 0x0e232726, 0x514cdc03, 0x36214894, 0x1f104894, 0x94940f19, 0x3b440e06, 0x03114c36, 0x342a1d07,
    0x01646c0c, 0x64c3fe49, 0x54012726, 0x0964c3fe, 0x01141c14, 0x59f3fd54, 0x34363b2a, 0x111c2716, 0x45000100, 0x610374ff, 0x0f000d02, 0x00ba6d00,
    0x00100008, 0x39121111, 0x0000b800, 0x00b85845, 0xb91b2f0a, 0x1b000a00, 0x00b8593e, 0xb8584500, 0x1b2f0600, 0x000600b9, 0xb8593e1b, 0x58450000,
    0x2f0200b8, 0x0200b91b, 0x593e1b00, 0x450000b8, 0x0100b858, 0x00b91b2f, 0x3e130001, 0x0400b959, 0xb8f40600, 0xb8d00800, 0xb8100400, 0xb8d00c00,
    0xb9100100, 0x0c000f00, 0x293130f4, 0x11331101, 0x11331133, 0x11331133, 0x02231533, 0x946afddb, 0x94839483, 0x0d02865a, 0x9a0166fe, 0x9a0166fe,
    0x00ff66fe, 0x3f000100, 0x930374ff, 0x2f000d02, 0x00baaf00, 0x00300022, 0x39121131, 0x0000b800, 0x00b85845, 0xb91b2f18, 0x1b001800, 0x00b8593e,
    0xb8584500, 0x1b2f2000, 0x002000b9, 0xb8593e1b, 0x58450000, 0x2f2a00b8, 0x2a00b91b, 0x593e1b00, 0x450000b8, 0x1400b858, 0x00b91b2f, 0x3e130014,
    0x0000b859, 0x00b85845, 0xb91b2f0b, 0x13000b00, 0x00b8593e, 0xb8584500, 0x1b2f0100, 0x000100b9, 0xb8593e13, 0xb9100b00, 0x06002400, 0x0700baf4,
    0x24000b00, 0xb8391211, 0xb9101400, 0x06001c00, 0x0e00baf4, 0x1c001400, 0xb8391211, 0xb9100100, 0x06002d00, 0x0100b8f4, 0x2f00b910, 0x30f40c00,
    0x22232131, 0x012e2726, 0x010e2327, 0x27262223, 0x23030e23, 0x11352622, 0x33141133, 0x11353632, 0x33141133, 0x35023e32, 0x33113311, 0x13032315,
    0x0c2f200d, 0x06010302, 0x363b440e, 0x0703114c, 0x1e342a1d, 0x4894514c, 0x48943621, 0x0f191f10, 0x22805a94, 0x050d0520, 0x34363b2a, 0x111c2716,
    0x4901646c, 0x2664c3fe, 0xfe540127, 0x140964c3, 0x5401141c, 0x00ff66fe, 0x14000200, 0x66020000, 0x10000d02, 0x6c001a00, 0x001a00ba, 0x111c001b,
    0x00b83912, 0x00b8101a, 0xb800d004, 0x58450000, 0x2f0200b8, 0x0200b91b, 0x593e1b00, 0x450000b8, 0x1000b858, 0x00b91b2f, 0x3e130010, 0x0200b859,
    0x0100b910, 0xbaf40600, 0x10001900, 0x12110200, 0x1900b839, 0x0005412f, 0x00190000, 0x00190010, 0x00b95d02, 0xf4060004, 0x101000b8, 0x001a00b9,
    0x3130f406, 0x21352313, 0x1e323315, 0x0e141502, 0x37212302, 0x013d3632, 0x012b2634, 0x017f9315, 0x42268a13, 0x311c1c31, 0xe2fe2642, 0x23231dfe,
    0x9a016a1d, 0x2f189c73, 0x452d2d44, 0x1f69182f, 0x1f1d271d, 0x0000009f, 0x0a000200, 0x6502f4ff, 0x17000d02, 0x69002500, 0x000b00ba, 0x11270026,
    0x00b83912, 0x00b8100b, 0xb800d023, 0x58450000, 0x2f0800b8, 0x0800b91b, 0x593e1b00, 0x450000b8, 0x0000b858, 0x00b91b2f, 0x3e130000, 0x0800b859,
    0x0700b910, 0xbaf40600, 0x08000e00, 0x12110000, 0x0e00b839, 0x1f00b92f, 0xbaf40600, 0x0e000b00, 0x12111f00, 0x0000b839, 0x1800b910, 0x30f40600,
    0x2e220531, 0x23013d02, 0x33152135, 0x3233013e, 0x1415021e, 0x3227020e, 0x34013d36, 0x06222326, 0x1614011d, 0x58377701, 0x017f213e, 0x4a110613,
    0x2f422834, 0x573f221a, 0x2f2f2a38, 0x2e2e2a2a, 0x51391f0c, 0xc773ca33, 0x381e3431, 0x55342e4d, 0x2c75213c, 0x2c271f28, 0x281f272c, 0x0000002c,
    0x45000300, 0xe4020000, 0x0e000d02, 0x1c001800, 0x00ba8c00, 0x001d0012, 0x3912111e, 0x101200b8, 0xd00d00b8, 0x101200b8, 0xd01c00b8, 0x0000b800,
    0x00b85845, 0xb91b2f19, 0x1b001900, 0x00b8593e, 0xb8584500, 0x1b2f0000, 0x000000b9, 0xb8593e1b, 0x58450000, 0x2f0e00b8, 0x0e00b91b, 0x593e1300,
    0x450000b8, 0x1c00b858, 0x00b91b2f, 0x3e13001c, 0x1700ba59, 0x00000e00, 0xb8391211, 0x412f1700, 0x00000005, 0x00100017, 0x5d020017, 0x000200b9,
    0x00b8f406, 0x00b9100e, 0xf4060018, 0x33133130, 0x1e323315, 0x0e141502, 0x37212302, 0x013d3632, 0x012b2634, 0x11330115, 0x7f944523, 0x1c314226,
    0x2642311c, 0x1df3edfe, 0x5f1d2323, 0x94947701, 0x189c0d02, 0x2d2d442f, 0x69182f45, 0x1d271d1f, 0xa4019f1f, 0x0000f3fd, 0x45000200, 0x18020000,
    0x0e000d02, 0x62001800, 0x000f00ba, 0x111a0019, 0x00b83912, 0x00b8100f, 0xb800d002, 0x58450000, 0x2f0000b8, 0x0000b91b, 0x593e1b00, 0x450000b8,
    0x0e00b858, 0x00b91b2f, 0x3e13000e, 0x1700ba59, 0x00000e00, 0xb8391211, 0x412f1700, 0x00000005, 0x00100017, 0x5d020017, 0x000200b9, 0x00b8f406,
    0x00b9100e, 0xf4060018, 0x33133130, 0x1e323315, 0x0e141502, 0x37212302, 0x013d3632, 0x012b2634, 0x8a944515, 0x1c314226, 0x2642311c, 0x1dfee2fe,
    0x6a1d2323, 0x189c0d02, 0x2d2d442f, 0x69182f45, 0x1d271d1f, 0x00009f1f, 0x3c000200, 0x1802f4ff, 0x15000d02, 0x5f002300, 0x001600ba, 0x11250024,
    0x00b83912, 0x00b81016, 0xb800d000, 0x58450000, 0x2f0600b8, 0x0600b91b, 0x593e1b00, 0x450000b8, 0x0000b858, 0x00b91b2f, 0x3e130000, 0x0c00ba59,
    0x00000600, 0xb8391211, 0xb92f0c00, 0x06001d00, 0x0900baf4, 0x1d000c00, 0xb8391211, 0xb9100000, 0x06001600, 0x053130f4, 0x35022e22, 0x33153311,
    0x3233013e, 0x1415021e, 0x3227020e, 0x34013d36, 0x06222326, 0x1614011d, 0x58372a01, 0x0694213e, 0x28344a11, 0x221a2f42, 0x2a38573f, 0x2a2a2f2f,
    0x1f0c2e2e, 0x01335139, 0x3431c73d, 0x2e4d381e, 0x213c5534, 0x1f282c75, 0x272c2c27, 0x002c281f, 0x17000100, 0xf301f4ff, 0x22001902, 0x00ba7000,
    0x00230005, 0x39121124, 0x0000b800, 0x00b85845, 0xb91b2f0c, 0x1b000c00, 0x00b8593e, 0xb8584500, 0x1b2f1400, 0x001400b9, 0xb9593e13, 0x06001d00,
    0x0c00b8f4, 0x0500b910, 0xbaf40600, 0x1d000000, 0x12110500, 0x0000b839, 0x0003412f, 0x0000006f, 0x00ba7101, 0x000c0009, 0x39121108, 0x001900ba,
    0x111a0014, 0x00b93912, 0xf4070022, 0x33133130, 0x23263435, 0x27070622, 0x3233013e, 0x0e141516, 0x2e222302, 0x1e372702, 0x36323301, 0xb523013d,
    0x303032a4, 0x1c760b2c, 0x7f7d5968, 0x3f5f4120, 0x2a34422a, 0x320f7113, 0xa430352b, 0x2d033c01, 0x3d212439, 0x7e944339, 0x2747663f, 0x2332200f,
    0x3724273b, 0x00000536, 0x45000200, 0x1203f4ff, 0x16001902, 0x9b002400, 0x002200ba, 0x11260025, 0x00b83912, 0x00b81022, 0xb800d00a, 0x58450000,
    0x2f0d00b8, 0x0d00b91b, 0x593e1b00, 0x450000b8, 0x0700b858, 0x00b91b2f, 0x3e1b0007, 0x0000b859, 0x00b85845, 0xb91b2f00, 0x13000000, 0x00b8593e,
    0xb8584500, 0x1b2f0600, 0x000600b9, 0xba593e13, 0x06000400, 0x12110700, 0x0400b839, 0x0005412f, 0x0004002f, 0x0004003f, 0x05415d02, 0x0400cf00,
    0x0400df00, 0xb95d0200, 0x06000900, 0x0000b8f4, 0x1700b910, 0xb8f40600, 0xb9100d00, 0x06001e00, 0x053130f4, 0x23272622, 0x33112315, 0x013e3315,
    0x021e3233, 0x020e1415, 0x3d363227, 0x23263401, 0x011d0622, 0x21021614, 0x5a0d7a67, 0x0e5b9494, 0x593a6679, 0x3e20203e, 0x2b2c3a59, 0x2b2c2c2b,
    0x68750c2b, 0xc90d02d1, 0x47267164, 0x663f3f66, 0x36752648, 0x36326b32, 0x326b3236, 0x00000036, 0x45000200, 0x0803f4ff, 0x1600e402, 0x81002400,
    0x002200ba, 0x11260025, 0x00b83912, 0x00b81022, 0xb800d00a, 0x58450000, 0x2f0700b8, 0x0700b91b, 0x593e1f00, 0x450000b8, 0x0d00b858, 0x00b91b2f,
    0x3e1b000d, 0x0000b859, 0x00b85845, 0xb91b2f06, 0x13000600, 0x00b8593e, 0xb8584500, 0x1b2f0000, 0x000000b9, 0xba593e13, 0x0d000400, 0x12110000,
    0x0400b839, 0x0900b92f, 0xb8f40600, 0xb9100000, 0x06001700, 0x0d00b8f4, 0x1e00b910, 0x30f40600, 0x26220531, 0x23152327, 0x33113311, 0x3233013e,
    0x1415021e, 0x3227020e, 0x34013d36, 0x06222326, 0x1614011d, 0x7a671702, 0x9494500d, 0x66790e51, 0x203e593a, 0x3a593e20, 0x2c2b2b2c, 0x0c2b2b2c,
    0x02d16875, 0x6460fee4, 0x66472671, 0x48663f3f, 0x32367526, 0x3636326b, 0x36326b32, 0x2b000200, 0x04020000, 0x17000d02, 0x7a002100, 0x001200ba,
    0x11230022, 0x00b83912, 0x00b81012, 0xb800d021, 0x58450000, 0x2f0d00b8, 0x0d00b91b, 0x593e1b00, 0x450000b8, 0x1700b858, 0x00b91b2f, 0x3e130017,
    0x0000b859, 0x00b85845, 0xb91b2f10, 0x13001000, 0x00b8593e, 0x00b91017, 0xf4060000, 0x002100ba, 0x110d0017, 0x00b83912, 0x00b92f21, 0xf4060012,
    0x000500ba, 0x11210012, 0x00b83912, 0x00b9100d, 0xf406001a, 0x33373130, 0x35373637, 0x3435012e, 0x2133023e, 0x23352311, 0x2b010e07, 0x23350101,
    0x011d0622, 0x2b331614, 0x25121838, 0x311c463b, 0x1e012642, 0x15375194, 0x01472a37, 0x231d6a45, 0x2f731d23, 0x08050325, 0x41294146, 0xf3fd182d,
    0x212a6cb7, 0x1f842001, 0x1f18111d, 0x24000200, 0x04020000, 0x12000d02, 0x70001c00, 0x001000ba, 0x111e001d, 0x00b83912, 0x00b81010, 0xb800d01c,
    0x58450000, 0x2f0b00b8, 0x0b00b91b, 0x593e1b00, 0x450000b8, 0x1200b858, 0x00b91b2f, 0x3e130012, 0x0000b859, 0x00b85845, 0xb91b2f0e, 0x13000e00,
    0x00ba593e, 0x000b001c, 0x39121112, 0x101c00b8, 0x001000b9, 0x00baf406, 0x001c0003, 0x39121110, 0x100b00b8, 0x001500b9, 0x3130f406, 0x35373637,
    0x3435012e, 0x2133023e, 0x23352311, 0x35012307, 0x1d062223, 0x33161401, 0x3b23147b, 0x42311c46, 0x941e0126, 0x019c5f51, 0x231d6a4c, 0x25a21d23,
    0x46080503, 0x2d412941, 0xb7f3fd18, 0x842001b7, 0x18111d1f, 0x0000001f, 0x1400ffff, 0x99020000, 0x0602ba02, 0x00002100, 0x4d000200, 0x6b020000,
    0x1000ba02, 0x5f001a00, 0x001100ba, 0x111c001b, 0x00b83912, 0x00b81011, 0xb800d00f, 0x58450000, 0x2f0000b8, 0x0000b91b, 0x593e1d00, 0x450000b8,
    0x1000b858, 0x00b91b2f, 0x3e130010, 0x0000b859, 0x0300b910, 0xb8f40e00, 0xb9101000, 0x0e001a00, 0x0400baf4, 0x00001a00, 0xb8391211, 0xb92f0400,
    0x0e001900, 0x133130f4, 0x15211521, 0x021e3233, 0x020e1415, 0x32252123, 0x34013d36, 0x15012b26, 0xfed8014d, 0x4e31b2c0, 0x371e1e37, 0xb6fe314e,
    0x27223801, 0x02a02227, 0x208387ba, 0x2f2f503a, 0x84203a4e, 0x221e2223, 0x0000a823, 0x4d00ffff, 0x73020000, 0x0602ba02, 0x00002200, 0x4d000100,
    0xe7010000, 0x0500ba02, 0x00ba3900, 0x00060004, 0x39121107, 0x0000b800, 0x00b85845, 0xb91b2f00, 0x1d000000, 0x00b8593e, 0xb8584500, 0x1b2f0500,
    0x000500b9, 0xb8593e13, 0xb9100000, 0x0e000300, 0x133130f4, 0x11211521, 0x9a014d23, 0x0298fefe, 0xcdfd87ba, 0x11000200, 0x14036aff, 0x1000ba02,
    0x5f001a00, 0x001400ba, 0x111c001b, 0x00b83912, 0x00b81014, 0xb800d006, 0x58450000, 0x2f0700b8, 0x0700b91b, 0x593e1d00, 0x450000b8, 0x0e00b858,
    0x00b91b2f, 0x3e13000e, 0x0100b959, 0xb8f40e00, 0xb8d00900, 0xb8100e00, 0xb8dc1000, 0xb8d00c00, 0xb9100700, 0x0e001300, 0x0100b8f4, 0x1900b810,
    0x373130d0, 0x3d033e33, 0x33112101, 0x21352311, 0x11012315, 0x0e141523, 0x11150702, 0x161e114c, 0x71f5010c, 0x8f1bfe8f, 0x08c9fa01, 0x870d160e,
    0x72503510, 0xcdfdde4e, 0x9696e3fe, 0xad011d01, 0x4b65456d, 0x00031335, 0x11000200, 0xea026aff, 0x0b00ba02, 0x88001100, 0x000e00ba, 0x11130012,
    0x00b83912, 0x00b8100e, 0xb800d002, 0x58450000, 0x2f0200b8, 0x0200b91b, 0x593e1d00, 0x450000b8, 0x0900b858, 0x00b91b2f, 0x3e130009, 0x0000b859,
    0x00b85845, 0xb91b2f08, 0x13000800, 0x00b8593e, 0x00b91009, 0xf40e0001, 0x100800b8, 0x000400b9, 0x00b8f40e, 0x00b91008, 0xf40c0006, 0x100900b8,
    0x000b00b9, 0x00b8f40c, 0x00b81004, 0x00b8d00c, 0x00b81002, 0x00b8d00e, 0x00b81001, 0x3130d011, 0x33133337, 0x23113313, 0x23152135, 0x23012f01,
    0x5711010f, 0x57b7bcb8, 0x8f45fe8f, 0x403ee701, 0x863e3e01, 0xccfd3402, 0x9696e4fe, 0xe1c91c01, 0x0000c9e1, 0x4d00ffff, 0x28020000, 0x0602ba02,
    0x00002500, 0x28000100, 0xc6030000, 0x3500ba02, 0x00ba1101, 0x0036002e, 0x39121137, 0x0000b800, 0x00b85845, 0xb91b2f0b, 0x1d000b00, 0x00b8593e,
    0xb8584500, 0x1b2f1a00, 0x001a00b9, 0xb8593e1d, 0x58450000, 0x2f1200b8, 0x1200b91b, 0x593e1d00, 0x450000b8, 0x3500b858, 0x00b91b2f, 0x3e130035,
    0x0000b859, 0x00b85845, 0xb91b2f26, 0x13002600, 0x00b8593e, 0xb8584500, 0x1b2f2e00, 0x002e00b9, 0xb8593e13, 0xb9103500, 0x06000000, 0x3000baf4,
    0x35000b00, 0xb8391211, 0x412f3000, 0x005f0003, 0x5d010030, 0xcf000341, 0x01003000, 0x0005415d, 0x0030002f, 0x0030003f, 0x05415d02, 0x30009f00,
    0x3000af00, 0x415d0200, 0x003f0003, 0x71010030, 0x0f000341, 0x01003000, 0x1000b95d, 0xbaf40600, 0x10000500, 0x12113000, 0x0b00b839, 0x0a00b910,
    0xb8f40600, 0xb8101000, 0xb8d01400, 0xb9101a00, 0x06001b00, 0x2000baf4, 0x30001000, 0xb8391211, 0xb9102600, 0x06002500, 0x3000b8f4, 0x2c00b810,
    0x373130d0, 0x37363733, 0x2f012e35, 0x33352301, 0x011f1632, 0x11331133, 0x013e3733, 0x2315013b, 0x07010e07, 0x011f1615, 0x22231533, 0x23012f26,
    0x23112311, 0x2b010e07, 0x4d3e2801, 0x22183318, 0x3f3e410f, 0x5e153b2d, 0x5e5b985b, 0x3e2d3b15, 0x220f403e, 0x4d183318, 0x392a503e, 0x985b5e17,
    0x39175e5b, 0xa387502a, 0x07060734, 0x87861e1d, 0x01c22c28, 0xc2eafe16, 0x8687282c, 0x06071d1e, 0x87a33407, 0xfec73225, 0xc71e01e2, 0x00002532,
    0x1c000100, 0xf5030000, 0x2400ba02, 0x00baa700, 0x0025001f, 0x39121126, 0x0000b800, 0x00b85845, 0xb91b2f08, 0x1d000800, 0x00b8593e, 0xb8584500,
    0x1b2f0c00, 0x000c00b9, 0xb8593e1d, 0x58450000, 0x2f1000b8, 0x1000b91b, 0x593e1d00, 0x450000b8, 0x2300b858, 0x00b91b2f, 0x3e130023, 0x0000b859,
    0x00b85845, 0xb91b2f1f, 0x13001f00, 0x00b8593e, 0xb8584500, 0x1b2f1b00, 0x001b00b9, 0xba593e13, 0x08002000, 0x12112300, 0x2000b839, 0x0b00b92f,
    0xbaf40e00, 0x0b000300, 0x12112000, 0x0e00b839, 0x1500bad0, 0x0b002000, 0xb8391211, 0xb8102000, 0x30d01d00, 0x013e1331, 0x012e3537, 0x13330327,
    0x11331133, 0x03331333, 0x1507010e, 0x1317011e, 0x11230323, 0x03231123, 0x10be1323, 0x23171825, 0x9f9b9a0f, 0x9e5b985b, 0x220f9a9a, 0x10241817,
    0x5b9ea7a3, 0xa89e5b98, 0x1d2601a2, 0x0806051d, 0x0f011b1d, 0x1601eafe, 0x1601eafe, 0x1d1bf1fe, 0x1d050608, 0x01dafe1d, 0x01e2fe1e, 0x01e2fe1e,
    0x00000026, 0x1d000100, 0x3802f4ff, 0x3100c602, 0x00ba7100, 0x00320011, 0x39121133, 0x0000b800, 0x00b85845, 0xb91b2f1d, 0x1d001d00, 0x00b8593e,
    0xb8584500, 0x1b2f0000, 0x000000b9, 0xba593e13, 0x00000300, 0x12110400, 0x0700b939, 0xbaf40e00, 0x07001000, 0x12111d00, 0x1000b839, 0x0f00b92f,
    0xb8f40e00, 0xb9101d00, 0x0e001600, 0x1a00baf4, 0x19001d00, 0xba391211, 0x10002700, 0x12110f00, 0x05313039, 0x37272622, 0x3233011e, 0x34013d36,
    0x35012b26, 0x013d3233, 0x06222334, 0x013e2707, 0x021e3233, 0x020e1415, 0x031e1507, 0x020e1415, 0x804d1d01, 0x4d206433, 0x303e3c2f, 0x5d737933,
    0x1b502a69, 0x487d2c5c, 0x2545623e, 0x1e352717, 0x1b2b391e, 0x0c694928, 0x21653532, 0x08262a24, 0x4d862328, 0x1e214905, 0x1b363060, 0x242d4833,
    0x03142435, 0x26140206, 0x50312638, 0x0000203a, 0x4d000100, 0x87020000, 0x0f00ba02, 0x00ba5d00, 0x00100005, 0x39121111, 0x0000b800, 0x00b85845,
    0xb91b2f00, 0x1d000000, 0x00b8593e, 0xb8584500, 0x1b2f0600, 0x000600b9, 0xb8593e1d, 0x58450000, 0x2f0800b8, 0x0800b91b, 0x593e1300, 0x450000b8,
    0x0f00b858, 0x00b91b2f, 0x3e13000f, 0x0300b859, 0x0600b8d0, 0x0c00b810, 0x133130d0, 0x33071133, 0x11331337, 0x23371123, 0x4d230307, 0x45031094,
    0x109488e6, 0x88e64503, 0xabfeba02, 0x63018593, 0x550146fd, 0x9dfe8593, 0x4d00ffff, 0x87020000, 0x2602b203, 0x0000b102, 0xd2030600, 0x00000040,
    0x4d000100, 0x7b020000, 0x1d00ba02, 0x00bac500, 0x001e001a, 0x3912111f, 0x0000b800, 0x00b85845, 0xb91b2f00, 0x1d000000, 0x00b8593e, 0xb8584500,
    0x1b2f0700, 0x000700b9, 0xb8593e1d, 0x58450000, 0x2f1d00b8, 0x1d00b91b, 0x593e1300, 0x450000b8, 0x1600b858, 0x00b91b2f, 0x3e130016, 0x1b00ba59,
    0x1d000000, 0xb8391211, 0x412f1b00, 0x005f0003, 0x5d01001b, 0xcf000341, 0x01001b00, 0x0005415d, 0x001b003f, 0x001b004f, 0x05417102, 0x1b009f00,
    0x1b00af00, 0x415d0200, 0x002f0005, 0x003f001b, 0x5d02001b, 0x0f000341, 0x01001b00, 0x0200b95d, 0xb8f40e00, 0xb9100700, 0x0e000a00, 0x0e00baf4,
    0x1b000200, 0xb8391211, 0xb9101600, 0x0e001300, 0x133130f4, 0x37331133, 0x013b013e, 0x0e072315, 0x1e150701, 0x33011f01, 0x26222315, 0x1123012f,
    0x65984d23, 0x2d391768, 0x0e483e3e, 0x251a1823, 0x4f3e520e, 0x6819372a, 0xba029865, 0x2ac3eafe, 0x1b888729, 0x0506081d, 0x879f1d1d, 0xfec93124,
    0x000000e2, 0x4d000100, 0x8d020000, 0x1300ba02, 0x00ba6f00, 0x00140010, 0x39121115, 0x0000b800, 0x00b85845, 0xb91b2f00, 0x1d000000, 0x00b8593e,
    0xb8584500, 0x1b2f0400, 0x000400b9, 0xb8593e1d, 0x58450000, 0x2f1300b8, 0x1300b91b, 0x593e1300, 0x450000b8, 0x0f00b858, 0x00b91b2f, 0x3e13000f,
    0x1100ba59, 0x13000000, 0xb8391211, 0xb92f1100, 0x0e000200, 0x0900baf4, 0x02001100, 0x30391211, 0x11331331, 0x03331333, 0x1507010e, 0x1317011e,
    0x11230323, 0x64984d23, 0x0f999a9e, 0x24191823, 0x9ea6a210, 0xba029864, 0x1601eafe, 0x1e1af1fe, 0x1e050608, 0x01dafe1c, 0x00e2fe1e, 0x14000100,
    0x9602faff, 0x1600ba02, 0x00ba5400, 0x0017000d, 0x39121118, 0x0000b800, 0x00b85845, 0xb91b2f07, 0x1d000700, 0x00b8593e, 0xb8584500, 0x1b2f1600,
    0x001600b9, 0xb8593e13, 0x58450000, 0x2f0a00b8, 0x0a00b91b, 0x593e1300, 0x101600b8, 0x000000b9, 0x00b8f40e, 0x00b91007, 0xf40e000c, 0x33373130,
    0x013d033e, 0x11231121, 0x0e141523, 0x010e0702, 0x5314012b, 0x09111810, 0xc198ed01, 0x1321180e, 0x3435471f, 0x50331187, 0xfdde5071, 0x6c330246,
    0x3e60875c, 0x001a1f13, 0x1400ffff, 0x8b020000, 0x0602ba02, 0x00005002, 0x4d00ffff, 0xe6020000, 0x0602ba02, 0x00002d00, 0x4d00ffff, 0x87020000,
    0x0602ba02, 0x00002800, 0x3200ffff, 0x9802f4ff, 0x0602c602, 0x00002f00, 0x4d000100, 0x78020000, 0x0700ba02, 0x00ba4a00, 0x00080006, 0x39121109,
    0x0000b800, 0x00b85845, 0xb91b2f00, 0x1d000000, 0x00b8593e, 0xb8584500, 0x1b2f0700, 0x000700b9, 0xb8593e13, 0x58450000, 0x2f0300b8, 0x0300b91b,
    0x593e1300, 0x100000b8, 0x000500b9, 0x3130f40e, 0x23112113, 0x23112311, 0x982b024d, 0xba0298fb, 0x330246fd, 0x0000cdfd, 0x4d00ffff, 0x6b020000,
    0x0602ba02, 0x00003000, 0x3200ffff, 0x6e02f4ff, 0x0602c602, 0x00002300, 0x1b00ffff, 0x2d020000, 0x0602ba02, 0x00003400, 0x0c000100, 0x69020000,
    0x1100ba02, 0x00ba5800, 0x00120006, 0x39121113, 0x0000b800, 0x00b85845, 0xb91b2f03, 0x1d000300, 0x00b8593e, 0xb8584500, 0x1b2f0900, 0x000900b9,
    0xb8593e1d, 0x58450000, 0x2f1100b8, 0x1100b91b, 0x593e1300, 0x000000b9, 0x00baf40e, 0x00030002, 0x39121111, 0x100200b8, 0xd00600b8, 0x33373130,
    0x1f330337, 0x013f3301, 0x030e0333, 0x7a77012b, 0x62a0f40f, 0x5633033a, 0x1b0bf695, 0x641f2f24, 0x0d022687, 0xd88c8bd9, 0x251ba8fd, 0x00000a18,
    0x23000300, 0x6503d4ff, 0x1d00e402, 0x35002900, 0x00ba9100, 0x0036001e, 0x39121137, 0x101e00b8, 0xd01d00b8, 0x101e00b8, 0xd03500b8, 0x0c00b800,
    0x0000b82f, 0x0005412f, 0x0000000f, 0x0000001f, 0x05415d02, 0x0c000000, 0x0c001000, 0x415d0200, 0x00600003, 0x5d01000c, 0x30000341, 0x01000c00,
    0x0c00b85d, 0x0d00b810, 0x0c00b8dc, 0x0f00b810, 0x0000b8d0, 0x1b00b810, 0x0000b8d0, 0x1d00b810, 0x0000b8dc, 0x1e00b910, 0xb8f40e00, 0xb9100c00,
    0x0e001f00, 0x3400b8f4, 0x1e00b8d0, 0x3500b810, 0x253130d0, 0x022e2223, 0x023e3435, 0x3335013b, 0x1e323315, 0x0e141502, 0x15012b02, 0x23113723,
    0x1d020e22, 0x3b161401, 0x3d363201, 0x022e3401, 0x0111012b, 0x6e422977, 0x4e2b2c4f, 0x9a29446e, 0x4e6e4429, 0x6e4f2c2b, 0x039a2942, 0x2236262c,
    0xec484711, 0x22114748, 0x2e2c2537, 0x406e512e, 0x2f526e40, 0x522f5a5a, 0x6e40406e, 0xd75a2e51, 0x27176201, 0x3f3e1f35, 0x3e3f5353, 0x1727351f,
    0x00009efe, 0x28000300, 0x6a03c5ff, 0x1d00f302, 0x2d002500, 0x00ba7200, 0x002e001e, 0x3912112f, 0x101e00b8, 0xd00000b8, 0x101e00b8, 0xd02d00b8,
    0x1d00b800, 0x0000b82f, 0x00b85845, 0xb91b2f0d, 0x1f000d00, 0x00ba593e, 0x001d001a, 0x3912110d, 0x2f1a00b8, 0xd00100b8, 0x001000ba, 0x111d000d,
    0x00b83912, 0x00b82f10, 0x00b8d00b, 0x00b91010, 0xf40e002b, 0xd02000b8, 0x101a00b8, 0x002600b9, 0x00b8f40e, 0x3130d025, 0x2e222325, 0x3e343502,
    0x35013b02, 0x32331533, 0x1415021e, 0x012b020e, 0x11372315, 0x011d2223, 0x32013b14, 0x2b34013d, 0x7c011101, 0x5172451f, 0x72512c2d, 0x1f9a1f46,
    0x2c517246, 0x4572512d, 0x22039a1f, 0x99d89999, 0x2e1a2299, 0x49487655, 0x552e5577, 0x77552e55, 0x55764849, 0x01d2552e, 0xa63ea68a, 0xfea63ea6,
    0x00000076, 0x1000ffff, 0x91020000, 0x0602ba02, 0x00003800, 0x4d000100, 0xe9026aff, 0x0b00ba02, 0x00ba5200, 0x000c0005, 0x3912110d, 0x0000b800,
    0x00b85845, 0xb91b2f02, 0x1d000200, 0x00b8593e, 0xb8584500, 0x1b2f0600, 0x000600b9, 0xb8593e1d, 0x58450000, 0x2f0100b8, 0x0100b91b, 0x593e1300,
    0x000400b9, 0x00b8f40e, 0x00b8d008, 0x00b81001, 0x3130dc0b, 0x33110129, 0x33113311, 0x23113311, 0xf3fd5a02, 0x7198fb98, 0xfdba028f, 0xfd3302cd,
    0x00e3fecd, 0x36000100, 0x59020000, 0x1200ba02, 0x00ba7d00, 0x0013000b, 0x39121114, 0x0000b800, 0x00b85845, 0xb91b2f07, 0x1d000700, 0x00b8593e,
    0xb8584500, 0x1b2f0f00, 0x000f00b9, 0xb8593e1d, 0x58450000, 0x2f1200b8, 0x1200b91b, 0x593e1300, 0x000b00ba, 0x11120007, 0x00b83912, 0x05412f0b,
    0x0b00c000, 0x0b00d000, 0x415d0200, 0x00400003, 0x5d01000b, 0x10000341, 0x01000b00, 0x0400b95d, 0xbaf40e00, 0x04000100, 0x12110b00, 0x25313039,
    0x23010e23, 0x33351120, 0x32331415, 0x33113736, 0xc1012311, 0x2d401805, 0x7798fffe, 0x98163a2c, 0x0c0bf798, 0xdfd90101, 0x01090977, 0x0046fd44,
    0x4d000100, 0xb9030000, 0x0b00ba02, 0x00ba5b00, 0x000c0003, 0x3912110d, 0x0000b800, 0x00b85845, 0xb91b2f00, 0x1d000000, 0x00b8593e, 0xb8584500,
    0x1b2f0400, 0x000400b9, 0xb8593e1d, 0x58450000, 0x2f0800b8, 0x0800b91b, 0x593e1d00, 0x450000b8, 0x0b00b858, 0x00b91b2f, 0x3e13000b, 0x0200b959,
    0xb8f40e00, 0x30d00600, 0x11331331, 0x11331133, 0x11331133, 0xd3984d21, 0xfc98d198, 0xfdba0294, 0xfd3302cd, 0xfd3302cd, 0x00000046, 0x4d000100,
    0x2a046aff, 0x0f00ba02, 0x00ba6b00, 0x00100008, 0x39121111, 0x0000b800, 0x00b85845, 0xb91b2f02, 0x1d000200, 0x00b8593e, 0xb8584500, 0x1b2f0600,
    0x000600b9, 0xb8593e1d, 0x58450000, 0x2f0a00b8, 0x0a00b91b, 0x593e1d00, 0x450000b8, 0x0100b858, 0x00b91b2f, 0x3e130001, 0x0400b959, 0xb8f40e00,
    0xb8d00800, 0xb8100400, 0xb8d00c00, 0xb8100100, 0x30dc0f00, 0x11012931, 0x11331133, 0x11331133, 0x11331133, 0xfc9b0323, 0x98d298b2, 0x8f7198d2,
    0xcdfdba02, 0xcdfd3302, 0xcdfd3302, 0x0000e3fe, 0x16000200, 0xd5020000, 0x1000ba02, 0x5f001a00, 0x001a00ba, 0x111c001b, 0x00b83912, 0x00b8101a,
    0xb800d004, 0x58450000, 0x2f0200b8, 0x0200b91b, 0x593e1d00, 0x450000b8, 0x1000b858, 0x00b91b2f, 0x3e130010, 0x0200b859, 0x0100b910, 0xb8f40e00,
    0xb9101000, 0x0e001a00, 0x0400baf4, 0x02001a00, 0xb8391211, 0xb92f0400, 0x0e001900, 0x133130f4, 0x15213523, 0x021e3233, 0x020e1415, 0x32252123,
    0x34013d36, 0x15012b26, 0x2f0197ad, 0x374e31bc, 0x4e371e1e, 0x01acfe31, 0x27272242, 0x3302aa22, 0x3a21fc87, 0x52323153, 0x2384213a, 0x23222c22,
    0x000000b6, 0x4d000300, 0x58030000, 0x0e00ba02, 0x1c001800, 0x00ba7b00, 0x001d0012, 0x3912111e, 0x101200b8, 0xd00d00b8, 0x101200b8, 0xd01c00b8,
    0x0000b800, 0x00b85845, 0xb91b2f00, 0x1d000000, 0x00b8593e, 0xb8584500, 0x1b2f1900, 0x001900b9, 0xb8593e1d, 0x58450000, 0x2f1c00b8, 0x1c00b91b,
    0x593e1300, 0x450000b8, 0x0e00b858, 0x00b91b2f, 0x3e13000e, 0x1800b959, 0xbaf40e00, 0x18000200, 0x12110000, 0x0200b839, 0x1700b92f, 0x30f40e00,
    0x15331331, 0x021e3233, 0x020e1415, 0x32252123, 0x34013d36, 0x15012b26, 0x23113301, 0x31b2984d, 0x1e1e374e, 0xfe314e37, 0x223801b6, 0xa0222727,
    0x9898db01, 0x21fcba02, 0x3231533a, 0x84213a52, 0x222c2223, 0x3602b623, 0x000046fd, 0x4d000200, 0x75020000, 0x0e00ba02, 0x51001800, 0x000f00ba,
    0x111a0019, 0x00b83912, 0x00b8100f, 0xb800d00d, 0x58450000, 0x2f0000b8, 0x0000b91b, 0x593e1d00, 0x450000b8, 0x0e00b858, 0x00b91b2f, 0x3e13000e,
    0x1800b959, 0xbaf40e00, 0x18000200, 0x12110000, 0x0200b839, 0x1700b92f, 0x30f40e00, 0x15331331, 0x021e3233, 0x020e1415, 0x32252123, 0x34013d36,
    0x15012b26, 0x31bc984d, 0x1e1e374e, 0xfe314e37, 0x224201ac, 0xaa222727, 0x21fcba02, 0x3231533a, 0x84213a52, 0x222c2223, 0x0000b623, 0x1e000100,
    0x6d02f4ff, 0x2500c602, 0x00ba5700, 0x00260019, 0x39121127, 0x0000b800, 0x00b85845, 0xb91b2f0f, 0x1d000f00, 0x00b8593e, 0xb8584500, 0x1b2f1900,
    0x001900b9, 0xb9593e13, 0x0e002000, 0x0000baf4, 0x20000f00, 0xb8391211, 0xb82f0000, 0xb9100f00, 0x0e000400, 0x0000b8f4, 0x2500b910, 0x30f40e00,
    0x34331331, 0x0e222326, 0x3e270702, 0x1e323303, 0x0e141502, 0x26222302, 0x011e3727, 0x3d363233, 0xe7e52301, 0x2d204855, 0x7f091721, 0x51403416,
    0x52764a32, 0x76522c2c, 0x2583694a, 0x4044117c, 0x01e75548, 0x0d504ba4, 0x48152219, 0x14273b26, 0x5886592d, 0x305d8859, 0x2c4c4b54, 0x084c4f38,
    0x4d000200, 0xc603f4ff, 0x1800c602, 0x81002600, 0x002400ba, 0x11280027, 0x00b83912, 0x00b81024, 0xb800d000, 0x58450000, 0x2f0700b8, 0x0700b91b,
    0x593e1d00, 0x450000b8, 0x0f00b858, 0x00b91b2f, 0x3e1d000f, 0x0000b859, 0x00b85845, 0xb91b2f06, 0x13000600, 0x00b8593e, 0xb8584500, 0x1b2f0000,
    0x000000b9, 0xba593e13, 0x07000400, 0x12110600, 0x0400b839, 0x0900b92f, 0xb8f40e00, 0xb9100000, 0x0e001900, 0x0f00b8f4, 0x2000b910, 0x30f40e00,
    0x26220531, 0x23112327, 0x33113311, 0x3233033e, 0x1415021e, 0x3227020e, 0x34013d36, 0x06222326, 0x1614011d, 0xa0809302, 0x98987d11, 0x4f33077f,
    0x72453e68, 0x502c2c50, 0x4d454572, 0x4d45454d, 0x93970c4d, 0xba02e2fe, 0x6d47eafe, 0x5b2e2549, 0x87595987, 0x5a872e5b, 0x5a546854, 0x5468545a,
    0x0000005a, 0x2a000200, 0x59020000, 0x1a00ba02, 0x7a002400, 0x001300ba, 0x11260025, 0x00b83912, 0x00b81013, 0xb800d024, 0x58450000, 0x2f0e00b8,
    0x0e00b91b, 0x593e1d00, 0x450000b8, 0x1a00b858, 0x00b91b2f, 0x3e13001a, 0x0000b859, 0x00b85845, 0xb91b2f11, 0x13001100, 0x00b8593e, 0x00b9101a,
    0xf40e0000, 0x002400ba, 0x111a000e, 0x00b83912, 0x00b92f24, 0xf40e0013, 0x000600ba, 0x11240013, 0x00b83912, 0x00b9100e, 0xf40e001d, 0x33373130,
    0x37013e37, 0x35012e35, 0x33023e34, 0x11231121, 0x030e0723, 0x3501012b, 0x1d062223, 0x33161401, 0x0c393e2a, 0x5d4d1b1d, 0x304e371e, 0x5c984b01,
    0x1e1b0e75, 0x014a1421, 0x2722a097, 0x59872227, 0x06051613, 0x32576808, 0xfd203b52, 0xb7000146, 0x06101c17, 0x23b68001, 0x23232b22, 0x26000200,
    0x63020000, 0x1400ba02, 0x70001e00, 0x001200ba, 0x1120001f, 0x00b83912, 0x00b81012, 0xb800d01e, 0x58450000, 0x2f0d00b8, 0x0d00b91b, 0x593e1d00,
    0x450000b8, 0x1400b858, 0x00b91b2f, 0x3e130014, 0x0000b859, 0x00b85845, 0xb91b2f10, 0x13001000, 0x00ba593e, 0x000d001e, 0x39121114, 0x2f1e00b8,
    0x001200b9, 0x00baf40e, 0x00120004, 0x3912111e, 0x100d00b8, 0x001700b9, 0x3130f40e, 0x37013e37, 0x012e2335, 0x023e3435, 0x23112133, 0x23032311,
    0x22233501, 0x14011d06, 0x0cab3316, 0x4e031a1e, 0x4d381e59, 0x984b0130, 0x01af9a5c, 0x2623a0a5, 0x15e02326, 0x08060514, 0x5233546b, 0x46fd203a,
    0x00ff0001, 0x24b68001, 0x24222b21, 0x2200ffff, 0x1b02f4ff, 0x2602ef02, 0x00000400, 0x97030600, 0x000000e1, 0x2200ffff, 0x1b02f4ff, 0x26021103,
    0x00000400, 0x9e030600, 0x000000e1, 0x2b00ffff, 0x1b02f4ff, 0x2602ef02, 0x00000500, 0x97030600, 0x0000000f, 0x2b00ffff, 0x1b02f4ff, 0x26021103,
    0x00000500, 0x9e030600, 0x0000000f, 0x2200ffff, 0x3c03f4ff, 0x06021902, 0x0000f500, 0x4500ffff, 0xa8010000, 0x26023003, 0x00007802, 0x99030600,
    0x000000c3, 0x45000100, 0xa8010000, 0x07009902, 0x00ba4100, 0x00080006, 0x39121109, 0x0000b800, 0x00b85845, 0xb91b2f00, 0x1b000000, 0x00b8593e,
    0xb8584500, 0x1b2f0700, 0x000700b9, 0xb8593e13, 0xb8100000, 0xb8dc0200, 0xb9100000, 0x06000500, 0x133130f4, 0x15333533, 0x45231123, 0x94cf86dd,
    0xff8c0d02, 0x000066fe, 0x45000100, 0xa80174ff, 0x09000d02, 0x00ba4d00, 0x000a0004, 0x3912110b, 0x0000b800, 0x00b85845, 0xb91b2f00, 0x1b000000,
    0x00b8593e, 0xb8584500, 0x1b2f0900, 0x000900b9, 0xb8593e13, 0xb9100000, 0x06000300, 0x0900b8f4, 0x0400b910, 0xb8f40600, 0xb9100900, 0x0c000700,
    0x133130f4, 0x11231521, 0x35231533, 0x63014523, 0x68865acf, 0xfe730d02, 0x008cffd9, 0x16000100, 0xb9010000, 0x0d000d02, 0x00ba7700, 0x000e000c,
    0x3912110f, 0x0000b800, 0x00b85845, 0xb91b2f04, 0x1b000400, 0x00b8593e, 0xb8584500, 0x1b2f0d00, 0x000d00b9, 0xb8593e13, 0xb9100400, 0x06000700,
    0x0200baf4, 0x07000d00, 0xb8391211, 0x412f0200, 0x006f0005, 0x007f0002, 0x5d020002, 0x20000541, 0x30000200, 0x02000200, 0x0100b95d, 0xb8f40600,
    0xb8100200, 0xb8d00800, 0xb8100100, 0x30d00b00, 0x35233731, 0x15213533, 0x15331523, 0x56231523, 0x63014040, 0x947b7bcf, 0x73de62cd, 0x00cd626b,
    0x45000100, 0x100238ff, 0x1e000d02, 0x00ba8300, 0x001f0000, 0x39121120, 0x0000b800, 0x00b85845, 0xb91b2f0e, 0x1b000e00, 0x00b8593e, 0xb8584500,
    0x1b2f0d00, 0x000d00b9, 0xb8593e13, 0x58450000, 0x2f1e00b8, 0x1e00b91b, 0x593e1500, 0x000000b9, 0x00b8f406, 0x00b9100e, 0xf4060011, 0x001600ba,
    0x110d0011, 0x00b83912, 0x09412f16, 0x16002000, 0x16003000, 0x16004000, 0x16005000, 0xb95d0400, 0x06000800, 0x1300baf4, 0x08001600, 0x30391211,
    0x3e330531, 0x34013d01, 0x06222326, 0x1123011d, 0x15231521, 0x33013e33, 0x011d1632, 0x012b0614, 0x0c541101, 0x2a2a250b, 0x6301942a, 0x431205cf,
    0x5d525833, 0x0e554161, 0x325f2929, 0x8b171e24, 0xa7730d02, 0x695e2520, 0x005f6872, 0x2400ffff, 0x0e02f4ff, 0x26023003, 0x00000900, 0x9a030600,
    0x000000f4, 0x2400ffff, 0x0e02f4ff, 0x2602ef02, 0x00000900, 0x97030600, 0x000000f4, 0x2400ffff, 0x0e02f4ff, 0x26021103, 0x00000900, 0x9e030600,
    0x000000f4, 0x24000100, 0x0002f4ff, 0x25001902, 0x00ba6000, 0x00260013, 0x39121127, 0x0000b800, 0x00b85845, 0xb91b2f0a, 0x1b000a00, 0x00b8593e,
    0xb8584500, 0x1b2f0000, 0x000000b9, 0xb8593e13, 0xb9100a00, 0x06001300, 0x0000b8f4, 0x1d00b910, 0xbaf40600, 0x13001600, 0x12111d00, 0x1600b839,
    0x0003412f, 0x0016006f, 0x00b97101, 0xf4070019, 0x22053130, 0x3435022e, 0x3233023e, 0x0717021e, 0x2223012e, 0x15330706, 0x16141523, 0x37363233,
    0x01030e17, 0x415f3f23, 0x5e402020, 0x35462d3e, 0x0b760e27, 0x3031302c, 0x30a4a401, 0x0f322b35, 0x342a1371, 0x47270c42, 0x653f3f66, 0x21112648,
    0x213d1c2e, 0x62303924, 0x243b3205, 0x32233b27, 0x00000f20, 0x2800ffff, 0x3a030000, 0x2602ef02, 0x00007d02, 0x97030700, 0x00008500, 0x2800ffff,
    0x3a030000, 0x26021103, 0x00007d02, 0x9e030700, 0x00008500, 0x28000100, 0x5e0374ff, 0x33000d02, 0x00baf700, 0x00340005, 0x39121135, 0x0000b800,
    0x00b85845, 0xb91b2f18, 0x1b001800, 0x00b8593e, 0xb8584500, 0x1b2f1f00, 0x001f00b9, 0xb8593e1b, 0x58450000, 0x2f2600b8, 0x2600b91b, 0x593e1b00,
    0x450000b8, 0x0d00b858, 0x00b91b2f, 0x3e13000d, 0x0000b859, 0x00b85845, 0xb91b2f06, 0x13000600, 0x00b8593e, 0xb8584500, 0x1b2f0000, 0x000000b9,
    0xba593e13, 0x18000800, 0x12110d00, 0x0800b839, 0x0005412f, 0x000800cf, 0x000800df, 0x05415d02, 0x08002f00, 0x08003f00, 0xb85d0200, 0xb8d00400,
    0xb9100d00, 0x06000e00, 0x0800b8f4, 0x1d00b910, 0xbaf40600, 0x08001300, 0x12111d00, 0x1800b839, 0x1700b910, 0xb8f40600, 0xb8101d00, 0xb8d02100,
    0xb9102600, 0x06002900, 0x2c00baf4, 0x1d000800, 0xb8391211, 0xb9100000, 0x06003000, 0x0d00b8f4, 0x3300b910, 0x30f40c00, 0x2f262531, 0x23152301,
    0x0e072335, 0x35012b01, 0x37363733, 0x012f2635, 0x32333523, 0x33011f16, 0x33153335, 0x3b013e37, 0x07231501, 0x16150706, 0x1533011f, 0x36d80223,
    0x94424520, 0x36154542, 0x3736432a, 0x13252614, 0x2a3d362d, 0x42401436, 0x14404294, 0x363d2a36, 0x2625132d, 0x865a3714, 0x86410802, 0x2a86d1d1,
    0x256c7321, 0x26090508, 0x2822735a, 0x7fc9c97f, 0x5a732228, 0x08050926, 0x00ff6c25, 0x00000200, 0xfe020000, 0x17000d02, 0x9f001d00, 0x001300ba,
    0x111f001e, 0x00b83912, 0x00b81013, 0xb800d018, 0x58450000, 0x2f0600b8, 0x0600b91b, 0x593e1b00, 0x450000b8, 0x1700b858, 0x00b91b2f, 0x3e130017,
    0x0000b859, 0x00b85845, 0xb91b2f13, 0x13001300, 0x00b8593e, 0xb8584500, 0x1b2f0f00, 0x000f00b9, 0xba593e13, 0x06001d00, 0x12111700, 0x1d00b839,
    0x1500b92f, 0xbaf40600, 0x1d000400, 0x12111500, 0x0600b839, 0x1b00b910, 0xb8f40600, 0xb8d00500, 0xb8101b00, 0xbad00800, 0x15000900, 0x12111d00,
    0x1500b839, 0x1100b810, 0x373130d0, 0x3537013e, 0x15213527, 0x011e1507, 0x2723011f, 0x35231523, 0x01230723, 0x15213537, 0x1d0a6817, 0x83026412,
    0x0a1d1263, 0x3a619e68, 0x9e613a8c, 0xfe48e001, 0x14d545b0, 0x99050415, 0x05996d6d, 0xd5141504, 0xc7c7c7c7, 0x06702a01, 0x00007006, 0x1700ffff,
    0xeb01f4ff, 0x2602ef02, 0x00007f02, 0x97030600, 0x000000d9, 0x17000100, 0xeb0174ff, 0x2b001902, 0x00ba9500, 0x002c000f, 0x3912112d, 0x0000b800,
    0x00b85845, 0xb91b2f1c, 0x1b001c00, 0x00b8593e, 0xb8584500, 0x1b2f0000, 0x000000b9, 0xba593e13, 0x00000300, 0x12110400, 0x0600b939, 0xb8f40600,
    0xb9101c00, 0x06001500, 0x0f00baf4, 0x15000600, 0xb8391211, 0x412f0f00, 0x006f0003, 0x7101000f, 0x000c00b9, 0x00baf407, 0x001c0019, 0x39121118,
    0x002200ba, 0x110c000f, 0x00b83912, 0x00b81000, 0x00b8d029, 0x00b91000, 0xf40c002a, 0x20000341, 0x01002a00, 0x1731305d, 0x3727012e, 0x36323316,
    0x2b34013d, 0x32333501, 0x2634013d, 0x07062223, 0x33013e27, 0x14151632, 0x1e150706, 0x06141501, 0xba231507, 0x57214f33, 0x2c2d553a, 0x3b67743b,
    0x42292828, 0x70275814, 0x366d6d4b, 0x5a433939, 0x08068651, 0x4258232d, 0x2d0b1b1f, 0x170a2d62, 0x4e1d211b, 0x3f513430, 0x05083833, 0x42323d06,
    0x00850c55, 0x18000100, 0xeb0139ff, 0x1e000d02, 0x00ba5f00, 0x001f0007, 0x39121120, 0x0000b800, 0x00b85845, 0xb91b2f15, 0x1b001500, 0x00b8593e,
    0xb8584500, 0x1b2f0000, 0x000000b9, 0xb9593e15, 0x06000700, 0x1900baf4, 0x00001500, 0xb8391211, 0xb92f1900, 0x06000e00, 0x1900b8f4, 0x1000b810,
    0x1500b8d0, 0x1300b910, 0xb8f40600, 0x30d01700, 0x26221731, 0x011e3727, 0x3d363233, 0x2b263401, 0x35373501, 0x21352307, 0x32150715, 0x06141516,
    0x2c6a4efc, 0x2c40165f, 0x2e372d30, 0xa05dc475, 0x5eb08901, 0x33c77e71, 0x24225037, 0x2b212c31, 0x05be622a, 0xaa7d730b, 0x66646904, 0x00000076,
    0x45000100, 0xd9000000, 0x0300e402, 0x00ba2f00, 0x00040003, 0x39121105, 0x0000b800, 0x00b85845, 0xb91b2f00, 0x1f000000, 0x00b8593e, 0xb8584500,
    0x1b2f0300, 0x000300b9, 0x30593e13, 0x11331331, 0x94944523, 0x1cfde402, 0x4500ffff, 0x1f020000, 0x2602ef02, 0x00008102, 0x97030600, 0x00000007,
    0x4500ffff, 0x1f020000, 0x26023003, 0x00008102, 0x9a030600, 0x00000007, 0x3f00ffff, 0x0f02f4ff, 0x26023003, 0x00001b00, 0x9a030600, 0x000000fc,
    0x4500ffff, 0x1f020000, 0x2602d702, 0x00008102, 0x95030600, 0x00000007, 0x4500ffff, 0x29020000, 0x26023003, 0x00008502, 0x99030600, 0x00000002,
    0x45000100, 0x4d0274ff, 0x1e000d02, 0x00baa700, 0x001f0004, 0x39121120, 0x0000b800, 0x00b85845, 0xb91b2f08, 0x1b000800, 0x00b8593e, 0xb8584500,
    0x1b2f0f00, 0x000f00b9, 0xb8593e1b, 0x58450000, 0x2f0700b8, 0x0700b91b, 0x593e1300, 0x450000b8, 0x0000b858, 0x00b91b2f, 0x3e130000, 0x0500ba59,
    0x07000800, 0xb8391211, 0x412f0500, 0x00cf0005, 0x00df0005, 0x5d020005, 0x2f000541, 0x3f000500, 0x02000500, 0x0a00b95d, 0xb8f40600, 0xb9100f00,
    0x06001200, 0x1600baf4, 0x0a000500, 0xb8391211, 0xb9100000, 0x06001b00, 0x0700b8f4, 0x1e00b910, 0x30f40c00, 0x012e2531, 0x1523012f, 0x15331123,
    0x013e3733, 0x2315013b, 0x07010e07, 0x1f011e15, 0x23153301, 0x2d14c701, 0x944c4a17, 0x15454c94, 0x353d2a35, 0x121b0e2d, 0x3b0c1d11, 0x0302865a,
    0xd186291d, 0x80c90d02, 0x54732227, 0x0505161a, 0x6b161404, 0x000000ff, 0x45000100, 0x79020000, 0x25000d02, 0x00bab900, 0x00260020, 0x39121127,
    0x0000b800, 0x00b85845, 0xb91b2f00, 0x1b000000, 0x00b8593e, 0xb8584500, 0x1b2f0b00, 0x000b00b9, 0xb8593e1b, 0x58450000, 0x2f2500b8, 0x2500b91b,
    0x593e1300, 0x450000b8, 0x1a00b858, 0x00b91b2f, 0x3e13001a, 0x2300ba59, 0x25000000, 0xb8391211, 0x412f2300, 0x00cf0005, 0x00df0023, 0x5d020023,
    0x2f000541, 0x3f002300, 0x02002300, 0x0200b95d, 0xb8f40600, 0xb8dc0400, 0xb8100200, 0xb8d00600, 0xb9100b00, 0x06000e00, 0x1200baf4, 0x02002300,
    0xb8391211, 0xb9101a00, 0x06001700, 0x2300b8f4, 0x1f00b810, 0x2300b8d0, 0x2100b810, 0x133130dc, 0x35331533, 0x37331533, 0x013b013e, 0x0e072315,
    0x1e150701, 0x33011f01, 0x26222315, 0x1523012f, 0x15233523, 0x29944523, 0x15371f5e, 0x353d2d36, 0x11180d28, 0x340b1a12, 0x362c4536, 0x5e1f3f14,
    0x0d029429, 0x747272c9, 0x5473282d, 0x0505161a, 0x6b171205, 0x82292673, 0x00d17272, 0x14000100, 0x77020000, 0x1f000d02, 0x00baa700, 0x0020001c,
    0x39121121, 0x0000b800, 0x00b85845, 0xb91b2f02, 0x1b000200, 0x00b8593e, 0xb8584500, 0x1b2f0900, 0x000900b9, 0xb8593e1b, 0x58450000, 0x2f1f00b8,
    0x1f00b91b, 0x593e1300, 0x450000b8, 0x1800b858, 0x00b91b2f, 0x3e130018, 0x0200b859, 0x0100b910, 0xbaf40600, 0x02001d00, 0x12111f00, 0x1d00b839,
    0x0005412f, 0x001d002f, 0x001d003f, 0x05415d02, 0x1d00cf00, 0x1d00df00, 0xb95d0200, 0x06000400, 0x0900b8f4, 0x0c00b910, 0xbaf40600, 0x1d001000,
    0x12110400, 0x1800b839, 0x1500b910, 0x30f40600, 0x35231331, 0x37331521, 0x013b013e, 0x0e072315, 0x1e150701, 0x33011f01, 0x26222315, 0x1523012f,
    0x017f9323, 0x15454c13, 0x353d2a35, 0x121b0e2d, 0x3b0c1d11, 0x342a4536, 0x944c4a17, 0xc9739a01, 0x73222780, 0x05161a54, 0x16140405, 0x2922736b,
    0x0000d186, 0x07000100, 0x29020000, 0x2500e402, 0x00baa300, 0x00260022, 0x39121127, 0x0000b800, 0x00b85845, 0xb91b2f0f, 0x1b000f00, 0x00b8593e,
    0xb8584500, 0x1b2f0400, 0x000400b9, 0xb8593e1f, 0x58450000, 0x2f1e00b8, 0x1e00b91b, 0x593e1300, 0x450000b8, 0x2500b858, 0x00b91b2f, 0x3e130025,
    0x0900ba59, 0x25000400, 0xb8391211, 0xb82f0900, 0xb8d00000, 0xb9100900, 0x03000600, 0x0300b8f4, 0x2300bad0, 0x1e000f00, 0xb8391211, 0xb92f2300,
    0x06000a00, 0x0f00b8f4, 0x1200b910, 0xbaf40600, 0x23001600, 0x12110a00, 0x1e00b839, 0x1b00b910, 0x30f40600, 0x35231331, 0x15333533, 0x15231533,
    0x013e3733, 0x2315013b, 0x07010e07, 0x1f011e15, 0x23153301, 0x012f2622, 0x45231523, 0x8c943e3e, 0x15454c8c, 0x353d2a35, 0x121b0e2d, 0x3b0c1d11,
    0x342a4536, 0x944c4a17, 0x69641702, 0x80d36469, 0x54732227, 0x0505161a, 0x6b161404, 0x86292273, 0x000000d1, 0x0f000200, 0x4603faff, 0x21000d02,
    0x87002b00, 0x001500ba, 0x112d002c, 0x00b83912, 0x00b81015, 0xb800d02b, 0x58450000, 0x2f0700b8, 0x0700b91b, 0x593e1b00, 0x450000b8, 0x2100b858,
    0x00b91b2f, 0x3e130021, 0x0000b859, 0x00b85845, 0xb91b2f15, 0x13001500, 0x00b8593e, 0x00b91021, 0xf4060000, 0x002a00ba, 0x11070015, 0x00b83912,
    0x05412f2a, 0x2a000000, 0x2a001000, 0xb95d0200, 0x06000900, 0x0700b8f4, 0x1700b910, 0xb8f40e00, 0xb9101500, 0x06002b00, 0x373130f4, 0x3d033e33,
    0x33152101, 0x15021e32, 0x23020e14, 0x15231121, 0x07020e14, 0x012b010e, 0x3d363225, 0x2b263401, 0x440f1501, 0x060b0f0a, 0x267f9501, 0x1c1c3142,
    0xfe264231, 0x140a73ed, 0x3f18101b, 0x62022d2f, 0x1d23231d, 0x280d735f, 0xa6365039, 0x442f189c, 0x2f452d2d, 0x3b9a0118, 0x334b6744, 0x6f141810,
    0x1d271d1f, 0x00009f1f, 0x45000100, 0x790274ff, 0x0f000d02, 0x00ba9300, 0x00100001, 0x39121111, 0x0000b800, 0x00b85845, 0xb91b2f06, 0x1b000600,
    0x00b8593e, 0xb8584500, 0x1b2f0a00, 0x000a00b9, 0xb8593e1b, 0x58450000, 0x2f0500b8, 0x0500b91b, 0x593e1300, 0x450000b8, 0x0100b858, 0x00b91b2f,
    0x3e130001, 0x0300ba59, 0x05000600, 0xb8391211, 0x412f0300, 0x00cf0005, 0x00df0003, 0x5d020003, 0x2f000541, 0x3f000300, 0x02000300, 0x0800b95d,
    0xb8f40600, 0xb9100100, 0x06000c00, 0x0100b8f4, 0x0f00b910, 0x30f40c00, 0x35232131, 0x11231523, 0x35331533, 0x15331133, 0x68f30123, 0xb29494b2,
    0xd1865a94, 0xc90d02d1, 0xff66fec9, 0x45000200, 0x4c030000, 0x16000d02, 0xb2002000, 0x001200ba, 0x11220021, 0x00b83912, 0x00b81012, 0xb800d020,
    0x58450000, 0x2f0000b8, 0x0000b91b, 0x593e1b00, 0x450000b8, 0x0400b858, 0x00b91b2f, 0x3e1b0004, 0x0000b859, 0x00b85845, 0xb91b2f16, 0x13001600,
    0x00b8593e, 0xb8584500, 0x1b2f1200, 0x001200b9, 0xba593e13, 0x16001400, 0x12110000, 0x1400b839, 0x0005412f, 0x0014002f, 0x0014003f, 0x05415d02,
    0x1400cf00, 0x1400df00, 0xb95d0200, 0x06000200, 0x1f00baf4, 0x04001200, 0xb8391211, 0x412f1f00, 0x00000005, 0x0010001f, 0x5d02001f, 0x000600b9,
    0x00b8f406, 0x00b91012, 0xf4060020, 0x33133130, 0x33353315, 0x1e323315, 0x0e141502, 0x35212302, 0x25231523, 0x013d3632, 0x012b2634, 0xab944515,
    0x42267f94, 0x311c1c31, 0xedfe2642, 0x320294ab, 0x1d23231d, 0xc90d025f, 0x2f189cc9, 0x452d2d44, 0xd1d1182f, 0x271d1f69, 0x009f1f1d, 0x45000100,
    0xe7020000, 0x0d000d02, 0x00ba8900, 0x000e0009, 0x3912110f, 0x0000b800, 0x00b85845, 0xb91b2f00, 0x1b000000, 0x00b8593e, 0xb8584500, 0x1b2f0400,
    0x000400b9, 0xb8593e1b, 0x58450000, 0x2f0d00b8, 0x0d00b91b, 0x593e1300, 0x450000b8, 0x0900b858, 0x00b91b2f, 0x3e130009, 0x0b00ba59, 0x00000d00,
    0xb8391211, 0x412f0b00, 0x00cf0005, 0x00df000b, 0x5d02000b, 0x2f000541, 0x3f000b00, 0x02000b00, 0x0200b95d, 0xb8f40600, 0xb9100400, 0x06000700,
    0x133130f4, 0x35331533, 0x11231521, 0x15233523, 0xab944523, 0x94cf6301, 0x0d0294ab, 0xfe73c9c9, 0x00d1d166, 0x2400ffff, 0x1002f4ff, 0x2602ef02,
    0x00001500, 0x97030600, 0x000000ee, 0x24000300, 0x1002f4ff, 0x13001902, 0x3a002700, 0x00ba6d00, 0x003b0000, 0x3912113c, 0xd01400b8, 0x100000b8,
    0xd03700b8, 0x0000b800, 0x00b85845, 0xb91b2f0a, 0x1b000a00, 0x00b8593e, 0xb8584500, 0x1b2f0000, 0x000000b9, 0xb9593e13, 0x06001400, 0x2a00baf4,
    0x00000a00, 0xb8391211, 0xb82f2a00, 0xb9dc3000, 0x07001b00, 0x2a00b8f4, 0x2100b910, 0xb8f40700, 0xb9100a00, 0x06003700, 0x053130f4, 0x35022e22,
    0x33023e34, 0x15021e32, 0x27020e14, 0x013d3632, 0x2223010e, 0x012e2726, 0x07062223, 0x27161415, 0x16323336, 0x33011e17, 0x35373632, 0x22232634,
    0x1a011506, 0x223f5b3a, 0x3a5b3f22, 0x223f5b3a, 0x3a5b3f22, 0x18083630, 0x111c110d, 0x0d0d190e, 0x36360b15, 0x1c111c11, 0x0d190e11, 0x360b150d,
    0x0c363030, 0x3f664826, 0x2647663f, 0x3f664726, 0x2648663f, 0x0936386b, 0x08070806, 0x08070707, 0xd636360b, 0x0708070e, 0x0b080707, 0x36383836,
    0x24000300, 0x1002f4ff, 0x13001902, 0x25001c00, 0x00ba5f00, 0x00260000, 0x39121127, 0xd01400b8, 0x100000b8, 0xd02200b8, 0x0000b800, 0x00b85845,
    0xb91b2f0a, 0x1b000a00, 0x00b8593e, 0xb8584500, 0x1b2f0000, 0x000000b9, 0xb9593e13, 0x06001400, 0x1d00baf4, 0x14000a00, 0xb8391211, 0xb92f1d00,
    0x07001900, 0x0a00b8f4, 0x2200b910, 0x30f40600, 0x2e220531, 0x3e343502, 0x1e323302, 0x0e141502, 0x36322702, 0x1523013d, 0x33271614, 0x23263435,
    0x01150622, 0x3f5b3a1a, 0x5b3f2222, 0x3f5b3a3a, 0x5b3f2222, 0xcc36303a, 0x36cc3636, 0x0c363030, 0x3f664826, 0x2647663f, 0x3f664726, 0x2648663f,
    0x0a36386b, 0xda38360a, 0x38383607, 0x00000036, 0x45000100, 0x6a0274ff, 0x0b000d02, 0x00ba5a00, 0x000c0007, 0x3912110d, 0x0000b800, 0x00b85845,
    0xb91b2f00, 0x1b000000, 0x00b8593e, 0xb8584500, 0x1b2f0b00, 0x000b00b9, 0xb8593e13, 0x58450000, 0x2f0700b8, 0x0700b91b, 0x593e1300, 0x000200b9,
    0x00b8f406, 0x00b91007, 0xf40c0005, 0x100000b8, 0x000900b9, 0x3130f406, 0x33112113, 0x23352315, 0x23112311, 0x5acb0145, 0x94a36886, 0x66fe0d02,
    0x9a018cff, 0x000066fe, 0x45000100, 0x2d0338ff, 0x20000d02, 0x00ba7500, 0x0021000d, 0x39121122, 0x0000b800, 0x00b85845, 0xb91b2f12, 0x1b001200,
    0x00b8593e, 0xb8584500, 0x1b2f1100, 0x001100b9, 0xb8593e13, 0x58450000, 0x2f0d00b8, 0x0d00b91b, 0x593e1300, 0x450000b8, 0x2000b858, 0x00b91b2f,
    0x3e150020, 0x0100b959, 0xbaf40600, 0x12001800, 0x12110d00, 0x1800b839, 0x0800b92f, 0xb8f40600, 0xb9101200, 0x06000f00, 0x053130f4, 0x3d013e33,
    0x23263401, 0x15070622, 0x11231123, 0x11211123, 0x33013e33, 0x011d1632, 0x012b0614, 0x0c542e02, 0x2628220b, 0x93940227, 0x05bb0194, 0x56313b12,
    0x46615854, 0x29290e55, 0x1c24325f, 0x9a018f15, 0x0d0266fe, 0x2520e6fe, 0x6872695e, 0x0000005f, 0x24000100, 0xee0174ff, 0x1f001902, 0x00ba5e00,
    0x00200016, 0x39121121, 0x0000b800, 0x00b85845, 0xb91b2f08, 0x1b000800, 0x00b8593e, 0xb8584500, 0x1b2f0000, 0x000000b9, 0xb8593e13, 0xb9100800,
    0x06000f00, 0x0000b8f4, 0x1600b910, 0xb8f40600, 0xb8100000, 0xb8d01d00, 0xb9100000, 0x0c001f00, 0x000341f4, 0x001f0020, 0x31305d01, 0x35012e17,
    0x33023e34, 0x07171632, 0x2223012e, 0x14011d06, 0x36323316, 0x010e1737, 0xd6231507, 0x3e205a58, 0x6b503b5c, 0x2c077817, 0x2e2e2d27, 0x0b2b2c2d,
    0x334b1473, 0x8c140586, 0x48653f6c, 0x34414826, 0x323b2a1e, 0x2f3b3262, 0x433a3220, 0x0000880c, 0x14000100, 0xd80174ff, 0x0b000d02, 0x00ba5100,
    0x000c000a, 0x3912110d, 0x0000b800, 0x00b85845, 0xb91b2f02, 0x1b000200, 0x00b8593e, 0xb8584500, 0x1b2f0b00, 0x000b00b9, 0xb8593e13, 0xb9100200,
    0x06000000, 0x0500b8f4, 0x0b00b8d0, 0x0600b910, 0xb8f40600, 0xb9100b00, 0x0c000900, 0x133130f4, 0x15213523, 0x15331123, 0xac233523, 0x98c40198,
    0x0168865a, 0xfe73739a, 0x008cffd9, 0x14000100, 0xcc0274ff, 0x0f000d02, 0x00ba6600, 0x00100006, 0x39121111, 0x0000b800, 0x00b85845, 0xb91b2f04,
    0x1b000400, 0x00b8593e, 0xb8584500, 0x1b2f0a00, 0x000a00b9, 0xb8593e1b, 0x58450000, 0x2f0100b8, 0x0100b91b, 0x593e1300, 0x100400b8, 0x000200b9,
    0x00b8f406, 0x00b8d007, 0x00b91001, 0xf4060008, 0xd00c00b8, 0x100100b8, 0x000f00b9, 0x3130f40c, 0x23110129, 0x23152135, 0x33113311, 0x23153311,
    0x4dfe4602, 0x7f92017f, 0x865a94b7, 0x73739a01, 0x9a01d9fe, 0x00ff66fe, 0x0600ffff, 0x100238ff, 0x2602d702, 0x00001f00, 0x95030600, 0x000000e4,
    0x0600ffff, 0x100238ff, 0x2602ef02, 0x00001f00, 0x97030600, 0x000000e4, 0x0600ffff, 0x100238ff, 0x26022c03, 0x00001f00, 0x98030600, 0x000000e4,
    0x0600ffff, 0x100238ff, 0x26021103, 0x00001f00, 0x9e030600, 0x000000e4, 0x09000100, 0x110238ff, 0x0b000d02, 0x00ba5d00, 0x000c0004, 0x3912110d,
    0x0000b800, 0x00b85845, 0xb91b2f01, 0x1b000100, 0x00b8593e, 0xb8584500, 0x1b2f0700, 0x000700b9, 0xb8593e1b, 0x58450000, 0x2f0b00b8, 0x0b00b91b,
    0x593e1500, 0x450000b8, 0x0000b858, 0x00b91b2f, 0x3e130000, 0x0400b859, 0x0000b8d0, 0x0900b810, 0x333130d0, 0x011f3303, 0x33013f33, 0xc3231503,
    0x2d4592ba, 0x8c422e08, 0x0d0294ba, 0xd4a8a8d4, 0x00c8f3fd, 0x09000100, 0x110238ff, 0x11000d02, 0x00ba7300, 0x00120007, 0x39121113, 0x0000b800,
    0x00b85845, 0xb91b2f04, 0x1b000400, 0x00b8593e, 0xb8584500, 0x1b2f0a00, 0x000a00b9, 0xb8593e1b, 0x58450000, 0x2f0300b8, 0x0300b91b, 0x593e1300,
    0x450000b8, 0x1100b858, 0x00b91b2f, 0x3e150011, 0x0300b859, 0x0000b910, 0xb8f40600, 0xb8100300, 0xb8d00700, 0xb8100300, 0xb8d00c00, 0xb8100000,
    0x30d00f00, 0x35231731, 0x1f330333, 0x013f3301, 0x15330333, 0xc3231523, 0x92ba7878, 0x2e082d45, 0x78ba8c42, 0x62629478, 0xa8d40d02, 0xf3fdd4a8,
    0x00006662, 0x12000100, 0x350274ff, 0x11000d02, 0x00ba7500, 0x00120009, 0x39121113, 0x0000b800, 0x00b85845, 0xb91b2f07, 0x1b000700, 0x00b8593e,
    0xb8584500, 0x1b2f0b00, 0x000b00b9, 0xb8593e1b, 0x58450000, 0x2f0500b8, 0x0500b91b, 0x593e1300, 0x450000b8, 0x0100b858, 0x00b91b2f, 0x3e130001,
    0x0300ba59, 0x01000b00, 0xba391211, 0x07000900, 0x12110500, 0x0e00b939, 0xb8f40600, 0xb9100100, 0x0c001100, 0x213130f4, 0x07232723, 0x33031323,
    0x33373317, 0x15331703, 0x39af0123, 0x9a610465, 0x62a8abad, 0xae9c5f04, 0xab866462, 0x010b01ab, 0xfea5a502, 0x00ff93f9, 0x3200ffff, 0xfd010000,
    0x2602ef02, 0x00009802, 0x97030600, 0x000000ed, 0x32000100, 0x570274ff, 0x18000d02, 0x00ba7b00, 0x0019000f, 0x3912111a, 0x0000b800, 0x00b85845,
    0xb91b2f0a, 0x1b000a00, 0x00b8593e, 0xb8584500, 0x1b2f1300, 0x001300b9, 0xb8593e1b, 0x58450000, 0x2f0100b8, 0x0100b91b, 0x593e1300, 0x000f00ba,
    0x1101000a, 0x00b83912, 0x03412f0f, 0x0f005000, 0xb95d0100, 0x06000600, 0x0300baf4, 0x0f000600, 0xb8391211, 0xb9100100, 0x06001500, 0x0100b8f4,
    0x1800b910, 0x30f40c00, 0x35232131, 0x23010e23, 0x013d2622, 0x16141533, 0x3d363233, 0x33113301, 0xd1012315, 0x43120568, 0x94515933, 0x2a2a2a25,
    0xdf865a94, 0x5f5c2520, 0x2327b1b8, 0xfec6171e, 0x0000ff66, 0x32000100, 0x11020000, 0x1a000d02, 0x00ba8300, 0x001b0005, 0x3912111c, 0x0000b800,
    0x00b85845, 0xb91b2f0b, 0x1b000b00, 0x00b8593e, 0xb8584500, 0x1b2f1700, 0x001700b9, 0xb8593e1b, 0x58450000, 0x2f1a00b8, 0x1a00b91b, 0x593e1300,
    0x001000ba, 0x111a000b, 0x00b83912, 0x03412f10, 0x10005000, 0xb95d0100, 0x06000700, 0x0000baf4, 0x07001000, 0xb8391211, 0xb8d00400, 0xb8100700,
    0xb8dc0600, 0xb8101000, 0xb8dc1100, 0xb8101000, 0x30d01300, 0x0e232531, 0x23150701, 0x3d262235, 0x14153301, 0x33351716, 0x3d013e15, 0x23113301,
    0x07057d01, 0x655e0c15, 0x1616945b, 0x941b125e, 0x160bce94, 0x5c515c08, 0x1fb1b85f, 0x89890620, 0xcb111802, 0x0000f3fd, 0x4500ffff, 0xe4020000,
    0x2602ef02, 0x00009f02, 0x97030600, 0x00000068, 0xfbff0200, 0x18020000, 0x1600c502, 0x80002000, 0x001700ba, 0x11220021, 0x00b83912, 0x00b81017,
    0xb800d00a, 0x58450000, 0x2f0400b8, 0x0400b91b, 0x593e1d00, 0x450000b8, 0x0300b858, 0x00b91b2f, 0x3e1b0003, 0x0000b859, 0x00b85845, 0xb91b2f16,
    0x13001600, 0x00b8593e, 0x00b91003, 0xf4060000, 0x100300b8, 0xd00600b8, 0x100000b8, 0xd00900b8, 0x000a00ba, 0x11160000, 0x00b83912, 0x00b92f0a,
    0xf406001f, 0x101600b8, 0x002000b9, 0x3130f406, 0x33352313, 0x33153335, 0x33152315, 0x15021e32, 0x23020e14, 0x36323721, 0x2634013d, 0x4515012b,
    0x8c944a4a, 0x42268a8c, 0x311c1c31, 0xe2fe2642, 0x23231dfe, 0x9a016a1d, 0x73b8b873, 0x412c163d, 0x2c422b2b, 0x1d1f6916, 0x8b1f1d13, 0x1a00ffff,
    0xd801f4ff, 0x06021902, 0x00001900, 0x45000100, 0x110274ff, 0x0b000d02, 0x00ba5800, 0x000c0000, 0x3912110d, 0x0000b800, 0x00b85845, 0xb91b2f02,
    0x1b000200, 0x00b8593e, 0xb8584500, 0x1b2f0600, 0x000600b9, 0xb8593e1b, 0x58450000, 0x2f0100b8, 0x0100b91b, 0x593e1300, 0x000400b9, 0x00b8f406,
    0x00b81001, 0x00b8d009, 0x00b91001, 0xf40c000b, 0x23333130, 0x33113311, 0x23113311, 0xa3e82315, 0xa394a494, 0xfe0d0286, 0xfd9a0166, 0x00008cf3,
    0x3900ffff, 0xe5000000, 0x0602ed02, 0x00000f00, 0xd2ffffff, 0x4e010000, 0x2602ef02, 0x00001b01, 0x97030700, 0x000064ff, 0xf7ffffff, 0xe50038ff,
    0x0602ed02, 0x00001000, 0x07000100, 0x150238ff, 0x2300e402, 0x00baa700, 0x00240000, 0x39121125, 0x0000b800, 0x00b85845, 0xb91b2f11, 0x1f001100,
    0x00b8593e, 0xb8584500, 0x1b2f1b00, 0x001b00b9, 0xb8593e1b, 0x58450000, 0x2f0c00b8, 0x0c00b91b, 0x593e1300, 0x450000b8, 0x2300b858, 0x00b91b2f,
    0x3e150023, 0x0000b959, 0x41f40600, 0x00000007, 0x0010001b, 0x0020001b, 0x5d03001b, 0x101b00b8, 0x000500b9, 0x00b8f406, 0x00b8101b, 0x0741dc0e,
    0x0e007f00, 0x0e008f00, 0x0e009f00, 0xb95d0300, 0x07000f00, 0x1300b8f4, 0x0e00b8d0, 0x1600b810, 0x1800bad0, 0x1b000500, 0x30391211, 0x11330531,
    0x22232634, 0x1115020e, 0x35231123, 0x15333533, 0x15231533, 0x33013e33, 0x11151632, 0x012b0614, 0x204e3301, 0x1b221229, 0x3e3e9410, 0x068c8c94,
    0x513e460e, 0x4e4e4653, 0x33920155, 0x1d140931, 0x02acfe13, 0x3232644e, 0x3c299a64, 0x7ffe646c, 0x00004a46, 0x0700ffff, 0x15020000, 0x0602e402,
    0x00001901, 0x4500ffff, 0x15020000, 0x0602e402, 0x00000e00, 0x2400ffff, 0x0e02f4ff, 0x06021902, 0x00001001, 0x15000200, 0xa402f4ff, 0x1e001902,
    0x74002700, 0x001500ba, 0x11290028, 0x00b83912, 0x00b81015, 0xb800d023, 0x58450000, 0x2f0d00b8, 0x0d00b91b, 0x593e1b00, 0x450000b8, 0x0000b858,
    0x00b91b2f, 0x3e130000, 0x1800b959, 0xbaf40600, 0x0d002300, 0x12111800, 0x2300b839, 0x0005412f, 0x0023002f, 0x0023003f, 0x00b95d02, 0xf4070014,
    0xd00300b8, 0x102300b8, 0xd00a00b8, 0x100d00b8, 0x001f00b9, 0x3130f406, 0x27262205, 0x013d2223, 0x3e331533, 0x1e323301, 0x21011d02, 0x33161415,
    0x17373632, 0x2203010e, 0x33011d06, 0x01263435, 0x0a8070b6, 0x36725156, 0x416b7c0c, 0xfe1b3b5d, 0x2e3c38af, 0x234a193a, 0x332d4b71, 0x800c2bb8,
    0x6a5e636d, 0x4a2c7869, 0x082c3561, 0x1a253d34, 0x012e295c, 0x08313bb8, 0x003b3009, 0x15000200, 0xa40274ff, 0x21001902, 0x86002a00, 0x001700ba,
    0x112c002b, 0x00b83912, 0x00b81017, 0xb800d026, 0x58450000, 0x2f0f00b8, 0x0f00b91b, 0x593e1b00, 0x450000b8, 0x2100b858, 0x00b91b2f, 0x3e130021,
    0x0100b959, 0xb8f40c00, 0xb8102100, 0xb8d00200, 0xb9102100, 0x06001a00, 0x2600baf4, 0x1a000f00, 0xb8391211, 0x412f2600, 0x002f0005, 0x003f0026,
    0x5d020026, 0x001600b9, 0x00b8f407, 0x00b8d005, 0x00b81026, 0x00b8d00c, 0x00b9100f, 0xf4060022, 0x23053130, 0x27012e35, 0x013d2223, 0x3e331533,
    0x1e323301, 0x21011d02, 0x33161415, 0x17373632, 0x0307010e, 0x011d0622, 0x26343533, 0x5386fc01, 0x5156085f, 0x7c0c3672, 0x3b5d416b, 0x38affe1b,
    0x193a2e3c, 0x304c1a4a, 0xb8332d49, 0x11868c2b, 0x5e635d79, 0x2c78696a, 0x2c35614a, 0x253d3408, 0x2a1e5c1a, 0x3bb20109, 0x30090831, 0x0000003b,
    0x24000200, 0xc502d4ff, 0x31001902, 0x8f003d00, 0x002200ba, 0x113f003e, 0x00b83912, 0x00b81022, 0xb800d032, 0x58450000, 0x2f1100b8, 0x1100b91b,
    0x593e1b00, 0x450000b8, 0x0700b858, 0x00b91b2f, 0x3e130007, 0x0100b859, 0x0700b8dc, 0x1f00b910, 0xbaf40600, 0x07000400, 0x12111f00, 0x00b87c39,
    0xb8182f04, 0xb9101100, 0x06001800, 0x1100b8f4, 0x2700b810, 0x3500badc, 0x27001f00, 0xba391211, 0x04002d00, 0x12113500, 0x0100b839, 0x3000b910,
    0xb8f40600, 0xb9102700, 0x06003b00, 0x053130f4, 0x27262223, 0x2223010e, 0x3435022e, 0x3233023e, 0x26071716, 0x06222322, 0x1614011d, 0x37013a33,
    0x36343526, 0x15163233, 0x1e070614, 0x25013b01, 0x3e171614, 0x34013d01, 0x02152223, 0x65392dc5, 0x26441730, 0x2c4f6b3f, 0x395b3f22, 0x0c081008,
    0x2e050905, 0x07415333, 0x6b4a050c, 0x336b5f5f, 0x182a0e34, 0x1ae6fe2d, 0x3a1d201d, 0x1a192c3a, 0x47250b08, 0x633c456a, 0x01012645, 0x3237016f,
    0x02474163, 0x77657642, 0x5f3f6577, 0xa9040323, 0x171a341f, 0x4c3f2036, 0x0000004c, 0x09000100, 0x19020000, 0x10000d02, 0x00ba5000, 0x00110005,
    0x39121112, 0x0000b800, 0x00b85845, 0xb91b2f01, 0x1b000100, 0x00b8593e, 0xb8584500, 0x1b2f0c00, 0x000c00b9, 0xb8593e1b, 0x58450000, 0x2f0000b8,
    0x0000b91b, 0x593e1300, 0x000400b9, 0x00b8f406, 0x00b9100c, 0xf406000f, 0x03333130, 0x33011f33, 0x033e013f, 0x2315013b, 0x92acb503, 0x26082f41,
    0x1f16091b, 0x3f3f1d2b, 0xd40d0275, 0x1e68bdbe, 0x730b1a2a, 0x000066fe, 0x1400ffff, 0x99020000, 0x26029003, 0x00002100, 0xcb030600, 0x00000027,
    0x1400ffff, 0x99020000, 0x2602b203, 0x00002100, 0xd2030600, 0x00000027, 0xffffffff, 0x91030000, 0x0602ba02, 0x00009e01, 0x4d00ffff, 0xe7010000,
    0x2602d103, 0x0000aa02, 0xcd030600, 0x000000ef, 0x4d000100, 0xe7010000, 0x07005003, 0x00ba4100, 0x00080006, 0x39121109, 0x0000b800, 0x00b85845,
    0xb91b2f00, 0x1d000000, 0x00b8593e, 0xb8584500, 0x1b2f0700, 0x000700b9, 0xb8593e13, 0xb8100000, 0xb8dc0200, 0xb9100000, 0x06000500, 0x133130f4,
    0x11333521, 0x4d231121, 0xfe8f0b01, 0xba0298fe, 0xfde3fe96, 0x000000cd, 0x4d000100, 0xe7016aff, 0x0900ba02, 0x00ba4d00, 0x000a0004, 0x3912110b,
    0x0000b800, 0x00b85845, 0xb91b2f00, 0x1d000000, 0x00b8593e, 0xb8584500, 0x1b2f0900, 0x000900b9, 0xb8593e13, 0xb9100000, 0x0e000300, 0x0900b8f4,
    0x0400b910, 0xb8f40e00, 0xb9100900, 0x0f000700, 0x133130f4, 0x11211521, 0x35231133, 0x9a014d23, 0x8f71fefe, 0x87ba027a, 0xe3fe54fe, 0x00000096,
    0x16000100, 0x06020000, 0x0d00ba02, 0x00ba8d00, 0x000e000c, 0x3912110f, 0x0000b800, 0x00b85845, 0xb91b2f04, 0x1d000400, 0x00b8593e, 0xb8584500,
    0x1b2f0d00, 0x000d00b9, 0xba593e13, 0x04000100, 0x12110d00, 0x0100b839, 0x0007412f, 0x0001009f, 0x000100af, 0x000100bf, 0x03415d03, 0x0100df00,
    0x415d0100, 0x002f0005, 0x003f0001, 0x5d020001, 0x0f000341, 0x01000100, 0x0200b95d, 0xb8f40e00, 0xb9100400, 0x0e000700, 0x0200b8f4, 0x0800b810,
    0x0100b8d0, 0x0b00b810, 0x133130d0, 0x11333523, 0x15211521, 0x11231533, 0x56566c23, 0xfefe9a01, 0x0198acac, 0x2e01721a, 0xfe72a787, 0x000000e6,
    0x4d000100, 0x660248ff, 0x1e00ba02, 0x00ba7700, 0x001f0000, 0x39121120, 0x1e00b800, 0x0000b82f, 0x00b85845, 0xb91b2f0d, 0x1d000d00, 0x00b8593e,
    0xb8584500, 0x1b2f0c00, 0x000c00b9, 0xb8593e13, 0xb9101e00, 0x0e000000, 0x0d00b8f4, 0x1000b910, 0xbaf40e00, 0x0c001500, 0x12111000, 0x1500b839,
    0x0003412f, 0x001500bf, 0x03415d01, 0x15004000, 0xb95d0100, 0x0e000700, 0x1100baf4, 0x07001500, 0x30391211, 0x3e330531, 0x34013d01, 0x07062223,
    0x21112315, 0x33152115, 0x3233013e, 0x0e141511, 0x01012b02, 0x13116743, 0x16392872, 0xfe9a0198, 0x3e1805fe, 0x3e22fc2a, 0x2b343659, 0x402c3e12,
    0xf6090977, 0xbe87ba02, 0xfffe0c0b, 0x40614241, 0x0000001f, 0x4d00ffff, 0x28020000, 0x2602d103, 0x00002500, 0xce030600, 0x0000000f, 0x4d00ffff,
    0x28020000, 0x26029003, 0x00002500, 0xcb030600, 0x0000000f, 0x4d00ffff, 0x28020000, 0x2602b203, 0x00002500, 0xd2030600, 0x0000000f, 0x32000100,
    0x8102f4ff, 0x2100c602, 0x00ba5700, 0x00220000, 0x39121123, 0x0000b800, 0x00b85845, 0xb91b2f06, 0x1d000600, 0x00b8593e, 0xb8584500, 0x1b2f0000,
    0x000000b9, 0xb8593e13, 0xb9100600, 0x0e001100, 0x0000b8f4, 0x1b00b910, 0xbaf40e00, 0x1b001400, 0x12110600, 0x1400b839, 0x1700b92f, 0x30f40e00,
    0x26220531, 0x33363435, 0x17021e32, 0x23032e07, 0x33070622, 0x1e152315, 0x36323301, 0x010e1737, 0xa9967101, 0x513296a9, 0x7f163440, 0x2d211709,
    0x05504920, 0x5103e7e7, 0x1144404a, 0x0c81267b, 0xbdb1b1b3, 0x263b2714, 0x19221548, 0x864b500d, 0x38514e04, 0x544b4c2c, 0x2800ffff, 0xc6030000,
    0x26029003, 0x0000ae02, 0xcb030700, 0x0000cb00, 0x2800ffff, 0xc6030000, 0x2602b203, 0x0000ae02, 0xd2030700, 0x0000cb00, 0x28000100, 0xf9036aff,
    0x3600ba02, 0x00ba1d01, 0x00370006, 0x39121138, 0x0000b800, 0x00b85845, 0xb91b2f1a, 0x1d001a00, 0x00b8593e, 0xb8584500, 0x1b2f2800, 0x002800b9,
    0xb8593e1d, 0x58450000, 0x2f2100b8, 0x2100b91b, 0x593e1d00, 0x450000b8, 0x0e00b858, 0x00b91b2f, 0x3e13000e, 0x0000b859, 0x00b85845, 0xb91b2f00,
    0x13000000, 0x00b8593e, 0xb8584500, 0x1b2f0700, 0x000700b9, 0xba593e13, 0x1a000900, 0x12110e00, 0x0900b839, 0x0003412f, 0x0009005f, 0x05415d01,
    0x09003f00, 0x09004f00, 0x41710200, 0x009f0005, 0x00af0009, 0x5d020009, 0xcf000341, 0x01000900, 0x0005415d, 0x0009002f, 0x0009003f, 0x03415d02,
    0x09000f00, 0xb85d0100, 0xb8d00500, 0xb9100e00, 0x0e000f00, 0x0900b8f4, 0x1f00b910, 0xbaf40e00, 0x1f001400, 0x12110900, 0x1a00b839, 0x1900b910,
    0xb8f40e00, 0xb8101f00, 0xb8d02300, 0xb9102800, 0x0e002b00, 0x2f00baf4, 0x09001f00, 0xb8391211, 0xb9100000, 0x0e003300, 0x0e00b8f4, 0x3600b810,
    0x213130dc, 0x012f012e, 0x11231123, 0x010e0723, 0x3335012b, 0x35373637, 0x012f012e, 0x32333523, 0x33011f16, 0x33113311, 0x3b013e37, 0x07231501,
    0x1507010e, 0x33011f16, 0x6a032311, 0x5e173621, 0x5e5b985b, 0x502a3917, 0x33184d3e, 0x410f2218, 0x3b2d3f3e, 0x985b5e15, 0x3b155e5b, 0x403e3e2d,
    0x3318220f, 0x8f714d18, 0xc7322302, 0x1e01e2fe, 0x872532c7, 0x060734a3, 0x861e1d07, 0xc22c2887, 0xeafe1601, 0x87282cc2, 0x071d1e86, 0xa3340706,
    0x0000e3fe, 0x1c000200, 0xdc030000, 0x1700ba02, 0x9f001d00, 0x001300ba, 0x111f001e, 0x00b83912, 0x00b81013, 0xb800d01d, 0x58450000, 0x2f0600b8,
    0x0600b91b, 0x593e1d00, 0x450000b8, 0x1700b858, 0x00b91b2f, 0x3e130017, 0x0000b859, 0x00b85845, 0xb91b2f13, 0x13001300, 0x00b8593e, 0xb8584500,
    0x1b2f0f00, 0x000f00b9, 0xba593e13, 0x06001d00, 0x12111700, 0x1d00b839, 0x1500b92f, 0xbaf40e00, 0x1d000300, 0x12111500, 0x0600b839, 0x1b00b910,
    0xb8f40e00, 0xb8d00500, 0xb8101b00, 0xbad00800, 0x15000a00, 0x12111d00, 0x1500b839, 0x1100b810, 0x133130d0, 0x3537013e, 0x15213527, 0x011e1507,
    0x03231317, 0x11231123, 0x01230323, 0x15213537, 0x2510b417, 0x3d03a318, 0x102518a4, 0x5e94a298, 0xa2945e98, 0xfe7e5a02, 0x12017d12, 0x06051d1d,
    0xdc8787dc, 0x1d1d0506, 0x0a01eefe, 0x0a01f6fe, 0x8801f6fe, 0xa70505a7, 0x1d00ffff, 0x3802f4ff, 0x26029003, 0x0000b002, 0xcb030600, 0x000000f7,
    0x1d000100, 0x38026aff, 0x3100c602, 0x00ba8100, 0x00320010, 0x39121133, 0x0000b800, 0x00b85845, 0xb91b2f1c, 0x1d001c00, 0x00b8593e, 0xb8584500,
    0x1b2f0000, 0x000000b9, 0xba593e13, 0x00000200, 0x12110300, 0x0600b939, 0xbaf40e00, 0x1c000f00, 0x12110600, 0x0f00b839, 0x0e00b92f, 0xb8f40e00,
    0xb9101c00, 0x0e001500, 0x1900baf4, 0x18001c00, 0xba391211, 0x0f002600, 0x12110e00, 0x0000b839, 0x2f00b810, 0x0000b8d0, 0x3100b810, 0x173130dc,
    0x1e372726, 0x36323301, 0x2634013d, 0x3335012b, 0x34013d32, 0x07062223, 0x33013e27, 0x15021e32, 0x07020e14, 0x15031e15, 0x15070614, 0x4c6dd623,
    0x2f4d2064, 0x33303e3c, 0x695d7379, 0x5c1b502a, 0x3e487d2c, 0x17254562, 0x1e1e3527, 0x701b2b39, 0x12068f63, 0x2421654f, 0x2808262a, 0x054d8623,
    0x601e2149, 0x331b3630, 0x35242d48, 0x06031424, 0x38261402, 0x10715426, 0x00000090, 0x1d000100, 0x3802f4ff, 0x2200ba02, 0x00ba5700, 0x00230000,
    0x39121124, 0x0000b800, 0x00b85845, 0xb91b2f15, 0x1d001500, 0x00b8593e, 0xb8584500, 0x1b2f0000, 0x000000b9, 0xb9593e13, 0x0e000700, 0x1900baf4,
    0x00001500, 0xb8391211, 0xb92f1900, 0x06000e00, 0x1500b8f4, 0x1300b910, 0xb8f40e00, 0x30d01700, 0x26220531, 0x011e3727, 0x3d363233, 0x2b263401,
    0x35373501, 0x21352307, 0x32150715, 0x1415021e, 0x1d01020e, 0x6433804d, 0x3c2f4d20, 0x9033303e, 0x01b95dc1, 0x4e2bb5ca, 0x49262239, 0x35320c69,
    0x2a242165, 0x23280826, 0x0b069c7e, 0x04978787, 0x324a3018, 0x203b5233, 0x3200ffff, 0x7e010000, 0x0602ba02, 0x00002900, 0x4d00ffff, 0x87020000,
    0x26029003, 0x0000b102, 0xcb030600, 0x00000040, 0x4d00ffff, 0x87020000, 0x2602d103, 0x0000b102, 0xce030600, 0x00000040, 0x4d00ffff, 0x87020000,
    0x26027803, 0x0000b102, 0xc9030600, 0x00000040, 0x4d00ffff, 0x7b020000, 0x2602d103, 0x0000b302, 0xcd030600, 0x00000036, 0x4d000100, 0xae026aff,
    0x1e00ba02, 0x00bacd00, 0x001f0004, 0x39121120, 0x0000b800, 0x00b85845, 0xb91b2f08, 0x1d000800, 0x00b8593e, 0xb8584500, 0x1b2f0f00, 0x000f00b9,
    0xb8593e1d, 0x58450000, 0x2f0700b8, 0x0700b91b, 0x593e1300, 0x450000b8, 0x0000b858, 0x00b91b2f, 0x3e130000, 0x0500ba59, 0x07000800, 0xb8391211,
    0x412f0500, 0x005f0003, 0x5d010005, 0xcf000341, 0x01000500, 0x0005415d, 0x0005003f, 0x0005004f, 0x05417102, 0x05009f00, 0x0500af00, 0x415d0200,
    0x002f0005, 0x003f0005, 0x5d020005, 0x0f000341, 0x01000500, 0x0a00b95d, 0xb8f40e00, 0xb9100f00, 0x0e001200, 0x1600baf4, 0x0a000500, 0xb8391211,
    0xb9100000, 0x0e001b00, 0x0700b8f4, 0x1e00b810, 0x213130dc, 0x012f012e, 0x11231123, 0x37331133, 0x013b013e, 0x0e072315, 0x1e150701, 0x33011f01,
    0x1f022311, 0x6819351f, 0x65989865, 0x2d3a1668, 0x0e483e3e, 0x251a1823, 0x8f71520e, 0xc9312202, 0xba02e2fe, 0x2bc3eafe, 0x1b888728, 0x0506081d,
    0xfe9f1d1d, 0x000000e3, 0x4d000100, 0xcb020000, 0x2500ba02, 0x00bae100, 0x00260020, 0x39121127, 0x0000b800, 0x00b85845, 0xb91b2f00, 0x1d000000,
    0x00b8593e, 0xb8584500, 0x1b2f0b00, 0x000b00b9, 0xb8593e1d, 0x58450000, 0x2f2500b8, 0x2500b91b, 0x593e1300, 0x450000b8, 0x1a00b858, 0x00b91b2f,
    0x3e13001a, 0x2300ba59, 0x25000000, 0xb8391211, 0x412f2300, 0x005f0003, 0x5d010023, 0x3f000541, 0x4f002300, 0x02002300, 0x00054171, 0x0023009f,
    0x002300af, 0x03415d02, 0x2300cf00, 0x415d0100, 0x002f0005, 0x003f0023, 0x5d020023, 0x0f000341, 0x01002300, 0x0200b95d, 0xb8f40e00, 0xb8dc0400,
    0xb8100200, 0xb8d00600, 0xb9100b00, 0x0e000e00, 0x1200baf4, 0x23000200, 0xb8391211, 0xb9101a00, 0x0e001700, 0x2300b8f4, 0x1f00b810, 0x2300b8d0,
    0x2100b810, 0x133130dc, 0x35331133, 0x37331533, 0x013b013e, 0x0e072315, 0x1e150701, 0x33011f01, 0x26222315, 0x1523012f, 0x11233523, 0x2a984d23,
    0x175e2372, 0x3e3e2d39, 0x1a220c3f, 0x480e251a, 0x392a4f3e, 0x72235e17, 0xba02982a, 0x8585eafe, 0x87292ac3, 0x09211a84, 0x1e1f0606, 0x3223879b,
    0xfe8585c9, 0x000000e2, 0x16000100, 0xdb020000, 0x1f00ba02, 0x00bacf00, 0x0020001c, 0x39121121, 0x0000b800, 0x00b85845, 0xb91b2f02, 0x1d000200,
    0x00b8593e, 0xb8584500, 0x1b2f0900, 0x000900b9, 0xb8593e1d, 0x58450000, 0x2f1f00b8, 0x1f00b91b, 0x593e1300, 0x450000b8, 0x1800b858, 0x00b91b2f,
    0x3e130018, 0x0200b859, 0x0100b910, 0xbaf40e00, 0x02001d00, 0x12111f00, 0x1d00b839, 0x0003412f, 0x001d005f, 0x03415d01, 0x1d00cf00, 0x415d0100,
    0x003f0005, 0x004f001d, 0x7102001d, 0x9f000541, 0xaf001d00, 0x02001d00, 0x0005415d, 0x001d002f, 0x001d003f, 0x03415d02, 0x1d000f00, 0xb95d0100,
    0x0e000400, 0x0900b8f4, 0x0c00b910, 0xbaf40e00, 0x1d001000, 0x12110400, 0x1800b839, 0x1500b910, 0x30f40e00, 0x35231331, 0x37331121, 0x013b013e,
    0x0e072315, 0x1e150701, 0x33011f01, 0x26222315, 0x1123012f, 0x0197ad23, 0x1668652f, 0x3e3e2d3a, 0x18230e48, 0x520e251a, 0x372a4f3e, 0x98656819,
    0xfe873302, 0x282bc3ea, 0x1d1b8887, 0x1d050608, 0x24879f1d, 0xe2fec931, 0x0e000100, 0x9c020000, 0x2500ba02, 0x00baa700, 0x00260022, 0x39121127,
    0x0000b800, 0x00b85845, 0xb91b2f04, 0x1d000400, 0x00b8593e, 0xb8584500, 0x1b2f0f00, 0x000f00b9, 0xb8593e1d, 0x58450000, 0x2f2500b8, 0x2500b91b,
    0x593e1300, 0x450000b8, 0x1e00b858, 0x00b91b2f, 0x3e13001e, 0x2300ba59, 0x25000400, 0xb8391211, 0xb92f2300, 0x0e000a00, 0x0300baf4, 0x0a000400,
    0xb8391211, 0xb92f0300, 0x06000000, 0x0300b8f4, 0x0600b810, 0x0000b8d0, 0x0900b810, 0x0f00b8d0, 0x1200b910, 0xbaf40e00, 0x23001600, 0x12110a00,
    0x1e00b839, 0x1b00b910, 0x30f40e00, 0x35231331, 0x15333533, 0x15231533, 0x013e3733, 0x2315013b, 0x07010e07, 0x1f011e15, 0x23153301, 0x012f2622,
    0x6e231123, 0x77986060, 0x17686577, 0x3e3e2d39, 0x18230e48, 0x520e251a, 0x372a4f3e, 0x98656819, 0x32721602, 0xc3727232, 0x8887292a, 0x06081d1b,
    0x9f1d1d05, 0xc9312487, 0x0000e2fe, 0x14000200, 0xf603faff, 0x2100ba02, 0x7e002b00, 0x001500ba, 0x112d002c, 0x00b83912, 0x00b81015, 0xb800d02b,
    0x58450000, 0x2f0700b8, 0x0700b91b, 0x593e1d00, 0x450000b8, 0x2100b858, 0x00b91b2f, 0x3e130021, 0x0000b859, 0x00b85845, 0xb91b2f15, 0x13001500,
    0x00b8593e, 0x00b91021, 0xf40e0000, 0x000900ba, 0x11150007, 0x00b83912, 0x00b82f09, 0x00b91007, 0xf40e0017, 0x100900b8, 0x002a00b9, 0x00b8f40e,
    0x00b91015, 0xf40e002b, 0x33373130, 0x013d033e, 0x32331521, 0x1415021e, 0x2123020e, 0x14152311, 0x0e07020e, 0x25012b01, 0x013d3632, 0x012b2634,
    0x10531415, 0x01091118, 0x4e31a8d1, 0x371e1e37, 0xc0fe314e, 0x21180ea5, 0x35471f13, 0x22fc0234, 0x96222727, 0x50331187, 0xfcde5071, 0x31533a21,
    0x213a5232, 0x5c6c3302, 0x133e6087, 0x238a1a1f, 0x23222c22, 0x000000b6, 0x4d000100, 0xf8026aff, 0x0f00ba02, 0x00bab900, 0x00100001, 0x39121111,
    0x0000b800, 0x00b85845, 0xb91b2f06, 0x1d000600, 0x00b8593e, 0xb8584500, 0x1b2f0a00, 0x000a00b9, 0xb8593e1d, 0x58450000, 0x2f0500b8, 0x0500b91b,
    0x593e1300, 0x450000b8, 0x0100b858, 0x00b91b2f, 0x3e130001, 0x0300ba59, 0x06000500, 0xb8391211, 0x412f0300, 0x005f0003, 0x5d010003, 0x3f000541,
    0x4f000300, 0x02000300, 0x00034171, 0x000300cf, 0x05415d01, 0x03009f00, 0x0300af00, 0x415d0200, 0x002f0005, 0x003f0003, 0x5d020003, 0x0f000341,
    0x01000300, 0x0800b95d, 0xb8f40e00, 0xb9100100, 0x0e000c00, 0x0100b8f4, 0x0f00b810, 0x213130dc, 0x11211123, 0x11331123, 0x11331121, 0x02231133,
    0xf6fe7a69, 0x0a019898, 0x018f7198, 0x02e2fe1e, 0x01eafeba, 0xfecdfd16, 0x000000e3, 0x4d000200, 0xef030000, 0x1600ba02, 0xcd002000, 0x001200ba,
    0x11220021, 0x00b83912, 0x00b81012, 0xb800d020, 0x58450000, 0x2f0000b8, 0x0000b91b, 0x593e1d00, 0x450000b8, 0x0400b858, 0x00b91b2f, 0x3e1d0004,
    0x0000b859, 0x00b85845, 0xb91b2f16, 0x13001600, 0x00b8593e, 0xb8584500, 0x1b2f1200, 0x001200b9, 0xba593e13, 0x00001400, 0x12111600, 0x1400b839,
    0x0005412f, 0x0014009f, 0x001400af, 0x05415d02, 0x14003f00, 0x14004f00, 0x41710200, 0x002f0005, 0x003f0014, 0x5d020014, 0xcf000341, 0x01001400,
    0x0003415d, 0x0014005f, 0x03415d01, 0x14000f00, 0xb95d0100, 0x0e000200, 0x1200b8f4, 0x2000b910, 0xbaf40e00, 0x04000600, 0x12112000, 0x0600b839,
    0x1f00b92f, 0x30f40e00, 0x11331331, 0x15331133, 0x021e3233, 0x020e1415, 0x23112123, 0x32252311, 0x34013d36, 0x15012b26, 0x98f6984d, 0x374e31a8,
    0x4e371e1e, 0xf6c0fe31, 0x22bc0298, 0x96222727, 0xeafeba02, 0x21fc1601, 0x3231533a, 0x01213a52, 0x84e2fe1e, 0x222c2223, 0x0000b623, 0x4d000100,
    0x75030000, 0x0d00ba02, 0x00bab100, 0x000e0009, 0x3912110f, 0x0000b800, 0x00b85845, 0xb91b2f04, 0x1d000400, 0x00b8593e, 0xb8584500, 0x1b2f0000,
    0x000000b9, 0xb8593e1d, 0x58450000, 0x2f0d00b8, 0x0d00b91b, 0x593e1300, 0x450000b8, 0x0900b858, 0x00b91b2f, 0x3e130009, 0x0b00ba59, 0x00000d00,
    0xb8391211, 0x412f0b00, 0x005f0003, 0x5d01000b, 0x3f000541, 0x4f000b00, 0x02000b00, 0x00034171, 0x000b00cf, 0x05415d01, 0x0b009f00, 0x0b00af00,
    0x415d0200, 0x002f0005, 0x003f000b, 0x5d02000b, 0x0f000341, 0x01000b00, 0x0200b95d, 0xb8f40e00, 0xb9100400, 0x0e000700, 0x133130f4, 0x11331133,
    0x11211521, 0x11231123, 0xf6984d23, 0xfefe9a01, 0x0298f698, 0x01eafeba, 0xcdfd8716, 0xe2fe1e01, 0x3200ffff, 0x9802f4ff, 0x26029003, 0x00002f00,
    0xcb030600, 0x00000039, 0x32000300, 0x9802f4ff, 0x1300c602, 0x37002500, 0x00ba6d00, 0x00380000, 0x39121139, 0xd01400b8, 0x100000b8, 0xd03500b8,
    0x0000b800, 0x00b85845, 0xb91b2f0a, 0x1d000a00, 0x00b8593e, 0xb8584500, 0x1b2f0000, 0x000000b9, 0xb9593e13, 0x0e001400, 0x2900baf4, 0x14000a00,
    0xb8391211, 0xb82f2900, 0xb9dc2f00, 0x0e001a00, 0x2900b8f4, 0x2000b910, 0xb8f40e00, 0xb9100a00, 0x0e003500, 0x053130f4, 0x35022e22, 0x33023e34,
    0x15021e32, 0x27020e14, 0x0e373632, 0x26222301, 0x23012e27, 0x1e070622, 0x013e0301, 0x17163233, 0x3233011e, 0x012e3736, 0x01062223, 0x50724565,
    0x72502c2c, 0x50724545, 0x72502c2c, 0x03534645, 0x1917260b, 0x27151a28, 0x111f1415, 0x0b565402, 0x28191726, 0x1527151a, 0x04111f14, 0x53454553,
    0x875b2e0c, 0x5b875959, 0x875b2e2e, 0x5b875959, 0x555b7d2e, 0x0a0a0c07, 0x0b0b0b08, 0x30015955, 0x0a0a0c07, 0x0b0b0b08, 0x00575551, 0x32000300,
    0x9802f4ff, 0x1300c602, 0x21001a00, 0x00ba5f00, 0x00220000, 0x39121123, 0xd01400b8, 0x100000b8, 0xd01b00b8, 0x0000b800, 0x00b85845, 0xb91b2f0a,
    0x1d000a00, 0x00b8593e, 0xb8584500, 0x1b2f0000, 0x000000b9, 0xb9593e13, 0x0e001400, 0x1e00baf4, 0x00000a00, 0xb8391211, 0xb92f1e00, 0x06001800,
    0x0a00b8f4, 0x1b00b910, 0x30f40e00, 0x2e220531, 0x3e343502, 0x1e323302, 0x0e141502, 0x36322702, 0x011e2137, 0x07062213, 0x01012e21, 0x50724565,
    0x72502c2c, 0x50724545, 0x72502c2c, 0x03534645, 0x5402c8fe, 0x04534546, 0x53043801, 0x875b2e0c, 0x5b875959, 0x875b2e2e, 0x5b875959, 0x55577d2e,
    0xd8015755, 0x55515155, 0x4d000100, 0xe9026aff, 0x0b00ba02, 0x00ba5a00, 0x000c0007, 0x3912110d, 0x0000b800, 0x00b85845, 0xb91b2f00, 0x1d000000,
    0x00b8593e, 0xb8584500, 0x1b2f0b00, 0x000b00b9, 0xb8593e13, 0x58450000, 0x2f0700b8, 0x0700b91b, 0x593e1300, 0x000200b9, 0x00b8f40e, 0x00b91007,
    0xf40c0005, 0x100000b8, 0x000900b9, 0x3130f40e, 0x33112113, 0x23352311, 0x23112311, 0x712b024d, 0x98fb7a8f, 0xcdfdba02, 0x0296e3fe, 0x00cdfd33,
    0x4d000100, 0xd50348ff, 0x1e00ba02, 0x00ba6800, 0x001f000c, 0x39121120, 0x0000b800, 0x00b85845, 0xb91b2f11, 0x1d001100, 0x00b8593e, 0xb8584500,
    0x1b2f1000, 0x001000b9, 0xb8593e13, 0x58450000, 0x2f0c00b8, 0x0c00b91b, 0x593e1300, 0xdc1e00b8, 0x000000b9, 0x00baf40e, 0x00110017, 0x3912110c,
    0x2f1700b8, 0x000700b9, 0x00b8f40e, 0x00b91011, 0xf40e000e, 0x33053130, 0x013d013e, 0x06222334, 0x11231507, 0x11231123, 0x3e331121, 0x11323301,
    0x2b061415, 0x67b20201, 0x256a1311, 0xe7981634, 0x05170298, 0xf4273918, 0x2b3c6d7a, 0x402c3e12, 0xf6090977, 0xcdfd3302, 0xbbfeba02, 0xfffe0c0b,
    0x007e8441, 0x32000100, 0x6e026aff, 0x1f00c602, 0x00ba5300, 0x00200016, 0x39121121, 0x0000b800, 0x00b85845, 0xb91b2f08, 0x1d000800, 0x00b8593e,
    0xb8584500, 0x1b2f0000, 0x000000b9, 0xb8593e13, 0xb9100800, 0x0e000f00, 0x0000b8f4, 0x1600b910, 0xb8f40e00, 0xb8100000, 0xb8d01d00, 0xb8100000,
    0x30dc1f00, 0x012e0531, 0x023e3435, 0x17163233, 0x23012e07, 0x011d0622, 0x32331614, 0x0e173736, 0x23150701, 0x806e2001, 0x4772502c, 0x83267e61,
    0x43393b0e, 0x38435151, 0x207c1043, 0x068f425d, 0x589ab014, 0x4f305d89, 0x352c4455, 0x53705357, 0x482b3d57, 0x910e5240, 0x1b000100, 0x2d026aff,
    0x0b00ba02, 0x00ba5100, 0x000c0005, 0x3912110d, 0x0000b800, 0x00b85845, 0xb91b2f09, 0x1d000900, 0x00b8593e, 0xb8584500, 0x1b2f0600, 0x000600b9,
    0xb8593e13, 0xb9100900, 0x0e000700, 0x0000b8f4, 0x0600b8d0, 0x0100b910, 0xb8f40e00, 0xb9100600, 0x0c000400, 0x013130f4, 0x23113311, 0x23112335,
    0x01152135, 0x7a8f7170, 0x021202bd, 0xfe54fe33, 0x330296e3, 0x00008787, 0x1b000100, 0x6a036aff, 0x0f00ba02, 0x00ba6100, 0x00100006, 0x39121111,
    0x0000b800, 0x00b85845, 0xb91b2f04, 0x1d000400, 0x00b8593e, 0xb8584500, 0x1b2f0100, 0x000100b9, 0xb8593e13, 0xb9100400, 0x0e000200, 0x0700b8f4,
    0x0100b8d0, 0x0800b910, 0xb8f40e00, 0xb8100400, 0xb8d00a00, 0xb8100800, 0xb8d00c00, 0xb9100100, 0x0c000f00, 0x293130f4, 0x35231101, 0x11231521,
    0x11331121, 0x02231133, 0xa9e9fddb, 0x01a9ea01, 0x8f719805, 0x87873302, 0x330254fe, 0xe3fecdfd, 0x0c00ffff, 0x69020000, 0x26027803, 0x0000be02,
    0xc9030600, 0x00000012, 0x0c00ffff, 0x69020000, 0x26029003, 0x0000be02, 0xcb030600, 0x00000012, 0x0c00ffff, 0x69020000, 0x2602cd03, 0x0000be02,
    0xcc030600, 0x00000012, 0x0c00ffff, 0x69020000, 0x2602b203, 0x0000be02, 0xd2030600, 0x00000012, 0x0900ffff, 0x80020000, 0x0602ba02, 0x00003900,
    0x09000100, 0x80020000, 0x0f00ba02, 0x00ba6c00, 0x00100006, 0x39121111, 0x0000b800, 0x00b85845, 0xb91b2f04, 0x1d000400, 0x00b8593e, 0xb8584500,
    0x1b2f0800, 0x000800b9, 0xb8593e1d, 0x58450000, 0x2f0f00b8, 0x0f00b91b, 0x593e1300, 0x000300ba, 0x110f0004, 0x00b83912, 0x00b92f03, 0xf4060000,
    0x100300b8, 0xd00600b8, 0x100300b8, 0xd00a00b8, 0x100000b8, 0xd00d00b8, 0x23373130, 0x33033335, 0x33133313, 0x23153303, 0x8bf82315, 0x96aaef8b,
    0xefa59002, 0x9f998a8a, 0xfea90172, 0xfe1601ea, 0x009f7257, 0x10000100, 0xac026aff, 0x1100ba02, 0x00ba7300, 0x0012000a, 0x39121113, 0x0000b800,
    0x00b85845, 0xb91b2f07, 0x1d000700, 0x00b8593e, 0xb8584500, 0x1b2f0b00, 0x000b00b9, 0xb8593e1d, 0x58450000, 0x2f0500b8, 0x0500b91b, 0x593e1300,
    0x450000b8, 0x0100b858, 0x00b91b2f, 0x3e130001, 0x0300ba59, 0x01000b00, 0xba391211, 0x07000900, 0x12110500, 0x0e00b939, 0xb8f40e00, 0xb8100100,
    0x30dc1100, 0x03232131, 0x13230323, 0x33173303, 0x17033337, 0x02231133, 0x03973c1d, 0xd5e0a493, 0x8a0388b1, 0x718dd7a4, 0xfe01018f, 0x016901ff,
    0xfeecec51, 0xe3fedfac, 0x3600ffff, 0x59020000, 0x26029003, 0x0000c302, 0xcb030600, 0x0000001b, 0x36000100, 0xca026aff, 0x1600ba02, 0x00ba8f00,
    0x0017000d, 0x39121118, 0x0000b800, 0x00b85845, 0xb91b2f09, 0x1d000900, 0x00b8593e, 0xb8584500, 0x1b2f1100, 0x001100b9, 0xb8593e1d, 0x58450000,
    0x2f0100b8, 0x0100b91b, 0x593e1300, 0x000d00ba, 0x11010009, 0x00b83912, 0x03412f0d, 0x0d001000, 0x415d0100, 0x00c00005, 0x00d0000d, 0x5d02000d,
    0x40000341, 0x01000d00, 0x0600b95d, 0xbaf40e00, 0x06000200, 0x12110d00, 0x0100b839, 0x1300b910, 0xb8f40e00, 0xb8100100, 0x30dc1600, 0x35232131,
    0x23010e23, 0x33351120, 0x32331415, 0x33113736, 0x23113311, 0x057a3b02, 0xfe2d4018, 0x2c7798ff, 0x7198163a, 0x0c0bf78f, 0xdfd90101, 0x01090977,
    0xfecdfd44, 0x000000e3, 0x36000100, 0x6d020000, 0x1700ba02, 0x00ba9900, 0x00180004, 0x39121119, 0x0000b800, 0x00b85845, 0xb91b2f0a, 0x1d000a00,
    0x00b8593e, 0xb8584500, 0x1b2f1400, 0x001400b9, 0xb8593e1d, 0x58450000, 0x2f1700b8, 0x1700b91b, 0x593e1300, 0x000e00ba, 0x1117000a, 0x00b83912,
    0x05412f0e, 0x0e00c000, 0x0e00d000, 0x415d0200, 0x00400003, 0x5d01000e, 0x10000341, 0x01000e00, 0x0600b95d, 0xbaf40e00, 0x06000100, 0x12110e00,
    0x0300b839, 0x0600b8d0, 0x0500b810, 0x0e00b8dc, 0x0f00b810, 0x0e00b8dc, 0x1100b810, 0x253130d0, 0x15070623, 0x012e3523, 0x1533013d, 0x33351714,
    0x11373615, 0x01231133, 0x251c05d5, 0x98717672, 0x2026724f, 0x0cf79898, 0x07797d06, 0xdfd97980, 0x92901261, 0x44010d03, 0x000046fd, 0x4d00ffff,
    0x58030000, 0x26029003, 0x0000c702, 0xcb030700, 0x0000a700, 0x0e000200, 0x96020000, 0x1600ba02, 0x79002000, 0x002000ba, 0x11220021, 0x00b83912,
    0x00b81020, 0xb800d00a, 0x58450000, 0x2f0400b8, 0x0400b91b, 0x593e1d00, 0x450000b8, 0x1600b858, 0x00b91b2f, 0x3e130016, 0x0a00ba59, 0x16000400,
    0xb8391211, 0xba2f0a00, 0x0a000900, 0x12110400, 0x0900b839, 0x0000b82f, 0x0900b8d0, 0x0600b910, 0xb8f40600, 0xb8d00300, 0xb9100a00, 0x0e001f00,
    0x1600b8f4, 0x2000b910, 0x30f40e00, 0x35231331, 0x15333533, 0x15231533, 0x021e3233, 0x020e1415, 0x32252123, 0x34013d36, 0x15012b26, 0x9860606e,
    0x31bcb0b0, 0x1e1e374e, 0xfe314e37, 0x224201ac, 0xaa222727, 0x447df901, 0x20497d44, 0x2f2f503a, 0x84203a4e, 0x221e2223, 0x0000a823, 0x2600ffff,
    0x3f02f4ff, 0x0602c602, 0x00003300, 0x4d000100, 0x78026aff, 0x0b00ba02, 0x00ba5600, 0x000c0000, 0x3912110d, 0x0000b800, 0x00b85845, 0xb91b2f02,
    0x1d000200, 0x00b8593e, 0xb8584500, 0x1b2f0600, 0x000600b9, 0xb8593e1d, 0x58450000, 0x2f0100b8, 0x0100b91b, 0x593e1300, 0x000400b9, 0x00b8f40e,
    0x00b81001, 0x00b8d009, 0x00b81001, 0x3130dc0b, 0x33112321, 0x33113311, 0x23152311, 0x98ce1b01, 0x8fce98fb, 0xcdfdba02, 0x46fd3302, 0x00000096,
    0x3200ffff, 0x7e010000, 0x0602ba02, 0x00002900, 0x1b00ffff, 0x97010000, 0x26029003, 0x00002900, 0xcb030600, 0x000000ad, 0x1900ffff, 0xe601f5ff,
    0x0602ba02, 0x00002a00, 0x1b000100, 0xf10248ff, 0x1e00ba02, 0x00ba7200, 0x001f0014, 0x39121120, 0x1e00b800, 0x0000b82f, 0x00b85845, 0xb91b2f0f,
    0x1d000f00, 0x00b8593e, 0xb8584500, 0x1b2f0c00, 0x000c00b9, 0xb8593e13, 0xb9101e00, 0x0e000100, 0x1700baf4, 0x0c000f00, 0xb8391211, 0x412f1700,
    0x00400003, 0x5d010017, 0x000700b9, 0x00b8f40e, 0x00b9100f, 0xf40e000e, 0xd01200b8, 0x001300ba, 0x11070017, 0x31303912, 0x013e3305, 0x2334013d,
    0x11070622, 0x35231123, 0x15231521, 0x33013e33, 0x14151132, 0x01012b06, 0x0e0c67d8, 0x16392872, 0x1202bd98, 0x3e1805bd, 0x6d78fc2a, 0x39112b34,
    0x09777e26, 0x02d8fe09, 0x8c878733, 0xfffe0c0b, 0x007d7a7e, 0x1b000100, 0xfb020000, 0x1600ba02, 0x00ba7500, 0x00170007, 0x39121118, 0x0000b800,
    0x00b85845, 0xb91b2f02, 0x1d000200, 0x00b8593e, 0xb8584500, 0x1b2f1600, 0x001600b9, 0xb8593e13, 0x58450000, 0x2f0e00b8, 0x0e00b91b, 0x593e1300,
    0x100200b8, 0x000100b9, 0x00b8f40e, 0x00bad005, 0x0002000a, 0x39121116, 0x2f0a00b8, 0x40000341, 0x01000a00, 0x1100b95d, 0xbaf40e00, 0x0a000600,
    0x12111100, 0x13313039, 0x15213523, 0x3e331523, 0x11203301, 0x34352315, 0x07062223, 0xbdd82311, 0x05bd1202, 0x012d4018, 0x2c779801, 0x0298163a,
    0x8c878733, 0xfffe0c0b, 0x0977c3bd, 0x00d8fe09, 0x4d000100, 0x70020000, 0x1200ba02, 0x00ba8100, 0x0013000d, 0x39121114, 0x0000b800, 0x00b85845,
    0xb91b2f00, 0x1d000000, 0x00b8593e, 0xb8584500, 0x1b2f1200, 0x001200b9, 0xb8593e13, 0x58450000, 0x2f0a00b8, 0x0a00b91b, 0x593e1300, 0x000600ba,
    0x11120000, 0x00b83912, 0x03412f06, 0x06009000, 0x415d0100, 0x00400007, 0x00500006, 0x00600006, 0x5d030006, 0x10000341, 0x01000600, 0x0d00b95d,
    0xbaf40e00, 0x06000200, 0x12110d00, 0x13313039, 0x3e331533, 0x11203301, 0x34352315, 0x07062223, 0x984d2311, 0x2d401805, 0x77980101, 0x98163a2c,
    0x0bf7ba02, 0xd9fffe0c, 0x090977df, 0x0000bcfe, 0x3200ffff, 0x9802f4ff, 0x0602c602, 0x0000b901, 0x1e000200, 0x3c03f4ff, 0x2300c602, 0x85002a00,
    0x002700ba, 0x112c002b, 0x00b83912, 0x00b81027, 0xb800d002, 0x58450000, 0x2f1e00b8, 0x1e00b91b, 0x593e1d00, 0x450000b8, 0x0e00b858, 0x00b91b2f,
    0x3e13000e, 0x0000ba59, 0x0e001e00, 0xb8391211, 0x412f0000, 0x002f0005, 0x003f0000, 0x5d020000, 0x5f000341, 0x01000000, 0x0e00b85d, 0x0500b910,
    0xb8f40e00, 0xb8100000, 0xb8d01300, 0xb9100000, 0x0e002700, 0x1b00b8f4, 0x1e00b8d0, 0x2400b910, 0x30f40e00, 0x15210131, 0x32331614, 0x0e173736,
    0x2e222303, 0x22232702, 0x33013d26, 0x013e3315, 0x021e3233, 0x06222515, 0x012e2107, 0x3bfe3c03, 0x41434453, 0x2f0e890e, 0x413b5d46, 0x0632516c,
    0x7c323652, 0x7ca01241, 0x2c507146, 0x4d3fcdfe, 0x05220105, 0x032b014d, 0x343b5a53, 0x35482931, 0x744e281f, 0x8231344d, 0x2e928c6a, 0xe258875c,
    0x4e49494e, 0x1e000200, 0x3c036aff, 0x2400c602, 0x97002b00, 0x001100ba, 0x112d002c, 0x00b83912, 0x00b81011, 0xb800d028, 0x58450000, 0x2f1f00b8,
    0x1f00b91b, 0x593e1d00, 0x450000b8, 0x0e00b858, 0x00b91b2f, 0x3e13000e, 0x0000ba59, 0x0e001f00, 0xb8391211, 0x412f0000, 0x002f0005, 0x003f0000,
    0x5d020000, 0x5f000341, 0x01000000, 0x0e00b85d, 0x0500b910, 0xb8f40e00, 0xb9100e00, 0x0c001000, 0x0e00b8f4, 0x1100b810, 0x0000b8d0, 0x1400b810,
    0x0000b8d0, 0x2900b910, 0xb8f40e00, 0xb8d01c00, 0xb9101f00, 0x0e002500, 0x013130f4, 0x16141521, 0x37363233, 0x07030e17, 0x2e352315, 0x22232701,
    0x33013d26, 0x013e3315, 0x021e3233, 0x06222515, 0x012e2107, 0x3bfe3c03, 0x41434453, 0x250b890e, 0x8f2a4435, 0x520b7f65, 0x417c3236, 0x467ca012,
    0xfe2c5071, 0x054d3fcd, 0x4d052201, 0x53032b01, 0x31343b5a, 0x24313e22, 0x14919109, 0x31348498, 0x928c6a82, 0x58875c2e, 0x49494ee2, 0x0000004e,
    0x32000200, 0x6c03d4ff, 0x3600c602, 0x8f004400, 0x002200ba, 0x11460045, 0x00b83912, 0x00b81022, 0xb800d037, 0x58450000, 0x2f1000b8, 0x1000b91b,
    0x593e1d00, 0x450000b8, 0x0600b858, 0x00b91b2f, 0x3e130006, 0x0100b859, 0x0600b8dc, 0x2000b910, 0xbaf40e00, 0x06000400, 0x12112000, 0x00b87c39,
    0xb8182f04, 0xb9101000, 0x0e001700, 0x1000b8f4, 0x2a00b810, 0x3a00badc, 0x2a002000, 0xba391211, 0x04003200, 0x12113a00, 0x0100b839, 0x3500b910,
    0xb8f40e00, 0xb9102a00, 0x06004100, 0x053130f4, 0x27262223, 0x2e222306, 0x3e343502, 0x16323302, 0x012e0717, 0x1d062223, 0x021e1401, 0x2e373233,
    0x3e343501, 0x1e323302, 0x06141502, 0x3b011e07, 0x16142501, 0x3d013e17, 0x23263401, 0x03150622, 0x7d3e396c, 0x51604636, 0x2c346085, 0x0a457150,
    0x040c0519, 0x50470512, 0x2c4c371f, 0x2f35171a, 0x375a4023, 0x23405a37, 0x3417453c, 0x8ffe3918, 0x32392f2a, 0x2f33332f, 0x1c1e1e2c, 0x5e8c5d2f,
    0x2e588254, 0x02820102, 0x88445201, 0x1931472e, 0x507c3304, 0x25486c46, 0x466c4825, 0x062a8955, 0x4b30e006, 0x304a2221, 0x48483558, 0x00000035,
    0x0e000100, 0x8f020000, 0x0e00ba02, 0x00ba5000, 0x000f0005, 0x39121110, 0x0000b800, 0x00b85845, 0xb91b2f01, 0x1d000100, 0x00b8593e, 0xb8584500,
    0x1b2f0a00, 0x000a00b9, 0xb8593e1d, 0x58450000, 0x2f0000b8, 0x0000b91b, 0x593e1300, 0x000400b9, 0x00b8f40e, 0x00b9100a, 0xf40e000d, 0x03333130,
    0x33171333, 0x013e013f, 0x2315013b, 0x9ae4f203, 0x32043869, 0x39461140, 0x02b14240, 0xdbb1feba, 0x323be0dd, 0x00bffd79, 0x19000200, 0x59014301,
    0x0b00c002, 0x43001900, 0x000000ba, 0x111b001a, 0x00b83912, 0xb800d00c, 0x58450000, 0x2f0600b8, 0x0600b91b, 0x593e1d00, 0x450000b8, 0x0000b858,
    0x00b91b2f, 0x3e170000, 0x0c00b959, 0xb8f40d00, 0xb9100600, 0x0d001300, 0x133130f4, 0x34352622, 0x16323336, 0x27061415, 0x013d3632, 0x22232634,
    0x14011d06, 0x4f51b916, 0x4f51514f, 0x131d514f, 0x131d1d13, 0x64430113, 0x63635b5b, 0x54645b5b, 0x234c2322, 0x4c232121, 0x00002223, 0x08000100,
    0x44014901, 0x0b00ba02, 0x00ba4100, 0x000c0002, 0x3912110d, 0x0000b800, 0x00b85845, 0xb91b2f07, 0x1d000700, 0x00b8593e, 0xb8584500, 0x1b2f0b00,
    0x000b00b9, 0xb9593e17, 0x0d000a00, 0x0200b8f4, 0x0700b8d0, 0x0400b810, 0x133130d0, 0x23353335, 0x33372707, 0x31153311, 0x433d065d, 0x01519655,
    0x53d24f49, 0xdefe7330, 0x0000004f, 0x16000100, 0x42014901, 0x1d00c002, 0x00ba5300, 0x001e0013, 0x3912111f, 0x0000b800, 0x00b85845, 0xb91b2f13,
    0x1d001300, 0x00b8593e, 0xb8584500, 0x1b2f0100, 0x000100b9, 0xb9593e17, 0x0d001c00, 0x0300baf4, 0x1c001300, 0xb8391211, 0xb9101300, 0x0d000c00,
    0x1b00baf4, 0x01000c00, 0x30391211, 0x35210131, 0x3d033e37, 0x23263401, 0x27070622, 0x3233013e, 0x0e141516, 0x33010f02, 0xdffe4201, 0x1019136d,
    0x190e1d07, 0x0e590519, 0x4a443f4d, 0x16292013, 0x4901b13b, 0x150e5358, 0x010b1213, 0x121b0e14, 0x40382a21, 0x232a1a32, 0x00210c1e, 0x04000100,
    0x3c014301, 0x2b00c002, 0x00bab800, 0x002c000e, 0x3912112d, 0x0000b800, 0x00b85845, 0xb91b2f0e, 0x1d000e00, 0x00b8593e, 0xb8584500, 0x1b2f1b00,
    0x001b00b9, 0xb8593e17, 0xb9100e00, 0x0d000700, 0x1b00b8f4, 0x2200b910, 0xbaf40d00, 0x07002900, 0x12112200, 0x2900b839, 0x0005412f, 0x0029004f,
    0x0029005f, 0x03417102, 0x29006f00, 0x41720100, 0x007f0005, 0x008f0029, 0x5d020029, 0xff000341, 0x01002900, 0x00074172, 0x0029000f, 0x0029001f,
    0x0029002f, 0x05417203, 0x2900cf00, 0x2900df00, 0x415d0200, 0x009f0005, 0x00af0029, 0x71020029, 0x000000b9, 0x00baf40d, 0x00000014, 0x39121129,
    0x32133130, 0x34013d36, 0x06222326, 0x013e2707, 0x15163233, 0x15070614, 0x1415011e, 0x26222306, 0x011e3727, 0x3d363233, 0x2b263401, 0x1b973501,
    0x15161718, 0x1a3e102b, 0x4f473542, 0x2c261f2d, 0x46414657, 0x260b4c14, 0x221b171e, 0x2e021f1b, 0x0e040b10, 0x3b151616, 0x2d38201f, 0x04042a23,
    0x33232c06, 0x3a1f2c3b, 0x12161f17, 0x520f1102, 0x11000200, 0x47014901, 0x0a00ba02, 0x5f000e00, 0x000c00ba, 0x1110000f, 0x00b83912, 0x00b8100c,
    0xb800d004, 0x58450000, 0x2f0400b8, 0x0400b91b, 0x593e1d00, 0x450000b8, 0x0000b858, 0x00b91b2f, 0x3e170000, 0x0200ba59, 0x00000400, 0xb8391211,
    0xb92f0200, 0x0d000d00, 0x0600b8f4, 0x0200b8d0, 0x0900b810, 0x0400b8d0, 0x0c00b810, 0x133130d0, 0x37352335, 0x15331533, 0x23031523, 0xa6b73307,
    0x2e2e7395, 0x57500762, 0x55464901, 0x464cdfd6, 0x00710301, 0x18000100, 0x4e014301, 0x2200ba02, 0x00bac500, 0x0023001c, 0x39121124, 0x0000b800,
    0x00b85845, 0xb91b2f21, 0x1d002100, 0x00b8593e, 0xb8584500, 0x1b2f0e00, 0x000e00b9, 0xb8593e17, 0xb9102100, 0x0d000100, 0x0e00b8f4, 0x1500b910,
    0xbaf40d00, 0x01000600, 0x12111500, 0x0600b839, 0x0005412f, 0x000600c0, 0x000600d0, 0x0d415d02, 0x06005000, 0x06006000, 0x06007000, 0x06008000,
    0x06009000, 0x0600a000, 0x41710600, 0x00400007, 0x00500006, 0x00600006, 0x5d030006, 0xc0000941, 0xd0000600, 0xe0000600, 0xf0000600, 0x04000600,
    0x1c00b971, 0xbaf40d00, 0x06000300, 0x12111c00, 0x1f00ba39, 0x15001c00, 0xba391211, 0x1f001200, 0x12111500, 0x01313039, 0x3e330723, 0x1e323301,
    0x06141502, 0x27262223, 0x33011e37, 0x013d3632, 0x22232634, 0x37270706, 0xb7350121, 0x220b0507, 0x212e1929, 0x3e4e5214, 0x0c4a1246, 0x1a1a1d23,
    0x1f15161a, 0x010f5305, 0x66630200, 0x1f10261f, 0x4d3b1c2c, 0x163a1f2c, 0x04161c20, 0x06111713, 0x0000d40b, 0x17000200, 0x4e014301, 0x1500ba02,
    0x5d002000, 0x001600ba, 0x11220021, 0x00b83912, 0x00b81016, 0xb800d000, 0x58450000, 0x2f0800b8, 0x0800b91b, 0x593e1d00, 0x450000b8, 0x0000b858,
    0x00b91b2f, 0x3e170000, 0x1600b959, 0xbaf40d00, 0x08001000, 0x12111600, 0x00b87d39, 0xb9182f10, 0x0d001b00, 0x0d00baf4, 0x1b001000, 0x30391211,
    0x26221331, 0x023e3435, 0x010e3337, 0x013e1707, 0x15163233, 0x32270614, 0x2334013d, 0x011d0622, 0x514bb314, 0x1a332819, 0x0a5b4d8f, 0x27250806,
    0x49534230, 0x1b173031, 0x43524301, 0x2e3a4326, 0x2f523411, 0x3e251402, 0x4b4b3b35, 0x172c0a2e, 0x002e0a15, 0x11000100, 0x32014901, 0x0800ba02,
    0x00ba3d00, 0x00090008, 0x3912110a, 0x0000b800, 0x00b85845, 0xb91b2f05, 0x1d000500, 0x00b8593e, 0xb8584500, 0x1b2f0000, 0x000000b9, 0xb8593e17,
    0xb9100500, 0x0d000200, 0x0400b8f4, 0x1b3130dc, 0x23152301, 0x03152135, 0x56667c51, 0x01752101, 0x43210149, 0xe5fe5693, 0x19000300, 0x49014301,
    0x1900c002, 0x35002700, 0x00ba7500, 0x00360000, 0x39121137, 0xd01a00b8, 0x100000b8, 0xd02800b8, 0x0000b800, 0x00b85845, 0xb91b2f0d, 0x1d000d00,
    0x00b8593e, 0xb8584500, 0x1b2f0000, 0x000000b9, 0xb9593e17, 0x0d002800, 0x1a00baf4, 0x28000d00, 0x7c391211, 0x2f1a00b8, 0x2f00b918, 0xbaf40d00,
    0x1a000700, 0x12112f00, 0x1300ba39, 0x2f001a00, 0xb8391211, 0xb9100d00, 0x0d002100, 0x133130f4, 0x34352622, 0x2e353736, 0x36343501, 0x15163233,
    0x15070614, 0x1415011e, 0x36322706, 0x2634013d, 0x1d062223, 0x17161401, 0x013d3632, 0x22232634, 0x14011d06, 0x5048b116, 0x251c232a, 0x48454547,
    0x29231c25, 0x17174850, 0x18161717, 0x17171618, 0x16171717, 0x3c430117, 0x092d2130, 0x20280a04, 0x2b39392b, 0x040a2820, 0x30212d09, 0x1014e23c,
    0x14141108, 0x14100811, 0x0a101498, 0x10141410, 0x0014100a, 0x15000200, 0x4c014901, 0x1700c002, 0x61002200, 0x001e00ba, 0x11240023, 0x00b83912,
    0x00b8101e, 0xb800d015, 0x58450000, 0x2f1500b8, 0x1500b91b, 0x593e1d00, 0x450000b8, 0x0600b858, 0x00b91b2f, 0x3e170006, 0x1500b859, 0x1e00b910,
    0xbaf40d00, 0x06000f00, 0x12111e00, 0x00b87c39, 0xb9182f0f, 0x0d001800, 0x0a00baf4, 0x0f001800, 0x30391211, 0x0e140131, 0x3e230702, 0x0e273701,
    0x26222303, 0x33363435, 0x32071632, 0x34013d36, 0x011d2223, 0x194c0114, 0x8f1a3328, 0x060a5b4d, 0x1c140c05, 0x53423013, 0x9c514b48, 0x32311b17,
    0x43262b02, 0x34112e3a, 0x0a022f52, 0x3f0b1015, 0x524b3b35, 0x0a15175d, 0x2c0a2e2e, 0x19000200, 0x5901faff, 0x0b007701, 0x43001900, 0x000000ba,
    0x111b001a, 0x00b83912, 0xb800d00c, 0x58450000, 0x2f0600b8, 0x0600b91b, 0x593e1900, 0x450000b8, 0x0000b858, 0x00b91b2f, 0x3e130000, 0x0c00b959,
    0xb8f40d00, 0xb9100600, 0x0d001300, 0x173130f4, 0x34352622, 0x16323336, 0x27061415, 0x013d3632, 0x22232634, 0x14011d06, 0x4f51b916, 0x4f51514f,
    0x131d514f, 0x131d1d13, 0x5b640613, 0x5b63635b, 0x2254645b, 0x21234c23, 0x234c2321, 0x00000022, 0x08000100, 0x44010000, 0x0b007101, 0x00ba4100,
    0x000c0002, 0x3912110d, 0x0000b800, 0x00b85845, 0xb91b2f07, 0x19000700, 0x00b8593e, 0xb8584500, 0x1b2f0b00, 0x000b00b9, 0xb9593e13, 0x0d000a00,
    0x0200b8f4, 0x0700b8d0, 0x0400b810, 0x333130d0, 0x23353335, 0x33372707, 0x31153311, 0x433d065d, 0x4f519655, 0x733053d2, 0x004fdefe, 0x16000100,
    0x42010000, 0x1d007701, 0x00ba5300, 0x001e0013, 0x3912111f, 0x0000b800, 0x00b85845, 0xb91b2f13, 0x19001300, 0x00b8593e, 0xb8584500, 0x1b2f0100,
    0x000100b9, 0xb9593e13, 0x0d001c00, 0x0300baf4, 0x1c001300, 0xb8391211, 0xb9101300, 0x0d000c00, 0x1b00baf4, 0x01000c00, 0x30391211, 0x35012931,
    0x3d033e37, 0x23263401, 0x27070622, 0x3233013e, 0x0e141516, 0x33010f02, 0xdffe4201, 0x1019136d, 0x190e1d07, 0x0e590519, 0x4a443f4d, 0x16292013,
    0x5358b13b, 0x1213150e, 0x0e14010b, 0x2a21121b, 0x1a324038, 0x0c1e232a, 0x00000021, 0x04000100, 0x3c01faff, 0x2b007701, 0x00bab400, 0x002c000e,
    0x3912112d, 0x0000b800, 0x00b85845, 0xb91b2f0e, 0x19000e00, 0x00b8593e, 0xb8584500, 0x1b2f1b00, 0x001b00b9, 0xb8593e13, 0xb9100e00, 0x0d000700,
    0x1b00b8f4, 0x2200b910, 0xbaf40d00, 0x07002900, 0x12112200, 0x2900b839, 0x0003412f, 0x0029005f, 0x03417101, 0x29006f00, 0x41720100, 0x007f0005,
    0x008f0029, 0x5d020029, 0xff000341, 0x01002900, 0x00074172, 0x0029000f, 0x0029001f, 0x0029002f, 0x05417203, 0x2900cf00, 0x2900df00, 0x415d0200,
    0x009f0005, 0x00af0029, 0x71020029, 0x000000b9, 0x00baf40d, 0x00000014, 0x39121129, 0x32373130, 0x34013d36, 0x06222326, 0x013e2707, 0x15163233,
    0x15070614, 0x1415011e, 0x26222306, 0x011e3727, 0x3d363233, 0x2b263401, 0x1b9b3501, 0x15161714, 0x1a3e102b, 0x4f473542, 0x2c261f2d, 0x46414657,
    0x260b4c14, 0x1f1b171e, 0x14e5221b, 0x120e040b, 0x1f3b1516, 0x232d3820, 0x0604042a, 0x3b33232c, 0x173a1f2c, 0x0412101f, 0x00521311, 0x11000200,
    0x47010000, 0x0a007101, 0x5f000e00, 0x000c00ba, 0x1110000f, 0x00b83912, 0x00b8100c, 0xb800d004, 0x58450000, 0x2f0400b8, 0x0400b91b, 0x593e1900,
    0x450000b8, 0x0000b858, 0x00b91b2f, 0x3e130000, 0x0200ba59, 0x00000400, 0xb8391211, 0xb92f0200, 0x0d000d00, 0x0600b8f4, 0x0200b8d0, 0x0900b810,
    0x0400b8d0, 0x0c00b810, 0x333130d0, 0x37352335, 0x15331533, 0x23031523, 0xa6b73307, 0x2e2e7395, 0x57500762, 0xdfd65546, 0x0301464c, 0x00000071,
    0x18000100, 0x4e01faff, 0x22007101, 0x00bace00, 0x0023001b, 0x39121124, 0x0000b800, 0x00b85845, 0xb91b2f20, 0x19002000, 0x00b8593e, 0xb8584500,
    0x1b2f0d00, 0x000d00b9, 0xb8593e13, 0xb9102000, 0x0d000000, 0x0d00b8f4, 0x1400b910, 0xbaf40d00, 0x00000500, 0x12111400, 0x0500b839, 0x0005412f,
    0x000500c0, 0x000500d0, 0x0d415d02, 0x05005000, 0x05006000, 0x05007000, 0x05008000, 0x05009000, 0x0500a000, 0x41710600, 0x00400007, 0x00500005,
    0x00600005, 0x5d030005, 0xc0000941, 0xd0000500, 0xe0000500, 0xf0000500, 0x04000500, 0x00034171, 0x00050000, 0x00b97201, 0xf40d001b, 0x000100ba,
    0x111b0005, 0x00ba3912, 0x001b001e, 0x39121114, 0x001100ba, 0x1114001e, 0x31303912, 0x3e330713, 0x1e323301, 0x06141502, 0x27262223, 0x33011e37,
    0x013d3632, 0x22232634, 0x37270706, 0x077e1521, 0x29220b05, 0x14212e19, 0x463e4e52, 0x230c4a12, 0x1a1a1a1d, 0x051f1516, 0x00010f53, 0x1f661a01,
    0x2c1f1026, 0x2c4d3b1c, 0x20163a1f, 0x1304161c, 0x0b061117, 0x000057d4, 0x17000200, 0x4e01faff, 0x15007101, 0x5d002000, 0x001600ba, 0x11220021,
    0x00b83912, 0x00b81016, 0xb800d000, 0x58450000, 0x2f0800b8, 0x0800b91b, 0x593e1900, 0x450000b8, 0x0000b858, 0x00b91b2f, 0x3e130000, 0x1600b959,
    0xbaf40d00, 0x08001000, 0x12111600, 0x00b87d39, 0xb9182f10, 0x0d001b00, 0x0d00baf4, 0x1b001000, 0x30391211, 0x26221731, 0x023e3435, 0x010e3337,
    0x013e1707, 0x15163233, 0x32270614, 0x2334013d, 0x011d0622, 0x514bb314, 0x1a332819, 0x0a5b4d8f, 0x27250806, 0x49534230, 0x1b173031, 0x26435206,
    0x112e3a43, 0x022f5234, 0x353e2514, 0x2e4b4b3b, 0x15172c0a, 0x00002e0a, 0x11000100, 0x32010000, 0x08007101, 0x00ba3d00, 0x00090008, 0x3912110a,
    0x0000b800, 0x00b85845, 0xb91b2f05, 0x19000500, 0x00b8593e, 0xb8584500, 0x1b2f0000, 0x000000b9, 0xb8593e13, 0xb9100500, 0x0d000200, 0x0400b8f4,
    0x333130dc, 0x23152313, 0x03152135, 0x56667c51, 0x01752101, 0x56934321, 0x0000e5fe, 0x19000300, 0x4901faff, 0x19007701, 0x35002700, 0x00ba7500,
    0x00360000, 0x39121137, 0xd01a00b8, 0x100000b8, 0xd02800b8, 0x0000b800, 0x00b85845, 0xb91b2f0d, 0x19000d00, 0x00b8593e, 0xb8584500, 0x1b2f0000,
    0x000000b9, 0xb9593e13, 0x0d001a00, 0x2800baf4, 0x1a000d00, 0x7c391211, 0x2f2800b8, 0x2100b918, 0xbaf40d00, 0x28000700, 0x12112100, 0x1300ba39,
    0x21002800, 0xb8391211, 0xb9100d00, 0x0d002f00, 0x173130f4, 0x34352622, 0x2e353736, 0x36343501, 0x15163233, 0x15070614, 0x1415011e, 0x36322706,
    0x2634013d, 0x1d062223, 0x37161401, 0x013d3632, 0x22232634, 0x14011d06, 0x5048b116, 0x251c232a, 0x48454547, 0x29231c25, 0x17174850, 0x16171717,
    0x17171617, 0x18161717, 0x303c0618, 0x04092d21, 0x2b20280a, 0x202b3939, 0x09040a28, 0x3c30212d, 0x0a10144a, 0x10141410, 0x9814100a, 0x11081014,
    0x08111414, 0x00001410, 0x15000200, 0x4c010000, 0x17007701, 0x61002200, 0x001e00ba, 0x11240023, 0x00b83912, 0x00b8101e, 0xb800d015, 0x58450000,
    0x2f1500b8, 0x1500b91b, 0x593e1900, 0x450000b8, 0x0600b858, 0x00b91b2f, 0x3e130006, 0x1500b859, 0x1e00b910, 0xbaf40d00, 0x06000f00, 0x12111e00,
    0x00b87c39, 0xb9182f0f, 0x0d001800, 0x0a00baf4, 0x0f001800, 0x30391211, 0x0e142531, 0x3e230702, 0x0e273701, 0x26222303, 0x33363435, 0x32071632,
    0x34013d36, 0x011d2223, 0x194c0114, 0x8f1a3328, 0x060a5b4d, 0x1c140c05, 0x53423013, 0x9c514b48, 0x32311b17, 0x3a4326e2, 0x5234112e, 0x150a022f,
    0x353f0b10, 0x5d524b3b, 0x2e0a1517, 0x002c0a2e, 0x0800ffff, 0x42030000, 0x2600ba02, 0x00005303, 0x7b002700, 0x00006701, 0x5e030700, 0x00000002,
    0x0800ffff, 0x4003faff, 0x2600ba02, 0x00005303, 0x7b002700, 0x00006701, 0x5f030700, 0x00000402, 0x1600ffff, 0x3e03faff, 0x2600c002, 0x00005403,
    0x7b002700, 0x00006501, 0x5f030700, 0x00000202, 0x0800ffff, 0x32030000, 0x2600ba02, 0x00005303, 0x7b002700, 0x00006701, 0x60030700, 0x0000eb01,
    0x0400ffff, 0x29030000, 0x2600c002, 0x00005503, 0x7b002700, 0x00005e01, 0x60030700, 0x0000e201, 0x0800ffff, 0x4d03faff, 0x2600ba02, 0x00005303,
    0x7b002700, 0x00006701, 0x61030700, 0x0000ff01, 0x1600ffff, 0x4b03faff, 0x2600c002, 0x00005403, 0x7b002700, 0x00006501, 0x61030700, 0x0000fd01,
    0x0400ffff, 0x4403faff, 0x2600c002, 0x00005503, 0x7b002700, 0x00005e01, 0x61030700, 0x0000f601, 0x1100ffff, 0x4a03faff, 0x2600ba02, 0x00005603,
    0x7b002700, 0x00006401, 0x61030700, 0x0000fc01, 0x0800ffff, 0x2503faff, 0x2600ba02, 0x00005303, 0x7b002700, 0x00006701, 0x62030700, 0x0000d701,
    0x1800ffff, 0x2803faff, 0x2600ba02, 0x00005703, 0x7b002700, 0x00006a01, 0x62030700, 0x0000da01, 0x0800ffff, 0x40030000, 0x2600ba02, 0x00005303,
    0x7b002700, 0x00006701, 0x63030700, 0x00000e02, 0x0800ffff, 0x4303faff, 0x2600ba02, 0x00005303, 0x7b002700, 0x00006701, 0x64030700, 0x0000fa01,
    0x0400ffff, 0x3a03faff, 0x2600c002, 0x00005503, 0x7b002700, 0x00005e01, 0x64030700, 0x0000f101, 0x1800ffff, 0x4603faff, 0x2600ba02, 0x00005703,
    0x7b002700, 0x00006a01, 0x64030700, 0x0000fd01, 0x1100ffff, 0x1703faff, 0x2600ba02, 0x00005903, 0x7b002700, 0x00003b01, 0x64030700, 0x0000ce01,
    0x0800ffff, 0x4b030000, 0x2600ba02, 0x00005303, 0x7b002700, 0x00006701, 0x65030700, 0x0000ff01, 0x71000100, 0x1f030000, 0x0900e802, 0x00ba4400,
    0x000a0007, 0x3912110b, 0x0000b800, 0x00b85845, 0xb91b2f03, 0x1b000300, 0x00b8593e, 0xb8584500, 0x1b2f0800, 0x000800b9, 0xb8593e1f, 0x58450000,
    0x2f0100b8, 0x0100b91b, 0x593e1300, 0xd00500b8, 0x23213130, 0x011f3703, 0x17133733, 0xccb8f501, 0x0452488b, 0x018fa056, 0xe6b942d9, 0x398601e6,
    0x5d000100, 0x3303f2ff, 0x0b00c802, 0x00ba1d00, 0x000c0001, 0x3912110d, 0x0600b800, 0x0800b82f, 0x0200b82f, 0x0000b82f, 0x0531302f, 0x09270109,
    0x01093701, 0x02010917, 0xfefefeca, 0x020169fe, 0x0169fefe, 0x69020102, 0x0201fefe, 0xfe02010e, 0x020169fe, 0xfe690201, 0x690201fe, 0xfefefefe,
    0x5f000100, 0x25036e00, 0x0e004c02, 0x00ba1700, 0x000f000c, 0x39121110, 0x0500b800, 0x0800b92f, 0x30f40600, 0x0f170131, 0x21371701, 0x07272115,
    0x2707011f, 0x3c504e01, 0x0150012c, 0x5062fe9e, 0x503c2c01, 0x504c02ef, 0x0404263c, 0x2604047a, 0x00ef503c, 0xd3000100, 0xb1020000, 0x0e00c602,
    0x00ba2f00, 0x000f000e, 0x39121110, 0x0000b800, 0x00b85845, 0xb91b2f0e, 0x1d000e00, 0x00b8593e, 0xb8584500, 0x1b2f0700, 0x000700b9, 0x30593e13,
    0x2f070131, 0x11170701, 0x27371123, 0x3727010f, 0x3c50b102, 0x7a040426, 0x3c260404, 0xd701ef50, 0x012c3c50, 0x0162fe50, 0x2c01509e, 0x00ef503c,
    0xd3000100, 0xb102f4ff, 0x0e00ba02, 0x00ba2f00, 0x000f000e, 0x39121110, 0x0000b800, 0x00b85845, 0xb91b2f06, 0x1d000600, 0x00b8593e, 0xb8584500,
    0x1b2f0e00, 0x000e00b9, 0x30593e13, 0x1f013f31, 0x11273701, 0x17071133, 0x0717013f, 0x263c50d3, 0x047a0404, 0x503c2604, 0x3c50e3ef, 0x0150012c,
    0x5062fe9e, 0x503c2c01, 0x000000ef, 0x5f000100, 0x25036e00, 0x0e004c02, 0x00ba1700, 0x000f0001, 0x39121110, 0x0700b800, 0x0600b92f, 0x30f40600,
    0x3f272531, 0x21072701, 0x37172135, 0x1737012f, 0x3c503602, 0xfe50012c, 0x509e0162, 0x503c2c01, 0x3c506eef, 0x7a040426, 0x3c260404, 0x0000ef50,
    0xc0000100, 0xe1024d00, 0x0e006e02, 0x00ba1500, 0x000f0002, 0x39121110, 0x0e00b800, 0x0200b82f, 0x013130dc, 0x07272315, 0x01070117, 0x15170727,
    0x12021123, 0x3b023a55, 0xfe562501, 0x040336db, 0x716e0271, 0xfe360304, 0x250156db, 0x553a023b, 0x00005201, 0xa3000100, 0xc4024d00, 0x0e006e02,
    0x00ba1500, 0x000f000b, 0x39121110, 0x0d00b800, 0x0c00b82f, 0x013130dc, 0x27373523, 0x01270107, 0x23072737, 0xc4022135, 0x36030471, 0x0156dbfe,
    0x3a023b25, 0x01520155, 0x023a551c, 0x56dbfe3b, 0x03362501, 0x00007104, 0xc0000100, 0xe1025100, 0x0e007202, 0x00ba1500, 0x000f000b, 0x39121110,
    0x0e00b800, 0x0b00b82f, 0x133130dc, 0x17071533, 0x01170137, 0x33371707, 0x71c02115, 0x01360304, 0xdbfe5625, 0x553a023b, 0xa301aefe, 0x3b023a55,
    0xfe562501, 0x040336db, 0x00000071, 0xa3000100, 0xc4025100, 0x0e007202, 0x00ba1500, 0x000f0002, 0x39121110, 0x0000b800, 0x0100b82f, 0x253130dc,
    0x37173335, 0x01370127, 0x35273717, 0x72011133, 0x3b023a55, 0x0156dbfe, 0x04033625, 0x04715171, 0x25013603, 0x3bdbfe56, 0xfe553a02, 0x000000ae,
    0xb7000100, 0xcc020000, 0x1000c602, 0x00ba3d00, 0x0011000d, 0x39121112, 0x0500b800, 0x0000b82f, 0x00b85845, 0xb91b2f00, 0x1d000000, 0x00b8593e,
    0xb8584500, 0x1b2f0800, 0x000800b9, 0xb8593e13, 0xb9100500, 0x06000a00, 0x013130f4, 0x17010f17, 0x23113337, 0x07272311, 0x2707011f, 0x3c50a601,
    0xed50012c, 0x0150737a, 0xef503c2c, 0x3c50c602, 0xfd040426, 0x049a01ec, 0x503c2604, 0x000000ef, 0xb7000100, 0xcc02f4ff, 0x1000ba02, 0x00ba3d00,
    0x0011000d, 0x39121112, 0x0500b800, 0x0000b82f, 0x00b85845, 0xb91b2f07, 0x1d000700, 0x00b8593e, 0xb8584500, 0x1b2f0f00, 0x000f00b9, 0xb8593e13,
    0xb9100500, 0x06000a00, 0x013130f4, 0x17010f17, 0x33113337, 0x07272311, 0x2707011f, 0x3c50a601, 0x7350012c, 0x0150ed7a, 0xef503c2c, 0x3c50d201,
    0x01040426, 0x04ecfd9a, 0x503c2604, 0x000000ef, 0x5f000100, 0x25036800, 0x10007d02, 0x00ba1b00, 0x00110002, 0x39121112, 0x1000b800, 0x0600b82f,
    0x0900b92f, 0x30f40600, 0x2f070131, 0x15170701, 0x35211521, 0x010f2737, 0x3d023727, 0x04263c50, 0xfd9a0104, 0x260404ec, 0x01ef503c, 0x2c3c508e,
    0x7a735001, 0x2c0150ed, 0x00ef503c, 0x5f000100, 0x25036800, 0x10007d02, 0x00ba1f00, 0x0011000d, 0x39121112, 0x0800b800, 0x1000b82f, 0x0800b82f,
    0x0700b910, 0x30f40600, 0x2f070131, 0x15170701, 0x35213521, 0x010f2737, 0x25033727, 0x04263c50, 0x01ecfd04, 0x2604049a, 0x01ef503c, 0x2c3c508e,
    0x7aed5001, 0x2c015073, 0x00ef503c, 0x5f000100, 0x25034900, 0x10005e02, 0x00ba1b00, 0x0011000d, 0x39121112, 0x1000b800, 0x0600b82f, 0x0900b92f,
    0x30f40600, 0x1f371331, 0x35273701, 0x15211521, 0x013f1707, 0x505f0717, 0x0404263c, 0x66fe1402, 0x3c260404, 0x3801ef50, 0x012c3c50, 0x737aed50,
    0x3c2c0150, 0x0000ef50, 0x5f000100, 0x25034900, 0x10005e02, 0x00ba1f00, 0x00110002, 0x39121112, 0x0800b800, 0x1000b82f, 0x0800b82f, 0x0700b910,
    0x30f40600, 0x1f370131, 0x35273701, 0x15213521, 0x013f1707, 0x47010717, 0x04263c50, 0x0266fe04, 0x26040414, 0x01ef503c, 0x2c3c5038, 0x7a735001,
    0x2c0150ed, 0x00ef503c, 0xb8000100, 0xcd020000, 0x1000c602, 0x00ba3d00, 0x00110002, 0x39121112, 0x0900b800, 0x0000b82f, 0x00b85845, 0xb91b2f0f,
    0x1d000f00, 0x00b8593e, 0xb8584500, 0x1b2f0800, 0x000800b9, 0xb8593e13, 0xb9100900, 0x06000600, 0x253130f4, 0x27013f27, 0x23112307, 0x37173311,
    0x1737012f, 0x3c50de01, 0x7350012c, 0x0150ed7a, 0xef503c2c, 0x263c50e8, 0x66fe0404, 0x04041402, 0xef503c26, 0xb8000100, 0xcd02f4ff, 0x1000ba02,
    0x00ba3d00, 0x00110002, 0x39121112, 0x0900b800, 0x0000b82f, 0x00b85845, 0xb91b2f07, 0x1d000700, 0x00b8593e, 0xb8584500, 0x1b2f0000, 0x000000b9,
    0xb8593e13, 0xb9100900, 0x06000600, 0x053130f4, 0x27013f27, 0x33112307, 0x37173311, 0x1737012f, 0x3c50de01, 0xed50012c, 0x0150737a, 0xef503c2c,
    0x263c500c, 0x14020404, 0x040466fe, 0xef503c26, 0x5f00ffff, 0x2503cbff, 0x2702f002, 0x00007c03, 0x07005dff, 0x00007903, 0x0000a400, 0x5f00ffff,
    0x2503cbff, 0x2702f002, 0x00007903, 0x07005dff, 0x00007c03, 0x0000a400, 0x4f000100, 0x35036e00, 0x19004c02, 0x00ba1700, 0x001a0017, 0x3912111b,
    0x0500b800, 0x1300b92f, 0x30f40600, 0x0f170131, 0x33371701, 0x012f3717, 0x27071737, 0x0727013f, 0x1f072723, 0x01270701, 0x2c3c503e, 0x50965001,
    0x503c2c01, 0x3c50efef, 0x9650012c, 0x3c2c0150, 0x4c02ef50, 0x04263c50, 0x26040404, 0xefef503c, 0x04263c50, 0x26040404, 0x00ef503c, 0xd3000100,
    0xb102f4ff, 0x1900c602, 0x00ba2f00, 0x001a0019, 0x3912111b, 0x0000b800, 0x00b85845, 0xb91b2f0c, 0x1d000c00, 0x00b8593e, 0xb8584500, 0x1b2f1900,
    0x001900b9, 0x30593e13, 0x1f013f31, 0x35273701, 0x010f2737, 0x07173727, 0x1707012f, 0x3f170715, 0xd3071701, 0x04263c50, 0x26040404, 0xefef503c,
    0x04263c50, 0x26040404, 0xe3ef503c, 0x012c3c50, 0x01508250, 0xef503c2c, 0x2c3c50ef, 0x50825001, 0x503c2c01, 0x000000ef, 0x1a000100, 0x6a032500,
    0x2200ab02, 0x00ba2300, 0x00230020, 0x39121124, 0x0b00b800, 0x2200b82f, 0x1100b82f, 0x0b00b82f, 0x1600b910, 0x30f40600, 0x1f371331, 0x35273701,
    0x33023e34, 0x15021e32, 0x022e3423, 0x020e2227, 0x1707011d, 0x0717013f, 0x263c501a, 0x542a0404, 0x7d54547d, 0x187a2a54, 0x38385134, 0x04183451,
    0x503c2604, 0x501401ef, 0x50012c3c, 0x5c7b440d, 0x7b5c3636, 0x3d4f2b44, 0x3e250226, 0x500d2b51, 0x503c2c01, 0x000000ef, 0x1a000100, 0x6a032500,
    0x2200ab02, 0x00ba2300, 0x00230001, 0x39121124, 0x1600b800, 0x2200b82f, 0x1100b82f, 0x1600b82f, 0x0b00b910, 0x30f40600, 0x1f370131, 0x35273701,
    0x23022e34, 0x2315030e, 0x33023e34, 0x1d021e32, 0x3f170701, 0x01071701, 0x263c508c, 0x34180404, 0x51383851, 0x2a7a1834, 0x54547d54, 0x042a547d,
    0x503c2604, 0x501401ef, 0x50012c3c, 0x3e512b0d, 0x3d260225, 0x7b442b4f, 0x5c36365c, 0x500d447b, 0x503c2c01, 0x000000ef, 0x5f000100, 0x25033b00,
    0x1e007f02, 0x00ba2500, 0x001f001c, 0x39121120, 0x0500b800, 0x0d00b82f, 0x0c00b92f, 0xb8f40700, 0xb9100500, 0x06001800, 0x013130f4, 0x17010f17,
    0x36323337, 0x23263435, 0x021e3235, 0x020e1415, 0x0727012b, 0x2707011f, 0x3c504e01, 0xb650012c, 0x25383825, 0x263f552e, 0x2e553f26, 0x2c0150b6,
    0x02ef503c, 0x263c5019, 0x2c270404, 0x1972272c, 0x32324b33, 0x0419334b, 0x503c2604, 0x000000ef, 0x5f000100, 0x25033b00, 0x1e007f02, 0x00ba2500,
    0x001f0001, 0x39121120, 0x1000b800, 0x1700b82f, 0x0600b92f, 0xb8f40600, 0xb9101000, 0x07001100, 0x253130f4, 0x27013f27, 0x2e222307, 0x3e343502,
    0x22153302, 0x16141506, 0x3717013b, 0x1737012f, 0x3c503602, 0xb650012c, 0x263f542f, 0x2f543f26, 0x25383825, 0x2c0150b6, 0x3bef503c, 0x04263c50,
    0x4b331904, 0x334b3232, 0x2c277219, 0x0404272c, 0xef503c26, 0x6d000100, 0x1703f5ff, 0x3000ba02, 0x00ba4100, 0x0031000f, 0x39121132, 0x0000b800,
    0x00b85845, 0xb91b2f30, 0x1d003000, 0x00b8593e, 0xb8584500, 0x1b2f0f00, 0x000f00b9, 0xb8593e13, 0xb8103000, 0xb8dc0200, 0xb9100f00, 0x06002000,
    0x013130f4, 0x07272315, 0x15031e17, 0x23020e14, 0x35022e22, 0x17373634, 0x1415010e, 0x3233021e, 0x3435023e, 0x012f022e, 0x23151707, 0x55080311,
    0x1918023a, 0x36182631, 0x47467c5c, 0x44365d7c, 0x2e364e4e, 0x2d503b22, 0x20394f30, 0x1521170c, 0x7104031c, 0x0471ba02, 0x31161603, 0x47314e3e,
    0x332e5274, 0x59437659, 0x2c55418a, 0x4d2c4162, 0x351d2139, 0x2e1b2d4a, 0x1c152629, 0x01553a02, 0x00000052, 0x6d000100, 0x1703f5ff, 0x3000ba02,
    0x00ba3d00, 0x00310020, 0x39121132, 0x0000b800, 0x00b85845, 0xb91b2f2f, 0x1d002f00, 0x00b8593e, 0xb8584500, 0x1b2f2000, 0x002000b9, 0xb9593e13,
    0x06000f00, 0x2f00b8f4, 0x2e00b810, 0x013130dc, 0x27373523, 0x15030e07, 0x33021e14, 0x35023e32, 0x37272634, 0x1415011e, 0x2223020e, 0x3435022e,
    0x013f023e, 0x35230727, 0x71ce0121, 0x151c0304, 0x200c1721, 0x2d304f39, 0x2e223b50, 0x444e4e36, 0x467d5d36, 0x365c7c46, 0x19312618, 0x553a0218,
    0x68015201, 0x1c023a55, 0x2e292615, 0x354a2d1b, 0x4d39211d, 0x2c62412c, 0x598a4155, 0x33597643, 0x4774522e, 0x313e4e31, 0x04031616, 0x00000071,
    0x6e000100, 0xea015902, 0x1900ee02, 0x00ba7f00, 0x001a0003, 0x3912111b, 0x0000b800, 0x0003412f, 0x00000070, 0x03415d01, 0x00009f00, 0x41710100,
    0x000f0003, 0x5d010000, 0xff000341, 0x01000000, 0x0003415d, 0x000000b0, 0x03415d01, 0x00009000, 0xb85d0100, 0xbadc0600, 0x06000900, 0x12110000,
    0x00b87d39, 0xb8182f09, 0xb9100600, 0x03000d00, 0x0000b8f4, 0x1300b910, 0xbaf40300, 0x0d001600, 0x12111300, 0x00b87c39, 0x30182f16, 0x26220131,
    0x23012e27, 0x27070622, 0x3233013e, 0x011e1716, 0x37363233, 0x01010e17, 0x13231778, 0x11142416, 0x1234101a, 0x23172838, 0x14241613, 0x34101a11,
    0x59023812, 0x0d09080c, 0x1b440d0c, 0x09080c25, 0x440d0c0d, 0x0000251b, 0x84000100, 0xd4015902, 0x1700ee02, 0x00ba7f00, 0x00180003, 0x39121119,
    0x0000b800, 0x0003412f, 0x00000070, 0x03415d01, 0x00009f00, 0x41710100, 0x000f0003, 0x5d010000, 0xff000341, 0x01000000, 0x0003415d, 0x000000b0,
    0x03415d01, 0x00009000, 0xb85d0100, 0xbadc0600, 0x06000800, 0x12110000, 0x00b87d39, 0xb8182f08, 0xb9100600, 0x03000c00, 0x0000b8f4, 0x1200b910,
    0xbaf40300, 0x0c001400, 0x12111200, 0x00b87c39, 0x30182f14, 0x26220131, 0x23012e27, 0x3e270722, 0x16323301, 0x33011e17, 0x0e173732, 0x146e0101,
    0x1f13111e, 0x33181911, 0x14243111, 0x1f13111e, 0x33181911, 0x59023111, 0x0d09080c, 0x261c3e15, 0x0d09080c, 0x261c3e15, 0x93000100, 0xc5017002,
    0x0300d702, 0x00ba4300, 0x00040003, 0x39121105, 0x0300b800, 0x0003412f, 0x0003003f, 0x03417101, 0x0300bf00, 0x41710100, 0x006f0003, 0x71010003,
    0x70000741, 0x80000300, 0x90000300, 0x03000300, 0x0000b95d, 0x30f40300, 0x15211331, 0x32019321, 0xd702cefe, 0x00000067, 0xd3000100, 0x85014f02,
    0x0d00f802, 0x00ba4600, 0x000e0000, 0x3912110f, 0x0000b800, 0x0003412f, 0x000000cf, 0x03415d01, 0x00001f00, 0x41710100, 0x000f0003, 0x5d010000,
    0x90000341, 0x01000000, 0x0700b85d, 0x000541dc, 0x00070000, 0x00070010, 0x31305d02, 0x3d262201, 0x33363401, 0x011d1632, 0x2c010614, 0x32272732,
    0x02272732, 0x1d1d294f, 0x1d29291d, 0x00291d1d, 0x6e000200, 0xea015802, 0x0d00ef02, 0x51001b00, 0x000b00ba, 0x111d001c, 0x00b83912, 0x00b8100b,
    0xb800d011, 0x412f0000, 0x00700003, 0x5d010000, 0x0f000341, 0x01000000, 0x0003415d, 0x000000b0, 0x03415d01, 0x00009000, 0xb85d0100, 0xb8dc0700,
    0xb8100000, 0xb8d00e00, 0xb8100700, 0x30d01500, 0x26221331, 0x3634013d, 0x1d163233, 0x33061401, 0x013d2622, 0x32333634, 0x14011d16, 0x232dbe06,
    0x232d2d23, 0x232daf23, 0x232d2d23, 0x25580223, 0x251a191a, 0x1a191a25, 0x191a2525, 0x1a25251a, 0x00251a19, 0x81000200, 0x25024302, 0x03002c03,
    0x38000700, 0x000500ba, 0x11090008, 0x00b83912, 0x00b81005, 0xb800d003, 0x412f0000, 0x000f0003, 0x5d010000, 0x2f000341, 0x01000000, 0x0003415d,
    0x000000b0, 0x00b85d01, 0x3130d004, 0x1f372713, 0x17372701, 0x746351d2, 0x74635147, 0xc2274302, 0xc227b039, 0x00000039, 0xe4000100, 0xc2014302,
    0x03003003, 0x00ba2c00, 0x00040000, 0x39121105, 0x0000b800, 0x0003412f, 0x0000002f, 0x03415d01, 0x00000f00, 0x415d0100, 0x00b00003, 0x5d010000,
    0x27013130, 0x3c011737, 0x027b6358, 0x3dc22b43, 0x96000100, 0x74014302, 0x03003003, 0x00ba2c00, 0x00040003, 0x39121105, 0x0300b800, 0x0003412f,
    0x0003002f, 0x03415d01, 0x03000f00, 0x415d0100, 0x00b00003, 0x5d010003, 0x37133130, 0x7b960717, 0xf3025863, 0x002bc23d, 0x6a000100, 0xee014202,
    0x06001b03, 0x00ba5000, 0x00070003, 0x39121108, 0x0400b800, 0x0003412f, 0x000400ef, 0x03415d01, 0x04000f00, 0x415d0100, 0x001f0003, 0x71010004,
    0x2f000341, 0x01000400, 0x0003415d, 0x000400b0, 0x00b85d01, 0x00b8d002, 0x00b81004, 0x00b9dc03, 0xf4030006, 0x17013130, 0x27072707, 0x846a0137,
    0x49797949, 0x9f1b0384, 0x3a73733a, 0x0000009f, 0x6a000100, 0xee014b02, 0x06002403, 0x00ba8200, 0x00070003, 0x39121108, 0x0000b800, 0x0003412f,
    0x00000050, 0x03417101, 0x00001000, 0x41720100, 0x00b00003, 0x72010000, 0xb0000341, 0x01000000, 0x0003415d, 0x0000000f, 0x03415d01, 0x00002f00,
    0x415d0100, 0x00d00003, 0x72010000, 0x80000341, 0x01000000, 0x00034172, 0x000000c0, 0x03417101, 0x00000000, 0x41710100, 0x00900003, 0x5d010000,
    0x000300b9, 0x00b8f403, 0x00b8dc02, 0x3130d004, 0x17372713, 0xee071737, 0x79794984, 0x4b028449, 0x73733a9f, 0x00009f3a, 0x6e000100, 0xea014302,
    0x13001703, 0x00ba4c00, 0x00140000, 0x39121115, 0x0000b800, 0x0003412f, 0x000000ef, 0x03415d01, 0x00000f00, 0x415d0100, 0x005f0003, 0x71010000,
    0x2f000341, 0x01000000, 0x0003415d, 0x000000b0, 0x00b95d01, 0xf403000a, 0xdc0600b8, 0xd00e00b8, 0x22013130, 0x3727022e, 0x33011e17, 0x013f3632,
    0x01030e17, 0x2c402c2c, 0x1451091d, 0x1a1a2916, 0x5014162a, 0x3f2e1e09, 0x32214302, 0x212a1b3c, 0x24282824, 0x3c1b2a21, 0x00002132, 0x6c000100,
    0xec014302, 0x11001103, 0x00ba4300, 0x00120000, 0x39121113, 0x0000b800, 0x0003412f, 0x000000ef, 0x03415d01, 0x00000f00, 0x415d0100, 0x002f0003,
    0x5d010000, 0xb0000341, 0x01000000, 0x0900b95d, 0xb8f40300, 0xb8dc0500, 0x30d00d00, 0x26220131, 0x1737012f, 0x3233011e, 0x17013f36, 0x01010e07,
    0x1752422c, 0x06207315, 0x1a0d0d1a, 0x15732006, 0x43025217, 0x2b33363a, 0x04040365, 0x332b6503, 0x00003a36, 0x98000200, 0xc0012e02, 0x13004c03,
    0x52002100, 0x000000ba, 0x11230022, 0x00b83912, 0xb800d014, 0x412f0000, 0x008f0003, 0x5d010000, 0x0f000341, 0x01000000, 0x0003415d, 0x0000002f,
    0x03415d01, 0x00006f00, 0x415d0100, 0x004f0003, 0x5d010000, 0x001400b9, 0x00b8f404, 0x00b9dc0a, 0xf404001b, 0x22013130, 0x3435022e, 0x3233023e,
    0x1415021e, 0x3227020e, 0x34013d36, 0x06222326, 0x1614011d, 0x361f2c01, 0x28171728, 0x361f1f36, 0x28171728, 0x1a191f36, 0x1a19191a, 0x152e021a,
    0x1f1f3526, 0x15152635, 0x1f1f3526, 0x4b152635, 0x1822181b, 0x22181b1b, 0x00001b18, 0x94000300, 0xc4013402, 0x0300dd03, 0x21001700, 0x00ba9b00,
    0x00220004, 0x39121123, 0x100400b8, 0xd00000b8, 0x100400b8, 0xd01800b8, 0x00b87d00, 0x41182f04, 0x003f0003, 0x72010004, 0xaf000341, 0x01000400,
    0x000f415d, 0x0004000f, 0x0004001f, 0x0004002f, 0x0004003f, 0x0004004f, 0x0004005f, 0x0004006f, 0x03415d07, 0x04008f00, 0x415d0100, 0x005f0003,
    0x72010004, 0xef000341, 0x01000400, 0x0003415d, 0x000400cf, 0x00b95d01, 0xf4040018, 0xdc0e00b8, 0x7f000341, 0x01000e00, 0x0000b871, 0x0e00b8dc,
    0x1d00b910, 0x30f40400, 0x37270131, 0x2e220317, 0x3e343502, 0x1e323302, 0x0e141502, 0x3d322702, 0x22233401, 0x0114011d, 0x4a813525, 0x2937208f,
    0x37291818, 0x29372020, 0x37291818, 0x37373720, 0x75392f03, 0x10a8fe51, 0x1c1d2c1f, 0x10101f2d, 0x1d1c2d1f, 0x46101f2c, 0x2d2d0a2d, 0x00002d0a,
    0xe7000100, 0x7f014002, 0x11002903, 0x00ba3f00, 0x00120000, 0x39121113, 0x00b87c00, 0x41182f00, 0x00b00003, 0x5d010000, 0x0f000341, 0x01000000,
    0x0003415d, 0x000000f0, 0x03415d01, 0x0000d000, 0xb85d0100, 0xb8dc0b00, 0x30dc0700, 0x26220131, 0x3634013d, 0x010e3337, 0x1d011e07, 0x01061401,
    0x2625212d, 0x1c1a551d, 0x25151d08, 0x1e204002, 0x19562e0e, 0x021e2f16, 0x1e0b1625, 0x00000020, 0x89000100, 0x2c010d02, 0x0300e402, 0x00ba1e00,
    0x00040003, 0x39121105, 0x0000b800, 0x00b85845, 0xb91b2f02, 0x1f000200, 0x3130593e, 0x33372313, 0x9d0661ea, 0x00d70d02, 0xbe000100, 0xbe012cff,
    0x1e001e00, 0x00ba7700, 0x001f0007, 0x39121120, 0x00b87d00, 0xb8182f11, 0x41dc1700, 0x00af000d, 0x00bf0017, 0x00cf0017, 0x00df0017, 0x00ef0017,
    0x00ff0017, 0x5d060017, 0x0f001941, 0x1f001700, 0x2f001700, 0x3f001700, 0x4f001700, 0x5f001700, 0x6f001700, 0x7f001700, 0x8f001700, 0x9f001700,
    0xaf001700, 0xbf001700, 0x0c001700, 0x1000b871, 0x0700b8dc, 0x0000b9dc, 0x30f40400, 0x26220531, 0x011e3727, 0x35363233, 0x2f022e34, 0x07333701,
    0x33013e17, 0x14151632, 0x3a01020e, 0x2e0d3b34, 0x1317210a, 0x1d110619, 0x43161517, 0x180c0412, 0x162b1e0c, 0x1dd43025, 0x110c380f, 0x0c060d0c,
    0x0202090b, 0x03045568, 0x1a252004, 0x00091622, 0x56000100, 0x4c012cff, 0x19001600, 0x00ba6600, 0x001a000b, 0x3912111b, 0x0000b800, 0x00b85845,
    0xb91b2f00, 0x15000000, 0x00b8593e, 0xb8584500, 0x1b2f0b00, 0x000b00b9, 0x41593e13, 0x00000013, 0x00100000, 0x00200000, 0x00300000, 0x00400000,
    0x00500000, 0x00600000, 0x00700000, 0x00800000, 0x5d090000, 0x100000b8, 0x001300b9, 0x00b8f404, 0x3130dc16, 0x022e2217, 0x37363435, 0x0e173327,
    0x16141503, 0x37363233, 0xd2010e17, 0x14222d19, 0x5d08383f, 0x182d250a, 0x120f1708, 0x0d350b1a, 0x1309d43d, 0x372a1821, 0x17161a1a, 0x0912181f,
    0x0c100e13, 0x001b1833, 0x01010100, 0xa9014302, 0x03003003, 0x00ba2700, 0x00040002, 0x39121105, 0x0000b800, 0x0003412f, 0x0000002f, 0x03415d01,
    0x00000f00, 0xb85d0100, 0x30dc0200, 0x37270131, 0x5f600117, 0x43028523, 0x0014df0e, 0x77000300, 0x1d024302, 0x09003003, 0x17000d00, 0x00ba5900,
    0x0018000c, 0x39121119, 0x100c00b8, 0xd00800b8, 0x100c00b8, 0xd01000b8, 0x0a00b800, 0x0003412f, 0x000a000f, 0x03415d01, 0x0a002f00, 0xb85d0100,
    0xbadc0c00, 0x0a000000, 0x12110c00, 0x0000b839, 0x0500b82f, 0x0000b8dc, 0x0e00b810, 0x0500b8d0, 0x1300b810, 0x133130d0, 0x34013d22, 0x011d3233,
    0x37271714, 0x3d22011f, 0x32333401, 0xb714011d, 0x5b404040, 0x4265233f, 0x02404040, 0x3b183a5d, 0x1a3b183a, 0xc211e20b, 0x3a3b183a, 0x00003b18,
    0x43ffffff, 0xbf005902, 0x0700ee02, 0xd5fe9303, 0x00000000, 0x68ffffff, 0x9a007002, 0x0700d702, 0xd5fe9503, 0x00000000, 0xa8ffffff, 0x5a004f02,
    0x0700f802, 0xd5fe9603, 0x00000000, 0x43ffffff, 0xbf005802, 0x0700ef02, 0xd5fe9703, 0x00000000, 0x56ffffff, 0xfa004302, 0x07002c03, 0xd5fe9803,
    0x00000000, 0xb9ffffff, 0x97004302, 0x07003003, 0xd5fe9903, 0x00000000, 0x6bffffff, 0x49004302, 0x07003003, 0xd5fe9a03, 0x00000000, 0x3fffffff,
    0xc3004202, 0x07001b03, 0xd5fe9b03, 0x00000000, 0x3fffffff, 0xc3004b02, 0x07002403, 0xd5fe9c03, 0x00000000, 0x43ffffff, 0xbf004302, 0x07001703,
    0xd5fe9d03, 0x00000000, 0x6dffffff, 0x95002e02, 0x07004c03, 0xd5fe9f03, 0x00000000, 0x88ff0100, 0x79003902, 0x0d002203, 0xb8006500, 0x412f0a00,
    0x00100003, 0x7101000a, 0x80000341, 0x01000a00, 0x00034171, 0x000a002f, 0x03415d01, 0x0a004f00, 0x415d0100, 0x000f0003, 0x5d01000a, 0x30000941,
    0x40000a00, 0x50000a00, 0x60000a00, 0x04000a00, 0x00034171, 0x000a00f0, 0x03415d01, 0x0a00d000, 0xb85d0100, 0xb9dc0d00, 0x03000000, 0x033130f4,
    0x021e3233, 0x0f061415, 0x23372701, 0x261c8f78, 0x19200a16, 0x7a294b1c, 0x140c2203, 0x431d0f1a, 0x5c23221e, 0xbcffffff, 0x54004002, 0x07002903,
    0xd5fea103, 0x00000000, 0x0100ffff, 0xa4000d02, 0x0700e402, 0x78ffa203, 0x00000000, 0x83ff0100, 0x7d00b401, 0x08007702, 0xb8002000, 0x58450000,
    0x2f0500b8, 0x0500b91b, 0x593e1b00, 0xdc0400b8, 0x100500b8, 0xdc0700b8, 0x14133130, 0x35012b06, 0x7d333533, 0x7e963c28, 0x3319027c, 0x006a5932,
    0x93ffffff, 0x93002cff, 0x07001e00, 0xd5fea303, 0x00000000, 0xafff0100, 0x510034ff, 0x0d00ccff, 0xb8001400, 0x412f0700, 0x00000003, 0x5d010007,
    0xdc0000b8, 0x22153130, 0x34013d26, 0x16323336, 0x0614011d, 0x2d24242d, 0xcc24242d, 0x1a1a1a25, 0x1a1a2525, 0x0000251a, 0xadff0100, 0x4500edfe,
    0x1100d6ff, 0xb8002900, 0x412f0000, 0x00000007, 0x00100000, 0x00200000, 0x5d030000, 0xdc0b00b8, 0xdc0800b8, 0x20000341, 0x01000800, 0x0731305d,
    0x011d1632, 0x23070614, 0x2e37013e, 0x34013d01, 0x25210136, 0x1a551d26, 0x151d081c, 0x1e202a25, 0x19562e0e, 0x021e2f16, 0x1e0b1625, 0x00000020,
    0x2bffffff, 0x21002cff, 0x07001600, 0xd5fea403, 0x00000000, 0x3aff0200, 0xc6003c02, 0x1300c603, 0x6d001700, 0x00b87d00, 0x41182f00, 0x00af0003,
    0x5d010000, 0x0f000b41, 0x1f000000, 0x2f000000, 0x3f000000, 0x4f000000, 0x05000000, 0x0003415d, 0x0000006f, 0x03415d01, 0x00008f00, 0x415d0100,
    0x00300003, 0x71010000, 0x50000341, 0x01000000, 0x0a00b971, 0xb8f40300, 0xb8dc0600, 0xbad00e00, 0x06001400, 0x12110a00, 0x00b87c39, 0x30182f14,
    0x2e221131, 0x17372702, 0x3233011e, 0x17013f36, 0x012f030e, 0x412a1737, 0x4b0a2130, 0x17361a14, 0x141a331a, 0x30210a4b, 0x604f1641, 0x1b3c0271,
    0x2f1a342c, 0x1b1a271e, 0x1a2f1e26, 0xa11b2c34, 0x0039c227, 0x3aff0200, 0xc6003c02, 0x1300c603, 0x6d001700, 0x00b87d00, 0x41182f00, 0x00af0003,
    0x5d010000, 0x0f000b41, 0x1f000000, 0x2f000000, 0x3f000000, 0x4f000000, 0x05000000, 0x0003415d, 0x0000006f, 0x03415d01, 0x00008f00, 0x415d0100,
    0x00300003, 0x71010000, 0x50000341, 0x01000000, 0x0a00b971, 0xb8f40300, 0xb8dc0600, 0xbad00e00, 0x06001700, 0x12110a00, 0x00b87c39, 0x30182f17,
    0x2e221131, 0x17372702, 0x3233011e, 0x17013f36, 0x3703030e, 0x412a0717, 0x4b0a2130, 0x17361a14, 0x141a331a, 0x30210a4b, 0x606fbd41, 0x1b3c0250,
    0x2f1a342c, 0x1b1a271e, 0x1a2f1e26, 0x011b2c34, 0x29c03951, 0x3aff0200, 0xc6003c02, 0x1300b803, 0x91002100, 0x00b87d00, 0x41182f00, 0x00af0003,
    0x5d010000, 0x0f000b41, 0x1f000000, 0x2f000000, 0x3f000000, 0x4f000000, 0x05000000, 0x0003415d, 0x0000008f, 0x03415d01, 0x00006f00, 0x415d0100,
    0x00300003, 0x71010000, 0x50000341, 0x01000000, 0x0a00b971, 0xb8f40300, 0xb8dc0600, 0xbad00e00, 0x06001e00, 0x12110a00, 0x00b87c39, 0x41182f1e,
    0x00ef0005, 0x00ff001e, 0x5d02001e, 0x0f000541, 0x1f001e00, 0x02001e00, 0x2100b871, 0x1400b9dc, 0x30f40300, 0x2e221131, 0x17372702, 0x3233011e,
    0x17013f36, 0x3303030e, 0x15021e32, 0x010f0614, 0x2a233727, 0x0a213041, 0x361a144b, 0x1a331a17, 0x210a4b14, 0x88ac4130, 0x0a16261c, 0x421b1925,
    0x3c027a2b, 0x1a342c1b, 0x1a271e2f, 0x2f1e261b, 0x1b2c341a, 0x140c7c01, 0x421e0e1a, 0x6320211f, 0x3aff0200, 0xc6003c02, 0x1300a303, 0x99002d00,
    0x00b87d00, 0x41182f00, 0x000f000b, 0x001f0000, 0x002f0000, 0x003f0000, 0x004f0000, 0x5d050000, 0x8f000341, 0x01000000, 0x0003415d, 0x000000af,
    0x03415d01, 0x00006f00, 0x415d0100, 0x00500003, 0x71010000, 0x30000341, 0x01000000, 0x0a00b971, 0xb8f40300, 0xb8dc0600, 0xb8d00e00, 0xb8dc1400,
    0xbadc1a00, 0x1a001d00, 0x12111400, 0x00b87d39, 0xb8182f1d, 0xb9101a00, 0x03002100, 0x1400b8f4, 0x2700b910, 0xbaf40300, 0x21002a00, 0x12112700,
    0x00b87c39, 0x30182f2a, 0x2e221131, 0x17372702, 0x3233011e, 0x17013f36, 0x2237030e, 0x012e2726, 0x07062223, 0x33013e27, 0x1e171632, 0x36323301,
    0x010e1737, 0x2130412a, 0x1a144b0a, 0x331a1736, 0x0a4b141a, 0x1d413021, 0x15122215, 0x1a111323, 0x38123210, 0x12221628, 0x11132215, 0x1232101a,
    0x1b3c0238, 0x2f1a342c, 0x1b1a271e, 0x1a2f1e26, 0xd81b2c34, 0x0d09080a, 0x1b400d0b, 0x08080c24, 0x400d0c0c, 0x0000251b, 0x42ff0300, 0xbe004b02,
    0x0300c603, 0x1f001100, 0xb8003100, 0x412f0400, 0x00b00003, 0x5d010004, 0x90000341, 0x01000400, 0x0b00b85d, 0x0100b8dc, 0x0400b8dc, 0x1200b810,
    0x0b00b8d0, 0x1900b810, 0x133130d0, 0x03173727, 0x013d2622, 0x32333634, 0x14011d16, 0x26223306, 0x3634013d, 0x1d163233, 0x0a061401, 0xfe72634f,
    0x2d23232d, 0xaf23232d, 0x2d23232d, 0x0223232d, 0x39c227dd, 0x1a25befe, 0x25251a19, 0x251a191a, 0x1a191a25, 0x191a2525, 0x0000251a, 0x40ff0300,
    0xc0004b02, 0x0600c803, 0x22001400, 0xb8004800, 0x412f0700, 0x00b00003, 0x5d010007, 0x90000341, 0x01000700, 0x0003415d, 0x00070070, 0x00b85d01,
    0x00b8dc0e, 0x00b9dc00, 0xf4030003, 0xdc0200b8, 0xd00400b8, 0x100700b8, 0xd01500b8, 0x100e00b8, 0xd01c00b8, 0x27033130, 0x17371737, 0x2622010f,
    0x3634013d, 0x1d163233, 0x33061401, 0x013d2622, 0x32333634, 0x14011d16, 0x44912f06, 0x91447c7c, 0x23232d9d, 0x23232d2d, 0x23232daf, 0x23232d2d,
    0x4093f502, 0x93406868, 0x191a25aa, 0x1a25251a, 0x25251a19, 0x251a191a, 0x1a191a25, 0x00000025, 0x42ff0300, 0xbe004b02, 0x0300c603, 0x1f001100,
    0xb8003600, 0x412f0400, 0x00b00003, 0x5d010004, 0x90000341, 0x01000400, 0x0003415d, 0x00040070, 0x00b85d01, 0x00b8dc0b, 0x00b8d019, 0x00b8dc02,
    0x00b81004, 0x3130d012, 0x0f173703, 0x3d262201, 0x33363401, 0x011d1632, 0x22330614, 0x34013d26, 0x16323336, 0x0614011d, 0x4f637290, 0x23232d64,
    0x23232d2d, 0x23232daf, 0x23232d2d, 0xc2398d03, 0x1a259227, 0x25251a19, 0x251a191a, 0x1a191a25, 0x191a2525, 0x0000251a, 0x40ff0200, 0x33013a02,
    0x0300c603, 0x70000a00, 0x00b87d00, 0x41182f08, 0x00af0003, 0x5d010008, 0x0f000f41, 0x1f000800, 0x2f000800, 0x3f000800, 0x4f000800, 0x5f000800,
    0x6f000800, 0x07000800, 0x0003415d, 0x000800cf, 0x03415d01, 0x08008f00, 0x415d0100, 0x00500003, 0x71010008, 0xdc0700b8, 0x000a00b9, 0x00baf403,
    0x000a0000, 0x39121107, 0x0000b87c, 0x00b8182f, 0x00b81008, 0x3130d006, 0x17372713, 0x27071705, 0xad372707, 0xfe72634f, 0x7c4491fc, 0x0291447c,
    0x39c227dd, 0x68409380, 0x00934068, 0x47ff0200, 0xb9003d02, 0x0600bc03, 0x6a001a00, 0x00b87d00, 0x41182f04, 0x000f000b, 0x001f0004, 0x002f0004,
    0x003f0004, 0x004f0004, 0x5d050004, 0x8f000341, 0x01000400, 0x0003415d, 0x0004006f, 0x03415d01, 0x04005000, 0x41710100, 0x00300003, 0x71010004,
    0xd00200b8, 0x100400b8, 0xdc0300b8, 0x000600b9, 0x00b8f403, 0x00b9dc07, 0xf4030011, 0xdc0d00b8, 0xd01500b8, 0x17133130, 0x27072707, 0x2e22013f,
    0x17372702, 0x3233011e, 0x17013f36, 0x8930030e, 0x3c7d7d3c, 0x3d263089, 0x45091f2d, 0x1c281b14, 0x141b281c, 0x2e1f0945, 0x74f2023c, 0x41545441,
    0x27191874, 0x182c172f, 0x211c1c21, 0x2f172c18, 0x00001927, 0xcdfe0200, 0xc0003a02, 0x0300c603, 0x70000a00, 0x00b87d00, 0x41182f08, 0x00af0003,
    0x5d010008, 0x0f000f41, 0x1f000800, 0x2f000800, 0x3f000800, 0x4f000800, 0x5f000800, 0x6f000800, 0x07000800, 0x0003415d, 0x000800cf, 0x03415d01,
    0x08008f00, 0x415d0100, 0x00500003, 0x71010008, 0xdc0700b8, 0x000a00b9, 0x00baf403, 0x000a0003, 0x39121107, 0x0300b87c, 0x00b8182f, 0x00b81008,
    0x3130d006, 0x07173701, 0x27071737, 0xfe372707, 0x4f6372cd, 0x7c4491dc, 0x0391447c, 0x27c2398d, 0x68409330, 0x00934068, 0x40ff0200, 0x0e013a02,
    0x0d00b803, 0x83001400, 0x00b87d00, 0x41182f12, 0x00cf0003, 0x5d010012, 0x8f000341, 0x01001200, 0x000f415d, 0x0012000f, 0x0012001f, 0x0012002f,
    0x0012003f, 0x0012004f, 0x0012005f, 0x0012006f, 0x03415d07, 0x1200af00, 0x415d0100, 0x00500003, 0x71010012, 0xdc1100b8, 0x001400b9, 0x00baf403,
    0x0011000a, 0x39121114, 0x0a00b87c, 0x0341182f, 0x0a00ef00, 0xb85d0100, 0xb9dc0d00, 0x03000000, 0x1200b8f4, 0x1000b810, 0x133130d0, 0x021e3233,
    0x0f061415, 0x23372701, 0x2707011f, 0x26372707, 0x17251c86, 0x1b19260a, 0x09772b42, 0x7c7c4491, 0xb8039144, 0x0e1a140c, 0x211e431e, 0x93466122,
    0x40686840, 0x00000093, 0x42ff0300, 0xbe004b02, 0x03007903, 0x1f001100, 0xb8004000, 0x412f0400, 0x00b00003, 0x5d010004, 0x90000341, 0x01000400,
    0x0003415d, 0x00040070, 0x00b85d01, 0x00b8dc0b, 0x00b9dc03, 0xf4030000, 0x100400b8, 0xd01200b8, 0x100b00b8, 0xd01900b8, 0x21033130, 0x22172115,
    0x34013d26, 0x16323336, 0x0614011d, 0x3d262233, 0x33363401, 0x011d1632, 0x01990614, 0x2bcefe32, 0x2d23232d, 0xaf23232d, 0x2d23232d, 0x0323232d,
    0x25c76779, 0x251a191a, 0x1a191a25, 0x191a2525, 0x1a25251a, 0x00251a19, 0x42ff0200, 0xbe003a02, 0x1900ae03, 0x98002000, 0x00b87d00, 0x41182f1e,
    0x008f0003, 0x5d01001e, 0xcf000341, 0x01001e00, 0x0003415d, 0x001e00af, 0x0f415d01, 0x1e000f00, 0x1e001f00, 0x1e002f00, 0x1e003f00, 0x1e004f00,
    0x1e005f00, 0x1e006f00, 0x415d0700, 0x00500003, 0x7101001e, 0xdc1d00b8, 0x002000b9, 0x00b8f403, 0x00b8dc0d, 0x00b9dc13, 0xf4030000, 0x100d00b8,
    0x000600b9, 0x00baf403, 0x00000009, 0x39121106, 0x0900b87c, 0x00ba182f, 0x00130016, 0x3912110d, 0x1600b87d, 0x00b8182f, 0x00b8101e, 0x3130d01c,
    0x17163203, 0x3233011e, 0x0e173736, 0x26222301, 0x23012e27, 0x27070622, 0x011f013e, 0x27072707, 0x23174b37, 0x14241613, 0x32101a11, 0x17283812,
    0x24161323, 0x101a1114, 0xa3381232, 0x7c7c428e, 0xae038e42, 0x0d09080c, 0x1b400d0c, 0x09080c25, 0x400d0c0d, 0x86ae251b, 0x405f5f40, 0x00000086,
    0x6e000100, 0xea01fa02, 0x19008f03, 0x00ba8500, 0x001a0003, 0x3912111b, 0x0000b800, 0x0003412f, 0x0000003f, 0x03417101, 0x00002f00, 0x415d0100,
    0x00ff0003, 0x5d010000, 0x6f000f41, 0x7f000000, 0x8f000000, 0x9f000000, 0xaf000000, 0xbf000000, 0xcf000000, 0x07000000, 0x0600b85d, 0x0900badc,
    0x00000600, 0x7d391211, 0x2f0900b8, 0x0600b818, 0x0d00b910, 0xb8f40300, 0xb9100000, 0x03001300, 0x1600baf4, 0x13000d00, 0x7c391211, 0x2f1600b8,
    0x01313018, 0x2e272622, 0x06222301, 0x013e2707, 0x17163233, 0x3233011e, 0x0e173736, 0x17780101, 0x24161323, 0x101a1114, 0x28381234, 0x16132317,
    0x1a111424, 0x38123410, 0x080cfa02, 0x0d0c0d09, 0x0c251b44, 0x0c0d0908, 0x251b440d, 0x84000100, 0xd401fa02, 0x17008f03, 0x00ba8500, 0x00180003,
    0x39121119, 0x0000b800, 0x0003412f, 0x0000003f, 0x03417101, 0x00002f00, 0x415d0100, 0x00ff0003, 0x5d010000, 0x6f000f41, 0x7f000000, 0x8f000000,
    0x9f000000, 0xaf000000, 0xbf000000, 0xcf000000, 0x07000000, 0x0600b85d, 0x0800badc, 0x06000000, 0x7d391211, 0x2f0800b8, 0x0600b818, 0x0c00b910,
    0xb8f40300, 0xb9100000, 0x03001200, 0x1400baf4, 0x12000c00, 0x7c391211, 0x2f1400b8, 0x01313018, 0x2e272622, 0x07222301, 0x33013e27, 0x1e171632,
    0x37323301, 0x01010e17, 0x111e146e, 0x19111f13, 0x31113318, 0x111e1424, 0x19111f13, 0x31113318, 0x080cfa02, 0x3e150d09, 0x080c261c, 0x3e150d09,
    0x0000261c, 0x93000100, 0xc5011103, 0x03007803, 0x00ba3f00, 0x00040003, 0x39121105, 0x0300b800, 0x0003412f, 0x0003003f, 0x05417101, 0x03008f00,
    0x03009f00, 0x415d0200, 0x006f0003, 0x71010003, 0xcf000341, 0x01000300, 0x0000b95d, 0x30f40300, 0x15211331, 0x32019321, 0x7803cefe, 0x00000067,
    0xd3000100, 0x8501f002, 0x0d009903, 0x00ba8000, 0x000e0000, 0x3912110f, 0x0000b800, 0x0005412f, 0x0000002f, 0x0000003f, 0x03417102, 0x00002f00,
    0x415d0100, 0x006f0003, 0x71010000, 0xef000541, 0xff000000, 0x02000000, 0x000f415d, 0x0000006f, 0x0000007f, 0x0000008f, 0x0000009f, 0x000000af,
    0x000000bf, 0x000000cf, 0x00b85d07, 0x0741dc07, 0x07006000, 0x07007000, 0x07008000, 0x415d0300, 0x00000005, 0x00100007, 0x5d020007, 0x22013130,
    0x34013d26, 0x16323336, 0x0614011d, 0x27322c01, 0x27323227, 0x29f00227, 0x291d1d1d, 0x1d1d1d29, 0x00000029, 0x6e000200, 0xea01f902, 0x0d009003,
    0x69001b00, 0x000b00ba, 0x111d001c, 0x00b83912, 0x00b8100b, 0xb800d011, 0x412f0000, 0x00ff0003, 0x5d010000, 0x2f000341, 0x01000000, 0x0003415d,
    0x0000003f, 0x0f417101, 0x00006f00, 0x00007f00, 0x00008f00, 0x00009f00, 0x0000af00, 0x0000bf00, 0x0000cf00, 0xb85d0700, 0xb8dc0700, 0xb8100000,
    0xb8d00e00, 0xb8100700, 0x30d01500, 0x26221331, 0x3634013d, 0x1d163233, 0x33061401, 0x013d2622, 0x32333634, 0x14011d16, 0x232dbe06, 0x232d2d23,
    0x232daf23, 0x232d2d23, 0x25f90223, 0x251a191a, 0x1a191a25, 0x191a2525, 0x1a25251a, 0x00251a19, 0x81000200, 0x2502e402, 0x0300cd03, 0x45000700,
    0x000500ba, 0x11090008, 0x00b83912, 0x00b81005, 0xb800d003, 0x412f0000, 0x005f0003, 0x5d010000, 0x1f000541, 0x2f000000, 0x02000000, 0x0003415d,
    0x0000009f, 0x03417101, 0x00009f00, 0xb85d0100, 0x30d00400, 0x37271331, 0x3727011f, 0x6351d217, 0x63514774, 0x27e40274, 0x27b039c2, 0x000039c2,
    0xe4000100, 0xc201e402, 0x0300d103, 0x00ba3900, 0x00040000, 0x39121105, 0x0000b800, 0x0003412f, 0x0000009f, 0x03415d01, 0x00009f00, 0x41710100,
    0x005f0003, 0x5d010000, 0x1f000541, 0x2f000000, 0x02000000, 0x0131305d, 0x01173727, 0x7b63583c, 0xc22be402, 0x0000003d, 0x96000100, 0x7401e402,
    0x0300d103, 0x00ba3900, 0x00040003, 0x39121105, 0x0300b800, 0x0003412f, 0x0003009f, 0x03415d01, 0x03009f00, 0x41710100, 0x005f0003, 0x5d010003,
    0x1f000541, 0x2f000300, 0x02000300, 0x1331305d, 0x96071737, 0x0358637b, 0x2bc23d94, 0x6a000100, 0xee01e302, 0x0600bc03, 0x00ba6100, 0x00070003,
    0x39121108, 0x0400b800, 0x0003412f, 0x0004000f, 0x05417101, 0x04008f00, 0x04009f00, 0x41710200, 0x001f0005, 0x002f0004, 0x5d020004, 0x9f000341,
    0x01000400, 0x0003415d, 0x0004005f, 0x00b85d01, 0x00b8d002, 0x00b81004, 0x0341dc03, 0x03000000, 0xb9710100, 0x03000600, 0x013130f4, 0x07270717,
    0x6a013727, 0x79794984, 0xbc038449, 0x73733a9f, 0x00009f3a, 0x6a000100, 0xee01ec02, 0x0600c503, 0x00ba5900, 0x00070003, 0x39121108, 0x0000b800,
    0x0003412f, 0x0000009f, 0x05415d01, 0x00001f00, 0x00002f00, 0x415d0200, 0x009f0003, 0x71010000, 0x5f000341, 0x01000000, 0x0003415d, 0x00000040,
    0x00b97101, 0xf4030003, 0xdc0200b8, 0x00000341, 0x01000200, 0x0400b871, 0x133130d0, 0x37173727, 0x84ee0717, 0x49797949, 0x9fec0284, 0x3a73733a,
    0x0000009f, 0x6e000100, 0xea01e402, 0x1300b803, 0x00ba6600, 0x00140000, 0x39121115, 0x0000b800, 0x0005412f, 0x0000008f, 0x0000009f, 0x05417102,
    0x00001f00, 0x00002f00, 0x415d0200, 0x009f0003, 0x5d010000, 0x5f000341, 0x01000000, 0x0a00b95d, 0xb8f40300, 0x41dc0600, 0x000f0003, 0x72010006,
    0x7f000341, 0x01000600, 0x00034171, 0x00060000, 0x00b87101, 0x3130d00e, 0x022e2201, 0x1e173727, 0x36323301, 0x0e17013f, 0x2c2c0103, 0x091c2d40,
    0x28161351, 0x16291c1c, 0x1e095013, 0xe402402d, 0x1b3c3221, 0x2825202a, 0x2a202528, 0x21323c1b, 0x6c000100, 0xec01e402, 0x1100b203, 0x00ba3e00,
    0x00120000, 0x39121113, 0x0000b800, 0x0005412f, 0x0000001f, 0x0000002f, 0x03415d02, 0x00009f00, 0x415d0100, 0x005f0003, 0x5d010000, 0x000900b9,
    0x00b8f403, 0x00b8dc05, 0x3130d00d, 0x2f262201, 0x1e173701, 0x36323301, 0x0717013f, 0x2c01010e, 0x15175242, 0x1a062073, 0x061a0d0d, 0x17157320,
    0x3ae40252, 0x652b3336, 0x03040403, 0x36332b65, 0x0000003a, 0x98000200, 0xc001cf02, 0x1300ed03, 0x97002100, 0x000000ba, 0x11230022, 0x00b83912,
    0xb800d014, 0x412f0000, 0x00ff0003, 0x5d010000, 0x6f000341, 0x01000000, 0x00034171, 0x000000df, 0x05417101, 0x00004f00, 0x00005f00, 0x415d0200,
    0x008f0005, 0x009f0000, 0x5d020000, 0x0f000341, 0x01000000, 0x00034172, 0x0000009f, 0x05417101, 0x00002f00, 0x00003f00, 0x41710200, 0x00bf0005,
    0x00cf0000, 0x5d020000, 0x0f000741, 0x1f000000, 0x2f000000, 0x03000000, 0x1400b95d, 0xb8f40400, 0xb9dc0a00, 0x04001b00, 0x013130f4, 0x35022e22,
    0x33023e34, 0x15021e32, 0x27020e14, 0x013d3632, 0x22232634, 0x14011d06, 0x1f2c0116, 0x17172836, 0x1f1f3628, 0x17172836, 0x191f3628, 0x19191a1a,
    0xcf021a1a, 0x1f352615, 0x1526351f, 0x1f352615, 0x1526351f, 0x22171c4b, 0x171c1c17, 0x001c1722, 0x94000300, 0xc401d502, 0x03007e04, 0x25001700,
    0x00ba8400, 0x00260004, 0x39121127, 0x100400b8, 0xd00000b8, 0x100400b8, 0xd01800b8, 0x0400b800, 0x0003412f, 0x0004003f, 0x05417101, 0x04008f00,
    0x04009f00, 0x415d0200, 0x001f0005, 0x002f0004, 0x5d020004, 0x4f000541, 0x5f000400, 0x02000400, 0x0003415d, 0x0004006f, 0x03417101, 0x0400ff00,
    0x415d0100, 0x00cf0003, 0x5d010004, 0x001800b9, 0x00b8f404, 0x00b8dc0e, 0x00b8dc00, 0x00b9100e, 0xf404001f, 0x27013130, 0x22031737, 0x3435022e,
    0x3233023e, 0x1415021e, 0x3227020e, 0x34013d36, 0x06222326, 0x1614011d, 0x81352501, 0x37208f4a, 0x29181829, 0x37202037, 0x29181829, 0x1c1b2037,
    0x1c1b1b1c, 0x39d0031c, 0xa8fe5175, 0x1d2c1f10, 0x101f2d1c, 0x1c2d1f10, 0x101f2c1d, 0x0a181546, 0x18151518, 0x0015180a, 0x01010100, 0xa9014302,
    0x03003003, 0x00ba1500, 0x00040002, 0x39121105, 0x0000b800, 0x0200b82f, 0x013130dc, 0x01173727, 0x85235f60, 0xdf0e4302, 0x00000014, 0x88ff0100,
    0x7900da02, 0x0d00c303, 0xb8004a00, 0x412f0a00, 0x008f0005, 0x009f000a, 0x5d02000a, 0xcf000341, 0x01000a00, 0x0003415d, 0x000a003f, 0x05417101,
    0x0a004f00, 0x0a005f00, 0x415d0200, 0x001f0005, 0x002f000a, 0x5d02000a, 0xdc0d00b8, 0x000000b9, 0x3130f403, 0x1e323303, 0x06141502, 0x3727010f,
    0x1c8f7823, 0x200a1626, 0x294b1c19, 0x0cc3037a, 0x1d0f1a14, 0x23221e43, 0x0000005c, 0x3aff0200, 0xc600dd02, 0x13006704, 0x51001700, 0x0000b800,
    0x0005412f, 0x0000008f, 0x0000009f, 0x03415d02, 0x0000cf00, 0x415d0100, 0x005f0003, 0x5d010000, 0x1f000541, 0x2f000000, 0x02000000, 0x0a00b95d,
    0xb8f40300, 0xb8dc0600, 0xbad00e00, 0x06001400, 0x12110a00, 0x00b87c39, 0x30182f14, 0x2e221131, 0x17372702, 0x3233011e, 0x17013f36, 0x012f030e,
    0x412a1737, 0x4b0a2130, 0x17361a14, 0x141a331a, 0x30210a4b, 0x604f1641, 0x1bdd0271, 0x2f1a342c, 0x1b1a271e, 0x1a2f1e26, 0xa11b2c34, 0x0039c227,
    0x3aff0200, 0xc600dd02, 0x13006704, 0x51001700, 0x0000b800, 0x0005412f, 0x0000008f, 0x0000009f, 0x03415d02, 0x0000cf00, 0x415d0100, 0x005f0003,
    0x5d010000, 0x1f000541, 0x2f000000, 0x02000000, 0x0a00b95d, 0xb8f40300, 0xb8dc0600, 0xbad00e00, 0x06001700, 0x12110a00, 0x00b87c39, 0x30182f17,
    0x2e221131, 0x17372702, 0x3233011e, 0x17013f36, 0x3703030e, 0x412a0717, 0x4b0a2130, 0x17361a14, 0x141a331a, 0x30210a4b, 0x606fbd41, 0x1bdd0250,
    0x2f1a342c, 0x1b1a271e, 0x1a2f1e26, 0x011b2c34, 0x29c03951, 0x3aff0200, 0xc600dd02, 0x0d005904, 0x75002100, 0x0e00b800, 0x0005412f, 0x000e008f,
    0x000e009f, 0x05415d02, 0x0e001f00, 0x0e002f00, 0x415d0200, 0x00cf0003, 0x5d01000e, 0x5f000341, 0x01000e00, 0x1800b95d, 0xb8f40300, 0xbadc1400,
    0x14000a00, 0x12111800, 0x00b87c39, 0x41182f0a, 0x00ff0003, 0x5d01000a, 0x0f000541, 0x1f000a00, 0x02000a00, 0x0d00b871, 0x0000b9dc, 0xb8f40300,
    0xb8101400, 0x30d01c00, 0x32330331, 0x1415021e, 0x27010f06, 0x22132337, 0x3727022e, 0x33011e17, 0x013f3632, 0x82030e17, 0x16261c88, 0x1b19250a,
    0x827a2b42, 0x2130412a, 0x1a144b0a, 0x331a1736, 0x0a4b141a, 0x04413021, 0x1a140c59, 0x1f421e0e, 0xfe632021, 0x342c1be9, 0x271e2f1a, 0x1e261b1a,
    0x2c341a2f, 0x0000001b, 0x3aff0200, 0xc600dd02, 0x19004304, 0x81002d00, 0x1a00b800, 0x0005412f, 0x001a008f, 0x001a009f, 0x03415d02, 0x1a00cf00,
    0x415d0100, 0x005f0003, 0x5d01001a, 0x1f000541, 0x2f001a00, 0x02001a00, 0x2400b95d, 0xb8f40300, 0xb8dc2000, 0xb8dc0000, 0xbadc0600, 0x06000900,
    0x12110000, 0x00b87d39, 0xb8182f09, 0xb9100600, 0x03000d00, 0x0000b8f4, 0x1300b910, 0xbaf40300, 0x0d001600, 0x12111300, 0x00b87c39, 0xb8182f16,
    0xb8102000, 0x30d02800, 0x26221331, 0x23012e27, 0x27070622, 0x3233013e, 0x011e1716, 0x37363233, 0x07010e17, 0x27022e22, 0x011e1737, 0x3f363233,
    0x030e1701, 0x12221547, 0x11132315, 0x1232101a, 0x22162838, 0x13221512, 0x32101a11, 0x2a6f3812, 0x0a213041, 0x361a144b, 0x1a331a17, 0x210a4b14,
    0xb4034130, 0x0d09080a, 0x1b400d0b, 0x08080c24, 0x400d0c0c, 0x1bd7251b, 0x2f1a342c, 0x1b1a271e, 0x1a2f1e26, 0x001b2c34, 0x42ff0300, 0xbe00ec02,
    0x03006704, 0x1f001100, 0xb8003e00, 0x412f0400, 0x009f0003, 0x5d010004, 0x5f000341, 0x01000400, 0x0005415d, 0x0004001f, 0x0004002f, 0x00b85d02,
    0x00b8dc0b, 0x00b8dc01, 0x00b81004, 0x00b8d012, 0x00b8100b, 0x3130d019, 0x17372713, 0x3d262203, 0x33363401, 0x011d1632, 0x22330614, 0x34013d26,
    0x16323336, 0x0614011d, 0x72634f0a, 0x23232dfe, 0x23232d2d, 0x23232daf, 0x23232d2d, 0xc2277e03, 0x25befe39, 0x251a191a, 0x1a191a25, 0x191a2525,
    0x1a25251a, 0x00251a19, 0x40ff0300, 0xc000ec02, 0x06006904, 0x22001400, 0xb8004c00, 0x412f0700, 0x009f0003, 0x5d010007, 0x5f000341, 0x01000700,
    0x0005415d, 0x0007001f, 0x0007002f, 0x00b85d02, 0x00b8dc0e, 0x00b9dc00, 0xf4030003, 0xdc0200b8, 0xd00400b8, 0x100700b8, 0xd01500b8, 0x100e00b8,
    0xd01c00b8, 0x27033130, 0x17371737, 0x2622010f, 0x3634013d, 0x1d163233, 0x33061401, 0x013d2622, 0x32333634, 0x14011d16, 0x44912f06, 0x91447c7c,
    0x23232d9d, 0x23232d2d, 0x23232daf, 0x23232d2d, 0x40939603, 0x93406868, 0x191a25aa, 0x1a25251a, 0x25251a19, 0x251a191a, 0x1a191a25, 0x00000025,
    0x42ff0300, 0xbe00ec02, 0x03006704, 0x1f001100, 0xb8003a00, 0x412f0400, 0x009f0003, 0x5d010004, 0x5f000341, 0x01000400, 0x0005415d, 0x0004001f,
    0x0004002f, 0x00b85d02, 0x00b8dc0b, 0x00b8d019, 0x00b8dc02, 0x00b81004, 0x3130d012, 0x0f173703, 0x3d262201, 0x33363401, 0x011d1632, 0x22330614,
    0x34013d26, 0x16323336, 0x0614011d, 0x4f637290, 0x23232d64, 0x23232d2d, 0x23232daf, 0x23232d2d, 0xc2392e04, 0x1a259227, 0x25251a19, 0x251a191a,
    0x1a191a25, 0x191a2525, 0x0000251a, 0x40ff0200, 0x3301db02, 0x03006704, 0x5e000a00, 0x0800b800, 0x0005412f, 0x0008008f, 0x0008009f, 0x03415d02,
    0x08003f00, 0x41710100, 0x00cf0003, 0x5d010008, 0x5f000341, 0x01000800, 0x0005415d, 0x0008001f, 0x0008002f, 0x00b85d02, 0x00b9dc07, 0xf403000a,
    0x000000ba, 0x1107000a, 0xb87c3912, 0x182f0000, 0x100800b8, 0xd00600b8, 0x27133130, 0x17051737, 0x27072707, 0x634fad37, 0x91fcfe72, 0x447c7c44,
    0x277e0391, 0x938039c2, 0x40686840, 0x00000093, 0x45ff0200, 0xbb00de02, 0x06005d04, 0x57001a00, 0x0400b800, 0x0005412f, 0x0004008f, 0x0004009f,
    0x03415d02, 0x0400cf00, 0x415d0100, 0x005f0003, 0x5d010004, 0x1f000541, 0x2f000400, 0x02000400, 0x0200b85d, 0x0400b8d0, 0x0300b810, 0x0600b9dc,
    0xb8f40300, 0xb9dc0700, 0x03001100, 0x0d00b8f4, 0x1500b8dc, 0x133130d0, 0x07270717, 0x22013f27, 0x3727022e, 0x33011e17, 0x013f3632, 0x30030e17,
    0x7f7f3c8b, 0x2a308b3c, 0x091d2c3f, 0x2b1a1445, 0x1a2b1d1d, 0x1d094514, 0x94033f2c, 0x53534175, 0x19177541, 0x2c172f27, 0x1919211a, 0x172c1a21,
    0x0019272f, 0xcdfe0200, 0xc000db02, 0x03006704, 0x5e000a00, 0x0800b800, 0x0005412f, 0x0008008f, 0x0008009f, 0x03415d02, 0x08003f00, 0x41710100,
    0x00cf0003, 0x5d010008, 0x5f000341, 0x01000800, 0x0005415d, 0x0008001f, 0x0008002f, 0x00b85d02, 0x00b9dc07, 0xf403000a, 0x000300ba, 0x1107000a,
    0xb87c3912, 0x182f0300, 0x100800b8, 0xd00600b8, 0x37013130, 0x17370717, 0x27072707, 0x72cdfe37, 0x91dc4f63, 0x447c7c44, 0x392e0491, 0x933027c2,
    0x40686840, 0x00000093, 0x40ff0200, 0x0e01db02, 0x0d005904, 0x68001400, 0x1200b800, 0x0005412f, 0x0012008f, 0x0012009f, 0x03415d02, 0x12003f00,
    0x41710100, 0x00cf0003, 0x5d010012, 0x5f000341, 0x01001200, 0x0005415d, 0x0012001f, 0x0012002f, 0x00b85d02, 0x00b9dc11, 0xf4030014, 0x000a00ba,
    0x11110014, 0xb87c3912, 0x182f0a00, 0xdc0d00b8, 0x000000b9, 0x00b8f403, 0x00b81012, 0x3130d010, 0x1e323313, 0x06141502, 0x3727010f, 0x07011f23,
    0x37270727, 0x251c8626, 0x19260a17, 0x772b421b, 0x7c449109, 0x0491447c, 0x1a140c59, 0x1e431e0e, 0x46612221, 0x68684093, 0x00009340, 0x42ff0300,
    0xbe00ec02, 0x03001a04, 0x1f001100, 0xb8004400, 0x412f0400, 0x009f0003, 0x5d010004, 0x5f000341, 0x01000400, 0x0005415d, 0x0004001f, 0x0004002f,
    0x00b85d02, 0x00b8dc0b, 0x00b9dc03, 0xf4030000, 0x100400b8, 0xd01200b8, 0x100b00b8, 0xd01900b8, 0x21033130, 0x22172115, 0x34013d26, 0x16323336,
    0x0614011d, 0x3d262233, 0x33363401, 0x011d1632, 0x01990614, 0x2bcefe32, 0x2d23232d, 0xaf23232d, 0x2d23232d, 0x0423232d, 0x25c7671a, 0x251a191a,
    0x1a191a25, 0x191a2525, 0x1a25251a, 0x00251a19, 0x42ff0200, 0xbe00db02, 0x19004f04, 0x86002000, 0x1e00b800, 0x0005412f, 0x001e008f, 0x001e009f,
    0x03415d02, 0x1e003f00, 0x41710100, 0x00cf0003, 0x5d01001e, 0x5f000341, 0x01001e00, 0x0005415d, 0x001e001f, 0x001e002f, 0x00b85d02, 0x00b9dc1d,
    0xf4030020, 0xdc0d00b8, 0xdc1300b8, 0x000000b9, 0x00b8f403, 0x00b9100d, 0xf4030006, 0x000900ba, 0x11060000, 0xb87c3912, 0x182f0900, 0x001600ba,
    0x110d0013, 0xb87d3912, 0x182f1600, 0x101e00b8, 0xd01c00b8, 0x32033130, 0x011e1716, 0x37363233, 0x23010e17, 0x2e272622, 0x06222301, 0x013e2707,
    0x2707011f, 0x4b372707, 0x16132317, 0x1a111424, 0x38123210, 0x13231728, 0x11142416, 0x1232101a, 0x428ea338, 0x8e427c7c, 0x080c4f04, 0x0d0c0d09,
    0x0c251b40, 0x0c0d0908, 0x251b400d, 0x5f4086ae, 0x0086405f, 0xf7ff0100, 0x090024ff, 0x03000c03, 0xb8000b00, 0xb82f0000, 0x302f0300, 0x11330331,
    0x12120923, 0x18fc0c03, 0x9fff0100, 0x610024ff, 0x0e001203, 0xb8000f00, 0xb82f0e00, 0xb82f0500, 0x30d00700, 0x27070331, 0x17372737, 0x17071737,
    0x23112707, 0x550c4c09, 0x55550c55, 0x0c55550c, 0xa202124c, 0x51510b48, 0x0b51510b, 0x480b5151, 0x000082fc, 0x80000200, 0xd603f7ff, 0x2100c302,
    0xb7005000, 0x001100ba, 0x11520051, 0x00b83912, 0x00b81011, 0xb800d025, 0x58450000, 0x2f2400b8, 0x2400b91b, 0x593e1d00, 0x450000b8, 0x2e00b858,
    0x00b91b2f, 0x3e1d002e, 0x0000b859, 0x00b85845, 0xb91b2f4a, 0x13004a00, 0x00b8593e, 0xb8584500, 0x1b2f2300, 0x002300b9, 0xb8593e13, 0xb9104a00,
    0x09004100, 0x0c00b9f4, 0xb9f40900, 0x09000500, 0x2e00b8f4, 0x3700b910, 0xb9f40900, 0x09001600, 0x1d00b9f4, 0xbaf40900, 0x1d000800, 0x12110500,
    0x1a00ba39, 0x05001d00, 0xb8391211, 0xb9102400, 0x09002700, 0x2800baf4, 0x41002400, 0xb8391211, 0xb92f2800, 0x09005000, 0x013130f4, 0x33021e14,
    0x17373632, 0x2223010e, 0x3435022e, 0x3233023e, 0x2e071716, 0x0e222301, 0x11070102, 0x15230721, 0x33033e33, 0x07171632, 0x2223032e, 0x1415020e,
    0x3233021e, 0x1737023e, 0x2223010e, 0x2327022e, 0x22143302, 0x38221a2f, 0x571d3f11, 0x384b2b34, 0x4b382020, 0x1d57342b, 0x2238113f, 0x14222f1a,
    0x014895fe, 0x88aa3d2f, 0x7b603d07, 0x32965946, 0x3b30123f, 0x65362443, 0x4e2f2f4e, 0x43243665, 0x3f12303b, 0x46599632, 0x073d607b, 0x1c5d0188,
    0x20142330, 0x2f292d1a, 0x2b4b3820, 0x20384b2b, 0x1a2d292f, 0x30231420, 0x0234bdfe, 0x43eb4cb8, 0x50315775, 0x2c192e45, 0x4b291221, 0x683f3f68,
    0x2112294b, 0x452e1a2b, 0x74573150, 0x00000044, 0x40000200, 0x3904f4ff, 0x2200c602, 0x95004200, 0x001800ba, 0x11440043, 0x00b83912, 0x00b81018,
    0xb800d02b, 0x58450000, 0x2f3800b8, 0x3800b91b, 0x593e1d00, 0x450000b8, 0x1d00b858, 0x00b91b2f, 0x3e1d001d, 0x0000b859, 0x00b85845, 0xb91b2f2e,
    0x13002e00, 0x00b8593e, 0xb8584500, 0x1b2f1300, 0x001300b9, 0xb8593e13, 0xb9101d00, 0x08000000, 0x1300b8f4, 0x0d00b910, 0xbaf40800, 0x1d000500,
    0x12110d00, 0x0500b839, 0x0800b92f, 0xb8f40800, 0xb9102e00, 0x08002800, 0x3800b8f4, 0x3e00b910, 0x30f40800, 0x0e220131, 0x15330702, 0x33031e23,
    0x0e153732, 0x2e222301, 0x3e343502, 0x16323302, 0x05261517, 0x33021e14, 0x0e153732, 0x2e222301, 0x3e343502, 0x16323302, 0x23261517, 0x04020e22,
    0x42522d14, 0xd1d1092e, 0x52422e09, 0x0612132d, 0x824a0b15, 0x62393962, 0x150b4a82, 0x83fc1206, 0x345d4528, 0x15061213, 0x62824a0b, 0x82623939,
    0x06150b4a, 0x5d341312, 0x5c022845, 0x2b49361e, 0x36492b6e, 0x016b031e, 0x83623901, 0x62834b4b, 0x6b010139, 0x5c35ff03, 0x6b032846, 0x62390101,
    0x834b4b83, 0x01013962, 0x4628036b, 0x0000005d, 0x0a000300, 0xde032eff, 0x03000203, 0x2e002000, 0x00ba6a00, 0x002f0000, 0x39121130, 0xd00e00b8,
    0x100000b8, 0xd02100b8, 0x0200b800, 0x0000b82f, 0x00b85845, 0xb91b2f00, 0x15000000, 0x00ba593e, 0x0002000e, 0x39121100, 0x2f0e00b8, 0xdc1700b8,
    0x002100ba, 0x11000002, 0x00b83912, 0x00b82f21, 0x00b8dc28, 0x00badc1f, 0x00170004, 0x3912111f, 0x001e00ba, 0x111f000e, 0x31303912, 0x05020905,
    0x3435033e, 0x2223022e, 0x1707020e, 0x3233013e, 0x14011d16, 0x33150706, 0x3d363207, 0x23263401, 0x011d0622, 0xf4011614, 0xea0116fe, 0x3efeea01,
    0x1525301b, 0x273f2d19, 0x1c2b3b27, 0x31084c07, 0x3b2d2627, 0x1f295441, 0x1f1f1b1b, 0x01d21c1c, 0xfeea01ea, 0x19041f16, 0x23243928, 0x1617293a,
    0x1e192e24, 0x25292f23, 0x0331300b, 0x171eb97f, 0x1d1d170e, 0x1e170e17, 0x29000000, 0x0100f201, 0x00000000, 0x2d000000, 0x01000000, 0x00000000,
    0x0d000100, 0x01002d00, 0x00000000, 0x04000200, 0x01003a00, 0x00000000, 0x1b000300, 0x01003e00, 0x00000000, 0x12000400, 0x01005900, 0x00000000,
    0x0d000500, 0x01006b00, 0x00000000, 0x10000600, 0x01007800, 0x00000000, 0x51000700, 0x01008800, 0x00000000, 0x0b000800, 0x0100d900, 0x00000000,
    0x33000900, 0x0100e400, 0x00000000, 0x19000b00, 0x01001701, 0x00000000, 0x12000c00, 0x01003001, 0x00000000, 0x90000d00, 0x01004201, 0x00000000,
    0x1a000e00, 0x0100d201, 0x00000000, 0x12000001, 0x0100ec01, 0x00000000, 0x12000101, 0x0100fe01, 0x00000000, 0x13000201, 0x01001002, 0x00000000,
    0x12000301, 0x01002302, 0x00000000, 0x1a000401, 0x01003502, 0x00000000, 0x18000501, 0x03004f02, 0x09040100, 0x5a000000, 0x03006702, 0x09040100,
    0x1a000100, 0x0300c102, 0x09040100, 0x08000200, 0x0300db02, 0x09040100, 0x36000300, 0x0300e302, 0x09040100, 0x24000400, 0x03001903, 0x09040100,
    0x1a000500, 0x03003d03, 0x09040100, 0x20000600, 0x03005703, 0x09040100, 0xa2000700, 0x03007703, 0x09040100, 0x16000800, 0x03001904, 0x09040100,
    0x66000900, 0x03002f04, 0x09040100, 0x32000b00, 0x03009504, 0x09040100, 0x24000c00, 0x0300c704, 0x09040100, 0x20010d00, 0x0300eb04, 0x09040100,
    0x34000e00, 0x03000b06, 0x09040100, 0x74001300, 0x03003f06, 0x09040100, 0x24000001, 0x0300b306, 0x09040100, 0x24000101, 0x0300d706, 0x09040100,
    0x26000201, 0x0300fb06, 0x09040100, 0x24000301, 0x03002107, 0x09040100, 0x34000401, 0x03004507, 0x09040100, 0x30000501, 0x6f437907, 0x69727970,
    0x20746867, 0x38313032, 0x4d424920, 0x726f4320, 0x41202e70, 0x72206c6c, 0x74686769, 0x65722073, 0x76726573, 0x492e6465, 0x50204d42, 0x2078656c,
    0x736e6153, 0x646c6f42, 0x30302e33, 0x42493b35, 0x493b204d, 0x6c504d42, 0x61537865, 0x422d736e, 0x49646c6f, 0x50204d42, 0x2078656c, 0x736e6153,
    0x6c6f4220, 0x72655664, 0x6e6f6973, 0x302e3320, 0x42493530, 0x656c504d, 0x6e615378, 0x6f422d73, 0x4249646c, 0x6c50204d, 0x20a87865, 0x61207369,
    0x61727420, 0x616d6564, 0x6f206b72, 0x42492066, 0x6f43204d, 0x202c7072, 0x69676572, 0x72657473, 0x69206465, 0x616d206e, 0x6a20796e, 0x73697275,
    0x74636964, 0x736e6f69, 0x726f7720, 0x6977646c, 0x422e6564, 0x20646c6f, 0x646e6f4d, 0x694d7961, 0x4120656b, 0x6e696262, 0x50202c6b, 0x206c7561,
    0x206e6176, 0x20726564, 0x6e61614c, 0x6950202c, 0x72657465, 0x6e617620, 0x736f5220, 0x656c616d, 0x7474686e, 0x2f2f3a70, 0x2e777777, 0x646c6f62,
    0x646e6f6d, 0x632e7961, 0x74686d6f, 0x2f3a7074, 0x7777772f, 0x6d62692e, 0x6d6f632e, 0x73696854, 0x6e6f4620, 0x6f532074, 0x61777466, 0x69206572,
    0x696c2073, 0x736e6563, 0x75206465, 0x7265646e, 0x65687420, 0x4c495320, 0x65704f20, 0x6f46206e, 0x4c20746e, 0x6e656369, 0x202c6573, 0x73726556,
    0x206e6f69, 0x2e312e31, 0x69685420, 0x696c2073, 0x736e6563, 0x73692065, 0x61766120, 0x62616c69, 0x7720656c, 0x20687469, 0x41462061, 0x74612051,
    0x7468203a, 0x2f3a7074, 0x7263732f, 0x73747069, 0x6c69732e, 0x67726f2e, 0x4c464f2f, 0x70747468, 0x732f2f3a, 0x70697263, 0x732e7374, 0x6f2e6c69,
    0x4f2f6772, 0x69734c46, 0x656c706d, 0x776f6c20, 0x61637265, 0x61206573, 0x706d6973, 0x6c20656c, 0x7265776f, 0x65736163, 0x6c736720, 0x65687361,
    0x756e2064, 0x7265626d, 0x72657a20, 0x746f646f, 0x20646574, 0x626d756e, 0x7a207265, 0x616f7265, 0x7265746c, 0x6574616e, 0x776f6c20, 0x61637265,
    0x65206573, 0x74657a73, 0x6c754274, 0x69726167, 0x43206e61, 0x6c697279, 0x2063696c, 0x6d726f66, 0x00430073, 0x0070006f, 0x00720079, 0x00670069,
    0x00740068, 0x00320020, 0x00310030, 0x00200038, 0x00420049, 0x0020004d, 0x006f0043, 0x00700072, 0x0020002e, 0x006c0041, 0x0020006c, 0x00690072,
    0x00680067, 0x00730074, 0x00720020, 0x00730065, 0x00720065, 0x00650076, 0x002e0064, 0x00420049, 0x0020004d, 0x006c0050, 0x00780065, 0x00530020,
    0x006e0061, 0x00420073, 0x006c006f, 0x00330064, 0x0030002e, 0x00350030, 0x0049003b, 0x004d0042, 0x003b0020, 0x00420049, 0x0050004d, 0x0065006c,
    0x00530078, 0x006e0061, 0x002d0073, 0x006f0042, 0x0064006c, 0x00420049, 0x0020004d, 0x006c0050, 0x00780065, 0x00530020, 0x006e0061, 0x00200073,
    0x006f0042, 0x0064006c, 0x00650056, 0x00730072, 0x006f0069, 0x0020006e, 0x002e0033, 0x00300030, 0x00490035, 0x004d0042, 0x006c0050, 0x00780065,
    0x00610053, 0x0073006e, 0x0042002d, 0x006c006f, 0x00490064, 0x004d0042, 0x00500020, 0x0065006c, 0x00ae0078, 0x00690020, 0x00200073, 0x00200061,
    0x00720074, 0x00640061, 0x006d0065, 0x00720061, 0x0020006b, 0x0066006f, 0x00490020, 0x004d0042, 0x00430020, 0x0072006f, 0x002c0070, 0x00720020,
    0x00670065, 0x00730069, 0x00650074, 0x00650072, 0x00200064, 0x006e0069, 0x006d0020, 0x006e0061, 0x00200079, 0x0075006a, 0x00690072, 0x00640073,
    0x00630069, 0x00690074, 0x006e006f, 0x00200073, 0x006f0077, 0x006c0072, 0x00770064, 0x00640069, 0x002e0065, 0x006f0042, 0x0064006c, 0x004d0020,
    0x006e006f, 0x00610064, 0x004d0079, 0x006b0069, 0x00200065, 0x00620041, 0x00690062, 0x006b006e, 0x0020002c, 0x00610050, 0x006c0075, 0x00760020,
    0x006e0061, 0x00640020, 0x00720065, 0x004c0020, 0x00610061, 0x002c006e, 0x00500020, 0x00650069, 0x00650074, 0x00200072, 0x00610076, 0x0020006e,
    0x006f0052, 0x006d0073, 0x006c0061, 0x006e0065, 0x00740068, 0x00700074, 0x002f003a, 0x0077002f, 0x00770077, 0x0062002e, 0x006c006f, 0x006d0064,
    0x006e006f, 0x00610064, 0x002e0079, 0x006f0063, 0x0068006d, 0x00740074, 0x003a0070, 0x002f002f, 0x00770077, 0x002e0077, 0x00620069, 0x002e006d,
    0x006f0063, 0x0054006d, 0x00690068, 0x00200073, 0x006f0046, 0x0074006e, 0x00530020, 0x0066006f, 0x00770074, 0x00720061, 0x00200065, 0x00730069,
    0x006c0020, 0x00630069, 0x006e0065, 0x00650073, 0x00200064, 0x006e0075, 0x00650064, 0x00200072, 0x00680074, 0x00200065, 0x00490053, 0x0020004c,
    0x0070004f, 0x006e0065, 0x00460020, 0x006e006f, 0x00200074, 0x0069004c, 0x00650063, 0x0073006e, 0x002c0065, 0x00560020, 0x00720065, 0x00690073,
    0x006e006f, 0x00310020, 0x0031002e, 0x0020002e, 0x00680054, 0x00730069, 0x006c0020, 0x00630069, 0x006e0065, 0x00650073, 0x00690020, 0x00200073,
    0x00760061, 0x00690061, 0x0061006c, 0x006c0062, 0x00200065, 0x00690077, 0x00680074, 0x00610020, 0x00460020, 0x00510041, 0x00610020, 0x003a0074,
    0x00680020, 0x00740074, 0x003a0070, 0x002f002f, 0x00630073, 0x00690072, 0x00740070, 0x002e0073, 0x00690073, 0x002e006c, 0x0072006f, 0x002f0067,
    0x0046004f, 0x0068004c, 0x00740074, 0x003a0070, 0x002f002f, 0x00630073, 0x00690072, 0x00740070, 0x002e0073, 0x00690073, 0x002e006c, 0x0072006f,
    0x002f0067, 0x0046004f, 0x0048004c, 0x0077006f, 0x00720020, 0x007a0061, 0x0072006f, 0x00610062, 0x006b0063, 0x006a002d, 0x006d0075, 0x00690070,
    0x0067006e, 0x00660020, 0x006f0072, 0x00730067, 0x00630020, 0x006e0061, 0x006c0020, 0x00760065, 0x006c0065, 0x00730020, 0x00780069, 0x00700020,
    0x00710069, 0x00650075, 0x00200064, 0x00790067, 0x006e006d, 0x00730061, 0x00730074, 0x00730021, 0x006d0069, 0x006c0070, 0x00200065, 0x006f006c,
    0x00650077, 0x00630072, 0x00730061, 0x00200065, 0x00730061, 0x006d0069, 0x006c0070, 0x00200065, 0x006f006c, 0x00650077, 0x00630072, 0x00730061,
    0x00200065, 0x00730067, 0x0061006c, 0x00680073, 0x00640065, 0x006e0020, 0x006d0075, 0x00650062, 0x00200072, 0x0065007a, 0x006f0072, 0x006f0064,
    0x00740074, 0x00640065, 0x006e0020, 0x006d0075, 0x00650062, 0x00200072, 0x0065007a, 0x006f0072, 0x006c0061, 0x00650074, 0x006e0072, 0x00740061,
    0x00200065, 0x006f006c, 0x00650077, 0x00630072, 0x00730061, 0x00200065, 0x00730065, 0x0065007a, 0x00740074, 0x00750042, 0x0067006c, 0x00720061,
    0x00610069, 0x0020006e, 0x00790043, 0x00690072, 0x006c006c, 0x00630069, 0x00660020, 0x0072006f, 0x0073006d, 0x00000200, 0x00000000, 0x6400beff,
    0x00000000, 0x00000000, 0x00000000, 0x00000000, 0x00000000, 0x0000fb03, 0x02010100, 0x44000300, 0x45000301, 0x47004600, 0x49004800, 0x04014a00,
    0x4b000501, 0x4d004c00, 0x4f004e00, 0x51005000, 0x53005200, 0x55005400, 0x57005600, 0x59005800, 0x5b005a00, 0x5d005c00, 0x25002400, 0x27002600,
    0x29002800, 0x2b002a00, 0x2d002c00, 0x2f002e00, 0x31003000, 0x33003200, 0x35003400, 0x37003600, 0x39003800, 0x3b003a00, 0x3d003c00, 0x06011300,
    0x14000701, 0x16001500, 0x18001700, 0x1a001900, 0x1c001b00, 0x09010801, 0x0b010a01, 0x0d010c01, 0x0f010e01, 0x11011001, 0x13011201, 0x23000900,
    0x14011000, 0x16011501, 0xb300b200, 0x42001701, 0xab001100, 0x0f001d00, 0x18011e00, 0x05000a00, 0xb700b600, 0xb500b400, 0xc500c400, 0xbf00be00,
    0xaa00a900, 0x0400a300, 0x2200a200, 0x0c000b00, 0x40003e00, 0x60005e00, 0x3f001200, 0x1901bc00, 0xc6000800, 0xe8005f00, 0x88008600, 0x8a008b00,
    0x9d008c00, 0x83009e00, 0x1b011a01, 0x82000d00, 0x0600c200, 0x61004100, 0xef000e00, 0xf0009300, 0x2000b800, 0x8f00a700, 0x21001f00, 0x95009400,
    0xc3001c01, 0x87001d01, 0xb9001e01, 0xa500a400, 0x92009c00, 0x20011f01, 0x98002101, 0x8400bd00, 0xa6002201, 0x07008500, 0x23019600, 0x25012401,
    0x27012601, 0x29012801, 0x2b012a01, 0x2d012c01, 0x2f012e01, 0x31013001, 0x33013201, 0x35013401, 0xc100c000, 0x36016900, 0x6b003701, 0x38016c00,
    0x39016a00, 0x3b013a01, 0x3c016e00, 0x3d016d00, 0x3f013e01, 0x41014001, 0x43014201, 0x45014401, 0x47014601, 0x49014801, 0x4b014a01, 0x4d014c01,
    0x4f014e01, 0x51015001, 0x53015201, 0x55015401, 0x57015601, 0x59015801, 0x5b015a01, 0x5d015c01, 0x5e01a000, 0x0001fe00, 0x5f016f00, 0x61016001,
    0xea000101, 0x62017000, 0x72006301, 0x64017300, 0x71006501, 0x67016601, 0x69016801, 0x6b016a01, 0x6d016c01, 0x6f016e01, 0x7001f900, 0x72017101,
    0x74017301, 0x76017501, 0x78017701, 0x7400d700, 0x7a017901, 0x77007600, 0x75007b01, 0x7d017c01, 0x7f017e01, 0x81018001, 0x83018201, 0x85018401,
    0x87018601, 0x89018801, 0xe3008a01, 0x8c018b01, 0x78008d01, 0x8f018e01, 0x90017900, 0x7b009101, 0x92017c00, 0x93017a00, 0x95019401, 0x9601a100,
    0x97017d00, 0x99019801, 0x9b019a01, 0x9d019c01, 0x9f019e01, 0xa101a001, 0xa201b100, 0xa401a301, 0xe500a501, 0xa601fc00, 0xa801a701, 0xa9018900,
    0xab01aa01, 0xad01ac01, 0x7e00ee00, 0xaf01ae01, 0x81008000, 0x7f00b001, 0xb201b101, 0xb401b301, 0xb601b501, 0xb801b701, 0xba01b901, 0xbc01bb01,
    0xbe01bd01, 0xc001bf01, 0xc201c101, 0xc401c301, 0xc501ec00, 0xc601ba00, 0xc801c701, 0xca01c901, 0xcb01e700, 0xcc01c900, 0xc700cd01, 0xce016200,
    0xcf01ad00, 0xd101d001, 0xd2016300, 0xd301ae00, 0xd501d401, 0xd701d601, 0xd901d801, 0xdb01da01, 0x9000dc01, 0xfd00dd01, 0x6400ff00, 0xdf01de01,
    0xe101e001, 0x6500e900, 0xe301e201, 0xca00c800, 0xe501e401, 0xe601cb00, 0xe801e701, 0xea01e901, 0xec01eb01, 0xee01ed01, 0xf800ef01, 0xf101f001,
    0xf301f201, 0xcc00f401, 0xf601f501, 0xce00cd00, 0xf701fa00, 0xf801cf00, 0xfa01f901, 0xfc01fb01, 0xfe01fd01, 0x0002ff01, 0x02020102, 0x04020302,
    0x0502e200, 0x07020602, 0x08026600, 0x0902d000, 0xd1000a02, 0x0b026700, 0x0c02d300, 0x0e020d02, 0x0f029100, 0x1002af00, 0x12021102, 0x14021302,
    0x16021502, 0x18021702, 0x1a021902, 0x1b02b000, 0x1d021c02, 0xe4001e02, 0x1f02fb00, 0x21022002, 0x23022202, 0x25022402, 0xd400ed00, 0x27022602,
    0x6800d500, 0xd6002802, 0x2a022902, 0x2c022b02, 0x2e022d02, 0x30022f02, 0x32023102, 0x34023302, 0x36023502, 0x38023702, 0x3a023902, 0x3c023b02,
    0x3d02eb00, 0xbb003e02, 0x40023f02, 0x42024102, 0x4302e600, 0xa8009700, 0x99009a00, 0x44029f00, 0x46024502, 0x48024702, 0x4a024902, 0x4c024b02,
    0x4e024d02, 0x50024f02, 0x52025102, 0x9b005302, 0x55025402, 0x57025602, 0x59025802, 0x5b025a02, 0x5d025c02, 0x5f025e02, 0x61026002, 0x63026202,
    0x65026402, 0x67026602, 0x69026802, 0x6b026a02, 0x6d026c02, 0x6f026e02, 0x71027002, 0x73027202, 0x75027402, 0x77027602, 0x79027802, 0x7b027a02,
    0x7d027c02, 0x7f027e02, 0x81028002, 0x83028202, 0x85028402, 0x87028602, 0x89028802, 0x8b028a02, 0x8d028c02, 0x8f028e02, 0x91029002, 0x93029202,
    0x95029402, 0x97029602, 0x99029802, 0x9b029a02, 0x9d029c02, 0x9f029e02, 0xa102a002, 0xa302a202, 0xa502a402, 0xa702a602, 0xa902a802, 0xab02aa02,
    0xad02ac02, 0xaf02ae02, 0xb102b002, 0xb302b202, 0xb502b402, 0xb702b602, 0xb902b802, 0xbb02ba02, 0xbd02bc02, 0xbf02be02, 0xc102c002, 0xc302c202,
    0xc502c402, 0xc702c602, 0xc902c802, 0xcb02ca02, 0xcd02cc02, 0xcf02ce02, 0xd102d002, 0xd302d202, 0xd502d402, 0xd702d602, 0xd902d802, 0xdb02da02,
    0xdd02dc02, 0xdf02de02, 0xe102e002, 0xe302e202, 0xe502e402, 0xe702e602, 0xe902e802, 0xeb02ea02, 0xed02ec02, 0xef02ee02, 0xf102f002, 0xf302f202,
    0xf502f402, 0xf702f602, 0xf902f802, 0xfb02fa02, 0xfd02fc02, 0xff02fe02, 0x01030003, 0x03030203, 0x05030403, 0x07030603, 0x09030803, 0x0b030a03,
    0x0d030c03, 0x0f030e03, 0x11031003, 0x13031203, 0x15031403, 0x17031603, 0x19031803, 0x1b031a03, 0x1d031c03, 0x1f031e03, 0x21032003, 0x23032203,
    0x25032403, 0x27032603, 0x29032803, 0x2b032a03, 0x2d032c03, 0x2f032e03, 0x31033003, 0x33033203, 0x35033403, 0x37033603, 0x39033803, 0x3b033a03,
    0x3d033c03, 0x3f033e03, 0x41034003, 0x43034203, 0x45034403, 0x47034603, 0x49034803, 0x4b034a03, 0x4d034c03, 0x4f034e03, 0x51035003, 0x53035203,
    0x55035403, 0x57035603, 0x59035803, 0x5b035a03, 0x5d035c03, 0x5f035e03, 0x61036003, 0x63036203, 0x65036403, 0x67036603, 0x69036803, 0xf200f100,
    0x6a03f300, 0x6c036b03, 0x6e036d03, 0x70036f03, 0x72037103, 0x74037303, 0x76037503, 0x78037703, 0xf4007903, 0x7b037a03, 0xf600f500, 0x7d037c03,
    0x7f037e03, 0x81038003, 0x83038203, 0x85038403, 0x87038603, 0x89038803, 0x8b038a03, 0x8d038c03, 0x8f038e03, 0x91039003, 0x93039203, 0x95039403,
    0x97039603, 0x99039803, 0x9b039a03, 0x9d039c03, 0x9f039e03, 0xa103a003, 0xa303a203, 0xa403d900, 0xdc00da00, 0xdf008e00, 0x43008d00, 0xe100d800,
    0xa503db00, 0xa603dd00, 0xa803a703, 0xe000de00, 0xaa03a903, 0xac03ab03, 0xae03ad03, 0xb003af03, 0xb203b103, 0xb403b303, 0xb603b503, 0xb803b703,
    0xba03b903, 0xbc03bb03, 0xbe03bd03, 0xc003bf03, 0xc203c103, 0xc403c303, 0xc603c503, 0xc803c703, 0xca03c903, 0xcc03cb03, 0xce03cd03, 0xd003cf03,
    0xd203d103, 0xd403d303, 0xd603d503, 0xd803d703, 0xda03d903, 0xdc03db03, 0xde03dd03, 0xe003df03, 0xe203e103, 0xe403e303, 0xe603e503, 0xe803e703,
    0xea03e903, 0xec03eb03, 0xee03ed03, 0xf003ef03, 0xf203f103, 0xf403f303, 0xf603f503, 0xf803f703, 0xfa03f903, 0xfc03fb03, 0xfe03fd03, 0x696e7507,
    0x44303030, 0x612e6107, 0x3130746c, 0x612e6707, 0x3130746c, 0x612e6707, 0x3230746c, 0x72657a0a, 0x6c612e6f, 0x0a313074, 0x6f72657a, 0x746c612e,
    0x7a093230, 0x2e6f7265, 0x66736f74, 0x72657a0f, 0x6f742e6f, 0x612e6673, 0x3130746c, 0x72657a0f, 0x6f742e6f, 0x612e6673, 0x3230746c, 0x656e6f08,
    0x736f742e, 0x77740866, 0x6f742e6f, 0x740a6673, 0x65657268, 0x736f742e, 0x6f660966, 0x742e7275, 0x0966736f, 0x65766966, 0x736f742e, 0x69730866,
    0x6f742e78, 0x730a6673, 0x6e657665, 0x736f742e, 0x69650a66, 0x2e746867, 0x66736f74, 0x6e696e09, 0x6f742e65, 0x75076673, 0x3032696e, 0x75073031,
    0x3032696e, 0x75073131, 0x3032696e, 0x75073231, 0x3032696e, 0x75073531, 0x3330696e, 0x75074537, 0x3232696e, 0x75073531, 0x3032696e, 0x75073233,
    0x3032696e, 0x75073333, 0x3232696e, 0x61093931, 0x65746f6e, 0x6169656c, 0x696e7507, 0x36333232, 0x696e7507, 0x45323132, 0x696e7507, 0x33313132,
    0x696e7507, 0x36313132, 0x72754504, 0x6e75076f, 0x33453069, 0x6e750746, 0x41303269, 0x6e750731, 0x41303269, 0x6e750734, 0x41303269, 0x6e750736,
    0x41303269, 0x6e750738, 0x41303269, 0x6e750739, 0x41303269, 0x6e750741, 0x41303269, 0x6e750742, 0x41303269, 0x6e750744, 0x41303269, 0x6e750745,
    0x42303269, 0x6e750731, 0x42303269, 0x6e750732, 0x42303269, 0x6e750734, 0x42303269, 0x6e750735, 0x42303269, 0x6e750738, 0x42303269, 0x6e750739,
    0x42303269, 0x6e750741, 0x42303269, 0x6e750744, 0x42303269, 0x62610646, 0x65766572, 0x696e7507, 0x45433130, 0x696e7507, 0x31414531, 0x696e7507,
    0x33414531, 0x616d6107, 0x6e6f7263, 0x676f6107, 0x6b656e6f, 0x6972610a, 0x6361676e, 0x07657475, 0x31696e75, 0x07464145, 0x31696e75, 0x07374245,
    0x31696e75, 0x07314245, 0x31696e75, 0x07334245, 0x31696e75, 0x07354245, 0x31696e75, 0x07354145, 0x31696e75, 0x07444145, 0x31696e75, 0x07374145,
    0x31696e75, 0x07394145, 0x31696e75, 0x0c424145, 0x75636161, 0x612e6574, 0x3130746c, 0x7262610c, 0x2e657665, 0x30746c61, 0x6e750d31, 0x43313069,
    0x6c612e45, 0x11313074, 0x72696361, 0x666d7563, 0x2e78656c, 0x30746c61, 0x64610f31, 0x65726569, 0x2e736973, 0x30746c61, 0x6e750d31, 0x41453169,
    0x6c612e31, 0x0c313074, 0x61726761, 0x612e6576, 0x3130746c, 0x696e750d, 0x33414531, 0x746c612e, 0x610d3130, 0x7263616d, 0x612e6e6f, 0x3130746c,
    0x676f610d, 0x6b656e6f, 0x746c612e, 0x610b3130, 0x676e6972, 0x746c612e, 0x61103130, 0x676e6972, 0x74756361, 0x6c612e65, 0x0c313074, 0x6c697461,
    0x612e6564, 0x3130746c, 0x696e750d, 0x46414531, 0x746c612e, 0x750d3130, 0x4531696e, 0x612e3742, 0x3130746c, 0x696e750d, 0x31424531, 0x746c612e,
    0x750d3130, 0x4531696e, 0x612e3342, 0x3130746c, 0x696e750d, 0x35424531, 0x746c612e, 0x750d3130, 0x4531696e, 0x612e3541, 0x3130746c, 0x696e750d,
    0x44414531, 0x746c612e, 0x750d3130, 0x4531696e, 0x612e3741, 0x3130746c, 0x696e750d, 0x39414531, 0x746c612e, 0x750d3130, 0x4531696e, 0x612e4241,
    0x3130746c, 0x61656107, 0x65747563, 0x6963630b, 0x6d756372, 0x78656c66, 0x6f64630a, 0x63636174, 0x06746e65, 0x72616364, 0x65066e6f, 0x76657262,
    0x63650665, 0x6e6f7261, 0x6f64650a, 0x63636174, 0x07746e65, 0x31696e75, 0x07394245, 0x31696e75, 0x07424245, 0x63616d65, 0x076e6f72, 0x6f676f65,
    0x076b656e, 0x31696e75, 0x07444245, 0x31696e75, 0x07464245, 0x31696e75, 0x07374345, 0x31696e75, 0x07314345, 0x31696e75, 0x07334345, 0x31696e75,
    0x07354345, 0x30696e75, 0x0b393532, 0x72696367, 0x666d7563, 0x0c78656c, 0x6d6f6367, 0x6361616d, 0x746e6563, 0x6f64670a, 0x63636174, 0x0c746e65,
    0x65726267, 0x612e6576, 0x3130746c, 0x69636711, 0x6d756372, 0x78656c66, 0x746c612e, 0x67123130, 0x6d6d6f63, 0x63636161, 0x2e746e65, 0x30746c61,
    0x64671031, 0x6361746f, 0x746e6563, 0x746c612e, 0x68043130, 0x0b726162, 0x72696368, 0x666d7563, 0x0678656c, 0x65726269, 0x75076576, 0x3130696e,
    0x75073044, 0x4531696e, 0x75074243, 0x4531696e, 0x69073943, 0x7263616d, 0x69076e6f, 0x6e6f676f, 0x69066b65, 0x646c6974, 0x6a690265, 0x616a6907,
    0x65747563, 0x696e7507, 0x37333230, 0x63616a06, 0x0b657475, 0x7269636a, 0x666d7563, 0x0c78656c, 0x6d6f636b, 0x6361616d, 0x746e6563, 0x72676b0c,
    0x6c6e6565, 0x69646e61, 0x616c0663, 0x65747563, 0x61636c06, 0x0c6e6f72, 0x6d6f636c, 0x6361616d, 0x746e6563, 0x6f646c04, 0x616e0674, 0x65747563,
    0x61636e06, 0x0c6e6f72, 0x6d6f636e, 0x6361616d, 0x746e6563, 0x70616e0b, 0x7274736f, 0x6568706f, 0x676e6503, 0x72626f06, 0x07657665, 0x30696e75,
    0x07324431, 0x31696e75, 0x07444345, 0x31696e75, 0x0d464345, 0x6e75686f, 0x75726167, 0x75616c6d, 0x6d6f0774, 0x6f726361, 0x736f0b6e, 0x6873616c,
    0x74756361, 0x686f0565, 0x076e726f, 0x31696e75, 0x07424445, 0x31696e75, 0x07334545, 0x31696e75, 0x07444445, 0x31696e75, 0x07464445, 0x31696e75,
    0x07314545, 0x31696e75, 0x07314445, 0x31696e75, 0x07394445, 0x31696e75, 0x07334445, 0x31696e75, 0x07354445, 0x31696e75, 0x06374445, 0x75636172,
    0x72066574, 0x6f726163, 0x63720c6e, 0x616d6d6f, 0x65636361, 0x7306746e, 0x74756361, 0x63730b65, 0x75637269, 0x656c666d, 0x63730c78, 0x616d6d6f,
    0x65636361, 0x7507746e, 0x3130696e, 0x67104637, 0x616d7265, 0x6c62646e, 0x6c612e73, 0x04313074, 0x72616274, 0x61637406, 0x076e6f72, 0x30696e75,
    0x07423132, 0x30696e75, 0x06333631, 0x65726275, 0x75076576, 0x3130696e, 0x75073444, 0x4531696e, 0x75073545, 0x4531696e, 0x750d3745, 0x676e7568,
    0x6d757261, 0x7475616c, 0x616d7507, 0x6e6f7263, 0x676f7507, 0x6b656e6f, 0x69727505, 0x7506676e, 0x646c6974, 0x68750565, 0x076e726f, 0x31696e75,
    0x07394545, 0x31696e75, 0x07314645, 0x31696e75, 0x07424545, 0x31696e75, 0x07444545, 0x31696e75, 0x07464545, 0x30696e75, 0x07364431, 0x30696e75,
    0x07384431, 0x30696e75, 0x07434431, 0x30696e75, 0x06414431, 0x75636177, 0x770b6574, 0x63726963, 0x6c666d75, 0x77097865, 0x72656964, 0x73697365,
    0x72677706, 0x0b657661, 0x72696379, 0x666d7563, 0x0778656c, 0x31696e75, 0x06354645, 0x61726779, 0x75076576, 0x4531696e, 0x75073746, 0x4531696e,
    0x7a063946, 0x74756361, 0x647a0a65, 0x6361746f, 0x746e6563, 0x72624106, 0x07657665, 0x30696e75, 0x07444331, 0x31696e75, 0x07304145, 0x31696e75,
    0x07324145, 0x63616d41, 0x076e6f72, 0x6f676f41, 0x0a6b656e, 0x6e697241, 0x75636167, 0x75076574, 0x4531696e, 0x75074541, 0x4531696e, 0x75073642,
    0x4531696e, 0x75073042, 0x4531696e, 0x75073242, 0x4531696e, 0x75073442, 0x4531696e, 0x75073441, 0x4531696e, 0x75074341, 0x4531696e, 0x75073641,
    0x4531696e, 0x75073841, 0x4531696e, 0x41074141, 0x75636145, 0x430b6574, 0x63726963, 0x6c666d75, 0x430a7865, 0x61746f64, 0x6e656363, 0x63440674,
    0x6e6f7261, 0x72634406, 0x0674616f, 0x65726245, 0x45066576, 0x6f726163, 0x64450a6e, 0x6361746f, 0x746e6563, 0x696e7507, 0x38424531, 0x696e7507,
    0x41424531, 0x616d4507, 0x6e6f7263, 0x676f4507, 0x6b656e6f, 0x696e7507, 0x43424531, 0x696e7507, 0x45424531, 0x696e7507, 0x36434531, 0x696e7507,
    0x30434531, 0x696e7507, 0x32434531, 0x696e7507, 0x34434531, 0x696e7507, 0x46383130, 0x6963470b, 0x6d756372, 0x78656c66, 0x6f63470c, 0x61616d6d,
    0x6e656363, 0x64470a74, 0x6361746f, 0x746e6563, 0x61624804, 0x63480b72, 0x75637269, 0x656c666d, 0x62490678, 0x65766572, 0x696e7507, 0x46433130,
    0x696e7507, 0x41434531, 0x696e7507, 0x38434531, 0x616d4907, 0x6e6f7263, 0x676f4907, 0x6b656e6f, 0x69744906, 0x0265646c, 0x49074a49, 0x7563614a,
    0x4a066574, 0x74756361, 0x634a0b65, 0x75637269, 0x656c666d, 0x634b0c78, 0x616d6d6f, 0x65636361, 0x4c06746e, 0x74756361, 0x634c0665, 0x6e6f7261,
    0x6f634c0c, 0x61616d6d, 0x6e656363, 0x644c0474, 0x4e06746f, 0x74756361, 0x634e0665, 0x6e6f7261, 0x6f634e0c, 0x61616d6d, 0x6e656363, 0x6e450374,
    0x624f0667, 0x65766572, 0x696e7507, 0x31443130, 0x696e7507, 0x43434531, 0x696e7507, 0x45434531, 0x75684f0d, 0x7261676e, 0x616c6d75, 0x4f077475,
    0x7263616d, 0x4f0b6e6f, 0x73616c73, 0x75636168, 0x4f056574, 0x6e726f68, 0x696e7507, 0x41444531, 0x696e7507, 0x32454531, 0x696e7507, 0x43444531,
    0x696e7507, 0x45444531, 0x696e7507, 0x30454531, 0x696e7507, 0x30444531, 0x696e7507, 0x38444531, 0x696e7507, 0x32444531, 0x696e7507, 0x34444531,
    0x696e7507, 0x36444531, 0x63615206, 0x06657475, 0x72616352, 0x520c6e6f, 0x6d6d6f63, 0x63636161, 0x06746e65, 0x75636153, 0x530b6574, 0x63726963,
    0x6c666d75, 0x530c7865, 0x6d6d6f63, 0x63636161, 0x07746e65, 0x31696e75, 0x04453945, 0x72616254, 0x61635406, 0x076e6f72, 0x30696e75, 0x07413132,
    0x30696e75, 0x06323631, 0x65726255, 0x75076576, 0x3130696e, 0x75073344, 0x4531696e, 0x75073445, 0x4531696e, 0x550d3645, 0x676e7568, 0x6d757261,
    0x7475616c, 0x616d5507, 0x6e6f7263, 0x676f5507, 0x6b656e6f, 0x69725505, 0x5506676e, 0x646c6974, 0x68550565, 0x076e726f, 0x31696e75, 0x07384545,
    0x31696e75, 0x07304645, 0x31696e75, 0x07414545, 0x31696e75, 0x07434545, 0x31696e75, 0x07454545, 0x30696e75, 0x07354431, 0x30696e75, 0x07374431,
    0x30696e75, 0x07424431, 0x30696e75, 0x06394431, 0x75636157, 0x570b6574, 0x63726963, 0x6c666d75, 0x57097865, 0x72656964, 0x73697365, 0x72675706,
    0x0b657661, 0x72696359, 0x666d7563, 0x0778656c, 0x31696e75, 0x06344645, 0x61726759, 0x75076576, 0x4531696e, 0x75073646, 0x4531696e, 0x5a063846,
    0x74756361, 0x645a0a65, 0x6361746f, 0x746e6563, 0x706c6105, 0x610b6168, 0x6168706c, 0x746c612e, 0x62043130, 0x05617465, 0x6d6d6167, 0x65640561,
    0x0761746c, 0x69737065, 0x046e6f6c, 0x6174657a, 0x61746503, 0x65687405, 0x69046174, 0x0561746f, 0x7070616b, 0x616c0661, 0x6164626d, 0x696e7507,
    0x43423330, 0x02756e02, 0x6f076978, 0x7263696d, 0x72036e6f, 0x73066f68, 0x616d6769, 0x69730531, 0x03616d67, 0x07756174, 0x69737075, 0x036e6f6c,
    0x03696870, 0x03696863, 0x05697370, 0x67656d6f, 0x6c410561, 0x04616870, 0x61746542, 0x6d614705, 0x7507616d, 0x3330696e, 0x45073439, 0x6c697370,
    0x5a046e6f, 0x03617465, 0x05617445, 0x74656854, 0x6f490461, 0x4b056174, 0x61707061, 0x6d614c06, 0x02616462, 0x4e02754d, 0x69580275, 0x696d4f07,
    0x6e6f7263, 0x03695002, 0x056f6852, 0x6d676953, 0x61540361, 0x70550775, 0x6f6c6973, 0x6850036e, 0x68430369, 0x73500369, 0x6e750769, 0x41333069,
    0x6c610a39, 0x74616870, 0x736f6e6f, 0x706c6110, 0x6f746168, 0x2e736f6e, 0x30746c61, 0x70650c31, 0x6f6c6973, 0x6e6f746e, 0x6508736f, 0x6f746174,
    0x09736f6e, 0x61746f69, 0x6f6e6f74, 0x6f690c73, 0x69646174, 0x73657265, 0x69117369, 0x6461746f, 0x65726569, 0x74736973, 0x736f6e6f, 0x696d6f0c,
    0x6e6f7263, 0x6f6e6f74, 0x70750c73, 0x6f6c6973, 0x6e6f746e, 0x750f736f, 0x6c697370, 0x69646e6f, 0x73657265, 0x75147369, 0x6c697370, 0x69646e6f,
    0x73657265, 0x6f747369, 0x0a736f6e, 0x67656d6f, 0x6e6f7461, 0x410a736f, 0x6168706c, 0x6f6e6f74, 0x70450c73, 0x6f6c6973, 0x6e6f746e, 0x4508736f,
    0x6f746174, 0x09736f6e, 0x61746f49, 0x6f6e6f74, 0x6f490c73, 0x69646174, 0x73657265, 0x4f0c7369, 0x7263696d, 0x6f746e6f, 0x0c736f6e, 0x69737055,
    0x746e6f6c, 0x736f6e6f, 0x7370550f, 0x6e6f6c69, 0x72656964, 0x73697365, 0x656d4f0a, 0x6f746167, 0x07736f6e, 0x30696e75, 0x0d303334, 0x30696e75,
    0x2e303334, 0x30746c61, 0x6e750731, 0x33343069, 0x6e750731, 0x33343069, 0x6e750f32, 0x33343069, 0x6f6c2e32, 0x47426c63, 0x6e750752, 0x33343069,
    0x6e750f33, 0x33343069, 0x6f6c2e33, 0x47426c63, 0x6e750752, 0x33343069, 0x6e750f34, 0x33343069, 0x6f6c2e34, 0x47426c63, 0x6e750752, 0x33343069,
    0x6e750735, 0x33343069, 0x6e750f36, 0x33343069, 0x6f6c2e36, 0x47426c63, 0x6e750752, 0x33343069, 0x6e750f37, 0x33343069, 0x6f6c2e37, 0x47426c63,
    0x6e750752, 0x33343069, 0x6e750f38, 0x33343069, 0x6f6c2e38, 0x47426c63, 0x6e750752, 0x33343069, 0x6e750f39, 0x33343069, 0x6f6c2e39, 0x47426c63,
    0x6e750752, 0x33343069, 0x6e750f41, 0x33343069, 0x6f6c2e41, 0x47426c63, 0x6e750752, 0x33343069, 0x6e750f42, 0x33343069, 0x6f6c2e42, 0x47426c63,
    0x6e750752, 0x33343069, 0x6e750743, 0x33343069, 0x6e750744, 0x33343069, 0x6e750745, 0x33343069, 0x6e750f46, 0x33343069, 0x6f6c2e46, 0x47426c63,
    0x6e750752, 0x34343069, 0x6e750730, 0x34343069, 0x6e750731, 0x34343069, 0x6e750f32, 0x34343069, 0x6f6c2e32, 0x47426c63, 0x6e750752, 0x34343069,
    0x6e750733, 0x34343069, 0x6e750f34, 0x34343069, 0x6f6c2e34, 0x47426c63, 0x6e750752, 0x34343069, 0x6e750735, 0x34343069, 0x6e750f36, 0x34343069,
    0x6f6c2e36, 0x47426c63, 0x6e750752, 0x34343069, 0x6e750737, 0x34343069, 0x6e750f38, 0x34343069, 0x6f6c2e38, 0x47426c63, 0x6e750752, 0x34343069,
    0x6e750f39, 0x34343069, 0x6f6c2e39, 0x47426c63, 0x6e750752, 0x34343069, 0x6e750f41, 0x34343069, 0x6f6c2e41, 0x47426c63, 0x6e750752, 0x34343069,
    0x6e750742, 0x34343069, 0x6e750f43, 0x34343069, 0x6f6c2e43, 0x47426c63, 0x6e750752, 0x34343069, 0x6e750744, 0x34343069, 0x6e750f45, 0x34343069,
    0x6f6c2e45, 0x47426c63, 0x6e750752, 0x34343069, 0x6e750f46, 0x34343069, 0x6f6c2e46, 0x47426c63, 0x6e750752, 0x31343069, 0x6e750730, 0x31343069,
    0x6e750731, 0x31343069, 0x6e750732, 0x31343069, 0x6e750733, 0x31343069, 0x6e750f34, 0x31343069, 0x6f6c2e34, 0x47426c63, 0x6e750752, 0x31343069,
    0x6e750735, 0x31343069, 0x6e750f36, 0x31343069, 0x6f6c2e36, 0x47426c63, 0x6e750752, 0x31343069, 0x6e750737, 0x31343069, 0x6e750738, 0x31343069,
    0x6e750739, 0x31343069, 0x6e750f41, 0x31343069, 0x6f6c2e41, 0x47426c63, 0x6e750752, 0x31343069, 0x6e750f42, 0x31343069, 0x6f6c2e42, 0x47426c63,
    0x6e750752, 0x31343069, 0x6e750743, 0x31343069, 0x6e750744, 0x31343069, 0x6e750745, 0x31343069, 0x6e750746, 0x32343069, 0x6e750730, 0x32343069,
    0x6e750731, 0x32343069, 0x6e750732, 0x32343069, 0x6e750733, 0x32343069, 0x6e750f34, 0x32343069, 0x6f6c2e34, 0x47426c63, 0x6e750752, 0x32343069,
    0x6e750735, 0x32343069, 0x6e750736, 0x32343069, 0x6e750737, 0x32343069, 0x6e750738, 0x32343069, 0x6e750739, 0x32343069, 0x6e750741, 0x32343069,
    0x6e750742, 0x32343069, 0x6e750743, 0x32343069, 0x6e750744, 0x32343069, 0x6e750745, 0x32343069, 0x6e750f46, 0x32343069, 0x6f6c2e46, 0x47426c63,
    0x6e750752, 0x44343069, 0x6e750733, 0x44343069, 0x6e750d31, 0x44343069, 0x6c612e33, 0x0d313074, 0x30696e75, 0x2e314434, 0x30746c61, 0x6e750731,
    0x44343069, 0x6e750735, 0x35343069, 0x6e750733, 0x39343069, 0x6e750731, 0x46343069, 0x6e750737, 0x39343069, 0x6e750733, 0x39343069, 0x6e750735,
    0x35343069, 0x6e750730, 0x35343069, 0x6e750731, 0x44343069, 0x6e750737, 0x35343069, 0x6e750734, 0x44343069, 0x6e750744, 0x43343069, 0x6e750732,
    0x39343069, 0x6e750737, 0x36343069, 0x6e750742, 0x44343069, 0x6e750746, 0x39343069, 0x6e750739, 0x45343069, 0x6e750731, 0x43343069, 0x6e750746,
    0x45343069, 0x6e750735, 0x35343069, 0x6e750f44, 0x35343069, 0x6f6c2e44, 0x47426c63, 0x6e750752, 0x45343069, 0x6e750733, 0x35343069, 0x6e750743,
    0x39343069, 0x6e750742, 0x39343069, 0x6e750744, 0x41343069, 0x6e750731, 0x39343069, 0x6e750746, 0x35343069, 0x6e750739, 0x41343069, 0x6e750733,
    0x35343069, 0x6e750741, 0x41343069, 0x6e750735, 0x45343069, 0x6e750737, 0x37343069, 0x6e750733, 0x45343069, 0x6e750739, 0x32353069, 0x6e750735,
    0x41343069, 0x6e750737, 0x41343069, 0x6e750742, 0x41343069, 0x6e750744, 0x42343069, 0x6e750735, 0x45343069, 0x6e750746, 0x46343069, 0x6e750731,
    0x46343069, 0x6e750733, 0x35343069, 0x6e750745, 0x41343069, 0x6e750746, 0x42343069, 0x6e750731, 0x42343069, 0x6e750733, 0x46343069, 0x6e750735,
    0x42343069, 0x6e750737, 0x42343069, 0x6e750739, 0x46343069, 0x6e750739, 0x36343069, 0x6e750733, 0x35343069, 0x6e750735, 0x35343069, 0x6e750746,
    0x35343069, 0x6e750736, 0x35343069, 0x6e750737, 0x35343069, 0x6e750738, 0x35343069, 0x6e750732, 0x35343069, 0x6e750742, 0x42343069, 0x6e750742,
    0x44343069, 0x6e750739, 0x42343069, 0x6e750744, 0x42343069, 0x6e750746, 0x41343069, 0x6e750739, 0x37343069, 0x6e750735, 0x44343069, 0x6e750732,
    0x44343069, 0x6e750730, 0x44343069, 0x6e750734, 0x30343069, 0x6e750733, 0x39343069, 0x6e750730, 0x46343069, 0x6e750736, 0x39343069, 0x6e750732,
    0x39343069, 0x6e750734, 0x30343069, 0x6e750730, 0x30343069, 0x6e750731, 0x44343069, 0x6e750736, 0x30343069, 0x6e750734, 0x44343069, 0x6e750743,
    0x43343069, 0x6e750731, 0x39343069, 0x6e750736, 0x36343069, 0x6e750741, 0x44343069, 0x6e750745, 0x39343069, 0x6e750738, 0x45343069, 0x6e750730,
    0x43343069, 0x6e750730, 0x45343069, 0x6e750734, 0x30343069, 0x6e750744, 0x45343069, 0x6e750732, 0x30343069, 0x6e750743, 0x39343069, 0x6e750741,
    0x39343069, 0x6e750743, 0x41343069, 0x6e750730, 0x39343069, 0x6e750745, 0x30343069, 0x6e750739, 0x41343069, 0x6e750732, 0x30343069, 0x6e750741,
    0x41343069, 0x6e750734, 0x45343069, 0x6e750736, 0x37343069, 0x6e750732, 0x45343069, 0x6e750738, 0x32353069, 0x6e750734, 0x41343069, 0x6e750736,
    0x41343069, 0x6e750741, 0x41343069, 0x6e750743, 0x42343069, 0x6e750734, 0x45343069, 0x6e750745, 0x46343069, 0x6e750730, 0x46343069, 0x6e750732,
    0x30343069, 0x6e750745, 0x41343069, 0x6e750745, 0x42343069, 0x6e750730, 0x42343069, 0x6e750732, 0x46343069, 0x6e750734, 0x42343069, 0x6e750736,
    0x42343069, 0x6e750738, 0x46343069, 0x6e750738, 0x36343069, 0x6e750732, 0x30343069, 0x6e750735, 0x30343069, 0x6e750746, 0x30343069, 0x6e750736,
    0x30343069, 0x6e750737, 0x30343069, 0x6e750738, 0x30343069, 0x6e750732, 0x30343069, 0x6e750742, 0x42343069, 0x6e750741, 0x44343069, 0x6e750738,
    0x42343069, 0x6e750743, 0x42343069, 0x6e750745, 0x41343069, 0x6e750738, 0x37343069, 0x6e750734, 0x37303269, 0x6e750730, 0x37303269, 0x6e750734,
    0x37303269, 0x6e750735, 0x37303269, 0x6e750736, 0x37303269, 0x6e750737, 0x37303269, 0x6e750738, 0x37303269, 0x6e750739, 0x38303269, 0x6e750730,
    0x38303269, 0x6e750731, 0x38303269, 0x6e750732, 0x38303269, 0x6e750733, 0x38303269, 0x6e750734, 0x38303269, 0x6e750735, 0x38303269, 0x6e750736,
    0x38303269, 0x6e750737, 0x38303269, 0x6e750738, 0x38303269, 0x6e750739, 0x35313269, 0x6e750733, 0x35313269, 0x6e750734, 0x35313269, 0x6e750735,
    0x35313269, 0x6e750736, 0x35313269, 0x6e750737, 0x35313269, 0x6e750738, 0x35313269, 0x6e750739, 0x35313269, 0x6e750741, 0x35313269, 0x6e750730,
    0x35313269, 0x6e750742, 0x35313269, 0x6e750743, 0x35313269, 0x6e750744, 0x35313269, 0x6e750745, 0x35313269, 0x6e750731, 0x31373269, 0x6e750733,
    0x34373269, 0x6e750743, 0x39313269, 0x6e750730, 0x39313269, 0x6e750731, 0x39313269, 0x6e750733, 0x39313269, 0x6e750732, 0x39313269, 0x6e750736,
    0x39313269, 0x6e750737, 0x39313269, 0x6e750739, 0x39313269, 0x6e750738, 0x42313269, 0x6e750730, 0x42313269, 0x6e750732, 0x31423269, 0x6e750731,
    0x30423269, 0x6e750746, 0x31423269, 0x6e750730, 0x30423269, 0x6e750745, 0x42313269, 0x6e750731, 0x42313269, 0x6e750733, 0x43313269, 0x6e750736,
    0x43313269, 0x6e750734, 0x39313269, 0x6e750734, 0x39313269, 0x6e750735, 0x42313269, 0x6e750736, 0x42313269, 0x6e750737, 0x41313269, 0x6e750739,
    0x41313269, 0x6e750741, 0x42313269, 0x6e750741, 0x42313269, 0x69740b42, 0x2e65646c, 0x30746c61, 0x72620a31, 0x2e657665, 0x6c727963, 0x6e697209,
    0x75636167, 0x75076574, 0x3230696e, 0x75074242, 0x3230696e, 0x74054342, 0x736f6e6f, 0x6569640d, 0x69736572, 0x6e6f7473, 0x7507736f, 0x3330696e,
    0x75073330, 0x3330696e, 0x75073430, 0x3330696e, 0x75073730, 0x3330696e, 0x75073830, 0x3330696e, 0x75074230, 0x3330696e, 0x75073130, 0x3330696e,
    0x75073030, 0x3330696e, 0x75073230, 0x3330696e, 0x75074330, 0x3330696e, 0x75073630, 0x3330696e, 0x75074130, 0x3330696e, 0x75073930, 0x3330696e,
    0x75073231, 0x3330696e, 0x75073531, 0x3330696e, 0x75074231, 0x3330696e, 0x75073732, 0x3330696e, 0x75073332, 0x3330696e, 0x75073632, 0x3330696e,
    0x620a3832, 0x65766572, 0x74756361, 0x72620a65, 0x67657665, 0x65766172, 0x65726209, 0x6f686576, 0x620a6b6f, 0x65766572, 0x646c6974, 0x69640d65,
    0x73657265, 0x63617369, 0x0d657475, 0x72656964, 0x73697365, 0x6f726163, 0x69640d6e, 0x73657265, 0x72677369, 0x0f657661, 0x63726963, 0x6c666d75,
    0x63617865, 0x0f657475, 0x63726963, 0x6c666d75, 0x72627865, 0x0f657665, 0x63726963, 0x6c666d75, 0x72677865, 0x0e657661, 0x63726963, 0x6c666d75,
    0x6f687865, 0x640e6b6f, 0x65726569, 0x6d736973, 0x6f726361, 0x69630f6e, 0x6d756372, 0x78656c66, 0x646c6974, 0x69740a65, 0x2e65646c, 0x65736163,
    0x6c697410, 0x612e6564, 0x3130746c, 0x7361632e, 0x616d0b65, 0x6e6f7263, 0x7361632e, 0x6f640e65, 0x63636174, 0x2e746e65, 0x65736163, 0x6569640d,
    0x69736572, 0x61632e73, 0x68116573, 0x61676e75, 0x6c6d7572, 0x2e747561, 0x65736163, 0x7563610a, 0x632e6574, 0x0a657361, 0x76617267, 0x61632e65,
    0x630f6573, 0x75637269, 0x656c666d, 0x61632e78, 0x630a6573, 0x6e6f7261, 0x7361632e, 0x72620a65, 0x2e657665, 0x65736163, 0x6572620f, 0x632e6576,
    0x5f6c7279, 0x65736163, 0x6e697209, 0x61632e67, 0x720e6573, 0x61676e69, 0x65747563, 0x7361632e, 0x6f740a65, 0x2e736f6e, 0x65736163, 0x696e750c,
    0x39303330, 0x7361632e, 0x72620f65, 0x61657665, 0x65747563, 0x7361632e, 0x72620f65, 0x67657665, 0x65766172, 0x7361632e, 0x72620e65, 0x68657665,
    0x2e6b6f6f, 0x65736163, 0x6572620f, 0x69746576, 0x2e65646c, 0x65736163, 0x65696412, 0x69736572, 0x75636173, 0x632e6574, 0x12657361, 0x72656964,
    0x73697365, 0x6f726163, 0x61632e6e, 0x64126573, 0x65726569, 0x67736973, 0x65766172, 0x7361632e, 0x69631465, 0x6d756372, 0x78656c66, 0x74756361,
    0x61632e65, 0x63146573, 0x75637269, 0x656c666d, 0x65726278, 0x632e6576, 0x14657361, 0x63726963, 0x6c666d75, 0x72677865, 0x2e657661, 0x65736163,
    0x72696313, 0x666d7563, 0x6878656c, 0x2e6b6f6f, 0x65736163, 0x65696413, 0x69736572, 0x63616d73, 0x2e6e6f72, 0x65736163, 0x72696314, 0x666d7563,
    0x7478656c, 0x65646c69, 0x7361632e, 0x6e750765, 0x41303069, 0x6e750730, 0x30303269, 0x6e750731, 0x30303269, 0x6e750733, 0x30303269, 0x6e750730,
    0x30303269, 0x6e750732, 0x30303269, 0x6e750734, 0x30303269, 0x6e750735, 0x30303269, 0x6e750736, 0x30303269, 0x6e750737, 0x30303269, 0x6e750738,
    0x30303269, 0x6e750739, 0x32303269, 0x6e750746, 0x30303269, 0x6e750741, 0x30303269, 0x6e750742, 0x46454669, 0x6e750746, 0x32303269, 0x6e750738,
    0x32303269, 0x6e750739, 0x30303269, 0x6e750743, 0x30303269, 0x6e750744, 0x41303069, 0x6e750744, 0x43464569, 0x6e750743, 0x45434569, 0x6e750730,
    0x46464669, 0x00000044, 0x03000100, 0x0a000800, 0x07001000, 0x0f00ffff, 0x00000100, 0x00000c00, 0x00000000, 0x4a000200, 0x0f000400, 0x11000100,
    0x01003a00, 0xc600c500, 0xc7000200, 0x01001001, 0x20011901, 0x22010100, 0x01002401, 0x26012601, 0x29010100, 0x01002901, 0x31012d01, 0x33010100,
    0x01004c01, 0x59014e01, 0x5d010100, 0x01005f01, 0xcb016201, 0xce010100, 0x0100d401, 0xee01d601, 0xf0010100, 0x0100fb01, 0xff01fd01, 0x02020100,
    0x01002602, 0x2d022c02, 0x31020100, 0x01003102, 0x33023302, 0x35020100, 0x01003502, 0x3b023b02, 0x41020100, 0x01004102, 0x48024502, 0x4a020100,
    0x01004c02, 0x4f024e02, 0x51020100, 0x01005202, 0x54025402, 0x56020100, 0x01005602, 0x59025802, 0x5b020100, 0x01005b02, 0x5f025f02, 0x65020100,
    0x01006502, 0x71026a02, 0x73020100, 0x01007402, 0x78027802, 0x7b020100, 0x01007d02, 0x7f027f02, 0x81020100, 0x01008502, 0x8f028b02, 0x91020100,
    0x01009202, 0x95029502, 0x98020100, 0x01009802, 0x9f029f02, 0xa7020100, 0x0100a702, 0xaa02a902, 0xad020100, 0x0100ae02, 0xb102b002, 0xb3020100,
    0x0100b302, 0xb902b702, 0xbb020100, 0x0100be02, 0xc102c102, 0xc3020100, 0x0100c302, 0xc702c702, 0xcd020100, 0x0100d102, 0xd902d702, 0xe3020100,
    0x0100e602, 0xf202f002, 0xf8020100, 0x0100fb02, 0x04030403, 0x06030100, 0x01000703, 0x0c030b03, 0x11030100, 0x01001303, 0x1b031903, 0x24030100,
    0x01002403, 0x33033103, 0x3d030100, 0x01003d03, 0x45034503, 0x47030100, 0x01004903, 0x4d034d03, 0xa7030100, 0x0300b403, 0xc603b603, 0xd6030300,
    0x0300e303, 0x00000100, 0x8c000a00, 0x04007c01, 0x544c4644, 0x79631a00, 0x28006c72, 0x6b657267, 0x616c4600, 0x54006e74, 0x00000400, 0xffff0000,
    0x00000200, 0x0a000700, 0x47420100, 0x14002052, 0xffff0000, 0x01000200, 0x00000800, 0x0200ffff, 0x09000200, 0x00000400, 0xffff0000, 0x03000200,
    0x10000a00, 0x4f4d0200, 0x1a00204c, 0x204d4f52, 0x00002400, 0x0200ffff, 0x0b000400, 0xffff0000, 0x05000200, 0x00000c00, 0x0200ffff, 0x0d000600,
    0x656b0e00, 0x56006e72, 0x6e72656b, 0x656b6000, 0x6a006e72, 0x6e72656b, 0x656b7400, 0x7e006e72, 0x6e72656b, 0x656b8800, 0x92006e72, 0x6b72616d,
    0x616d9c00, 0xa8006b72, 0x6b72616d, 0x616db400, 0xc0006b72, 0x6b72616d, 0x616dcc00, 0xd8006b72, 0x6b72616d, 0x0000e400, 0x00000300, 0x02000100,
    0x03000000, 0x01000000, 0x00000200, 0x00000300, 0x02000100, 0x03000000, 0x01000000, 0x00000200, 0x00000300, 0x02000100, 0x03000000, 0x01000000,
    0x00000200, 0x00000300, 0x02000100, 0x04000000, 0x04000300, 0x06000500, 0x04000000, 0x04000300, 0x06000500, 0x04000000, 0x04000300, 0x06000500,
    0x04000000, 0x04000300, 0x06000500, 0x04000000, 0x04000300, 0x06000500, 0x04000000, 0x04000300, 0x06000500, 0x04000000, 0x04000300, 0x06000500,
    0x10000700, 0x2c001e00, 0x42003a00, 0x52004a00, 0x00000200, 0x4a000400, 0xb4173c17, 0x0200b62b, 0x04000000, 0x5665fc50, 0x42708265, 0x00000200,
    0x88810400, 0xca93fa91, 0x0400e29f, 0x01000000, 0x0400b0ba, 0x01000000, 0x040066bf, 0x01000000, 0x04003ec1, 0x01000000, 0x01004ec5, 0x04008ec5,
    0x81000000, 0x46010c01, 0xce016c01, 0xda01d401, 0xee01e401, 0x0202f801, 0x16020802, 0x4a022002, 0x56025002, 0xca02c002, 0xd602d002, 0xe202dc02,
    0x1203e802, 0x3a032803, 0x46034003, 0x76037003, 0xfa039003, 0xea049c04, 0x5e055805, 0xea056405, 0x6e064c06, 0x9e069806, 0xaa06a406, 0x5a075407,
    0x56084408, 0xd208c408, 0x72096809, 0x460a080a, 0x520a4c0a, 0x6e0a580a, 0x7a0a740a, 0x860a800a, 0x920a8c0a, 0x2a0b980a, 0x120cb80b, 0x860c180c,
    0x060dbc0c, 0x7a0d380d, 0xbe0d900d, 0xe60dc40d, 0xc60e080e, 0xd20ecc0e, 0x1e0fd80e, 0x2a0f240f, 0x4a0f300f, 0x560f500f, 0x620f5c0f, 0x6e0f680f,
    0x960f900f, 0xba0fa80f, 0xde0fcc0f, 0x3a118c10, 0x4212e411, 0x4e124812, 0xe6127c12, 0x3e13f812, 0xa6136413, 0x0214d813, 0x5e143c14, 0xd6149014,
    0x3215fc14, 0x8a156015, 0xea15bc15, 0x4e161c16, 0xa2167c16, 0x0e00c816, 0x14007502, 0x0a007a02, 0x0f009302, 0x0f00a202, 0x0a00a502, 0x0a00ab02,
    0x0a00bf02, 0x1400d502, 0xf6fffc02, 0xf6fffd02, 0x05001303, 0xc4ff3d03, 0xddff3e03, 0xfbff4503, 0x7a020900, 0xab02f1ff, 0xfc02ecff, 0xfd02f6ff,
    0x1303f6ff, 0x3d03ecff, 0x3e03d8ff, 0x4503d8ff, 0x4903f6ff, 0x1800e2ff, 0xc2ff7502, 0xd8ff7902, 0x3c007a02, 0xceff7b02, 0x32008002, 0x0a008e02,
    0xceff9302, 0xb0ff9e02, 0xd8ffa202, 0x4600ab02, 0x3c00ac02, 0x88ffbf02, 0xd4ffc902, 0xfbffd502, 0xa6fffc02, 0xd8ff0403, 0x37000803, 0x0f001303,
    0xf6ff2303, 0xe2ff2c03, 0xa6ff3d03, 0xa6ff3e03, 0xc4ff4503, 0xceff4903, 0x07030100, 0x01002800, 0x28000703, 0x06030200, 0x07030000, 0x02001e00,
    0x00000603, 0x1c000703, 0x06030200, 0x07030000, 0x02001e00, 0x00000603, 0x1c000703, 0x3d030100, 0x0300e2ff, 0x1e000803, 0xa1ff3d03, 0xe2ff4903,
    0x80020200, 0x13031400, 0x0a00e2ff, 0x1e007a02, 0x3c008002, 0x1900ab02, 0x3200ac02, 0x0a00e102, 0x32000703, 0x46000803, 0xf1ff2303, 0x14003d03,
    0x14003e03, 0x07030100, 0x01002800, 0x28000703, 0x75021a00, 0x7a02f1ff, 0x80029cff, 0x8802f6ff, 0x8e02e2ff, 0x9302f6ff, 0x9e02d8ff, 0xa202f6ff,
    0xa502d3ff, 0xab02b5ff, 0xbf02c4ff, 0xc902e2ff, 0xcb02f1ff, 0xd502e2ff, 0xe102ceff, 0xfc02ddff, 0xfd02e7ff, 0x0403e7ff, 0x0703ceff, 0x08032d00,
    0x1303f6ff, 0x2303d3ff, 0x3d03f1ff, 0x3e030a00, 0x45030a00, 0x4903ecff, 0x0200ceff, 0x50008002, 0x3c00ac02, 0x13030100, 0x0100baff, 0xb5ff1303,
    0x07030100, 0x01002800, 0x28000703, 0x07030100, 0x0a002800, 0xf6ff8500, 0x0c000703, 0xe7ff3d03, 0xe7ff3e03, 0x00005203, 0x00005303, 0x00005603,
    0x00005703, 0x00005903, 0x00005b03, 0x80020500, 0x8802f6ff, 0xa602f8ff, 0xaf02f8ff, 0xcc02f6ff, 0x0400f6ff, 0xd8ff5c00, 0xf6ff7e02, 0xf6ffa602,
    0xfbffaf02, 0xcc020100, 0x0100ecff, 0xfbff0c03, 0x5c000a00, 0x79001400, 0x7a002800, 0x7902ecff, 0x7e020500, 0x80021200, 0x88021000, 0x9e020a00,
    0xac02ecff, 0xcc021400, 0x0100f6ff, 0xfbff0c03, 0x79000600, 0x79022800, 0x7e020500, 0x9e021400, 0xa102d8ff, 0xc002f2ff, 0x1a00e2ff, 0xceff5c00,
    0xfbff8400, 0xe7ff8500, 0xfcff7a02, 0xf6ff7e02, 0x0a008002, 0xf8ff8802, 0xfbff9e02, 0xddffe102, 0xf4fffc02, 0xf4fffd02, 0xfbff1003, 0xc4ff3d03,
    0xceff3e03, 0xe2ff5103, 0xf6ff5203, 0xf6ff5303, 0xfbff5603, 0xf6ff5703, 0xf6ff5803, 0xe2ff5903, 0xfbff5a03, 0xe2ff5b03, 0x05005c03, 0xf6ff5d03,
    0x05006303, 0x53002800, 0x5c00ecff, 0x79009cff, 0x8400d3ff, 0x85001700, 0x75020a00, 0x7a020800, 0x9302e0ff, 0xa202fdff, 0xa5020800, 0xab02fbff,
    0xd502ceff, 0xe102f6ff, 0xfc02f6ff, 0xfd021200, 0x13031200, 0x3d03d3ff, 0x3e03d0ff, 0x4903d0ff, 0x5103c9ff, 0x5203f6ff, 0x53033200, 0x54031400,
    0x55031900, 0x56032800, 0x57033200, 0x58031e00, 0x59032d00, 0x5a031400, 0x5b033200, 0x5c032800, 0x5d03ddff, 0x5e03ecff, 0x5f03e7ff, 0x6003ecff,
    0x6103ceff, 0x6203e2ff, 0x6303ddff, 0x6403f6ff, 0x6503ddff, 0x1300ddff, 0xceff5c00, 0xf6ff8400, 0xecff8500, 0x05007502, 0x05009302, 0xe2ffe102,
    0xfbfffc02, 0xfbfffd02, 0xfbff1003, 0xb5ff3d03, 0xd3ff3e03, 0xddff5103, 0xecff5903, 0xf1ff5b03, 0x05005c03, 0x05006203, 0x0a006303, 0x05006403,
    0x05006503, 0x53001b00, 0x5400e2ff, 0x5c00ecff, 0x84001400, 0x85001400, 0x75020a00, 0x8802fbff, 0x93020500, 0xa202f2ff, 0xa502f6ff, 0xbf02f8ff,
    0xd502f8ff, 0xe102f6ff, 0x0403e2ff, 0x3d03f8ff, 0x3e03d8ff, 0x4903d8ff, 0x5103f1ff, 0x5203ecff, 0x56030a00, 0x5c030a00, 0x6003f6ff, 0x6103f1ff,
    0x6203f6ff, 0x6303f6ff, 0x6403ecff, 0x6503f6ff, 0x0100ecff, 0x05000c03, 0x0c030100, 0x21000500, 0xc2ff5c00, 0xe9ff7900, 0xecff8400, 0xecff8500,
    0xfbff7a02, 0xf6ff8802, 0xf1ff9e02, 0xecffaf02, 0xe2ffcc02, 0xceffe102, 0xeafffc02, 0xeafffd02, 0xf6ff1003, 0xf1ff1303, 0xfeff2303, 0xf6ff2c03,
    0xddff3d03, 0xe2ff3e03, 0xf6ff4903, 0xe7ff5103, 0xf1ff5203, 0xf6ff5303, 0xf6ff5403, 0xf6ff5503, 0xf1ff5603, 0xecff5703, 0xf1ff5803, 0xfbff5903,
    0xf1ff5a03, 0xf1ff5b03, 0x0a005c03, 0x07006303, 0x07006403, 0x5c001800, 0x7900c0ff, 0x8400e7ff, 0x8500f1ff, 0x7a02e2ff, 0x8802fbff, 0xaf02f6ff,
    0xcc02ecff, 0xe102ecff, 0xfc02d8ff, 0xfd02f8ff, 0x1003f8ff, 0x1303fbff, 0x2303f1ff, 0x2c03feff, 0x3d03fbff, 0x3e03d5ff, 0x4903e2ff, 0x5103f6ff,
    0x5a03f6ff, 0x5b03fbff, 0x5c03f6ff, 0x63030800, 0x64030500, 0x08000500, 0xceffcd02, 0xceffce02, 0xbaffd802, 0xbaffd902, 0xceffdf02, 0xbafff002,
    0xf1ff0603, 0x41000703, 0x5c000a00, 0x72003c00, 0x7400d8ff, 0x7a003200, 0x7e02f6ff, 0x80021400, 0x88021e00, 0x9e021100, 0xa602ceff, 0xac020500,
    0x01002800, 0x1e000703, 0x07030100, 0x01002300, 0x23000703, 0x53002a00, 0x5400e2ff, 0x5c00f6ff, 0x79006aff, 0x8500a6ff, 0x7a020a00, 0x8802ceff,
    0x8e02ddff, 0x9302f1ff, 0xa502f4ff, 0xa602f0ff, 0xab02f6ff, 0xac02baff, 0xaf02b0ff, 0xd502e2ff, 0xe102f6ff, 0x0403e7ff, 0x1303f1ff, 0x23039aff,
    0x3d03e2ff, 0x3e03e7ff, 0x4503e7ff, 0x4903f6ff, 0x5203baff, 0x54030f00, 0x55030a00, 0x56030a00, 0x57030f00, 0x58030a00, 0x59030a00, 0x5a030500,
    0x5b030a00, 0x5c030500, 0x5d03ceff, 0x5e03d3ff, 0x5f03d3ff, 0x6003d3ff, 0x6103b5ff, 0x6203d8ff, 0x6303baff, 0x6403ecff, 0x6503ceff, 0x0100d3ff,
    0x0c000703, 0x53003a00, 0x5400e2ff, 0x5c00e2ff, 0x7400b0ff, 0x79001400, 0x85009cff, 0x75021400, 0x7902f6ff, 0x7a02d8ff, 0x7b02b4ff, 0x7e02baff,
    0x8002f6ff, 0x8802ecff, 0x8e02ceff, 0x9302d3ff, 0x9e02bfff, 0xa102e7ff, 0xa202d3ff, 0xa502c9ff, 0xa602c4ff, 0xab02c4ff, 0xac02c4ff, 0xbf02bfff,
    0xc002e7ff, 0xcb02e7ff, 0xd502f6ff, 0xe102c9ff, 0xfc02b0ff, 0xfd02e2ff, 0x0403e2ff, 0x0603baff, 0x07030000, 0x10033c00, 0x1303e7ff, 0x2303b5ff,
    0x2c03f6ff, 0x3d030a00, 0x3e030300, 0x45030300, 0x4903f4ff, 0x5203c9ff, 0x53031400, 0x54031400, 0x55030a00, 0x57031400, 0x59031400, 0x5a031e00,
    0x5b030a00, 0x5c030f00, 0x5d03c4ff, 0x5e03baff, 0x5f03baff, 0x6003ceff, 0x6103baff, 0x6203c4ff, 0x6303baff, 0x6403ceff, 0x6503baff, 0x0400baff,
    0xcbffcd02, 0xd0ffdf02, 0xecff0603, 0x37000703, 0x53001b00, 0x5c00f6ff, 0x790088ff, 0x8500e2ff, 0x7a02ecff, 0xab02e8ff, 0xbf02e4ff, 0xc9020a00,
    0xe102f5ff, 0x1303f6ff, 0x1703c9ff, 0x23030a00, 0x2c03e2ff, 0x3d03ecff, 0x3e03c9ff, 0x4903d8ff, 0x5103f1ff, 0x5203f1ff, 0x54030800, 0x55030a00,
    0x56030a00, 0x58030a00, 0x59030a00, 0x5a03f1ff, 0x60030800, 0x6203f1ff, 0x6303fbff, 0x03001400, 0xe2ff8802, 0xecffaf02, 0xecffcc02, 0x53002500,
    0x5400e7ff, 0x5c00e2ff, 0x72001400, 0x8500f6ff, 0x75020a00, 0x7702ecff, 0x9302f6ff, 0x9e02ecff, 0xa102d8ff, 0xa202ecff, 0xa502f6ff, 0xbf02f6ff,
    0xc902d8ff, 0xcb02f2ff, 0xd502f8ff, 0xe102f1ff, 0xfc02d8ff, 0xfd02e2ff, 0x0403ecff, 0x1003f6ff, 0x1303d8ff, 0x45030500, 0x4903f6ff, 0x5203ecff,
    0x5303f6ff, 0x5403f6ff, 0x5603f6ff, 0x5703ddff, 0x5803f6ff, 0x5903ecff, 0x5a030500, 0x5b03f6ff, 0x5e03f6ff, 0x5f030a00, 0x63030a00, 0x6503f6ff,
    0x0200f6ff, 0x00003d03, 0x00003e03, 0x53002500, 0x5c00ecff, 0x790088ff, 0x8400d8ff, 0x85001700, 0x75020f00, 0x7a020800, 0xa502dcff, 0xab02fbff,
    0xd502ceff, 0xfc02f6ff, 0xfd021200, 0x13031200, 0x3d03baff, 0x3e03ecff, 0x4903ecff, 0x5103d3ff, 0x5203f1ff, 0x53033200, 0x54031400, 0x55031900,
    0x56032d00, 0x57033200, 0x58031e00, 0x59033200, 0x5a031400, 0x5b033200, 0x5c032800, 0x5d03ceff, 0x5e03e2ff, 0x5f03d8ff, 0x6003d8ff, 0x6103baff,
    0x6203ceff, 0x6303ceff, 0x6403f6ff, 0x6503ceff, 0x0f00e2ff, 0xd8ff5c00, 0xfbff7900, 0xc9ff3d03, 0xc9ff3e03, 0xddff5103, 0x0f005503, 0x0a005603,
    0x0a005703, 0x05005803, 0xfbff5903, 0x0a005c03, 0x0a005f03, 0x0a006003, 0x05006103, 0xfbff6503, 0x0c030100, 0x0100fbff, 0xfbff0c03, 0x0c030100,
    0x0500faff, 0xf6ff7200, 0x0a007400, 0x0a007900, 0x05007502, 0x19007a02, 0x0c030100, 0x0100fbff, 0xfaff0c03, 0x0c030100, 0x0100fbff, 0xfbff0c03,
    0x0c030100, 0x0100fbff, 0x05000c03, 0x0c030100, 0x24000500, 0xecff5300, 0xa6ff5c00, 0xf1ff7900, 0x1e008400, 0x0f008500, 0xe0ff7a02, 0xfbff9302,
    0xf6ffa202, 0xf0ffa502, 0xddffab02, 0xf4ffd502, 0xf6ff0403, 0xe2ff1303, 0xd8ff3d03, 0xd8ff3e03, 0xd8ff4903, 0xf6ff5103, 0x14005203, 0x0a005303,
    0x0a005403, 0x14005503, 0x19005603, 0x14005703, 0x14005803, 0x0a005903, 0x14005a03, 0x14005b03, 0xecff5c03, 0xecff5d03, 0xecff5e03, 0xecff5f03,
    0xd8ff6003, 0xecff6103, 0xd8ff6203, 0xe7ff6403, 0xecff6503, 0x53002300, 0x7900ecff, 0x8400f6ff, 0x85001e00, 0x7a020f00, 0x9302ecff, 0xa202fbff,
    0xa502f6ff, 0xab02f0ff, 0xd502f1ff, 0x0403f4ff, 0x1303f6ff, 0x3d03d8ff, 0x3e03d8ff, 0x4903d8ff, 0x5103d8ff, 0x5203ecff, 0x53031400, 0x54030a00,
    0x55030a00, 0x56031400, 0x57031900, 0x58031400, 0x59031400, 0x5a030a00, 0x5b031400, 0x5c031400, 0x5d03ecff, 0x5e03ecff, 0x5f03ecff, 0x6003ecff,
    0x6103d8ff, 0x6203ecff, 0x6403d8ff, 0x6503e7ff, 0x1600ecff, 0x3c005c00, 0x14007400, 0x19007900, 0xf6ff8300, 0xecff8500, 0x18007a02, 0x1200ab02,
    0xecffbf02, 0xfbffd502, 0x1e000803, 0xceff3d03, 0xceff3e03, 0xe7ff5103, 0x0f005c03, 0x0a005d03, 0x14005e03, 0x1e005f03, 0x23006003, 0x14006103,
    0x0f006203, 0xf6ff6303, 0x0f006403, 0x0c030100, 0x1b000500, 0xceff5c00, 0xf6ff8400, 0xe7ff8500, 0x0800d502, 0xf6fffc02, 0xf6fffd02, 0xf9ff0403,
    0xfbff1003, 0x02001303, 0xcaff3d03, 0xc9ff3e03, 0xfeff4903, 0xddff5103, 0xfbff5203, 0xecff5303, 0xf6ff5403, 0xf6ff5503, 0xf6ff5703, 0xf6ff5803,
    0xecff5903, 0xfbff5a03, 0xf6ff5b03, 0x05005c03, 0x05005f03, 0x0a006003, 0x05006203, 0x05006503, 0x07030d00, 0x3d031e00, 0x3e03e2ff, 0x5203e2ff,
    0x53031400, 0x54031400, 0x55031400, 0x56031400, 0x57031400, 0x58031400, 0x59031400, 0x5a032800, 0x5b031e00, 0x12001400, 0x28007200, 0x3c007400,
    0x28008400, 0x5a008500, 0x1e000603, 0x1e000703, 0x1e003d03, 0x1e003e03, 0x3c005203, 0x41005303, 0x41005403, 0x50005503, 0x23005603, 0x41005703,
    0x23005803, 0x5a005903, 0x3c005a03, 0x3c005b03, 0x3d030c00, 0x3e03f6ff, 0x5203f6ff, 0x53031400, 0x54031400, 0x55031400, 0x56031400, 0x57031400,
    0x58031400, 0x59031400, 0x5a031e00, 0x5b031e00, 0x10001400, 0xf1ff8400, 0xe7ff8500, 0xf6fffc02, 0xf6fffd02, 0xf6ff1003, 0xc9ff3d03, 0xc9ff3e03,
    0xddff5103, 0xf6ff5203, 0xecff5303, 0xfbff5403, 0xf1ff5703, 0xf6ff5803, 0xe2ff5903, 0xf6ff5a03, 0xe7ff5b03, 0x72000500, 0x7a02ecff, 0xe1020a00,
    0x1003ecff, 0x5103f6ff, 0x0b00ddff, 0xe2ff7a02, 0xfbff9302, 0xfbffa502, 0xceffab02, 0xf6ffc902, 0xfbff0403, 0xddff1303, 0xddff3d03, 0xddff3e03,
    0x05004403, 0xf1ff5103, 0x07030100, 0x08001e00, 0xceffcd02, 0xceffce02, 0xbaffd802, 0xbaffd902, 0xceffdf02, 0xbafff002, 0xf1ff0603, 0x41000703,
    0xcd020800, 0xce02ceff, 0xd802ceff, 0xd902baff, 0xdf02baff, 0xf002ceff, 0x0603baff, 0x0703f1ff, 0x2f004100, 0xd8ff5300, 0xd8ff5400, 0x74ff5c00,
    0x14007400, 0x92ff7900, 0x14008500, 0xf1ff7502, 0xbbff7a02, 0xceff8e02, 0xd0ff9302, 0xd3ffa202, 0xceffa502, 0xc2ffab02, 0xe7ffbf02, 0xf6ffcb02,
    0xceffd502, 0xe7fffc02, 0xe7fffd02, 0xd3ff0403, 0xf1ff0603, 0x41000703, 0xf1ff0803, 0xceff0c03, 0xe7ff1003, 0x97ff1303, 0x05003d03, 0x05003e03,
    0xf2ff4503, 0xc4ff4903, 0x14005203, 0x14005303, 0x0a005403, 0x14005503, 0x14005703, 0x14005903, 0x0a005a03, 0x0f005b03, 0xceff5c03, 0xceff5d03,
    0xceff5e03, 0xd8ff5f03, 0xc4ff6003, 0xceff6103, 0xbaff6203, 0xecff6303, 0xceff6403, 0xceff6503, 0x07030100, 0x01001e00, 0x1e000703, 0x07030100,
    0x11001e00, 0xf6ff5400, 0xd4ff5c00, 0xecff7900, 0x0a008400, 0xf5ffbf02, 0xf8ffd502, 0x0f000703, 0xf8ff1303, 0xf5ff3d03, 0xf5ff3e03, 0x05005203,
    0x05005603, 0x05005703, 0x05006003, 0x05006203, 0x05006403, 0xfbff6503, 0x07030100, 0x01002300, 0x23000703, 0x0c030100, 0x0600fbff, 0xecff5c00,
    0x05007502, 0x05009302, 0x0800bf02, 0xf6ffe102, 0xfdff2303, 0x07030100, 0x01001e00, 0x23000703, 0x0c030100, 0x0100fbff, 0x23000703, 0x07030100,
    0x01002300, 0x23000703, 0xcd020800, 0xce02ceff, 0xd802ceff, 0xd902baff, 0xdf02baff, 0xf002ceff, 0x0603baff, 0x0703f1ff, 0x01004100, 0x0c000703,
    0xcd020400, 0xdf02cbff, 0x0603d0ff, 0x0703ecff, 0x04003700, 0xcbffcd02, 0xd0ffdf02, 0xecff0603, 0x37000703, 0xcd020400, 0xdf02cbff, 0x0603d0ff,
    0x0703ecff, 0x04003700, 0xcbffcd02, 0xd0ffdf02, 0xecff0603, 0x37000703, 0x53002b00, 0x5400c9ff, 0x5c00d8ff, 0x7400a6ff, 0x79001400, 0x8300a6ff,
    0x8500d8ff, 0x75021e00, 0x7a02d6ff, 0x8e02a8ff, 0x9302ceff, 0xa202b5ff, 0xa502bfff, 0xab02acff, 0xbf02b2ff, 0xc902c9ff, 0xcb02eeff, 0xd502eaff,
    0xfc02c4ff, 0xfd02d8ff, 0x0403d8ff, 0x0603c4ff, 0x0703e2ff, 0x08031e00, 0x0b03e2ff, 0x1003f6ff, 0x1303e2ff, 0x4503abff, 0x4903d4ff, 0x5503baff,
    0x56030a00, 0x5803f6ff, 0x5903f6ff, 0x5c030a00, 0x5d03baff, 0x5e03b0ff, 0x5f03b0ff, 0x6003b0ff, 0x61039cff, 0x6203b0ff, 0x6303b0ff, 0x6403c4ff,
    0x6503baff, 0x2b00baff, 0xc9ff5300, 0xd8ff5400, 0xa6ff5c00, 0x14007400, 0xa6ff7900, 0xd8ff8300, 0x1e008500, 0xdeff7502, 0xb8ff7a02, 0xceff8e02,
    0xd3ff9302, 0xceffa202, 0xccffa502, 0xccffab02, 0xd8ffbf02, 0xeeffc902, 0xeaffcb02, 0xc4ffd502, 0xd8fffc02, 0xd8fffd02, 0xceff0403, 0xe2ff0603,
    0x1e000703, 0xe2ff0803, 0xf6ff0b03, 0xe2ff1003, 0xabff1303, 0xdeff4503, 0xceff4903, 0x0a005503, 0xf6ff5603, 0xf6ff5803, 0x0a005903, 0xddff5c03,
    0xd8ff5d03, 0xd8ff5e03, 0xd8ff5f03, 0xc4ff6003, 0xd8ff6103, 0xd8ff6203, 0xe2ff6303, 0xddff6403, 0xddff6503, 0x5c002a00, 0x72003300, 0x7400f6ff,
    0x79001400, 0x83001f00, 0x8400f1ff, 0x8500d8ff, 0x7502f6ff, 0x7a02fbff, 0xa2021b00, 0xab020a00, 0xbf021400, 0xd502d8ff, 0xe102fbff, 0xfc020500,
    0xfd02d8ff, 0x0403f1ff, 0x08030500, 0x10031e00, 0x2c03ddff, 0x3d03f6ff, 0x3e03ecff, 0x5103ecff, 0x5203f1ff, 0x5303e2ff, 0x5403f6ff, 0x5503ecff,
    0x5603f6ff, 0x5703d8ff, 0x5803ecff, 0x5903d8ff, 0x5a03f6ff, 0x5b03e2ff, 0x5c03ecff, 0x5d031900, 0x5e031400, 0x5f031400, 0x60032800, 0x61032800,
    0x62031400, 0x64031900, 0x65031900, 0x17000f00, 0xf6ff5300, 0xf6ff5400, 0xc4ff5c00, 0xddff7900, 0xfbff8400, 0xfbff7a02, 0xfbffab02, 0xf1fffc02,
    0xf1fffd02, 0xd8ff3d03, 0xe7ff3e03, 0xf2ff4503, 0xf6ff5203, 0xecff5303, 0xf6ff5403, 0xf1ff5503, 0xecff5603, 0xf6ff5703, 0xf6ff5803, 0xf6ff5903,
    0xf6ff5a03, 0xf6ff5b03, 0x05005c03, 0x07030100, 0x01001e00, 0x1e000703, 0x5c000b00, 0x7900abff, 0x7a02ddff, 0xab02f6ff, 0xd502f1ff, 0x1303f6ff,
    0x4903e6ff, 0x6003f4ff, 0x6103f6ff, 0x6203fbff, 0x6503f6ff, 0x1a00fbff, 0xf6ff7200, 0xd8ff8400, 0xc4ff8500, 0xecfffc02, 0xecfffd02, 0xabff3d03,
    0xc4ff3e03, 0xddff5203, 0xf6ff5303, 0xf6ff5403, 0xe7ff5603, 0xf1ff5703, 0xddff5803, 0xc9ff5903, 0xe7ff5a03, 0xddff5b03, 0x0f005c03, 0x0a005d03,
    0x0a005e03, 0x0f005f03, 0x14006003, 0x0a006103, 0x0a006203, 0x0a006303, 0x0f006403, 0x0a006503, 0x7a020400, 0xe1020500, 0x2303f6ff, 0x2c03f8ff,
    0x1100f8ff, 0xfbff7502, 0xd3ff7a02, 0xd8ff8e02, 0xd8ff9302, 0xddffa202, 0xddffa502, 0xceffab02, 0xecffbf02, 0xf8ffcb02, 0xe2ffd502, 0xe2fff402,
    0xf6fffc02, 0xecfffd02, 0xd3ff0403, 0xf1ff1003, 0xb5ff1303, 0x05004403, 0x75020900, 0x7a020a00, 0xbf02ddff, 0xd5020800, 0xfc02f6ff, 0xfd021400,
    0x08031400, 0x13031400, 0x4903c4ff, 0x1000c4ff, 0x0a007502, 0xe7ff7a02, 0x0a009302, 0x0a00a202, 0xd3ffab02, 0x0a00bf02, 0x1400d502, 0x1400fc02,
    0x1400fd02, 0x0a000403, 0x0a000803, 0xceff1303, 0xecff3d03, 0xf1ff3e03, 0xf1ff4503, 0xa6ff4903, 0x7a020c00, 0xab02e2ff, 0xbf02e2ff, 0xfc020f00,
    0xfd021400, 0x04031400, 0x08030a00, 0x13031400, 0x3d03d8ff, 0x3e030500, 0x45030500, 0x4903f6ff, 0x0a00c9ff, 0x0a007502, 0xddff7a02, 0xfbffa502,
    0xd8ffab02, 0x1400fc02, 0x1400fd02, 0x14000803, 0xceff1303, 0xf6ff4503, 0xbaff4903, 0x75020e00, 0x7a020a00, 0xa202ddff, 0xab021400, 0xbf02ddff,
    0xcb020a00, 0xfc020a00, 0xfd021400, 0x04031400, 0x08030500, 0x13031400, 0x3d03ceff, 0x3e03f6ff, 0x4903f6ff, 0x0800baff, 0xd8ff7a02, 0xf6ffa502,
    0xceffab02, 0x1400fc02, 0x1400fd02, 0x14000803, 0xb5ff1303, 0xb5ff4903, 0x75020c00, 0x7a020a00, 0xab02ddff, 0xbf02d3ff, 0xd5020a00, 0xfc02f6ff,
    0xfd021400, 0x08031400, 0x13031400, 0x3d03bfff, 0x3e03ecff, 0x4903ecff, 0x1100baff, 0xd3ff7a02, 0xf6ff8e02, 0xe7ff9302, 0xf1ffa202, 0xe7ffa502,
    0xceffab02, 0xe2ffbf02, 0xf6ffd502, 0x0a00fc02, 0x0a00fd02, 0xecff0403, 0x1e000803, 0xbaff1303, 0x0a003d03, 0x0a003e03, 0xf6ff4503, 0xc9ff4903,
    0x75020900, 0x7a020a00, 0xab02d8ff, 0xbf02d3ff, 0xfc020800, 0xfd021400, 0x08031400, 0x13031e00, 0x4903c9ff, 0x0d00c4ff, 0xd8ff7a02, 0xfbff8e02,
    0xf6ff9302, 0xf6ffa502, 0xd3ffab02, 0xf6ffbf02, 0xf6ffd502, 0x1400fc02, 0x1400fd02, 0xecff0403, 0x14000803, 0xb5ff1303, 0xc4ff4903, 0x75020b00,
    0x7a020500, 0x93021400, 0xab020a00, 0xd5021e00, 0xfc021400, 0xfd02ecff, 0x1303ecff, 0x3d030a00, 0x3e03baff, 0x4903ddff, 0x0a000a00, 0x1e007a02,
    0x1e00ab02, 0xf6ffbf02, 0xecfffc02, 0xecfffd02, 0x05000403, 0x14001303, 0xbaff3d03, 0xbaff3e03, 0x05004903, 0x75020c00, 0x7a020a00, 0x93021400,
    0xab020a00, 0xd5021e00, 0xfc021400, 0xfd02ecff, 0x0403ecff, 0x13030500, 0x3d031400, 0x3e03b0ff, 0x4903c4ff, 0x0b000500, 0x05007502, 0x0f007a02,
    0x0a009302, 0x1e00ab02, 0x1400d502, 0xecfffc02, 0xecfffd02, 0x05001303, 0xb5ff3d03, 0xceff3e03, 0x05004903, 0x75020c00, 0x7a020500, 0x93021e00,
    0xab020a00, 0xd5021e00, 0xfc020f00, 0xfd02ecff, 0x0403ecff, 0x13030500, 0x3d030a00, 0x3e03baff, 0x4903d8ff, 0x0c000a00, 0x05007502, 0x14007a02,
    0x0a009302, 0x1e00ab02, 0x1400d502, 0xecfffc02, 0xecfffd02, 0x0a001303, 0xb5ff3d03, 0xddff3e03, 0xfbff4503, 0x0a004903, 0x7a020b00, 0xab021400,
    0xbf021e00, 0xd502fbff, 0xfc020a00, 0xfd02e2ff, 0x1303e2ff, 0x3d030500, 0x3e03b5ff, 0x4503ceff, 0x4903fbff, 0x09000500, 0x0a007502, 0x0a009302,
    0xf6ffab02, 0x0f00bf02, 0x1e00d502, 0xbaff3d03, 0xd8ff3e03, 0xf6ff4503, 0xfbff4903, 0x7a020900, 0xab021400, 0xd5021e00, 0xfc021400, 0xfd02e7ff,
    0x1303e7ff, 0x3d030500, 0x3e03baff, 0x4503ddff, 0x0a00fbff, 0x05007502, 0x0a009302, 0x0a00ab02, 0x1400d502, 0xecfffc02, 0xecfffd02, 0xb5ff3d03,
    0xe2ff3e03, 0xf1ff4503, 0x05004903, 0xa2af0200, 0x00000400, 0xaeba98ba, 0x0d000400, 0xf6ff0000, 0xecffddff, 0xddffd8ff, 0x0000d8ff, 0x00000000,
    0x00000000, 0x00000000, 0x00000000, 0x00000000, 0x00000000, 0x0000f6ff, 0x00000000, 0x00000000, 0x00000000, 0x00000000, 0xecff0000, 0x00000000,
    0x00000000, 0x00000000, 0x00000000, 0x00002800, 0x3c001900, 0x3c003200, 0x28000000, 0x0f002300, 0x1e002800, 0x36af0200, 0x00000400, 0x6cbcd0ba,
    0x25004500, 0x0a000000, 0x0a000a00, 0x0a000a00, 0xf6fff6ff, 0x0500f6ff, 0xd8ff0a00, 0xd8ffd8ff, 0x00000000, 0x00000000, 0x00000000, 0x00000000,
    0x00000000, 0x00000000, 0x00000000, 0x00000000, 0x00000000, 0x00000000, 0x00000000, 0x00000000, 0x00000000, 0x00000000, 0x0000f6ff, 0x0000f6ff,
    0xf1ffecff, 0xe2ffe2ff, 0xecffecff, 0xecffecff, 0xd8fff1ff, 0x0000ecff, 0x00000000, 0x00000000, 0x00000000, 0x00000000, 0x00000000, 0x00000000,
    0x00000000, 0x00000000, 0xe2ff0000, 0xc4ffceff, 0x0000e2ff, 0xf1ff9cff, 0x0f00b0ff, 0xb0ff0000, 0xbaffc4ff, 0x14000000, 0xf6ff0000, 0x00001400,
    0x56ffddff, 0x10ff9cff, 0x88ffb0ff, 0x00000000, 0x00000000, 0x00000000, 0x00000000, 0x00000000, 0x00000000, 0x00000000, 0x00000000, 0x00000000,
    0x00000000, 0x00000000, 0x0000ecff, 0x00000000, 0x00000000, 0x00000000, 0x00000000, 0x00000000, 0x00000000, 0x00000000, 0x00000000, 0x00000000,
    0x00000000, 0x00000000, 0x00000000, 0xf6ff0000, 0xe7ff0000, 0x00000000, 0x00000000, 0x00000000, 0xa6ff0000, 0x00000000, 0x00000000, 0x00000000,
    0x00000000, 0x00000000, 0x0000d8ff, 0x00000000, 0x00000000, 0x00000000, 0x00000000, 0x00000000, 0x00000000, 0x00000000, 0x00000000, 0x00000000,
    0x00000000, 0x00000000, 0x0000e2ff, 0x00000000, 0x00000000, 0x00000000, 0x00000000, 0x00000000, 0x00000000, 0x00000000, 0x00000000, 0x00000000,
    0x00000000, 0x00000000, 0x00000000, 0x00000000, 0x00000000, 0x00000000, 0x00000000, 0x00000000, 0x00000000, 0x1400f6ff, 0x14000a00, 0x00000000,
    0x00000000, 0x00000000, 0xf6ff0000, 0x00000000, 0xd8ffc4ff, 0x00000000, 0x00000000, 0x00000000, 0x00000000, 0x00000000, 0x00000000, 0xddffd8ff,
    0xd3ffddff, 0xe7ffa6ff, 0xe7ffecff, 0xc9ffd3ff, 0x0a001400, 0xb5ff1400, 0xf1ffc4ff, 0x0000ecff, 0x00000000, 0xeaffc9ff, 0xc4ff0000, 0xf6ffecff,
    0x00000000, 0x00000000, 0x00000000, 0x00000000, 0x00000000, 0x00000000, 0x00000000, 0x00000000, 0x00000000, 0xbaff0000, 0x00000000, 0x00000000,
    0x00000000, 0x00000000, 0x00000000, 0x00000000, 0x00000000, 0x00000000, 0x00000000, 0x00000000, 0x00000000, 0x00000000, 0x00000000, 0x00000000,
    0x00000000, 0x00000000, 0x00000000, 0x00000000, 0x0000b5ff, 0x00000000, 0x00000000, 0x00000000, 0x00000000, 0x00000000, 0x00000000, 0x00000000,
    0x00000000, 0x00000000, 0x00000000, 0x00000000, 0x00000000, 0x00000000, 0x00000000, 0x00000000, 0x00000000, 0x00000000, 0x00000000, 0x00000000,
    0xf6ff0000, 0x00000000, 0x00000000, 0x00000000, 0x00000000, 0x00000000, 0x00000000, 0xf1ff0000, 0x00000000, 0x00000000, 0x00000000, 0x00000000,
    0x00000000, 0x00000000, 0x00000000, 0x00000000, 0x00000000, 0x00000000, 0xe2ff0000, 0x0000ddff, 0x00000000, 0x00000000, 0x00000000, 0x00000000,
    0x00000000, 0x00000000, 0x0000f1ff, 0x00000000, 0x00000000, 0x00000000, 0x00000000, 0x00000000, 0x00000000, 0x00000000, 0x00000000, 0x00000000,
    0xd8ff0000, 0xceffe2ff, 0x00000000, 0x00000000, 0x00000000, 0x00000000, 0x00000000, 0x00000000, 0x00000000, 0x00000000, 0x00000000, 0x00000000,
    0x00000000, 0x00000000, 0x00000000, 0x00000000, 0x00000000, 0x00000000, 0x00000000, 0xe2ffd3ff, 0x0000ceff, 0x00000500, 0x00000000, 0x00000000,
    0x00000000, 0x0000f6ff, 0x00000000, 0xecff0000, 0x0000ecff, 0x00000000, 0x00000000, 0x00000000, 0x00000000, 0xf8fff8ff, 0x00000000, 0xf6ff0000,
    0x00000000, 0xceff0000, 0xceffe2ff, 0x00000000, 0x00000000, 0x00000000, 0xe8fffbff, 0xc4ff0000, 0x00000000, 0x0a000000, 0xe2ffd8ff, 0x0000f6ff,
    0x00000000, 0x00000000, 0x00000000, 0x00000000, 0xfcff0000, 0xfcfffbff, 0xfcfff6ff, 0x00000000, 0xceffbfff, 0xf6ffbfff, 0xf6fff0ff, 0xecfff1ff,
    0x0000fbff, 0x00000000, 0x0000f6ff, 0x00000000, 0xecfff1ff, 0x0a00ddff, 0x0f00d3ff, 0x00000000, 0x00000000, 0xfbff0000, 0xfbfffdff, 0xe2ff0000,
    0x12001400, 0xd8ff1400, 0xe7ffd3ff, 0xe7fff1ff, 0x00000000, 0x0000eaff, 0xf6ffceff, 0x0f000000, 0x00000000, 0x00000000, 0xb0ff0000, 0x0f001e00,
    0x0f000000, 0x0000f6ff, 0x00000000, 0x00000000, 0x00000000, 0xfcff0500, 0xfdff0000, 0xfdfffbff, 0x00000000, 0xceffbfff, 0xf9ffbfff, 0xf8fff2ff,
    0xecff0000, 0x0000fbff, 0x00000000, 0x00000000, 0x00000000, 0xf6fff6ff, 0x0c00e7ff, 0x0f00ddff, 0x00000000, 0x00000000, 0xfaff0000, 0xf0fff0ff,
    0x0000f8ff, 0x00000000, 0x00000000, 0xddff0000, 0xddffe7ff, 0x00000000, 0x00000000, 0x00000000, 0xfbff0000, 0x00000000, 0x0000ddff, 0x00000000,
    0x0a000000, 0xfbffddff, 0x0000f6ff, 0x00000000, 0x00000000, 0x00000000, 0xf8fffeff, 0xf4fffbff, 0xf4fff6ff, 0xfbfff1ff, 0xecffe0ff, 0xf6ffe5ff,
    0x0000f4ff, 0xe8fff6ff, 0x00000000, 0x0000faff, 0x0000f1ff, 0x0000f6ff, 0xe2fff3ff, 0x0000e7ff, 0x0000e7ff, 0x00000000, 0x00000000, 0x00000000,
    0xfeff0000, 0xfbfffbff, 0xf8ff0000, 0xf1ff0000, 0xe6fff6ff, 0xf0fff0ff, 0xf4fff8ff, 0xf6ff0000, 0x0000ebff, 0xfbff0000, 0xfbff0000, 0xfbfff8ff,
    0xf1ff0000, 0x00000000, 0x00000000, 0x00000000, 0x00000000, 0x00000000, 0x00000000, 0x00000000, 0x00000000, 0x00000000, 0x00000f00, 0xe2ffbfff,
    0x0000ceff, 0x00000000, 0x0000f6ff, 0x00000000, 0xe2ffe9ff, 0x0000c4ff, 0x00000000, 0xb0ff1e00, 0xecffc4ff, 0x00000000, 0x00000c00, 0x00000000,
    0xf1ff0000, 0xecffecff, 0xd0fffaff, 0x00000800, 0xb7ff0800, 0x0000beff, 0x0000f6ff, 0xf1fff8ff, 0xecfff8ff, 0x0000ddff, 0x00000000, 0x00000000,
    0x00000000, 0x9cff0000, 0x05000500, 0x05000000, 0x00000000, 0x00000500, 0x00000000, 0xbfffbaff, 0xc9ffb5ff, 0xe7ffb8ff, 0xe7ffe2ff, 0xc8ffbfff,
    0x0a000f00, 0xc9ff1400, 0x0000ddff, 0x00000000, 0xd3fffcff, 0xe7ffd8ff, 0x7eff0a00, 0xd3ffceff, 0x0f00baff, 0xd3ff0a00, 0xd8ff0a00, 0x0500d8ff,
    0x0000d8ff, 0x00000000, 0x00000000, 0xe8ff0000, 0x00000000, 0xe7ff0000, 0xe7ffe4ff, 0xecffe0ff, 0xf8fffbff, 0xe7ffe4ff, 0xf6ffd8ff, 0x00000000,
    0x00000000, 0x00000500, 0xd3ff0000, 0x0000f1ff, 0xf1ff1400, 0x00001400, 0x00000000, 0x00000000, 0x00000000, 0x00000000, 0x00000000, 0x00000000,
    0x0000e2ff, 0xe2ffe7ff, 0x0000ecff, 0x00000000, 0x0000ecff, 0x00000000, 0x00000000, 0x00000000, 0x00000000, 0x00000000, 0x0a000000, 0x00000000,
    0x00000000, 0x00000000, 0xfbff0000, 0xecffecff, 0x0000f6ff, 0xe7ffceff, 0x0500ceff, 0x00000000, 0x00000000, 0x00000000, 0xf6ff0000, 0x00000000,
    0xc9ffecff, 0xf8ffe2ff, 0xc4ffbaff, 0x0a000000, 0xf1ff0000, 0xecffe2ff, 0xf1ffecff, 0x00000000, 0x00000000, 0xfbfffbff, 0x0000f8ff, 0x1400e0ff,
    0x14001200, 0xceffd3ff, 0xf1ffe7ff, 0x0000e7ff, 0xf6ff0000, 0xd3ff0000, 0x0000f6ff, 0x00000f00, 0x00000000, 0x00000000, 0x1e009cff, 0x00001900,
    0xf6ff0f00, 0x00000000, 0x00000000, 0x00000000, 0x0000fbff, 0x00000000, 0x00000800, 0x00000800, 0xceff0000, 0xceffd3ff, 0xfbff0000, 0x00000000,
    0x0000f6ff, 0x00000000, 0x00000000, 0x00000000, 0x00000000, 0x02000000, 0xf1ff0000, 0x00000000, 0x00000000, 0x00000000, 0x00000500, 0x0a000000,
    0x00000f00, 0x00000000, 0x00000000, 0x00000000, 0x08000000, 0x00000a00, 0x00000000, 0x00000000, 0x00000000, 0x00000000, 0x0a000000, 0x00000000,
    0x00000000, 0x00000000, 0x00000000, 0x05000000, 0xf0ff0000, 0xf4fff8ff, 0xe2fff4ff, 0x00001200, 0xe2ff1200, 0xe2ffddff, 0xe2ffeaff, 0x00000000,
    0xf1ffeaff, 0xfbffe2ff, 0x00000000, 0x0000fbff, 0x00000000, 0xceff0000, 0x19001900, 0x0a000000, 0x00000000, 0x00000000, 0x00000000, 0xf8fff0ff,
    0xf4fff4ff, 0x1200e2ff, 0x12000000, 0xddffe2ff, 0xeaffe2ff, 0x0000e2ff, 0xeaff0000, 0xecfff1ff, 0x0000fbff, 0xfbff0000, 0x00000000, 0x00000000,
    0x1900ceff, 0x00001900, 0x00000a00, 0x00000000, 0x00000000, 0x00000000, 0xf8fff8ff, 0x0e000000, 0x00000000, 0x00000000, 0xd8ff0000, 0xd8ffd8ff,
    0x00000000, 0x00000000, 0x00000000, 0xeeff0000, 0xf8fff1ff, 0x0000ddff, 0x0a000000, 0xecfff6ff, 0xf1ffd8ff, 0x0a00ecff, 0x00000000, 0x00000000,
    0x00000000, 0x00000000, 0x00000000, 0x0000f7ff, 0x00000200, 0xd3ffbfff, 0x0000bfff, 0x0000efff, 0xe9ff0000, 0x00000000, 0x0000faff, 0x0000f6ff,
    0x00000000, 0xf6fff8ff, 0x0000f1ff, 0x0000e7ff, 0x00000000, 0x00000000, 0x00000000, 0x00000000, 0x00000000, 0x00000000, 0x00000000, 0x00000000,
    0x0000ecff, 0x00000000, 0x00000000, 0x00000000, 0x00000000, 0x00000000, 0x00000000, 0x00000000, 0x0a000000, 0xf1ff0000, 0x00000000, 0x00000000,
    0x00000000, 0x00000000, 0x00000000, 0xfbff0000, 0xfbfff8ff, 0x00000000, 0xd3ffc9ff, 0x0000c9ff, 0x0000f8ff, 0x00000000, 0x00000000, 0x0000fbff,
    0x0000ecff, 0x00000000, 0xf1ff0000, 0x0000ecff, 0x0000d8ff, 0x00000000, 0x00000000, 0x00000000, 0x00000000, 0x05000000, 0xf1fff1ff, 0x00000000,
    0x00000000, 0x00000000, 0x00000000, 0x00000000, 0x00000000, 0xfbff0000, 0x00000000, 0x00000000, 0x00000000, 0xecffe2ff, 0xecff0000, 0x00000000,
    0x00000000, 0x00000000, 0x0000f6ff, 0x00000000, 0x0500e2ff, 0x00000000, 0xe2ffe2ff, 0xe7ffe7ff, 0x0000ecff, 0xf6ff0000, 0xd8fff6ff, 0x0000f1ff,
    0x00000000, 0x00000000, 0x00000000, 0x00000000, 0x00000000, 0x00000000, 0x00000000, 0x00000000, 0xc9ff0000, 0xc6ffc4ff, 0xbfffd3ff, 0xe7ffe7ff,
    0xb5ffe7ff, 0x0f00c4ff, 0x14000a00, 0xd8ffceff, 0xfbff0000, 0xfcff0000, 0xe2ff0000, 0x0a00e7ff, 0x00000000, 0x88ffceff, 0x0a000f00, 0x0a00c4ff,
    0xceffc4ff, 0xc4ff0000, 0x00000000, 0x00000000, 0x00000000, 0x00000000, 0x00000000, 0x0000f7ff, 0x00000000, 0xfbff0000, 0x00000000, 0xecff0000,
    0x00000000, 0xf2fff9ff, 0x00000000, 0x00000000, 0x00000000, 0xf6ff0000, 0x00000000, 0x00000000, 0x00000000, 0x05000000, 0x05000000, 0x0000fbff,
    0xfbfff6ff, 0xfcff0000, 0x00000000, 0x00000000, 0xf9fffbff, 0xfbfffeff, 0x00000000, 0x00000000, 0x00000600, 0x00000000, 0x00000000, 0x00000000,
    0x00000000, 0x00000000, 0x00000000, 0x00000000, 0xc4ffbfff, 0xbfffb5ff, 0xd0ffacff, 0xd0ffddff, 0xb5ffbaff, 0x00000300, 0xd0ff0800, 0xfaffd8ff,
    0x0000eeff, 0x00000000, 0xceffc2ff, 0x00000000, 0xceff0000, 0x0500baff, 0xceff0000, 0xceff0000, 0x0000ceff, 0x0000ceff, 0xccff0000, 0xc9ffceff,
    0xbaffc4ff, 0xddffd0ff, 0xc4ffd0ff, 0x0300c9ff, 0x08000000, 0xd8ffd0ff, 0xeefffaff, 0x00000000, 0xc6ff0000, 0x0000d3ff, 0x00000000, 0xbaffceff,
    0x00000500, 0x0000d8ff, 0xceffd8ff, 0xceff0000, 0x00000000, 0xf6ff0000, 0x0500fbff, 0xd3ff0b00, 0xd3fff6ff, 0x08000000, 0xeeffeeff, 0x0000f3ff,
    0x00000000, 0x00000000, 0x00000000, 0xddffd3ff, 0xbaffe7ff, 0x0000bfff, 0xe7ff1000, 0xceffd3ff, 0xf1ffc4ff, 0x00001000, 0x0a000000, 0x00000000,
    0x00000000, 0xfbfff8ff, 0xf8fff4ff, 0x0000f4ff, 0xe9fffaff, 0xeefff4ff, 0x0000f8ff, 0xfbfff8ff, 0x0000f6ff, 0xfbff0000, 0xf8ff0000, 0x00000000,
    0x00000000, 0xefff0000, 0xe2ff0f00, 0x00001400, 0x00000000, 0x00000000, 0x00000000, 0xf8ff0000, 0x0000f6ff, 0x00000000, 0xf4ffebff, 0x00000000,
    0x00000000, 0x00000000, 0xf1fff8ff, 0x00000000, 0x00000000, 0x00000000, 0x00000000, 0x0000e7ff, 0x00000000, 0x00000000, 0x00000000, 0x00000000,
    0x00000000, 0x00000000, 0x00000000, 0xf0ffe8ff, 0xf8ffe8ff, 0xabff0000, 0xb5ffd0ff, 0xf6fff8ff, 0x00000000, 0x0000f6ff, 0xf8ff0000, 0xddfff8ff,
    0x00000000, 0x00000000, 0xa6ffceff, 0x9cff0000, 0x00000a00, 0x00000000, 0x00000000, 0x00000000, 0x0000fdff, 0x00000000, 0x00000000, 0x00000000,
    0xecffe7ff, 0x00000000, 0x00000000, 0xf6fffcff, 0x00000000, 0xfbff0000, 0x0000f1ff, 0x00000000, 0x00000000, 0x00000000, 0x00000000, 0x00000000,
    0x00000000, 0xecff0000, 0xddff0000, 0xd3ffe2ff, 0xecffecff, 0xc9ffecff, 0x0000ceff, 0x00000000, 0xecffe2ff, 0xfbff0000, 0x00000000, 0xddff0000,
    0x0000e2ff, 0x00000000, 0x0000d8ff, 0x00000000, 0x00000000, 0x00000000, 0x00000a00, 0x00000000, 0xf6fff6ff, 0x0000f6ff, 0x3200e2ff, 0x32001400,
    0x0000c4ff, 0x00001400, 0x00000000, 0x00000a00, 0xf6ff0000, 0x00000500, 0x00001400, 0x00000000, 0x00000000, 0x00000000, 0x00000000, 0x00000000,
    0x14000000, 0x00000000, 0x00000000, 0x0a000a00, 0xecff0a00, 0x0f001400, 0xceff1400, 0xf6ffd3ff, 0xf6fff1ff, 0x00000000, 0xf6ffecff, 0xf1ffe2ff,
    0x1e000000, 0x0a000000, 0x00000000, 0x00000000, 0x00000000, 0x00000000, 0x00000000, 0x00000000, 0x00000000, 0x0000f6ff, 0x00000000, 0x1900e7ff,
    0x19000a00, 0xe2ffd8ff, 0x00001400, 0x00001400, 0x00000000, 0xf6ff0000, 0x00000500, 0x00001e00, 0x00001400, 0x00000000, 0x00000000, 0x00000000,
    0x00000000, 0x14000000, 0x00000000, 0xf6ff0000, 0xf6fff6ff, 0xe2ff0000, 0x0f002800, 0xceff2800, 0x1400d8ff, 0x14000000, 0x00000000, 0x00000000,
    0x0000f1ff, 0x14000000, 0x14000000, 0x00000000, 0x00000000, 0x00000000, 0x00000000, 0x00000000, 0x00001400, 0x00000000, 0x0000f6ff, 0x0f000000,
    0x3200e2ff, 0x32001400, 0xddffceff, 0x00000f00, 0x0a000f00, 0xf6ff0500, 0xf6fff6ff, 0x00000000, 0x00001400, 0x00001400, 0x00000000, 0x00000000,
    0x00000000, 0x00000000, 0x0f000000, 0x00000000, 0x00000000, 0xf6fff6ff, 0xddff0000, 0x0a002300, 0xb5ff2300, 0x0f00ceff, 0x0f000a00, 0x00000000,
    0x00000000, 0xfbfff6ff, 0x14000000, 0x14000000, 0x00000000, 0x00000000, 0x00000000, 0x00000000, 0x00000000, 0x00001400, 0x00000000, 0xf6fff6ff,
    0x0000f6ff, 0x2d00e2ff, 0x2d001400, 0xd3ffbfff, 0x0000fbff, 0x00000000, 0x00000000, 0xecff0000, 0x0000f1ff, 0xfbff1400, 0x00001400, 0x00000000,
    0x00000000, 0x00000000, 0x00000000, 0x00000000, 0x00000000, 0xd8ff0000, 0xd8ffe2ff, 0xd8fff1ff, 0x0a000a00, 0xbaff0a00, 0x1e00ceff, 0x1e001400,
    0xecff0000, 0x00000a00, 0x0a000500, 0x00000000, 0x1400f1ff, 0x00000000, 0x0000fbff, 0x00000000, 0x00000000, 0x00000000, 0x00002800, 0x00000000,
    0x0000f6ff, 0x00000000, 0x3200ddff, 0x32001400, 0xd3ffc9ff, 0x00000a00, 0x00000a00, 0x00000000, 0xf6ff0000, 0x00000000, 0x00001400, 0x00001400,
    0x00000000, 0x00000000, 0x00000000, 0x00000000, 0x00000000, 0x00000000, 0xecff0000, 0xecffecff, 0xddff0000, 0x14001e00, 0xb5ff1e00, 0x0f00d3ff,
    0x0f000000, 0x00000000, 0x00000000, 0x0000f6ff, 0x00000000, 0x1400f6ff, 0x00000000, 0x0000fbff, 0x00000000, 0x00000000, 0x00000000, 0x00001400,
    0x00000000, 0x0a000a00, 0x00000500, 0xddff1400, 0xe2ffe2ff, 0x1e000a00, 0xceffc4ff, 0x0000c4ff, 0x0000f6ff, 0x00000000, 0x00000500, 0x00000000,
    0x0000ecff, 0x00000000, 0x00000000, 0x00000000, 0x00000000, 0x00000000, 0x00000000, 0x05000000, 0x00000000, 0x1e000000, 0xecffe2ff, 0x1400e2ff,
    0xbaff1e00, 0xbaffd8ff, 0x00000000, 0x00000000, 0x0f000a00, 0xf1ff0000, 0xe2ff0000, 0x00000000, 0x00000000, 0x00000000, 0x00000000, 0x00000000,
    0x00000000, 0x00000000, 0x05000a00, 0x00000500, 0xe2ff1400, 0xe7ffecff, 0x1e001400, 0xd8ffc4ff, 0x0000c4ff, 0x00000000, 0x0a000000, 0x00000a00,
    0x00000000, 0x0000f1ff, 0x00000000, 0x00000000, 0x00000000, 0x00000000, 0x00000000, 0x00000000, 0x05000000, 0x05000500, 0x14000000, 0xe2ffe2ff,
    0x0500e2ff, 0xc9ff1e00, 0xc9ffd8ff, 0x00000000, 0x00000000, 0x05000000, 0x00000000, 0xf1ff0000, 0x00000000, 0x00000000, 0x00000000, 0x00000000,
    0x00000000, 0x00000000, 0x00000000, 0x00000f00, 0x00000500, 0xddff2300, 0xddffecff, 0x1e000a00, 0xd8ffc4ff, 0x0000c4ff, 0x0a00f6ff, 0x00000000,
    0x00000500, 0x0000fbff, 0x0000f6ff, 0x00000000, 0x00000000, 0x00000000, 0x00000000, 0x00000000, 0x00000000, 0x00000000, 0x05000500, 0x19000000,
    0xecffecff, 0x0a00f1ff, 0xc4ff1e00, 0xc4ffd8ff, 0xf6ff0000, 0x00000000, 0x0000fbff, 0x00000000, 0xf6ff0000, 0x00000000, 0x00000000, 0x00000000,
    0x00000000, 0x00000000, 0x00000000, 0x00000000, 0x00000000, 0x00000000, 0xe2ff1900, 0xe2ffe2ff, 0x1e000500, 0xd3ffbaff, 0x0000baff, 0x0000f6ff,
    0x00000000, 0x00000000, 0xf1fff1ff, 0x0000f1ff, 0x00000000, 0x00000000, 0x00000000, 0x00000000, 0x00000000, 0x00000000, 0x00000000, 0x0a000a00,
    0x00000000, 0x0000f6ff, 0x0000f6ff, 0xd8fff6ff, 0xd8ffd8ff, 0xf1fff6ff, 0xf6ffecff, 0xecfff6ff, 0x00000000, 0x00000000, 0x00000000, 0x00000000,
    0x00000000, 0x00000000, 0x00000000, 0x00000000, 0x00000000, 0x05000500, 0x00000000, 0xddff1900, 0xddffecff, 0x1e000500, 0xceffbaff, 0x0000baff,
    0x0000f6ff, 0x00000000, 0x00000000, 0xfbff0000, 0x00000000, 0x00000000, 0x00000000, 0x00000000, 0x00000000, 0x00000000, 0x00000000, 0x05000000,
    0x05000500, 0x00000000, 0xe2ffd8ff, 0x0000e2ff, 0xbaff0a00, 0xbaffceff, 0xecfff6ff, 0x0000f6ff, 0xf6ff0000, 0x00000000, 0xf6ff0000, 0x00000000,
    0x00000000, 0x00000000, 0x00000000, 0x00000000, 0x00000000, 0x02000000, 0x0400c29b, 0xf6aa0000, 0x2d000cae, 0x00006a00, 0x0000d8ff, 0x00000000,
    0x00000000, 0x00000000, 0x00000000, 0x00000000, 0x00000000, 0x00000000, 0x00000000, 0x00000000, 0x00000000, 0x00000000, 0x00000000, 0x00000000,
    0x00000000, 0x00000000, 0x00000000, 0x00000000, 0x00000000, 0x00000000, 0x00000000, 0x00000000, 0x00000000, 0x00000000, 0x00000000, 0x00000000,
    0x00000000, 0x00000000, 0x00000000, 0x00000000, 0x00000000, 0x00000000, 0x00000000, 0x00000000, 0x00000000, 0x00000000, 0x00000000, 0x00000000,
    0x00000000, 0x00000000, 0x00000000, 0x00000000, 0x00000000, 0x00000000, 0x00000000, 0x00000000, 0x00000000, 0x00000000, 0x00000000, 0x00000000,
    0x00000000, 0x00000000, 0x00000000, 0x0a00d8ff, 0xf6ffe7ff, 0xecff0c00, 0x1400ecff, 0xf6ff0a00, 0x1900f6ff, 0x0500e2ff, 0x1900f1ff, 0xecffecff,
    0xd8ffceff, 0xe7ffecff, 0x00000000, 0x00000000, 0x00000000, 0x00000000, 0x00000000, 0x00000000, 0x00000000, 0x00000000, 0x00000000, 0x00000000,
    0x00000000, 0x00000000, 0x00000000, 0x00000000, 0x00000000, 0x00000000, 0x00000000, 0x00000000, 0x00000000, 0x00000000, 0x00000000, 0x00000000,
    0x00000000, 0x0a000000, 0xe7ff0a00, 0xe7fff8ff, 0xddfffbff, 0xd8fff1ff, 0xf1ffecff, 0xd3ff0f00, 0xe2ffd8ff, 0xe2ffd8ff, 0x00000000, 0x00000000,
    0x00000000, 0x00000000, 0x00000000, 0x00000000, 0x00000000, 0x00000000, 0x00000000, 0x00000000, 0xf1ff0000, 0x0a000a00, 0x1e00f6ff, 0xd3ff1e00,
    0x00000000, 0x00000000, 0x0000ecff, 0x00001400, 0xe2ff0000, 0xbaffbaff, 0x00000000, 0xf8ffceff, 0xceffceff, 0x00000000, 0x00000000, 0x00000000,
    0x00000000, 0x00000000, 0x00000000, 0x00000000, 0x00000000, 0x00000000, 0x00000000, 0x00000000, 0x00000000, 0x00000000, 0x00000000, 0x00000000,
    0x00000000, 0x00000000, 0x00000000, 0x00000000, 0x00000000, 0x00000000, 0xf1ff0000, 0x0000f1ff, 0x05000000, 0x0000d3ff, 0x00001400, 0x1e000000,
    0xbaffd8ff, 0x0a00d3ff, 0x0000baff, 0xf8ff0500, 0xceffb0ff, 0xc4ffb0ff, 0xbaffe2ff, 0x00000000, 0x00000000, 0x00000000, 0x00000000, 0x00000000,
    0x00000000, 0x00000000, 0x00000a00, 0x0a000000, 0x00000000, 0x00000000, 0x00000000, 0x00000000, 0x00000000, 0x00000000, 0xceffceff, 0x00000000,
    0x00000000, 0x00000000, 0x00000000, 0x00000000, 0x00000000, 0x00000000, 0x00000000, 0x00000000, 0x00000000, 0x00000000, 0x00000000, 0x00000000,
    0x00000000, 0x00000000, 0x00000000, 0x00000000, 0x00000000, 0x00000000, 0x00000000, 0x00000000, 0x00000000, 0x00000000, 0x00000000, 0x00000000,
    0x00000000, 0x00000000, 0x00000000, 0x00000000, 0x0a000000, 0xd8ff0000, 0xf1ffe2ff, 0x0000e2ff, 0x00000000, 0x00000000, 0x00000000, 0x00000000,
    0x00000000, 0x00000000, 0x00000000, 0x00000000, 0x00000000, 0x00000000, 0x00000000, 0x0000ceff, 0xb5fff6ff, 0xf1ff0000, 0x00000000, 0xfbff0000,
    0x0000ecff, 0x0000ceff, 0x0000fbff, 0x00000500, 0xd8ff0000, 0x00000000, 0x19001900, 0x0000f6ff, 0x00000000, 0x00000000, 0x00000000, 0x00000000,
    0x00000000, 0x00000000, 0x00000000, 0x00000000, 0x00000000, 0x00000000, 0x00000000, 0x00000000, 0x00000000, 0x00000000, 0x00000000, 0x00000000,
    0x00000000, 0x00000000, 0x00000000, 0x00000000, 0xecff0000, 0x0000ecff, 0xd3ff0000, 0x00001400, 0x0000ceff, 0xbaff0000, 0x0f00f6ff, 0x00000000,
    0x00000f00, 0x00000000, 0x00001e00, 0x0f001e00, 0x0000f6ff, 0x0f000000, 0x00000000, 0x00000000, 0x00000000, 0x00000000, 0x00000000, 0xf1ff0000,
    0xe2ffb0ff, 0xa6ffddff, 0xe7ffbfff, 0x00000000, 0xe2fff6ff, 0xecffe2ff, 0x000088ff, 0x0000e2ff, 0x00000000, 0xf6ffecff, 0x00000000, 0x0a000a00,
    0x00000000, 0x00000000, 0x00000000, 0x00000000, 0x00000000, 0x00000000, 0x00000000, 0x00000000, 0x00000000, 0x00000000, 0x00000000, 0x00000000,
    0x00000000, 0x00000000, 0x00000000, 0x00000000, 0x00000000, 0x00000000, 0x00000000, 0x00000000, 0x00000000, 0xd3ff0000, 0xf6ffd3ff, 0x0000f6ff,
    0xf1ff0a00, 0xf1ffbaff, 0x0000f1ff, 0x0a00ddff, 0xf1fff6ff, 0x00000000, 0x0000d8ff, 0x00000000, 0x00000000, 0x0000e2ff, 0x0000ecff, 0x00000000,
    0x00000000, 0x00000000, 0x00000000, 0x00000000, 0xd3ff0000, 0x00008dff, 0xa1ffbaff, 0xc9ffa6ff, 0x00000000, 0xceff0000, 0xbaffd8ff, 0x00007eff,
    0x0000e7ff, 0x00000500, 0xb0ffddff, 0x00000000, 0xecffecff, 0xd8ffb5ff, 0x0000c4ff, 0x00000000, 0x00000000, 0x00000000, 0x00000000, 0x00000000,
    0x00000000, 0x00000000, 0x00000000, 0x00000000, 0x00000000, 0x00000000, 0x00000000, 0x00000000, 0x00000000, 0x00000000, 0x00000000, 0x00000000,
    0x00000000, 0x00000000, 0xb0ff0000, 0xc4ffb0ff, 0x97ffc9ff, 0xddffe7ff, 0xf6ffb0ff, 0xa6ffe7ff, 0x0a00d8ff, 0xf1ff0000, 0x00000a00, 0x0000baff,
    0xe2ffecff, 0x0000ecff, 0xecffc4ff, 0x0000d8ff, 0x00000000, 0x00000000, 0x00000000, 0x00000000, 0x00000000, 0x00000000, 0x0000fbff, 0xfbff0000,
    0x00000000, 0x00000000, 0x00000000, 0x00000000, 0x00000000, 0x00000000, 0xceffceff, 0x00000000, 0x00000000, 0x00000000, 0x00000000, 0x00000000,
    0x00000000, 0x00000000, 0x00000000, 0x00000000, 0x00000000, 0x00000000, 0x00000000, 0x00000000, 0x00000000, 0x00000000, 0x00000000, 0x00000000,
    0x00000000, 0x00000000, 0x00000000, 0x00000000, 0x00000000, 0x00000000, 0x00000000, 0x00000000, 0x00000000, 0x0000f6ff, 0x00000000, 0xf6ff0000,
    0x0000f1ff, 0xd8ff0000, 0x0000d8ff, 0x0000d8ff, 0x00000000, 0x00000000, 0x00000000, 0x00000000, 0x00000000, 0x00000000, 0x00000000, 0x00000000,
    0x00000000, 0x00000000, 0x11000000, 0x0000f3ff, 0xf1ff0f00, 0x14000000, 0x00000000, 0x28000000, 0x00000000, 0x00000000, 0x00000000, 0xd8ffceff,
    0x00000000, 0x00000000, 0x00000000, 0x00000000, 0x0000f6ff, 0x00000000, 0x00000000, 0x00000000, 0x00000000, 0x00000000, 0x00000000, 0x00000000,
    0x00000000, 0x00000000, 0x00000000, 0x00000000, 0x00000000, 0x00000000, 0x00000000, 0x00000000, 0x00000000, 0x00000000, 0x00000000, 0x00000000,
    0x0f000000, 0xf1ff0f00, 0xf8fff1ff, 0xf6ff0000, 0xe7ff0000, 0xf6ffe2ff, 0xd8ff1400, 0xecffd3ff, 0x0000d8ff, 0x00000000, 0x0f00f6ff, 0x0000f6ff,
    0x00000000, 0x00000000, 0x00000000, 0x00000000, 0x00000000, 0x00000000, 0x00000000, 0x00000000, 0x00000f00, 0x00000000, 0x00000000, 0x00000000,
    0x00000000, 0x0000f6ff, 0x00000000, 0x0000f6ff, 0x00000000, 0x00000000, 0x00000000, 0x00000000, 0x00000000, 0x14000000, 0x00000a00, 0x00000000,
    0x00000000, 0x00000000, 0x00000000, 0x00000000, 0x00000000, 0x00000000, 0x00000000, 0x00000000, 0x00000000, 0x00000000, 0x00000000, 0x00000000,
    0x00000000, 0x00000000, 0x00000000, 0x00000000, 0x00000000, 0x00000000, 0x00000000, 0x00000000, 0x00000000, 0x00000000, 0x0000f6ff, 0x00000000,
    0x00000000, 0x00000000, 0x00000000, 0xf1ff0000, 0x00000000, 0xe2ffe2ff, 0x00000000, 0x00000000, 0x00000000, 0x00000000, 0x00000000, 0x00000000,
    0xfcff0000, 0x0f000500, 0x00000000, 0x00000a00, 0x00000000, 0x00000000, 0x0000ecff, 0x00000800, 0x00000000, 0xbfffbfff, 0x00000000, 0x0000f6ff,
    0xf6fff6ff, 0x00000000, 0x00000000, 0x0a000000, 0xf6ff1400, 0xf6ff0a00, 0xecffe2ff, 0xecffe2ff, 0xf6fffbff, 0xecfff1ff, 0xf1ffd8ff, 0x0a00d8ff,
    0x14000a00, 0xfbff0a00, 0xfbff0500, 0x00000000, 0x00000000, 0x00000000, 0x00000000, 0x00000000, 0x00000000, 0x00000000, 0x00000000, 0x0000fbff,
    0x00000000, 0x0000f7ff, 0x00000800, 0x00000000, 0xbaff0000, 0x0000d3ff, 0x0000baff, 0x00000000, 0xeeffeeff, 0xe0ffeeff, 0x0000fbff, 0x00000000,
    0x0a00fbff, 0xddfff1ff, 0x00000000, 0x00000000, 0x00000000, 0x00000000, 0x00000000, 0x00000000, 0x00000000, 0x00000000, 0x00000000, 0x00000000,
    0x00000000, 0x00000000, 0xceffceff, 0xf6ff0000, 0x00000000, 0x00000000, 0x00000000, 0x00000000, 0x00000000, 0x00000000, 0x00000000, 0x00000000,
    0x0000f6ff, 0x00000000, 0x00000000, 0x00000000, 0x00000000, 0x00000000, 0x00000000, 0x00000000, 0x00000000, 0x00000000, 0x00000000, 0x00000000,
    0x00000000, 0x00000000, 0x00000000, 0x00000000, 0x00000000, 0x00000000, 0x00000000, 0x00000000, 0x00000000, 0xd3ff0000, 0x0000d8ff, 0x0000d3ff,
    0x00000000, 0x00000000, 0x00000000, 0x00000000, 0x00000000, 0x00000000, 0x00000000, 0x00000500, 0x00000000, 0x00000000, 0x0000e2ff, 0xf8fffbff,
    0x00000500, 0x00000000, 0x00000000, 0x00000000, 0x0000e2ff, 0x00000000, 0x00000000, 0xc9ffb5ff, 0x00000000, 0x0000f6ff, 0xf4fff4ff, 0x00000000,
    0xfbff0000, 0xc4ff0000, 0xe7ff0000, 0xfbfff6ff, 0xf6fff6ff, 0x0000f6ff, 0xfbff0000, 0xf6fff6ff, 0x0000e2ff, 0x0500ecff, 0x05000000, 0x0f000000,
    0x00000000, 0x00000000, 0xf6fffbff, 0x0000f6ff, 0x00000000, 0x00000000, 0x00000000, 0x00000000, 0x00000000, 0xf4ff0000, 0xf8fffcff, 0xf0fff8ff,
    0xf6ff0000, 0x0000f1ff, 0xbfff0000, 0xecffc9ff, 0xfbffbfff, 0x00000000, 0x0000fbff, 0xf1fffbff, 0x00000000, 0x00000000, 0xf1ff0a00, 0xd3ffecff,
    0x0000ddff, 0x00000f00, 0x00000000, 0x00000000, 0x00000000, 0x00000000, 0x00000000, 0x00000000, 0x00000000, 0x0000e2ff, 0x00000000, 0x00000000,
    0xc4ffc4ff, 0x00000000, 0x00000000, 0xfbfffbff, 0x00000000, 0x00000000, 0xceff0000, 0xe7ff0000, 0xf6ff0000, 0x0000ddff, 0x0000f6ff, 0x0a000000,
    0x00000000, 0x0000f1ff, 0x0000fbff, 0x00000000, 0x00000a00, 0x00000000, 0x00000000, 0x0000f1ff, 0x00000000, 0x00000000, 0x00000000, 0x00000000,
    0x00000000, 0x00000000, 0x00000000, 0x00000000, 0xecfffbff, 0x00000000, 0x00000000, 0xceff0000, 0xecffceff, 0x0000ceff, 0x00000000, 0x0000fcff,
    0xf6fffcff, 0x00000000, 0x00000000, 0xf8ff0000, 0xecfff1ff, 0x00000000, 0xfbff0800, 0x00000000, 0x08000000, 0x0000dcff, 0xceff0000, 0x00000000,
    0x00000000, 0xf6ff0000, 0x0000f6ff, 0x0000baff, 0x00000000, 0xecffecff, 0xc9ff0000, 0x00000000, 0x12001200, 0x0000fbff, 0x00000000, 0x88ff0000,
    0x0a00d8ff, 0x00000000, 0x32000000, 0x19001400, 0x32002d00, 0x32001e00, 0x32001400, 0xc4ff2800, 0xd8ffd8ff, 0xecffbaff, 0xd8ffc4ff, 0x00000000,
    0x00001700, 0xecff0000, 0xceffe2ff, 0x0000c4ff, 0x00000000, 0x00000000, 0xfbff0000, 0x0000f8ff, 0xe0ff0000, 0x00001200, 0xf6ffd3ff, 0xceff0000,
    0xe7ff0000, 0xd3fff1ff, 0xf6ffe7ff, 0x0000fbff, 0x0f001400, 0x00001400, 0x00000000, 0x07000000, 0x9cff0000, 0x0f001e00, 0x00001900, 0x0000f6ff,
    0x00000000, 0xfbff0000, 0x21000f00, 0x0a000000, 0xf2ff0000, 0x00000000, 0x00000000, 0x00000400, 0x00000000, 0x00000000, 0xbeffb5ff, 0x00000000,
    0x0000f1ff, 0xfbfff1ff, 0x00000000, 0x1e000a00, 0x37002300, 0xddff3c00, 0xf1ff0000, 0xf6ffe2ff, 0xf1ffe7ff, 0xecfff6ff, 0xf1ffecff, 0xf6ffe7ff,
    0x1400f1ff, 0x28001400, 0x00001e00, 0x0f001400, 0x1e000000, 0x0000e7ff, 0x00000000, 0x14001400, 0x00001400, 0x00000000, 0x00000000, 0x00000000,
    0x0000fbff, 0x0c000000, 0x0000f6ff, 0x00000000, 0x00000000, 0xc4fff6ff, 0x0000d3ff, 0x0000c4ff, 0x00000000, 0xe7ffe7ff, 0xd8ffe7ff, 0x0000ecff,
    0x00000000, 0x0a00ecff, 0xc4ffe2ff, 0x0f00d3ff, 0x0000f6ff, 0x00000a00, 0x0000e2ff, 0xf8ff0000, 0x00000000, 0x00000000, 0x00000000, 0x0a000000,
    0x0000e2ff, 0x00000000, 0x00000000, 0xd8ffc4ff, 0x0000f6ff, 0x00000000, 0xf9fff9ff, 0x00000000, 0xfbff0000, 0xc4ff0000, 0xe7ff0000, 0xfbff0000,
    0xf6ffddff, 0x0000f6ff, 0x00000000, 0xfbfffbff, 0xfbffe2ff, 0x0500ecff, 0x05000000, 0x0f000000, 0x00000000, 0x00000000, 0x0000fbff, 0x0000ecff,
    0x00000500, 0x00000000, 0x00000000, 0x00000000, 0x00000000, 0xf6ff0000, 0x00000000, 0xf0fff9ff, 0x00000000, 0x00000000, 0xbfff0000, 0xecffceff,
    0xfbffbfff, 0x00000000, 0x0000fbff, 0x0000fbff, 0x00000000, 0x00000000, 0xf1ff0a00, 0xdcffecff, 0x0000ddff, 0x00000f00, 0x00000000, 0x00000000,
    0x00000000, 0x0000f9ff, 0xf6ff0000, 0xfbff0000, 0xf4ff0000, 0xfbffecff, 0x00000000, 0x00000000, 0xd0ffd0ff, 0x00000000, 0x00000000, 0x00000000,
    0x00000000, 0x00000000, 0x00000000, 0xe7ff0000, 0xfbff0000, 0x0000e7ff, 0x00000000, 0x0a000000, 0x00000000, 0x00000000, 0x00000000, 0x00000000,
    0x00000000, 0x00000000, 0x00000000, 0x00000000, 0xf6ff0000, 0x00000000, 0xf6ff0000, 0x0000f6ff, 0x00000000, 0xf8ff0000, 0x0000f4ff, 0x0000f8ff,
    0x00000000, 0x00000000, 0x00000000, 0xc9fff6ff, 0xf6ffd8ff, 0x0000c9ff, 0x0000f6ff, 0xfaff0000, 0x00000000, 0x0000ecff, 0x00000000, 0x0000e7ff,
    0xf6ff0000, 0x00000000, 0x0000f1ff, 0x00000000, 0xfbff0000, 0x14000000, 0x00000000, 0x00001400, 0x00000000, 0x00000000, 0x00000000, 0x00000000,
    0x00000000, 0x00000000, 0x00000000, 0x00000a00, 0x00000000, 0x00000000, 0x00000000, 0x00000000, 0x00000000, 0x00001400, 0x00000000, 0x00000000,
    0x00000000, 0x00000000, 0x00000000, 0x00000000, 0x00000000, 0x00000000, 0x00000000, 0x00000000, 0x14000000, 0x00000000, 0x00000000, 0x00000000,
    0x00000000, 0x00000000, 0xf1ff0000, 0x0000f6ff, 0x00000000, 0x00000000, 0x00000000, 0x00000000, 0xf6ff0000, 0x00000000, 0x00000000, 0xfbff0500,
    0x00000000, 0x00000000, 0x00000000, 0x00000000, 0x0000f6ff, 0x00000000, 0x00000000, 0x00000000, 0x00000000, 0x00000000, 0x00000000, 0x00000000,
    0x00000000, 0x00000000, 0x00000000, 0x00000000, 0x00000000, 0x00000000, 0x00000000, 0x00000000, 0x00000000, 0x00000000, 0x00000000, 0x00000000,
    0x00000000, 0x00000000, 0x00000000, 0x00000000, 0x00000000, 0x00000000, 0x00000000, 0x00000000, 0x00000000, 0x00000000, 0x00000000, 0x00000000,
    0x00000000, 0x00000000, 0x0000f6ff, 0x00000000, 0x00000000, 0x00000000, 0x00000000, 0x00000000, 0x00000000, 0x00000000, 0x00000000, 0x00000000,
    0x00000000, 0xc9ff0000, 0x0000e2ff, 0x0000c4ff, 0x00000000, 0x00000000, 0x00000000, 0x00000000, 0x00000000, 0x00000000, 0x00000000, 0x00000000,
    0x00000000, 0x00000000, 0x0000f6ff, 0x00000000, 0x00000000, 0x00000000, 0x00000000, 0x00000000, 0x0000e7ff, 0x00000800, 0x00000000, 0xccffccff,
    0x05000000, 0x00000000, 0x00000000, 0x00000000, 0x00000000, 0xd8ff0000, 0x0000fbff, 0xfeff0000, 0x0000ecff, 0x00000000, 0x0a000500, 0x05000a00,
    0x0000fbff, 0x0a000000, 0x0a000000, 0x00000a00, 0xfbff0000, 0x00000000, 0x00000000, 0x00000000, 0x05000000, 0x00000000, 0x00000000, 0x00000000,
    0xfbff0000, 0x0000fbff, 0x00000000, 0x00000000, 0x00000800, 0x00000000, 0xd2ff0000, 0x0000d3ff, 0x0000d2ff, 0x00000000, 0x00000800, 0x00000800,
    0x00000000, 0x00000000, 0x00000000, 0xf1ff0000, 0x00000200, 0x00000500, 0x00000000, 0x0000f6ff, 0xecffe8ff, 0xe2fffbff, 0x0000ecff, 0x00000000,
    0xf6ff0000, 0xf7ffecff, 0x0000f1ff, 0x00000000, 0xddffddff, 0xe2ff0000, 0x00001400, 0x00000000, 0x0000f8ff, 0x00000000, 0xb0ff0000, 0x1400fbff,
    0x00000000, 0x1400ecff, 0x00000500, 0x1e001400, 0x14000a00, 0x14001400, 0xe2ff0f00, 0xecffecff, 0xfbffceff, 0xe2ffecff, 0x00000000, 0x00001e00,
    0xe2ff0000, 0xecffe7ff, 0xf6ffe2ff, 0xf8ff0000, 0x00000000, 0xf8ff0000, 0x0000f8ff, 0xeaff0000, 0x00000000, 0xf1fff1ff, 0xe2fff1ff, 0xe2ff0000,
    0xe7fff1ff, 0xfbffe2ff, 0x0000f2ff, 0x00000e00, 0x00000e00, 0x0000fbff, 0x05000000, 0xd3fffbff, 0x19001400, 0x00001900, 0xf6fff6ff, 0x00000000,
    0x00000000, 0x00000000, 0x00000500, 0x00000000, 0x00000000, 0x10000000, 0x0000e2ff, 0x00000000, 0x00000000, 0xd2ff92ff, 0x00000000, 0x00000000,
    0xeaffeaff, 0x00000000, 0x00000000, 0xc9ff0000, 0xb5ff0000, 0xecff0000, 0xe2ffc9ff, 0xf6ffecff, 0xe2fff6ff, 0xe2ffecff, 0xe2ffddff, 0x1400e2ff,
    0x0f000a00, 0x14001400, 0x14001400, 0x0000ecff, 0x0000d8ff, 0x00000000, 0x0a000f00, 0x00001400, 0x00000000, 0x00000000, 0x00000000, 0xf6ff0000,
    0x00000000, 0xeeffecff, 0x00000000, 0x00000000, 0xb5ff0000, 0xf1ffbfff, 0x0000b5ff, 0x00000000, 0xf8ffd6ff, 0xe7ffd6ff, 0x00000000, 0x00000000,
    0x00000a00, 0xb5ffe2ff, 0x0000c9ff, 0x00001400, 0x00000000, 0x0000ecff, 0x00000000, 0x00000000, 0x00000000, 0x00000000, 0x00000000, 0x00000000,
    0x00000000, 0x00000000, 0x00000000, 0x00000000, 0x00000000, 0x00000000, 0x00000000, 0x00000000, 0x00000000, 0x00000000, 0x00000000, 0x00000000,
    0x00000000, 0x00000000, 0x00000000, 0x00000000, 0x00000000, 0x00000000, 0x00000000, 0x00000000, 0x00000000, 0x00000000, 0x0000f6ff, 0x00000000,
    0x00000000, 0x00000000, 0x00000000, 0x00000000, 0x00000000, 0x00000000, 0x0000fbff, 0x00000000, 0x00000000, 0xb5ff0000, 0xf6ffd8ff, 0x0000c4ff,
    0x00000000, 0x00000000, 0x00000000, 0x00000000, 0x00000000, 0x00000000, 0x0000d8ff, 0x00000000, 0x00000000, 0x00000000, 0xfbff0000, 0x05000800,
    0x00000000, 0xe7ff0f00, 0x0000ecff, 0xf6ff0000, 0x0000e8ff, 0x00000a00, 0xeafffeff, 0xc4ffbaff, 0xf2ff0000, 0xfbffd8ff, 0xe2ffe2ff, 0x00000000,
    0x00000000, 0x0f000000, 0xb5ff0000, 0xe2ff0a00, 0xc4ffcaff, 0xc4ffb0ff, 0xbaffceff, 0xbaffbaff, 0xc9ffbaff, 0x0a00c4ff, 0x0a000a00, 0x00000a00,
    0x00000500, 0x0000ceff, 0x0000baff, 0xf6ff0000, 0x0a000a00, 0xecff0500, 0x00000000, 0x0000f6ff, 0x00000000, 0x0000f1ff, 0x08000000, 0x0000ecff,
    0x00000a00, 0x00000000, 0xbfffe2ff, 0x0500ddff, 0x0000c4ff, 0x00000300, 0xd6ffd8ff, 0xc9ffd8ff, 0xd8ffd8ff, 0x00000000, 0x1400f1ff, 0xbaffceff,
    0x0000bfff, 0x00000000, 0x00000000, 0xf1ffecff, 0xb0ffacff, 0xc2ffa6ff, 0xe7ffc4ff, 0x0000ecff, 0xc4fff6ff, 0xb5ffb0ff, 0x00008dff, 0x0a00f6ff,
    0x05000500, 0xc4fff2ff, 0xceffe7ff, 0xe2ffe2ff, 0xceffb8ff, 0xc9ffb5ff, 0x74fff1ff, 0x140092ff, 0xcefff6ff, 0x14000000, 0x0a001400, 0x00001400,
    0x00001400, 0x0a001400, 0xa6ff0f00, 0xbaffb0ff, 0xb0ff92ff, 0xa6ffa6ff, 0x14000000, 0xbaff0000, 0xd8ffe2ff, 0xa6ffb0ff, 0xd8ffa6ff, 0xa6ff0000,
    0xceff0000, 0xb5ff0000, 0xceff92ff, 0xb0ffb5ff, 0xd8ffe2ff, 0x0000b0ff, 0xc4fffbff, 0x0f00e7ff, 0x00000a00, 0xfcff1400, 0xceffbaff, 0xd8ffe7ff,
    0x0a00e7ff, 0xceff56ff, 0x0a00ceff, 0x88ffc4ff, 0x0a000f00, 0x00000a00, 0xc4ffa6ff, 0x0000ceff, 0x00000000, 0x00000a00, 0x08000000, 0xe8ff2800,
    0x00000000, 0xf6ff0000, 0x0000fbff, 0x00000000, 0xeaff0000, 0xd8ffccff, 0xfbff0000, 0x0000dcff, 0xf6ffddff, 0x00000000, 0x1e000000, 0x3c001400,
    0xd8ff1400, 0xd8ff0000, 0xe2ffd8ff, 0xe2ffe2ff, 0xd8ffe2ff, 0xe2ffe2ff, 0xe2ffecff, 0x1400e2ff, 0x1e001400, 0x00001900, 0x0a001400, 0x1400f6ff,
    0x0000d3ff, 0xf6ff0000, 0x14001400, 0xf6ff1400, 0x0000f6ff, 0x00000000, 0x00000000, 0x0000f6ff, 0x05000000, 0x0000f4ff, 0x00000000, 0x08000000,
    0xd2ffe7ff, 0x0000daff, 0x0000d7ff, 0x00000000, 0xd0ffd2ff, 0xd2ffd2ff, 0xddffd8ff, 0x00000000, 0x1400ecff, 0xc4ffc9ff, 0x0000ceff, 0xf6ffecff,
    0x00001400, 0x00000000, 0x00000000, 0x0000faff, 0xfbff0000, 0x00000000, 0xf6ff0000, 0x0000e2ff, 0x00000000, 0x0000fbff, 0x00000000, 0xecff0000,
    0x00000000, 0x00000000, 0x00000000, 0xfbff0000, 0x00000000, 0x0a000000, 0x00000000, 0x00000000, 0x0000f6ff, 0xf6ff0000, 0x00000000, 0xfbff0f00,
    0x00000000, 0x00000000, 0xf6ff0500, 0x00000000, 0x00000000, 0x00000000, 0xf1ff0000, 0x00000000, 0xf6ff0000, 0x00000000, 0x00000000, 0xf6ff0000,
    0x0000e2ff, 0x00000000, 0x00000000, 0x00000000, 0x00000000, 0x00000000, 0x00000000, 0x00000000, 0x00000000, 0xf8fff8ff, 0x0000f8ff, 0xf2ffecff,
    0x00000000, 0x00000000, 0x00000000, 0x00000000, 0x00000000, 0x00000000, 0xfaff0000, 0x00000500, 0x0000f8ff, 0xe4ff0000, 0x00000000, 0xf6ff0000,
    0xfbffceff, 0x00000000, 0x0000fbff, 0xfafffaff, 0xf6fffaff, 0x00000000, 0xeaffeaff, 0x0000fbff, 0x00000000, 0x00000000, 0x00000000, 0xf1ff0000,
    0x0000f6ff, 0x00000000, 0xf6ff0000, 0xf6ff0000, 0x00000f00, 0x00000000, 0x0a000000, 0xf6ff0a00, 0xfbff0000, 0x00000000, 0x0000f6ff, 0xf6ff0000,
    0x00000000, 0xecff0000, 0x0000ecff, 0x00000000, 0xf6ff0000, 0x0000f6ff, 0x00000000, 0x0000ecff, 0x00000000, 0xfbfffbff, 0x0000eaff, 0x00000000,
    0x00000500, 0x00000000, 0xdaffeaff, 0xfbffeaff, 0xe2ffbfff, 0x00000000, 0x0000d8ff, 0xf1ff0000, 0x0000f6ff, 0xf6ffe7ff, 0x00000000, 0xecff0000,
    0x00000000, 0x00000000, 0x00000000, 0xf6ffe2ff, 0x00000000, 0x00000000, 0x00000000, 0x00000000, 0x00000000, 0x00000000, 0xe2ffd8ff, 0x00000000,
    0xecff0000, 0x00000000, 0x00000000, 0x00000000, 0x00000000, 0x00000000, 0x00000000, 0x00000000, 0x00000000, 0x00000000, 0x00000000, 0x00000000,
    0x00000000, 0x00000000, 0x00000000, 0x00000000, 0x00000000, 0x00000000, 0x00000000, 0xecff0000, 0xfbfff6ff, 0xe2ff0000, 0x0000e2ff, 0x00000000,
    0x0000ecff, 0x00000000, 0x0000ecff, 0xf6ffe2ff, 0x00000000, 0x00000000, 0xecffecff, 0xe2ff0000, 0x00000000, 0x00000000, 0x0000f6ff, 0x0000d8ff,
    0x00000000, 0x00000000, 0x00000000, 0x00000000, 0x0000ecff, 0x0000fbff, 0x00000000, 0x00000000, 0x00000000, 0x00000000, 0x0000e2ff, 0x0000f1ff,
    0x0000f8ff, 0xe8ffdeff, 0xf6ff0000, 0x00000000, 0xfbfffbff, 0x00000000, 0x00000000, 0xc0ff0000, 0xf6ff0000, 0x00000000, 0x0000fbff, 0x00000000,
    0x00000000, 0x00000000, 0x00000000, 0x03000000, 0x00000000, 0x05000000, 0x00000500, 0x00000000, 0x00000000, 0x00000000, 0x00000000, 0x00000000,
    0x00000000, 0x00000000, 0x00000000, 0xfaff0000, 0xfbfffbff, 0xf6ff0000, 0xfbfff1ff, 0xfbfff6ff, 0xecff0000, 0xf4fff4ff, 0x0000f1ff, 0x00000000,
    0x00000000, 0xfbff0000, 0x00000000, 0x05000000, 0xf1ff0000, 0x00000000, 0x00000000, 0x00000000, 0x00000000, 0x0000e2ff, 0xecffecff, 0xe2ff0000,
    0x0000e2ff, 0xf3ff0000, 0x00000000, 0x0000e7ff, 0x0000d8ff, 0xfbfff1ff, 0xd3ffceff, 0xe2fffcff, 0x00000000, 0xfbfffbff, 0x00000000, 0x00000000,
    0x9cff0000, 0xe7ffd3ff, 0x00000000, 0x0000fbff, 0x0000fbff, 0x00000000, 0x00000000, 0x0000ecff, 0x0000f6ff, 0x0000fbff, 0x0000f6ff, 0x0000fbff,
    0x00000000, 0x0000fbff, 0xfbffecff, 0x00000000, 0x0000f6ff, 0x00000000, 0x00000000, 0x00000000, 0xf6ff0000, 0xecfffbff, 0x00000000, 0xeaffe2ff,
    0xe2ffecff, 0xe7ff0000, 0xe2ffe2ff, 0x0000ecff, 0x00000000, 0x00000000, 0x00000000, 0x00000000, 0x00000000, 0xd8ff0f00, 0xe7fff6ff, 0x0000e7ff,
    0x00001400, 0x00000000, 0x0000ecff, 0x00000000, 0x00000000, 0xf6ff0000, 0x00000000, 0x00000000, 0x0000d8ff, 0x0000f8ff, 0x0000f8ff, 0xf6fff6ff,
    0x00000000, 0x00000000, 0x00000000, 0x00000000, 0x00000000, 0xd4ff0000, 0x0000ecff, 0x00000000, 0x05000000, 0x00000000, 0x05000000, 0x00000500,
    0x00000000, 0x00000000, 0x00000000, 0x00000500, 0xfbff0500, 0x00000000, 0x00000500, 0xf6ff0000, 0x00000000, 0xf6ff0500, 0x00000000, 0x00000000,
    0x00000000, 0xfbfff6ff, 0x00000000, 0x00000000, 0x0000f8ff, 0x00000000, 0x0000f3ff, 0xecff0000, 0x00000000, 0x00000000, 0xfaff0000, 0x00000000,
    0xecffc4ff, 0x05000000, 0x0000f6ff, 0x00000000, 0x00000000, 0x00000000, 0x00000000, 0xddff0000, 0xa1ffa6ff, 0xb5ffb5ff, 0xd1ffa6ff, 0xf6ffecff,
    0xc4ffeeff, 0xc0ffa6ff, 0x000086ff, 0x0000d8ff, 0x00000000, 0xccffe7ff, 0xd3ffe0ff, 0xe4ffe4ff, 0xc9ffb8ff, 0xd8ffbeff, 0x4cffecff, 0x1400abff,
    0xe2fff1ff, 0xfbff0000, 0x00000000, 0xf6ff0a00, 0xf6ff0000, 0x00001e00, 0xb0ff0000, 0xb0ffb0ff, 0xbfff9cff, 0xb0ffb0ff, 0x0a000000, 0xc4ff0000,
    0xc4ffe7ff, 0xb0ffb0ff, 0xceff9cff, 0xc4ffd8ff, 0xd8ff0000, 0xb5fff6ff, 0xc6ffb0ff, 0xaaffc0ff, 0xdcffe6ff, 0xfbffb0ff, 0xb8fff1ff, 0x0300d3ff,
    0x00000000, 0x00000800, 0xd3ffbaff, 0xccffe0ff, 0x0000e0ff, 0xd8ffb5ff, 0x0000c9ff, 0x88ffc9ff, 0xf1ff0000, 0x00000000, 0xbfffceff, 0x0000d8ff,
    0x0000ecff, 0x00000000, 0x00000000, 0x00000000, 0x00000000, 0x00000000, 0x0000ddff, 0x0000f1ff, 0xecfff6ff, 0xd3ffa6ff, 0x0000f6ff, 0x00000000,
    0xeeffeeff, 0x00000000, 0x00000000, 0xc7ff0000, 0xceffeeff, 0xecff0000, 0xf1ffbdff, 0x0000f6ff, 0xf6ff0000, 0xf1fff6ff, 0xf1ffecff, 0x1200f1ff,
    0x0a000a00, 0x14000a00, 0x0f000a00, 0x0000f6ff, 0x0000e2ff, 0x0000f1ff, 0x05000a00, 0x00000a00, 0x00000000, 0x00000000, 0x00000000, 0xf6ff0000,
    0x0000f6ff, 0xf0fff8ff, 0xf8fff1ff, 0x0000f8ff, 0xb5ff0000, 0xe2ffd0ff, 0x0000baff, 0x00000000, 0x0000eeff, 0xf1ffeeff, 0x00000000, 0x00000000,
    0xf8ff0700, 0xcaffe2ff, 0x0000d3ff, 0x00000a00, 0x00000000, 0x00000000, 0x0000e7ff, 0x0000f6ff, 0x00000000, 0x00000000, 0x00000000, 0x0000f6ff,
    0x00000000, 0x00000000, 0x00000000, 0x00000000, 0x00000000, 0x00000000, 0x00000000, 0x00000000, 0xe2ff0000, 0x0000e2ff, 0x00000000, 0x0000f8ff,
    0x00000000, 0x00000000, 0x00000000, 0x00000000, 0x00000000, 0x00000000, 0x00000000, 0x00000000, 0x00000000, 0x00000000, 0x00000000, 0x00000000,
    0x00000000, 0x00000000, 0x00000000, 0x00000000, 0x0000fbff, 0xe7ff0000, 0xfbff0a00, 0x00000000, 0x00000000, 0x00000000, 0x00000000, 0x00000000,
    0x0000f6ff, 0x00000a00, 0x00000000, 0x00000000, 0x05000000, 0xddff0000, 0x00000000, 0x00000000, 0x00000000, 0x00000000, 0xfbff0000, 0x00000000,
    0x00000000, 0xecff0000, 0x00000000, 0x00000000, 0x00000000, 0x00000000, 0x00000000, 0xb0ff8dff, 0x00000000, 0x00000000, 0xddffceff, 0x00000000,
    0x0000fbff, 0x0f000000, 0xabff1e00, 0xddff0000, 0xc4ffd8ff, 0xceffceff, 0xc4ffd8ff, 0xc4ffc4ff, 0xc4ffb0ff, 0x0000baff, 0x00000000, 0x00000a00,
    0x00000000, 0x0000e7ff, 0x0000bfff, 0x00000000, 0x00000000, 0xf6ff0000, 0x0000f6ff, 0x00000000, 0xf6ff0000, 0xfdff0000, 0x0000fbff, 0xf8ffe0ff,
    0x00000000, 0x00000000, 0xa6fff1ff, 0xf1ffbfff, 0xf6ffa6ff, 0x00000000, 0xecffc6ff, 0xddffccff, 0x00000000, 0x00000000, 0x0000ecff, 0xabffb5ff,
    0x0000b0ff, 0xfbfffbff, 0x0000f4ff, 0xf6ff0000, 0x00001200, 0x12000000, 0xecff0000, 0x00000000, 0xf6ff0000, 0x00000000, 0x00000000, 0x00000000,
    0xc4ffc4ff, 0x00000000, 0x00000000, 0xfafffaff, 0x00000000, 0x00000000, 0x28001e00, 0xe2ff1e00, 0xf6ff0000, 0x0000e2ff, 0xf6fff6ff, 0x00000000,
    0x0000f6ff, 0x0000ecff, 0x0a000000, 0x1e000f00, 0x00001e00, 0x00000a00, 0x1900f6ff, 0x0000f6ff, 0x00000000, 0x0a000f00, 0xf6ff0a00, 0x0000f1ff,
    0x00000000, 0xf8ff0000, 0x0000f4ff, 0x0a000000, 0x0000fbff, 0x00000000, 0x00000000, 0xd8fff1ff, 0x0000d3ff, 0x0000d8ff, 0x00000000, 0xf0fff8ff,
    0xf6fff8ff, 0x0000e7ff, 0x00000000, 0x0a00d8ff, 0xe7fff6ff, 0x0000f6ff, 0x0000ecff, 0x00000a00, 0x00000000, 0x00000000, 0x00000000, 0x00000000,
    0x00000000, 0x00000000, 0x00000000, 0x00000000, 0x00000000, 0xc9ffc9ff, 0x00000000, 0x00000000, 0xf6fff6ff, 0x00000000, 0x00000000, 0x00000000,
    0xe7ff0000, 0x00000000, 0xf6ffddff, 0xfbffecff, 0x00000000, 0xf6fff1ff, 0xf6ffe2ff, 0x0000e7ff, 0x00000000, 0x00000000, 0x00000000, 0x00000000,
    0x0000f1ff, 0x00000000, 0x00000000, 0x00000000, 0x00000000, 0x00000000, 0x00000000, 0x00000000, 0x00000000, 0x0000f8ff, 0x00000000, 0x00000000,
    0xc9ff0000, 0x0000d3ff, 0x0000c9ff, 0x00000000, 0xfbfffbff, 0xecfffbff, 0x00000000, 0x00000000, 0x00000000, 0xd8fff1ff, 0x0000ecff, 0x00000000,
    0x00000000, 0xecff0000, 0x0000baff, 0xbfffb0ff, 0xe2ff0000, 0x00000000, 0x00000000, 0x0000b5ff, 0x00000000, 0x0a00f1ff, 0x00000000, 0x00000000,
    0x00000000, 0x00000000, 0x00000000, 0x00000000, 0xc4ff0000, 0x0000ceff, 0xe7ff0000, 0x00000000, 0x00000000, 0x00000000, 0x00000000, 0x00000000,
    0x00000000, 0x00000000, 0x00000000, 0x00000000, 0x00000000, 0x00000000, 0x00000000, 0x00000000, 0x00000000, 0x00000000, 0x00000000, 0x00000000,
    0xbfffb0ff, 0xbaffceff, 0xd8ffe2ff, 0x0000baff, 0xbffff4ff, 0x0000ecff, 0x00000000, 0x00000000, 0x0000abff, 0xc4ffd8ff, 0x00000000, 0xceff92ff,
    0x0500ceff, 0xceffceff, 0x00000000, 0x00000000, 0x00000000, 0x00000000, 0xfbff0000, 0x00000000, 0x00000000, 0xf1ff0000, 0xfbff0000, 0x0000f9ff,
    0x00000000, 0x00000000, 0x00000000, 0xceffbaff, 0x0000f8ff, 0x00000000, 0xe4ffe0ff, 0x00000000, 0x00000000, 0x00000000, 0xbfff0000, 0xe7ff0000,
    0xc4ffddff, 0xe7ffd8ff, 0xceffecff, 0xc9ffe2ff, 0xc9ffc4ff, 0x0a00baff, 0x0a000000, 0x00000a00, 0x00000a00, 0x0000f6ff, 0x0000bfff, 0x00000000,
    0x00000000, 0x00000a00, 0x00000000, 0x00000000, 0xf6fffaff, 0xfbfff8ff, 0x00000000, 0xf0ffe8ff, 0xfbfff8ff, 0x0000f8ff, 0xb0ffecff, 0xecffccff,
    0x0000b5ff, 0x0000fbff, 0xeeffd0ff, 0xd3ffd0ff, 0x00000000, 0x0000faff, 0x0000f1ff, 0x9cffceff, 0x0000a6ff, 0x00000000, 0x00000000, 0xf6ff0000,
    0x00001a00, 0x14000000, 0xdeff0000, 0xfbff0000, 0xf6ff0000, 0x05000000, 0x00000000, 0xf6ff0000, 0xe2ffe2ff, 0x0000fbff, 0x00000000, 0xf1ffe2ff,
    0x00000000, 0x00000800, 0x32002300, 0xf6ff1e00, 0xecff0000, 0xf6fffbff, 0x00000000, 0xddff0000, 0xe7ff0000, 0xf6ff0a00, 0x1900fbff, 0x28001400,
    0x00002800, 0x0f001900, 0x14000000, 0x0000ecff, 0xf6ff0000, 0x14001400, 0xf6ff1900, 0x0000f6ff, 0x00000000, 0xf6ff0000, 0x0000f6ff, 0x0a000500,
    0x0000f1ff, 0x00000000, 0x0800fbff, 0xe4ffe2ff, 0x0000e8ff, 0x0000e9ff, 0x00000000, 0xd2ffe2ff, 0xe4ffe2ff, 0xc9ffbaff, 0x00000000, 0x0f00ceff,
    0xe2fff6ff, 0x0a00ecff, 0x0000f1ff, 0x00000f00, 0xfbff0000, 0x00000a00, 0x0a00fbff, 0xf6ff0000, 0x00000000, 0xf6ff0000, 0xfbff0000, 0x00000000,
    0x00000000, 0x00000000, 0x00000000, 0x00000000, 0xfbfffbff, 0x00000000, 0x00000000, 0x00000000, 0x00000000, 0xf6ff0000, 0x05000000, 0x00000000,
    0xf6ff0500, 0xfbff0000, 0x00000f00, 0x05000000, 0x0a000500, 0xecff0500, 0xf6ff0000, 0x00000000, 0x00000000, 0x00000000, 0x00000000, 0xecff0000,
    0x00000000, 0x00000000, 0xfbff0000, 0x0000fbff, 0x0a000000, 0x0000fbff, 0x00000000, 0x0f000000, 0xfcff0000, 0x00000000, 0x0000fcff, 0x00000000,
    0xe2fff6ff, 0x0000f6ff, 0x00000000, 0x00000000, 0x0000e2ff, 0x00000000, 0x00000000, 0x00000000, 0x00000000, 0x00000000, 0x00000000, 0x00000000,
    0x00000000, 0x00000000, 0x00000000, 0x00000000, 0x00000000, 0x00000000, 0xc4ffabff, 0x00000000, 0x00000000, 0xecffecff, 0x00000000, 0x00000000,
    0x00000000, 0xc4ff0000, 0xf6ff0000, 0xddffd3ff, 0xf6fff6ff, 0xe7ff0000, 0xddfff1ff, 0xe7ffc9ff, 0x0f00ddff, 0x0f000a00, 0x0a001400, 0x0a000f00,
    0x0000f6ff, 0x0000d8ff, 0x00000000, 0x05000a00, 0x00000a00, 0x00000000, 0x00000000, 0x00000000, 0x00000000, 0x00000000, 0xfbfff0ff, 0x00000000,
    0x00000000, 0xb0fff8ff, 0x0000d3ff, 0x0000b5ff, 0x00000000, 0xf8ffe8ff, 0xddffeaff, 0x00000000, 0x00000000, 0x00000000, 0x9cffceff, 0x0000a6ff,
    0x00000a00, 0x00000000, 0x00000000, 0x0000fbff, 0xf6ff0000, 0x00000000, 0x00000000, 0x00000000, 0x0000ecff, 0x00000000, 0x0000f8ff, 0x00000000,
    0x00000000, 0x00000000, 0x00000000, 0x00000000, 0x00000000, 0xecff0000, 0x0000f6ff, 0x00000000, 0x00000000, 0x00000000, 0x00000000, 0x00000000,
    0x00000000, 0x00000000, 0x00000000, 0x00000000, 0x00000000, 0x00000000, 0x00000000, 0x00000000, 0x00000000, 0x00000000, 0x00000000, 0x00000000,
    0x00000000, 0xfbff0000, 0xf1fff6ff, 0xfbff0000, 0xf6fff6ff, 0xf1fff1ff, 0xf1ff0000, 0xecfff6ff, 0x00000000, 0x0000fbff, 0x00000000, 0x00000000,
    0x00000000, 0x00000000, 0xf6ff0000, 0x00000000, 0x00000000, 0x00000000, 0x01000000, 0x04009277, 0x4c000000, 0xd800a200, 0x5c010601, 0x70016601,
    0x84017a01, 0x98018e01, 0xa4019e01, 0xd401ca01, 0x3402de01, 0x40023a02, 0x54024a02, 0xb4025e02, 0xb4031a03, 0x4404ea03, 0x8805ee04, 0x5406f205,
    0x3007b206, 0x1008ba07, 0xf408ba08, 0xd8093209, 0x640ae209, 0x100b6e0a, 0xc40b1a0b, 0xcc0c2a0c, 0x200dd60c, 0x300eb20d, 0xc40e720e, 0xd80ece0e,
    0xec0ee20e, 0x380ff60e, 0xc80f860f, 0x48100e10, 0xdc109210, 0x5c112a11, 0xec11a211, 0x7c122e12, 0x0c13c212, 0x94135613, 0x1c14e213, 0x30020d00,
    0x32020a00, 0x37020800, 0x3d020f00, 0x3e020a00, 0x42020a00, 0x4b020a00, 0x5802f6ff, 0x5a02d8ff, 0x5c020a00, 0x6a02f1ff, 0x6d020500, 0x7002ecff,
    0x0b00d8ff, 0xecff3702, 0xf6ff4302, 0xf1ff4b02, 0xf1ff5302, 0xf1ff5702, 0xe2ff5802, 0xd8ff5b02, 0xf1ff5c02, 0xecff6a02, 0xf6ff6d02, 0xe2ff7002,
    0x30021500, 0x3202c4ff, 0x3402c4ff, 0x3702d3ff, 0x3a021400, 0x3c02c4ff, 0x3e02ddff, 0x4002c4ff, 0x4202a1ff, 0x4302c4ff, 0x44021400, 0x4b02b0ff,
    0x58021900, 0x5a02b0ff, 0x5b029cff, 0x5c021400, 0x6a0260ff, 0x6d020f00, 0x6f02d8ff, 0x70029cff, 0x720238ff, 0x0200ceff, 0x32006302, 0x3c006402,
    0x63020200, 0x64023200, 0x02003c00, 0x23006302, 0x32006402, 0x63020200, 0x64022d00, 0x02003200, 0x23006302, 0x32006402, 0x63020200, 0x64022d00,
    0x01003200, 0xecff5802, 0x58020100, 0x0900a6ff, 0xf6ff4002, 0x14005802, 0x0a005b02, 0x32006302, 0x46006402, 0x32006d02, 0x32006f02, 0x32007002,
    0x32007202, 0x63020200, 0x64022800, 0x02003c00, 0x28006302, 0x3c006402, 0x2e021500, 0x3002f6ff, 0x3202ddff, 0x3402ecff, 0x3702f1ff, 0x3c02d3ff,
    0x3d02e7ff, 0x3e02ddff, 0x4002ddff, 0x4202e7ff, 0x4302ddff, 0x4402ceff, 0x5702ecff, 0x5802f6ff, 0x5a021400, 0x6302e2ff, 0x64021e00, 0x6d023200,
    0x6f021e00, 0x70021e00, 0x72021e00, 0x01001e00, 0xf1ff5c02, 0x4b020100, 0x0200fbff, 0x32006302, 0x3c006402, 0x63020200, 0x64023200, 0x02003c00,
    0x32006302, 0x3c006402, 0x5c001500, 0x7900d8ff, 0x8400f6ff, 0x8500f1ff, 0x9f00f1ff, 0x3002e2ff, 0x3402fcff, 0x3702fcff, 0x3c02f6ff, 0x4002faff,
    0x4302f6ff, 0x4402eaff, 0x5702f9ff, 0x5802f6ff, 0x5b02f6ff, 0x5c02e7ff, 0x5203ecff, 0x5403f6ff, 0x5603f6ff, 0x5803f6ff, 0x5a03f6ff, 0x1900f6ff,
    0xc4ff5c00, 0xfbff8400, 0xecff8500, 0xf1ff9f00, 0xf4ff3702, 0xfcff3c02, 0xf6ff4002, 0xf4ff4302, 0xfbff4b02, 0xf6ff5302, 0xf6ff5702, 0xd8ff5802,
    0xecff5b02, 0xe7ff5c02, 0x0a006402, 0xf6ff5203, 0xf6ff5303, 0xfbff5603, 0xf6ff5703, 0xf6ff5803, 0xecff5903, 0xecff5b03, 0x05005c03, 0x05005f03,
    0x0f006303, 0x53002600, 0x5c00ecff, 0x74000c00, 0x79001e00, 0x85001400, 0x30022800, 0x3202ecff, 0x3402f2ff, 0x3702faff, 0x3c020800, 0x3e02f6ff,
    0x4002eaff, 0x4202ecff, 0x4302eaff, 0x4402ecff, 0x4b02e5ff, 0x53020f00, 0x57020a00, 0x58020f00, 0x5a021e00, 0x5b02ecff, 0x63021900, 0x64024100,
    0x52034b00, 0x53031e00, 0x54031e00, 0x55031e00, 0x56031e00, 0x5703fbff, 0x58031900, 0x5903fbff, 0x5a032d00, 0x5b031e00, 0x5e031e00, 0x5f030a00,
    0x60030a00, 0x61030a00, 0x63030a00, 0x0d00f1ff, 0xd3ff5c00, 0xf1ff7900, 0xf6ff8500, 0x05003402, 0xf2ff3702, 0x05003e02, 0x0a004202, 0xfbff5702,
    0xf1ff5b02, 0xf6ff5c02, 0xf6ff6003, 0xf6ff6203, 0x0a006303, 0x53001600, 0x5400f6ff, 0x8500f8ff, 0x3002f1ff, 0x3202f6ff, 0x3a02e4ff, 0x3d02eaff,
    0x3e02f8ff, 0x4202f6ff, 0x4302f6ff, 0x5802f8ff, 0x5203d8ff, 0x55030f00, 0x56030f00, 0x58030f00, 0x59030f00, 0x5a03f6ff, 0x5b030f00, 0x5e030a00,
    0x5f030a00, 0x62031400, 0x6303f6ff, 0x2a00f6ff, 0xf8ff5300, 0xe7ff5400, 0x0a007900, 0xe2ff8300, 0xa6ff8400, 0x9cff8500, 0xa6ff9f00, 0xf6ff3002,
    0xfaff3202, 0xeeff3402, 0x08003702, 0xfaff3a02, 0xf6ff3c02, 0x08003d02, 0xf6ff3e02, 0xc8ff4002, 0xf6ff4202, 0xd6ff4302, 0xeeff4402, 0xb0ff5802,
    0xecff5a02, 0xbfff5c02, 0xb0ff5203, 0xc4ff5303, 0xceff5403, 0xceff5503, 0xbfff5603, 0xc4ff5703, 0xbaff5803, 0xb0ff5903, 0xbaff5a03, 0xbaff5b03,
    0x14005c03, 0x1e005d03, 0x1e005e03, 0x28005f03, 0x1e006003, 0x1e006103, 0x14006203, 0xecff6303, 0x14006403, 0x0a006503, 0x53002600, 0x5400f1ff,
    0x5c00ecff, 0x74000a00, 0x79001e00, 0x83000a00, 0x8500ecff, 0x9f002800, 0x3002e7ff, 0x3202f6ff, 0x3702f6ff, 0x3c020a00, 0x3e02f8ff, 0x4002f4ff,
    0x4202f4ff, 0x4302f4ff, 0x4402f1ff, 0x4b02fbff, 0x53020f00, 0x57020a00, 0x58020f00, 0x5b021e00, 0x63021900, 0x64023e00, 0x52034800, 0x53031900,
    0x54031900, 0x55031900, 0x56031900, 0x5703f6ff, 0x58031900, 0x5903f6ff, 0x5a032800, 0x5b031900, 0x5c031900, 0x5f03fbff, 0x63030a00, 0x6503f1ff,
    0x1a00f6ff, 0xf1ff5300, 0xfbff5400, 0xf6ff5c00, 0xf6ff7900, 0x0a008400, 0xf8ff3002, 0xeeff3202, 0xf6ff3702, 0xf8ff3d02, 0xf8ff3e02, 0xf8ff4202,
    0xe8ff5802, 0x14005203, 0x0a005403, 0x19005503, 0x19005603, 0x0a005703, 0x14005803, 0x14005a03, 0x14005b03, 0xfbff5c03, 0xf6ff5d03, 0xfbff5e03,
    0x0a005f03, 0xfbff6203, 0xf6ff6503, 0x5c001800, 0x8400c4ff, 0x8500fbff, 0x9f00e7ff, 0x3402f1ff, 0x37020500, 0x4002f4ff, 0x4302f8ff, 0x4b02f6ff,
    0x5302fbff, 0x5702f6ff, 0x5802f6ff, 0x5b02bfff, 0x5c02ecff, 0x5203ddff, 0x5303f6ff, 0x5603f6ff, 0x5703fbff, 0x58030a00, 0x5903f6ff, 0x5b03e2ff,
    0x5c03ecff, 0x5f030500, 0x63030500, 0x17000f00, 0xf1ff5300, 0xdeff5c00, 0xe6ff7900, 0xf6ff5702, 0xd8ff5802, 0xf1ff5b02, 0x0a005203, 0x05005303,
    0x0f005403, 0x1e005503, 0x1e005603, 0x14005703, 0x0f005803, 0xecff5903, 0x0f005a03, 0xf6ff5b03, 0xecff5c03, 0xf6ff5d03, 0xecff6003, 0xf6ff6103,
    0xe2ff6203, 0xecff6403, 0xecff6503, 0x53001f00, 0x5c00fbff, 0x7900c4ff, 0x8300ecff, 0x84000a00, 0x30021e00, 0x3202f8ff, 0x3402f8ff, 0x37020500,
    0x3c02e4ff, 0x3d020500, 0x3e02fbff, 0x4002fbff, 0x43020800, 0x58020800, 0x5a02e2ff, 0x5b020a00, 0x5203ecff, 0x53031e00, 0x54031400, 0x55031400,
    0x56031e00, 0x57031e00, 0x58031400, 0x5a031e00, 0x5b031e00, 0x5c031400, 0x6003fbff, 0x6103ecff, 0x6203f6ff, 0x6503f1ff, 0x2200fbff, 0xecff5300,
    0xfbff5400, 0xe7ff5c00, 0xe7ff7900, 0x0f008400, 0xf6ff3002, 0xeaff3202, 0xe6ff3702, 0xf4ff3a02, 0xf6ff3d02, 0xf6ff3e02, 0xf8ff4202, 0xf6ff5702,
    0xeeff5802, 0xf1ff5b02, 0x19005203, 0x0a005303, 0x14005403, 0x1e005503, 0x1e005603, 0x14005703, 0x19005803, 0x19005a03, 0x14005b03, 0xecff5c03,
    0xecff5d03, 0xf1ff5e03, 0xf6ff5f03, 0xecff6003, 0xecff6103, 0xecff6203, 0xf1ff6303, 0xecff6403, 0xe7ff6503, 0x5c001500, 0x8400c4ff, 0x8500fbff,
    0x9f00e7ff, 0x3402f1ff, 0x37020500, 0x4302f6ff, 0x4b02f8ff, 0x5302fbff, 0x5702f6ff, 0x5802f6ff, 0x5b02bfff, 0x5c02ecff, 0x5203ddff, 0x5303f6ff,
    0x5803f6ff, 0x5903f6ff, 0x5b03ecff, 0x5c03ecff, 0x5f030500, 0x63030500, 0x2a000f00, 0xe2ff5300, 0xf1ff5400, 0x28005c00, 0x08006000, 0x23007400,
    0x32007900, 0x14008400, 0xeeff3002, 0xd8ff3202, 0xfbff3602, 0xd0ff3702, 0xf0ff3a02, 0x05003c02, 0xeeff3e02, 0x05004002, 0xeeff4202, 0x05004302,
    0xfbff4402, 0xecff4b02, 0xecff5302, 0xf6ff5702, 0xecff5802, 0xf6ff5a02, 0xc4ff5b02, 0xf6ff5c02, 0x19005203, 0x0a005503, 0x1e005603, 0x14005703,
    0x19005803, 0x14005a03, 0x19005b03, 0xceff5c03, 0xe2ff5d03, 0xe7ff5e03, 0xecff5f03, 0xd3ff6003, 0xe7ff6103, 0xd3ff6203, 0xf1ff6303, 0xd3ff6403,
    0xd3ff6503, 0x53000e00, 0x5c00f6ff, 0x7900b0ff, 0x8500f1ff, 0x3702f6ff, 0x5802eaff, 0x5b02d3ff, 0x5c02ecff, 0x5303f6ff, 0x5503f6ff, 0x56030a00,
    0x59030a00, 0x6003f6ff, 0x6203fbff, 0x0f00f6ff, 0xc0ff5c00, 0xe7ff7900, 0xf1ff8400, 0xe2ff8500, 0xfaff3702, 0xf8ff4302, 0xfaff5702, 0xe6ff5802,
    0xebff5b02, 0xf8ff5c02, 0xfbff5a03, 0xf6ff5b03, 0x08005c03, 0x05006303, 0x05006403, 0x53002900, 0x5400d8ff, 0x5c00d8ff, 0x740074ff, 0x79001400,
    0x850092ff, 0x9f001400, 0x2e02ceff, 0x3002eaff, 0x3202d3ff, 0x3402ecff, 0x3702faff, 0x3c02e2ff, 0x3d02e7ff, 0x3e02a1ff, 0x40029cff, 0x4202e7ff,
    0x43029cff, 0x4402e2ff, 0x5802ceff, 0x5a020f00, 0x6302e7ff, 0x64023200, 0x52033c00, 0x53031400, 0x54031400, 0x55030a00, 0x57031400, 0x59031400,
    0x5a031400, 0x5b030a00, 0x5c030f00, 0x5d03a6ff, 0x5e03b0ff, 0x5f03b0ff, 0x6003baff, 0x610392ff, 0x6203a6ff, 0x6303a6ff, 0x6403b0ff, 0x6503a6ff,
    0x0200a6ff, 0x19006302, 0x23006402, 0x53002000, 0x5400f6ff, 0x5c00f1ff, 0x74000f00, 0x84000a00, 0x85000a00, 0x9f001400, 0x3002ecff, 0x3202fbff,
    0x3402f2ff, 0x3702f4ff, 0x3a020600, 0x3e02f8ff, 0x4002fbff, 0x4202faff, 0x4302fbff, 0x5a02e6ff, 0x6302eeff, 0x64021e00, 0x52032800, 0x54030500,
    0x57030500, 0x59030500, 0x5a031400, 0x5b030500, 0x5c030500, 0x5e030500, 0x5f030a00, 0x60030a00, 0x61030a00, 0x63030500, 0x6503ecff, 0x0200f6ff,
    0x14006302, 0x23006402, 0x53002800, 0x5400e2ff, 0x7400d8ff, 0x84000a00, 0x9f00d3ff, 0x2e02c4ff, 0x3002f6ff, 0x3202e7ff, 0x3402e2ff, 0x3702ecff,
    0x3a020a00, 0x3c02ecff, 0x3d02e2ff, 0x3e02fbff, 0x4002e7ff, 0x4202d3ff, 0x4302e7ff, 0x4402d3ff, 0x5802ecff, 0x5a02e7ff, 0x5c02d3ff, 0x6302f1ff,
    0x64020000, 0x52030000, 0x5303e2ff, 0x5403e2ff, 0x5503e2ff, 0x5603e2ff, 0x5703ceff, 0x5803e2ff, 0x5903d8ff, 0x5a03f6ff, 0x5b03e2ff, 0x5d03e7ff,
    0x5e030a00, 0x5f031400, 0x60031400, 0x63030a00, 0x6403ecff, 0x65030500, 0x0200f6ff, 0x19006302, 0x23006402, 0x53002a00, 0x5400e2ff, 0x5c00f6ff,
    0x79006aff, 0x8500a6ff, 0x2e020a00, 0x3002f6ff, 0x3202ecff, 0x3702e2ff, 0x3a02c6ff, 0x3c02ecff, 0x3d020500, 0x3e02ecff, 0x4002ecff, 0x42020800,
    0x4302ecff, 0x44020500, 0x4b02fbff, 0x5302e7ff, 0x5702fbff, 0x5b02f4ff, 0x6302ddff, 0x64020000, 0x52030000, 0x54030f00, 0x55030a00, 0x56030a00,
    0x57030f00, 0x58030a00, 0x59030a00, 0x5a030500, 0x5b030a00, 0x5c030500, 0x5d03ceff, 0x5e03d3ff, 0x5f03d3ff, 0x6003d3ff, 0x6103b5ff, 0x6203d8ff,
    0x6303baff, 0x6403ecff, 0x6503ceff, 0x1900d3ff, 0xe7ff5300, 0xecff5400, 0xf6ff8300, 0x0a008500, 0xecff9f00, 0xeeff3002, 0xe7ff3202, 0xf0ff3402,
    0xf6ff3702, 0xecff3a02, 0xf1ff3c02, 0xfbff3d02, 0xeeff3e02, 0xe7ff4002, 0xeeff4202, 0xd8ff4302, 0xf6ff4402, 0xeeff5a02, 0x1e006302, 0x28006402,
    0xecff5603, 0xecff5803, 0xf6ff5d03, 0xecff6303, 0xecff6503, 0x53002800, 0x5400e2ff, 0x5c00e2ff, 0x7400b0ff, 0x79001400, 0x85009cff, 0x9f001400,
    0x2e02d8ff, 0x3002ecff, 0x3202d3ff, 0x3702ecff, 0x3c02e2ff, 0x3d02ecff, 0x3e02bfff, 0x4002bfff, 0x4202e7ff, 0x4302bfff, 0x4402e2ff, 0x5802d3ff,
    0x5a020f00, 0x6302e7ff, 0x64022d00, 0x52034100, 0x53031400, 0x54031400, 0x55030a00, 0x57031400, 0x59031400, 0x5a031e00, 0x5b030a00, 0x5c030f00,
    0x5d03c4ff, 0x5e03baff, 0x5f03baff, 0x6003ceff, 0x6103baff, 0x6203c4ff, 0x6303baff, 0x6403ceff, 0x6503baff, 0x0200baff, 0x14006302, 0x28006402,
    0x5c001200, 0x79009cff, 0x8500e2ff, 0x3202e7ff, 0x3702fbff, 0x4302ecff, 0x5302fbff, 0x5702fbff, 0x5802f8ff, 0x5b02e7ff, 0x5c02ddff, 0x5503faff,
    0x56030a00, 0x59030a00, 0x5b03f6ff, 0x6003fbff, 0x6203f1ff, 0x6303f6ff, 0x24000f00, 0xe7ff5300, 0xe2ff5400, 0x14005c00, 0xf6ff7200, 0x0a008500,
    0xceff9f00, 0xfbff2e02, 0xecff3002, 0xe2ff3202, 0xf1ff3402, 0x0a003702, 0xf1ff3a02, 0xf1ff3c02, 0xfbff3d02, 0xecff3e02, 0xe2ff4002, 0xecff4202,
    0xd3ff4302, 0xecff4402, 0xddff5a02, 0xf1ff5c02, 0x0a006302, 0x14006402, 0xf6ff5203, 0xf6ff5303, 0xf6ff5403, 0xddff5603, 0xf6ff5703, 0xecff5803,
    0x05005903, 0xf6ff5a03, 0xf6ff5b03, 0x0a005e03, 0x0a005f03, 0xf6ff6303, 0xf6ff6503, 0x53001f00, 0x5400ddff, 0x5c00ecff, 0x790060ff, 0x8300a1ff,
    0x9f00f1ff, 0x2e02f6ff, 0x3002f1ff, 0x3202ddff, 0x3402e7ff, 0x3702f6ff, 0x3a02ccff, 0x3d02f1ff, 0x3e02ddff, 0x4202ddff, 0x4302ddff, 0x4402f6ff,
    0x5a02f6ff, 0x5b02faff, 0x6302f1ff, 0x64020a00, 0x5c031900, 0x5d03d8ff, 0x5e03e2ff, 0x5f03e2ff, 0x6003ecff, 0x6103baff, 0x6203ddff, 0x6303c9ff,
    0x6403f6ff, 0x6503ddff, 0x1000e2ff, 0x28007400, 0x0a008400, 0x41008500, 0x0a003a02, 0x14005802, 0xf6ff5c02, 0x28005203, 0x32005303, 0x32005403,
    0x32005503, 0x00005603, 0x1e005703, 0x0a005803, 0x46005903, 0x28005a03, 0x28005b03, 0x70001400, 0x74001900, 0x84004600, 0x85002800, 0x30025f00,
    0x32020000, 0x3a021400, 0x53022300, 0x58021e00, 0x5c022d00, 0x52030a00, 0x53033200, 0x54033c00, 0x55033c00, 0x56034600, 0x57031400, 0x58033c00,
    0x59031400, 0x5a035000, 0x5b033c00, 0x02003c00, 0x19006302, 0x23006402, 0x63020200, 0x64021400, 0x02002300, 0x14006302, 0x23006402, 0x63020200,
    0x64021400, 0x02002800, 0x14006302, 0x28006402, 0x30021000, 0x3202f6ff, 0x3702f6ff, 0x3a02e7ff, 0x3c020a00, 0x3d021e00, 0x3e02f6ff, 0x4002f6ff,
    0x42021e00, 0x4302f6ff, 0x58021e00, 0x5b021400, 0x6d02f6ff, 0x6f023200, 0x70023200, 0x72023200, 0x13003200, 0x0a003002, 0x0f003402, 0xe7ff3702,
    0x0f003c02, 0x0a003d02, 0x0a003e02, 0x0f004002, 0x0a004202, 0x0f004302, 0xe2ff4b02, 0xf6ff5702, 0xf6ff5802, 0x0f005a02, 0xe2ff5b02, 0x0a005c02,
    0x0a006d02, 0x0a006f02, 0x0a007002, 0x0a007202, 0x34021000, 0x37020a00, 0x3a02f1ff, 0x3c020a00, 0x40021400, 0x43021e00, 0x53021400, 0x57020500,
    0x58020500, 0x5a021400, 0x5b020a00, 0x5c02f6ff, 0x6d020a00, 0x6f022d00, 0x70022d00, 0x72022d00, 0x11002d00, 0xf6ff3002, 0xf8ff3202, 0xf6ff3702,
    0x14003a02, 0x1e003c02, 0xf6ff3d02, 0xf6ff3e02, 0x28004002, 0xf6ff4202, 0x1e004302, 0x14005802, 0x0a005a02, 0xf1ff5b02, 0x2d006d02, 0x2d006f02,
    0x2d007002, 0x2d007202, 0x32020e00, 0x3702f1ff, 0x3a02f1ff, 0x3c020a00, 0x40022800, 0x43022800, 0x4b022800, 0x5802f6ff, 0x5a020f00, 0x5b020a00,
    0x6d02f6ff, 0x6f022300, 0x70022300, 0x72022300, 0x12002300, 0xf6ff3002, 0xf6ff3202, 0x0a003402, 0xecff3702, 0x0f003a02, 0x28003c02, 0xf6ff3d02,
    0xf6ff3e02, 0x28004002, 0xf6ff4202, 0x1e004302, 0x0f005802, 0xf6ff5b02, 0x0a005c02, 0x2d006d02, 0x2d006f02, 0x2d007002, 0x2d007202, 0x30021200,
    0x3202f6ff, 0x3702f1ff, 0x3c02e2ff, 0x3d021e00, 0x3e02f6ff, 0x4002f6ff, 0x42022800, 0x4302f6ff, 0x4b021e00, 0x5302ecff, 0x5702fbff, 0x5802f6ff,
    0x5b02fbff, 0x6d02ecff, 0x6f021400, 0x70021400, 0x72021400, 0x13001400, 0xfbff2e02, 0xecff3002, 0xf1ff3702, 0x14003a02, 0xd8ff3d02, 0xd8ff3e02,
    0xd8ff4202, 0xfbff4402, 0x0a004b02, 0x0a005302, 0x0a005702, 0x1e005802, 0xf1ff5a02, 0x05005b02, 0x0a006a02, 0x3c006d02, 0x3c006f02, 0x3c007002,
    0x3c007202, 0x32020c00, 0x3702f1ff, 0x3c02e2ff, 0x40021e00, 0x43022800, 0x53021e00, 0x5802fbff, 0x5b020a00, 0x6d02f6ff, 0x6f022800, 0x70022800,
    0x72022800, 0x11002800, 0xfbff2e02, 0xecff3002, 0xecff3202, 0xe7ff3702, 0x14003c02, 0xecff3d02, 0xecff3e02, 0x1e004002, 0xecff4202, 0x14004302,
    0xfbff4402, 0x0f005802, 0xf6ff5b02, 0x2d006d02, 0x2d006f02, 0x2d007002, 0x2d007202, 0x30021200, 0x32020500, 0x37020f00, 0x3a020a00, 0x3c020500,
    0x3d02fbff, 0x3e020f00, 0x40020500, 0x4202ecff, 0x43020500, 0x4b02d3ff, 0x58020500, 0x5c02c4ff, 0x6a02d8ff, 0x6d020a00, 0x6f02ecff, 0x7002ecff,
    0x7202c4ff, 0x1000ecff, 0xf1ff3402, 0x1e003702, 0xf6ff3c02, 0x14003d02, 0xe7ff4002, 0xe2ff4302, 0x14004b02, 0x14005702, 0xbaff5802, 0x0a005b02,
    0xabff5c02, 0x14006a02, 0xe2ff6d02, 0xe2ff6f02, 0xbaff7002, 0xecff7202, 0x30021300, 0x32020500, 0x37020a00, 0x3c021e00, 0x3d02f6ff, 0x3e021400,
    0x40020500, 0x4202e7ff, 0x43020500, 0x4b02e7ff, 0x57021400, 0x58021400, 0x5b02c4ff, 0x5c020a00, 0x6a02ddff, 0x6d021400, 0x6f02e2ff, 0x7002e2ff,
    0x7202baff, 0x1100ecff, 0x05003002, 0x0f003202, 0x14003702, 0xfbff3c02, 0x0f003d02, 0x05003e02, 0xe7ff4002, 0x05004202, 0xe7ff4302, 0x05004b02,
    0xc9ff5802, 0xddff5c02, 0x14006a02, 0xe2ff6d02, 0xe2ff6f02, 0xbaff7002, 0xecff7202, 0x30021200, 0x32020500, 0x37021400, 0x3a021400, 0x3d020a00,
    0x3e020f00, 0x40020500, 0x4202f1ff, 0x43020500, 0x4b02f1ff, 0x57020f00, 0x58020a00, 0x5c02c4ff, 0x6a02e2ff, 0x6d020a00, 0x6f02ecff, 0x7002ecff,
    0x7202c4ff, 0x1200ecff, 0x05003002, 0x0f003202, 0x14003702, 0xf6ff3c02, 0x0f003d02, 0x05003e02, 0xecff4002, 0x05004202, 0xecff4302, 0x05004b02,
    0xc4ff5802, 0xfbff5b02, 0xecff5c02, 0x0a006a02, 0xe2ff6d02, 0xe2ff6f02, 0xc4ff7002, 0xecff7202, 0x32020f00, 0x34020f00, 0x3702f6ff, 0x3c020a00,
    0x3d02f6ff, 0x40020a00, 0x4302e2ff, 0x5802d8ff, 0x5a02baff, 0x5c02f1ff, 0x6a02d8ff, 0x6d020500, 0x6f02ecff, 0x7002ecff, 0x7202c4ff, 0x1300ecff,
    0x0a003002, 0x14003202, 0x0a003402, 0xf6ff3702, 0x0a003a02, 0x14003d02, 0x0a003e02, 0xf6ff4002, 0x0a004202, 0xecff4302, 0xf6ff5302, 0xf6ff5702,
    0xd8ff5802, 0xf6ff5b02, 0xf6ff5c02, 0xecff6d02, 0xecff6f02, 0xc4ff7002, 0xecff7202, 0x32020e00, 0x37021400, 0x3a021400, 0x3c020a00, 0x3d02f6ff,
    0x40020a00, 0x4302ecff, 0x5802ddff, 0x5c02baff, 0x6a02ddff, 0x6d020500, 0x6f02ecff, 0x7002ecff, 0x7202c4ff, 0x0f00ecff, 0x05003002, 0x14003202,
    0x0a003a02, 0xf6ff3c02, 0x0f003d02, 0x05003e02, 0xe2ff4002, 0x05004202, 0xd8ff4302, 0xbaff5802, 0xd8ff5c02, 0xecff6d02, 0xecff6f02, 0xc4ff7002,
    0xecff7202, 0xd4630200, 0x00000400, 0x90788878, 0x07000200, 0x0a000000, 0x0000f0ff, 0x0a000a00, 0x00000000, 0x05003200, 0x28001900, 0x14001900,
    0xb0630200, 0x00000400, 0x047ab078, 0x18003900, 0xe2ff0000, 0x00000000, 0x00000000, 0x00000000, 0x00000000, 0x00000000, 0x00000000, 0x00000000,
    0x00000000, 0x00000000, 0x00000000, 0x00000000, 0xf1ff0000, 0x00000000, 0x00000000, 0x00000000, 0x00000000, 0x00000000, 0x00000000, 0x00000000,
    0x00000000, 0x00000000, 0x00000000, 0x00000000, 0x00000000, 0x0a000500, 0x0a000a00, 0xf6ffc4ff, 0x00000000, 0x00000000, 0x00000000, 0x00000000,
    0x00000000, 0x00000000, 0x00000000, 0x00000000, 0x00000000, 0x0000ecff, 0x00000000, 0xf6ffd8ff, 0x0000ecff, 0x00000000, 0x00000000, 0x00000000,
    0x00000000, 0x00000000, 0x00000000, 0x00000000, 0x00000000, 0xc4ff0f00, 0xc4ffc4ff, 0xd8ffa6ff, 0xbaff0000, 0xe7ffe2ff, 0xb0ffddff, 0x00009cff,
    0x00000000, 0x00000000, 0x00000000, 0x00000000, 0x00000000, 0x00000000, 0x00000000, 0x0000e2ff, 0x00000000, 0x00000000, 0x00000000, 0x00000000,
    0x00000000, 0x00000000, 0x00000000, 0x00000000, 0x00000000, 0x00000000, 0x0000e7ff, 0x0000a1ff, 0x00000000, 0x00000000, 0x00000000, 0x0000d8ff,
    0x00000000, 0x00000000, 0x00000000, 0x00000000, 0x00000000, 0x0000e2ff, 0x00000000, 0x00000000, 0x00000000, 0x00000000, 0x00000000, 0x00000000,
    0x00000000, 0x00000000, 0x00000000, 0x00000000, 0x00000000, 0x00000000, 0x00000000, 0x32001400, 0x00000000, 0x00000000, 0x00000000, 0x00000000,
    0x00000000, 0x00000000, 0x00000000, 0x00000000, 0x00000000, 0xddffd3ff, 0xddffddff, 0x1e000a00, 0xf1ff0000, 0xddffc4ff, 0xecfff6ff, 0xf6ffeaff,
    0x00000000, 0x00000000, 0x00000000, 0x00000000, 0x00000000, 0x0000baff, 0x00000000, 0x00000000, 0x00000000, 0x00000000, 0x00000000, 0x00000000,
    0x00000000, 0x00000000, 0x00000000, 0x00000000, 0x00000000, 0x0000b5ff, 0x00000000, 0x00000000, 0x00000000, 0x00000000, 0x00000000, 0x00000000,
    0x00000000, 0x00000000, 0x00000000, 0x00000000, 0xf6ff0000, 0xfbfff6ff, 0x0000fbff, 0x0000e7ff, 0xfaff0000, 0xf8ff0000, 0xf9ff0000, 0x00000000,
    0xf1ffecff, 0xf6ffecff, 0x00000000, 0x00000000, 0x00000000, 0x00000000, 0x00000000, 0x0000d8ff, 0xfbfffbff, 0xfcff0000, 0x00000000, 0x00000000,
    0xecfff1ff, 0xddffd3ff, 0xfbff0a00, 0x00000000, 0x00000000, 0xeaff0f00, 0xeaffeaff, 0x00002800, 0xf8ff0f00, 0xf8fff8ff, 0xe5ffe8ff, 0x0000f6ff,
    0x00000000, 0x0a000000, 0x00000000, 0x00000000, 0x00000000, 0x0500f6ff, 0x05000500, 0x0000e7ff, 0x05000000, 0x00000000, 0x00000000, 0x00000000,
    0x0000e7ff, 0x00000000, 0x00000f00, 0x00000000, 0x00000000, 0xf6ff0000, 0xf6fff6ff, 0x0000d2ff, 0x00000000, 0x0000fbff, 0x0000fbff, 0x00000000,
    0x00000000, 0x00000000, 0x0000e7ff, 0x00000000, 0x05000000, 0xf6ff1400, 0xf6fff6ff, 0x0000abff, 0xe2ff0000, 0x00000000, 0xeefff0ff, 0x0000ecff,
    0x92ff0f00, 0x92ff88ff, 0x0000d8ff, 0x00000000, 0xf6ff0000, 0xf4ff0f00, 0xf4fff4ff, 0x00002800, 0xf8ff0f00, 0xfbfffaff, 0xfbfff1ff, 0x00000000,
    0x0a000000, 0x0f000000, 0x0000f1ff, 0x0000f6ff, 0x00000000, 0xf8ff0000, 0xf8fff8ff, 0x0000e2ff, 0x0a000000, 0x00000000, 0x00000000, 0x00000000,
    0x0a00f6ff, 0x0a000000, 0x0000f1ff, 0x00000000, 0x00000000, 0x00000000, 0x00000000, 0x0000c4ff, 0x0000fbff, 0x00000000, 0x00000000, 0x00000000,
    0xecfff1ff, 0xddffd3ff, 0xfbff0a00, 0x00000000, 0x00000000, 0x0000f6ff, 0x00000000, 0x0000d4ff, 0x0000f6ff, 0x00000000, 0x00000000, 0x00000000,
    0x0000ddff, 0x08000000, 0x00000000, 0x00000000, 0x00000000, 0xfbffecff, 0x0000fbff, 0x0000ecff, 0x14000000, 0x00000000, 0x00000000, 0x00000a00,
    0x1e00ddff, 0x14000f00, 0x00000000, 0x00000a00, 0x00000000, 0xf6ffecff, 0xf8fff6ff, 0x0000d8ff, 0x12000000, 0x0000fcff, 0x00000000, 0x00000000,
    0x0a00e2ff, 0x0a000000, 0x0000e7ff, 0x00000000, 0x00000000, 0x00000000, 0x00000000, 0x0000c4ff, 0x0000fbff, 0x00000000, 0x00000000, 0x00000000,
    0xecfff1ff, 0xddffd3ff, 0x00000a00, 0x00000000, 0x00000000, 0xeeffd8ff, 0xeeffeeff, 0x0000d8ff, 0x1000ddff, 0x0000f6ff, 0xfbfff6ff, 0x0000f6ff,
    0x0f00ceff, 0x00000000, 0xf6fff1ff, 0x0000f1ff, 0x00000000, 0x00000000, 0x00000000, 0x0000d8ff, 0x00000000, 0x00000000, 0x00000000, 0x00000000,
    0x0000e0ff, 0x00000000, 0x00000000, 0x00000000, 0x00000000, 0x0000f1ff, 0x00000000, 0x0000d5ff, 0x00000000, 0x00000000, 0x00000000, 0x00000000,
    0x0000f1ff, 0x00000000, 0x00000000, 0x00000000, 0xceff0000, 0x9cffb0ff, 0x9cff9cff, 0x00000500, 0xecfffcff, 0xe7ffb0ff, 0xceffceff, 0xceffe7ff,
    0x0f0088ff, 0x0a000a00, 0xe7ffc4ff, 0xa6ffc4ff, 0x00000000, 0xfbff0000, 0xfbfffbff, 0x0000f6ff, 0xfaff0000, 0x00000000, 0x0000f6ff, 0x0000eeff,
    0x05001e00, 0x00000000, 0x0000d8ff, 0xecfff6ff, 0x00000000, 0xe7ff0000, 0xe7ffe7ff, 0x0000ecff, 0xe7ff0000, 0xf1ffecff, 0xecfff1ff, 0xf6ffd8ff,
    0xf6ff0a00, 0xecffe2ff, 0xecffd3ff, 0xe2ffecff, 0x00000000, 0xecffb7ff, 0xecffecff, 0x0000e7ff, 0x14000000, 0x0000f1ff, 0xfbfffbff, 0xf6ff0000,
    0x05009cff, 0x05000500, 0xfbff0000, 0x00000000, 0xf6ff0000, 0xeeff0000, 0xeeffeeff, 0x00000000, 0xecff0000, 0xf1fff1ff, 0xf6ffecff, 0x0000eeff,
    0x00000000, 0x00000000, 0xf8ffdaff, 0x0000f1ff, 0xd8ff0000, 0xbfffbfff, 0xbfffbfff, 0x00000300, 0xf6fffcff, 0xecffceff, 0xd3ffd3ff, 0xd3ffe7ff,
    0x0f00baff, 0x0a000a00, 0xe7ffd3ff, 0xd8ffd8ff, 0x00000000, 0x0000eaff, 0x00000000, 0x0000ceff, 0x0000f8ff, 0x00000000, 0x00000000, 0x00000000,
    0xf6ffd8ff, 0x0000f6ff, 0x00000f00, 0x00000000, 0xf1ff0000, 0xecff0500, 0xecffecff, 0x00000000, 0xe7ff0000, 0xf6ffecff, 0xecfff1ff, 0x0000e2ff,
    0x00000a00, 0xf1ffecff, 0xecffe2ff, 0xecff0000, 0x00000000, 0xddffc4ff, 0xddffddff, 0x00000000, 0x00000000, 0xfbffe2ff, 0xf6fff6ff, 0xf1fffaff,
    0x000092ff, 0x00000000, 0xf8fff6ff, 0x0000e7ff, 0x00000000, 0xf6ffc4ff, 0xf6fff6ff, 0x32000000, 0x28000500, 0x14000000, 0x00000000, 0x00000000,
    0x00000000, 0x00000000, 0x00000000, 0x00000000, 0x00000000, 0x0a00ceff, 0x0a000a00, 0x0a00ecff, 0x0f00f1ff, 0x00000a00, 0x00000000, 0x00000000,
    0x00000000, 0x00000000, 0x00000000, 0x00000000, 0x00000000, 0x0000d8ff, 0x00000000, 0x2d000500, 0x1e000500, 0x00000f00, 0x00000000, 0x00000000,
    0x00000000, 0x00000000, 0x00000000, 0x00000000, 0x00000000, 0xf6ffceff, 0xf6fff6ff, 0x2d000000, 0x28000000, 0x14000000, 0x00000000, 0x00000000,
    0x00000000, 0x00000000, 0x00000000, 0x00000000, 0x00000000, 0x0000ceff, 0x00000000, 0x2300f6ff, 0x32000000, 0x1e000000, 0x00000000, 0x00000000,
    0x00000000, 0x00000000, 0x00000000, 0x00000000, 0x00000000, 0xf6ffb5ff, 0xf6fff6ff, 0x2d000000, 0x2800fbff, 0x1e000000, 0x00000000, 0x00000000,
    0x00000000, 0x00000000, 0x00000000, 0x00000000, 0x00000000, 0xf6ffbfff, 0xf6fff6ff, 0x1400ecff, 0x3200f1ff, 0x14000000, 0x00000000, 0x0000fbff,
    0x00000000, 0x00000000, 0x00000000, 0x00000000, 0x00000000, 0xd8ffbaff, 0xd8ffd8ff, 0x3c000a00, 0x00000a00, 0x0000ddff, 0xfbff0000, 0xfbfff1ff,
    0x00000000, 0x00000000, 0x00000000, 0x00000000, 0x00000000, 0x0000c9ff, 0x00000000, 0x28000000, 0x28000000, 0x14000000, 0x00000000, 0x00000000,
    0x00000000, 0x00000000, 0x00000000, 0x00000000, 0x00000000, 0xecffb5ff, 0xecffecff, 0x2d000000, 0x1e000000, 0x0000f1ff, 0xfbff0000, 0xfbfff6ff,
    0x00000000, 0x00000000, 0x00000000, 0x00000000, 0x00000000, 0x05000a00, 0x0a000500, 0xecffbaff, 0xf1ff0500, 0x00000a00, 0x00000000, 0x00000000,
    0x00000000, 0x00000000, 0x00000000, 0x00000000, 0x00000000, 0x00001400, 0x00000000, 0xe2ffbaff, 0xecff0f00, 0x00000000, 0x0000f6ff, 0x00000000,
    0x00000000, 0x00000000, 0x00000000, 0x00000000, 0x00000000, 0x05001400, 0x05000500, 0xe2ffb0ff, 0xecff0a00, 0x00000000, 0x00000000, 0x00000000,
    0x00000000, 0x00000000, 0x00000000, 0x00000000, 0x00000000, 0x05000500, 0x05000500, 0xe2ffb5ff, 0xf1ff0500, 0x00000000, 0x00000000, 0x00000000,
    0x00000000, 0x00000000, 0x00000000, 0x00000000, 0x00000000, 0x05000a00, 0x05000500, 0xecffbaff, 0xf6ff0500, 0x00001400, 0x00000000, 0x00000000,
    0x00000000, 0x00000000, 0x00000000, 0x00000000, 0x00000000, 0x05000a00, 0x05000500, 0xe2ffb5ff, 0xf6ff0000, 0x00000000, 0x00000000, 0x00000000,
    0x00000000, 0x00000000, 0x00000000, 0x00000000, 0x00000000, 0x00000500, 0x00000000, 0xecffb5ff, 0xecff0000, 0x00000a00, 0x00000000, 0x0000f1ff,
    0x00000000, 0x00000000, 0x00000000, 0x00000000, 0x00000000, 0x0a000000, 0x0a000a00, 0xecffbaff, 0x0000ecff, 0x00000a00, 0x00000000, 0x00000000,
    0x00000000, 0x00000000, 0x00000000, 0x00000000, 0x00000000, 0x00000500, 0x00000000, 0xecffbaff, 0xf6ff0000, 0x00001400, 0x00000000, 0x0000fbff,
    0x00000000, 0x00000000, 0x00000000, 0x00000000, 0x00000000, 0x05000000, 0x05000500, 0xecffb5ff, 0xecfff6ff, 0x00000f00, 0x00000000, 0x00000000,
    0x00000000, 0x00000000, 0x00000000, 0x00000000, 0x66590200, 0x00000400, 0xce716e70, 0x55001a00, 0x0a000000, 0x0f001400, 0x0a00e2ff, 0x0a000a00,
    0x0a00f1ff, 0xe2fff6ff, 0xd3fff6ff, 0xe2ff0f00, 0xf1fff6ff, 0xe4fff6ff, 0xe2ffe2ff, 0x00000000, 0x00000000, 0x00000000, 0x00000000, 0x00000000,
    0x00000000, 0x00000000, 0x00000000, 0x00000000, 0x00000000, 0x00000000, 0x00000000, 0x00000000, 0x00000000, 0x00000000, 0x00000000, 0x00000000,
    0x00000000, 0x00000000, 0x0a00f1ff, 0x0a000a00, 0x0a000a00, 0xe2ff0f00, 0xf6ffceff, 0x00000000, 0x00000000, 0x00000000, 0x00000000, 0x00000000,
    0x00000000, 0x00000000, 0x00000000, 0xf6fff1ff, 0x1400e7ff, 0x0000f6ff, 0xbafff1ff, 0xcefff1ff, 0x00001e00, 0xd8ffbaff, 0x92ff0a00, 0xecff1400,
    0xd8ffd8ff, 0xe8ffd8ff, 0x0000e0ff, 0x00000000, 0x00000000, 0x00000000, 0x00000000, 0x00000000, 0x00000000, 0x00000000, 0x00000000, 0x00000000,
    0x00000000, 0x00000000, 0x00000000, 0x00000000, 0x00000000, 0x00000000, 0x00000000, 0x00000000, 0x14000000, 0xd8fff1ff, 0xf1ff0000, 0xd8fff1ff,
    0xbaff0000, 0xf6ffecff, 0xe0fff6ff, 0x00000000, 0x00000000, 0x00000000, 0x00000000, 0x00000000, 0x00000000, 0x00000000, 0x0000f6ff, 0xf6ff0000,
    0x00000000, 0x00000000, 0x00000000, 0xd8ff0000, 0xf1ff0000, 0x00000000, 0x00000000, 0x00000000, 0x00000000, 0xf1ffe2ff, 0x00000000, 0x00000000,
    0x00000000, 0x00000000, 0x00000000, 0x00000000, 0x00000000, 0x00000000, 0x00000000, 0x00000000, 0x00000000, 0x00000000, 0x00000000, 0x00000000,
    0x00000000, 0x00000000, 0x00000000, 0x00000000, 0x00000000, 0x00000000, 0x00000000, 0x0000ceff, 0x00000000, 0xd8ff0000, 0x0000ceff, 0x00000000,
    0x00000000, 0x00000000, 0x00000000, 0x00000000, 0xf1ffecff, 0xecff0000, 0xecff0000, 0x1400ecff, 0x0a00ecff, 0x00000000, 0xf6ff0f00, 0x00000000,
    0x1e000000, 0x1e001e00, 0x0a001e00, 0x00000000, 0x00000000, 0x00000000, 0x00000000, 0x00000000, 0x00000000, 0x00000000, 0x00000000, 0x00000000,
    0x00000000, 0x00000000, 0x00000000, 0x00000000, 0x00000000, 0x00000000, 0x00000000, 0x00000000, 0x00000000, 0xceff0000, 0x1400ecff, 0xecfff1ff,
    0xf6ffecff, 0x05000000, 0x00001e00, 0x00000000, 0x00000000, 0x00000000, 0x00000000, 0x00000000, 0x00000000, 0x00000000, 0xd3ff0000, 0xf6ffe7ff,
    0xf6ffecff, 0xd3ffd3ff, 0xd3ff0000, 0xfbff0000, 0x0a00f6ff, 0xf1ffddff, 0x0000fbff, 0x14001400, 0x14001400, 0x00000000, 0x00000000, 0x0000ecff,
    0x00000000, 0x00000000, 0x00000000, 0x00000000, 0x00000000, 0x00000000, 0x00000000, 0x00000000, 0x00000000, 0x00000000, 0x00000000, 0x00000000,
    0x00000000, 0x00000000, 0x00000000, 0x00000000, 0xd3ffbaff, 0xddff1400, 0xd3ffd3ff, 0x0000ddff, 0x14000000, 0xecff0000, 0x00000000, 0xecff0000,
    0x00000000, 0x00000000, 0x00000000, 0x00000000, 0x00000000, 0xe2ffceff, 0xe2ffe7ff, 0xb0fff6ff, 0xe2ffb0ff, 0xd8ffb0ff, 0xf6fffbff, 0xd8ff0000,
    0x0000f1ff, 0x1e000000, 0x1e001e00, 0xe7ff1e00, 0x0000ddff, 0xceff0000, 0x00000000, 0x00000000, 0x00000000, 0x00000000, 0x00000000, 0x00000000,
    0x00000000, 0x00000000, 0x00000000, 0x00000000, 0x00000000, 0x00000000, 0x00000000, 0x00000000, 0x00000000, 0x00000000, 0xb0ffecff, 0xf1ffb0ff,
    0xb0ffc4ff, 0xd8ffb0ff, 0x05000000, 0xecff1e00, 0xddffd8ff, 0x00000000, 0x0000d8ff, 0x00000000, 0x00000000, 0x00000000, 0x00000000, 0x00000000,
    0x00000000, 0x0000f1ff, 0x00000000, 0x00000a00, 0x00000000, 0xd8ff0000, 0x00000000, 0x0000e7ff, 0x00000000, 0x00000000, 0x00000000, 0x00000000,
    0x00000000, 0x00000000, 0x00000000, 0x00000000, 0x00000000, 0x00000000, 0x00000000, 0x00000000, 0x00000000, 0x00000000, 0x00000000, 0x00000000,
    0x00000000, 0x00000000, 0x00000000, 0x00000000, 0x00000000, 0x00000000, 0x00000000, 0x00000000, 0x00000000, 0x0000ceff, 0x00000000, 0x00000000,
    0x00000000, 0x00000000, 0x00000000, 0x00000000, 0x00000000, 0x00000000, 0x00000000, 0x00000000, 0x00000000, 0x00000000, 0x00000000, 0x00000000,
    0x0000d8ff, 0x0000ecff, 0x00000000, 0x00000000, 0x00000000, 0x00000000, 0x00000000, 0x00000000, 0x00000000, 0x00000000, 0x00000000, 0x00000000,
    0x00000000, 0x00000000, 0x00000000, 0x00000000, 0x00000000, 0x00000000, 0x00000000, 0x00000000, 0x00000000, 0x00000000, 0x00000000, 0x00000000,
    0x00000000, 0x0f000000, 0x14000000, 0xceff0000, 0x00000000, 0x00000000, 0x00000000, 0x00000000, 0x00000000, 0x00000000, 0x00000000, 0x00000000,
    0x00000000, 0x00000000, 0x00000000, 0x00000000, 0x00000000, 0x00000000, 0x00000000, 0x00000000, 0x00000000, 0x14001400, 0x14001400, 0x00000000,
    0x00000000, 0x00000000, 0x00000000, 0x00000000, 0x00000000, 0x00000000, 0x00000000, 0x00000000, 0x00000000, 0x00000000, 0x00000000, 0x00000000,
    0x00000000, 0x00000000, 0x00000000, 0x00000000, 0x00000000, 0x00000000, 0x00000000, 0x00000000, 0x00000000, 0x00000000, 0x14000000, 0x00000000,
    0x00000000, 0x00000000, 0x00000000, 0x00000000, 0x00000000, 0x00000000, 0x00000000, 0xfbff0000, 0x0c00f6ff, 0x00000000, 0xceff0000, 0xdcff0000,
    0x00000000, 0xeaffbfff, 0xc4ff0500, 0x00000000, 0x00000000, 0xf0ff0000, 0x00000000, 0x00000000, 0xecfff6ff, 0xceff0f00, 0xb5ffbaff, 0xc4ffbaff,
    0xc4ffb0ff, 0xbaffceff, 0xbaffbaff, 0xc9ffbaff, 0x0a00c4ff, 0x0a000a00, 0x0a000a00, 0x05000a00, 0x00000500, 0x00000000, 0x00000000, 0x00000000,
    0x0a000000, 0xe2ff0000, 0x00000000, 0xe2ff0000, 0xbaff0000, 0xf8ff0000, 0x0000fbff, 0x00000000, 0xf1ff0000, 0xceff1400, 0xbfffbaff, 0x00000000,
    0x00000000, 0xfbff0000, 0x0000faff, 0x00000000, 0xfbff0000, 0x00000000, 0x0000fbff, 0xe7ff0000, 0xecff0000, 0x0000f8ff, 0x00000000, 0x00000000,
    0x00000000, 0x00000000, 0x00000000, 0x00000000, 0x00000000, 0x00000000, 0x00000000, 0x00000000, 0x00000000, 0x00000000, 0x00000000, 0x00000000,
    0x00000000, 0x00000000, 0x00000000, 0x00000000, 0x00000000, 0x00000000, 0x00000000, 0xfbff0000, 0x00000000, 0x0000fbff, 0x00000000, 0x0000ceff,
    0x00000000, 0x00000000, 0x00000000, 0x00000000, 0x00000000, 0x00000000, 0x00000000, 0x00000000, 0xeeffeeff, 0x0000f8ff, 0xfbffeeff, 0xfaffeeff,
    0xf6ffeeff, 0x00000000, 0x0000ddff, 0xf6ff0000, 0x00000000, 0x00000000, 0xfbff0000, 0x00000000, 0x00000000, 0xecffecff, 0x0000f6ff, 0xf1ff0000,
    0x0000f6ff, 0x0000f1ff, 0x00000000, 0x00000000, 0x0000f6ff, 0x00000000, 0x00000000, 0x0a000a00, 0x00000000, 0xf1ff0000, 0xf1fff1ff, 0x00000000,
    0x00000000, 0x00000000, 0x0000eeff, 0xeefffbff, 0x0000f8ff, 0xd8ff0000, 0x00000000, 0x0000f6ff, 0x00000000, 0xe7ff0000, 0x00000000, 0x00000000,
    0x00000000, 0x00000000, 0x00000000, 0x0000fbff, 0xfbff0500, 0x00000000, 0x00000000, 0x0000faff, 0xc9ff0000, 0x00000000, 0x0000f1ff, 0x00000000,
    0x00000000, 0x00000000, 0x00000000, 0xfbff0000, 0x00000000, 0xf1ff0000, 0xf6ffecff, 0xecfff6ff, 0x0000f6ff, 0xf6ff0000, 0xf1fff6ff, 0xf6fff6ff,
    0x00000000, 0x14000a00, 0x00000a00, 0x05000000, 0xf6fff6ff, 0x0000fbff, 0x00000000, 0x00000000, 0x00000500, 0x00000000, 0x00000000, 0x00000000,
    0x0000c9ff, 0xfbff0000, 0x00000000, 0x00000000, 0x0000f6ff, 0xe2fff1ff, 0x0000f6ff, 0x00000000, 0x00000000, 0xeafff8ff, 0xe0ff0000, 0xf8fff4ff,
    0x0500f8ff, 0x0500f8ff, 0x00000000, 0x0000e7ff, 0x00000000, 0x00000000, 0x00000000, 0x02000000, 0x00000000, 0x00000000, 0x0000ecff, 0x0000baff,
    0x0f001e00, 0x14000000, 0x0a000a00, 0x19001400, 0x14001400, 0x14000a00, 0xecff1400, 0xecffecff, 0xd8ffecff, 0xd8ffecff, 0x0000e7ff, 0xecff0000,
    0x0000f1ff, 0x00000000, 0xe2ff0000, 0x0c00f8ff, 0xf8fffbff, 0x0000f8ff, 0xddfffbff, 0x00000000, 0x00000000, 0x00000000, 0xfbff0000, 0x1900d0ff,
    0x19001400, 0x00000000, 0x00000000, 0xf6ff0000, 0x0000f6ff, 0xf6ff0000, 0xf6fffbff, 0xf6ff0000, 0x0000fbff, 0xd8ff0000, 0xf6ff0000, 0x0000f6ff,
    0x00000000, 0x00000000, 0xfbff0000, 0x00000000, 0xf6fffbff, 0xf6ff0000, 0x00000000, 0x0000f1ff, 0x00000a00, 0x00000000, 0x00000f00, 0xecff0a00,
    0x00000a00, 0x00000000, 0x0a000000, 0x00000000, 0x00000000, 0xf6ff0000, 0x0000f6ff, 0x00000000, 0x00000000, 0xf6ff0000, 0x00000000, 0xf6fff6ff,
    0x00000000, 0x0000ceff, 0xf8ff0000, 0x0000fbff, 0xfbff0000, 0x0000f1ff, 0x00000000, 0x00000000, 0x00000000, 0x00000000, 0x00000000, 0x00000000,
    0x00000000, 0xf6ff0000, 0xfaff0000, 0x00000000, 0x0000c9ff, 0xe7ff0000, 0x00000000, 0x00000000, 0xfbff0000, 0x00000000, 0x00000000, 0x00000000,
    0x00000000, 0xe7fff1ff, 0xf6fff1ff, 0xfbffecff, 0x00000000, 0xf6fff1ff, 0xf6ffe2ff, 0x0000e7ff, 0x00000000, 0x00000000, 0x00000000, 0x00000000,
    0x00000000, 0x00000000, 0x00000000, 0x00000000, 0xf8ff0000, 0x00000000, 0x00000000, 0xc9ff0000, 0x00000000, 0x0000fbff, 0x00000000, 0x00000000,
    0xf1ff0000, 0xecffd8ff, 0x00000000, 0x00000000, 0xfbff0000, 0x00000000, 0x00000e00, 0xfbff0000, 0xfbfff4ff, 0x1300ecff, 0xd8ff1300, 0x13000000,
    0x0000ddff, 0x00000000, 0x00000000, 0x00000000, 0x00000000, 0x00000000, 0x0f00f6ff, 0xecff0000, 0xd8ffc9ff, 0xe2fff6ff, 0xe2ffe2ff, 0xe2ffe2ff,
    0xd8ffecff, 0xecffecff, 0x14001e00, 0x23001400, 0x14001e00, 0x1e001e00, 0x0000f1ff, 0x00001400, 0x00000000, 0x00000000, 0xfbff1c00, 0x0000f8ff,
    0xfbfffbff, 0x00000000, 0x0000c9ff, 0xf6ff0000, 0x00000000, 0x00000000, 0x0a00e2ff, 0xd3ffd8ff, 0x0000ddff, 0x00000000, 0x00000000, 0x00000000,
    0xf4ff0500, 0x00000000, 0xf8ff0000, 0xf6ff0000, 0xf6fffbff, 0x0000bfff, 0xddffecff, 0x00000000, 0x00000000, 0x00000000, 0x00000000, 0x00000000,
    0x00000000, 0x0000c4ff, 0xe7fffbff, 0xf6fff1ff, 0x0000f6ff, 0xfbff0000, 0xf6fff6ff, 0x0000e2ff, 0x0500ecff, 0x00000000, 0x00000500, 0x00000000,
    0x00000000, 0x00000f00, 0x00000000, 0xf6ff0000, 0x00000000, 0x00000000, 0x00000000, 0x00000000, 0xc4fffbff, 0x00000000, 0x00000000, 0x00000000,
    0x0a000000, 0xecfff1ff, 0xddffd3ff, 0x0f000000, 0x0000fbff, 0x00000000, 0x00000000, 0x0000eaff, 0x00000000, 0x00000000, 0x00000000, 0xd3ff0000,
    0xecff0000, 0x0000f6ff, 0x00000000, 0x00000000, 0x00000000, 0x00000000, 0xf6ff0000, 0xb0ff0000, 0x00000000, 0x0000f6ff, 0xf6ff0000, 0x0a000000,
    0x00000a00, 0xf6ff0000, 0x00000000, 0x00000000, 0x00000000, 0x0000fbff, 0x0000f6ff, 0x00000000, 0xf1ff0000, 0x00000000, 0x00000000, 0x00000000,
    0x00000000, 0x00000000, 0xf6ff0000, 0x0000d8ff, 0x00000000, 0x00000000, 0x00000000, 0xe0ff0000, 0x00000000, 0x00000000, 0x00000000, 0x00000000,
    0x00000000, 0xf6ff0500, 0x00000000, 0x00000000, 0xf8ff0000, 0xf6fffbff, 0x0000bfff, 0xddffecff, 0x00000000, 0x00000000, 0x00000000, 0x00000000,
    0x00000000, 0x00000000, 0x0000c4ff, 0xe7fffbff, 0xf6fff1ff, 0x0000f6ff, 0x00000000, 0xf6ff0000, 0x0000ecff, 0x0500ecff, 0x00000000, 0x00000500,
    0x00000000, 0x00000000, 0x00000f00, 0x00000000, 0xf6ff0000, 0x00000000, 0x00000000, 0x00000000, 0x00000000, 0xc4fffbff, 0x00000000, 0x00000000,
    0x00000000, 0x0a000000, 0xecfff1ff, 0xddffd3ff, 0x00000000, 0x00000000, 0xf6ff0000, 0x0000f4ff, 0xfbff0000, 0xf6ff0000, 0xf6fff8ff, 0x0000f1ff,
    0x00000000, 0x0000fbff, 0x00000000, 0x00000000, 0x00000000, 0x00000000, 0x00000000, 0xf1fffbff, 0x0000f6ff, 0x00000000, 0x00000a00, 0xf6ff0000,
    0x00000000, 0x0000f6ff, 0x0f000000, 0x0000fbff, 0x00000000, 0x00000000, 0x00000500, 0x00000000, 0xf6ff0000, 0x00000000, 0x00000000, 0x00000000,
    0xf6ff0000, 0xfbfffbff, 0xf6fff6ff, 0x00000000, 0x00000000, 0x00000000, 0x00000000, 0x00000000, 0x00000000, 0x00000000, 0x00000000, 0x00000000,
    0x00000000, 0xf6ff0000, 0xecff0000, 0x0000f8ff, 0x00000000, 0xfaff0000, 0xf2ffeeff, 0x0000e7ff, 0xfaffe2ff, 0x00000000, 0x00000000, 0x00000000,
    0x00000000, 0x00000000, 0x0000fbff, 0x00009cff, 0xe7fffbff, 0x00000000, 0x0000fbff, 0x00000000, 0x00000000, 0x0000ecff, 0x0000f6ff, 0xfbff0000,
    0xf6ff0000, 0xf6ff0000, 0x0000fbff, 0x00000000, 0x0000d3ff, 0x00000000, 0xe2ff0000, 0x00000000, 0x00000000, 0x00000000, 0xceff0000, 0x00000000,
    0x00000000, 0x00000000, 0x0f000000, 0xf6ffd8ff, 0xe7ffe7ff, 0x14000000, 0x00000000, 0xfbff0000, 0xfbfff6ff, 0x00000000, 0xfbff0000, 0xfbfff8ff,
    0x0000eaff, 0xfcff0000, 0x0000f8ff, 0x00000000, 0x00000000, 0x00000000, 0xf6ff0000, 0x00000000, 0x0000fbff, 0x0000ecff, 0x00000000, 0xe2ff0000,
    0x00000500, 0x05000000, 0x0000f6ff, 0x0f00fbff, 0x00000000, 0x00000500, 0x0a000500, 0x00000500, 0x00000000, 0xecff0000, 0x0000f6ff, 0x00000000,
    0x00000000, 0xfbff0000, 0x0000fbff, 0xfbfffbff, 0x00000000, 0x00000000, 0x00000000, 0x0000f6ff, 0x00000000, 0x0000e2ff, 0x00000000, 0x00000000,
    0x00000000, 0x00000000, 0xecffd3ff, 0xceffe7ff, 0xc4ff0000, 0xd8ffc4ff, 0xceffc4ff, 0x00000000, 0xceff0300, 0x00000000, 0x00000000, 0x00000000,
    0xd8ff0000, 0x0000d8ff, 0xd3ff0000, 0xd8ffc9ff, 0x0000a6ff, 0x1e000000, 0x0000ceff, 0x00000000, 0xf6ff0a00, 0xf6ff0000, 0x00000a00, 0xbaff0000,
    0xb0ffb0ff, 0x9cffb0ff, 0xb0ffb0ff, 0xd8ffbaff, 0xbaffc4ff, 0x0000a6ff, 0x00001400, 0xbaffceff, 0xe2ffc4ff, 0xc4ffc4ff, 0xceffc4ff, 0x00000000,
    0xd3ff0000, 0xd8ffd3ff, 0x00000000, 0xceffd3ff, 0x0500baff, 0x00000000, 0xceff0000, 0xceffceff, 0x00000000, 0x00000000, 0x00000000, 0x00000000,
    0x00000000, 0x00000000, 0x00000000, 0x00000000, 0x00000000, 0x00000000, 0x00000000, 0x00000000, 0x00000000, 0x00000000, 0x00000000, 0x00000000,
    0x00000000, 0x00000000, 0x00000000, 0x00000000, 0x00000000, 0x00000000, 0x00000000, 0x00000000, 0x00000000, 0x00000000, 0x00000000, 0x00000000,
    0x00000000, 0xd8ff0000, 0x00000000, 0x00000000, 0x00000000, 0x00000000, 0x00000000, 0x00000000, 0x00000000, 0x00000000, 0x00000000, 0x00000000,
    0x00000000, 0x00000000, 0x00000000, 0x00000000, 0x00000000, 0x00000000, 0x00000000, 0x00000000, 0x00000000, 0x00000000, 0x00000000, 0x00000000,
    0x00000000, 0x00000000, 0x00000000, 0x00000000, 0x00000000, 0x00000000, 0x00000000, 0x00000000, 0x00000000, 0x00000000, 0x00000000, 0x00000000,
    0x00000000, 0x00000000, 0x00000000, 0x00000000, 0x00000000, 0x00000000, 0x00000000, 0x00000000, 0x0000ceff, 0x00000000, 0x00000000, 0x00000000,
    0x00000000, 0x00000000, 0x00000000, 0x00000000, 0x00000000, 0x00000000, 0x00000000, 0x00000000, 0x00000000, 0xb2480100, 0x00000400, 0x32019400,
    0x3202cc01, 0xa6027002, 0x3203b002, 0x56034c03, 0x6a036003, 0xee03e403, 0x1a041004, 0xce04b404, 0x42052005, 0x66055c05, 0x8e057405, 0xb6059805,
    0xde05c005, 0xee05e405, 0x0a06f405, 0x36063006, 0x42063c06, 0x4e064806, 0x5a065406, 0x8e066006, 0x2e07bc06, 0x9e077007, 0xae07a407, 0xc207b807,
    0xd207c807, 0x0608ec07, 0x3a082008, 0x6e085408, 0xa2088808, 0xd608bc08, 0x0e09f408, 0x22091809, 0x36092c09, 0x4a094009, 0x5e095409, 0x72096809,
    0x86097c09, 0x9a099009, 0xae09a409, 0xc209b809, 0xd609cc09, 0xea09e009, 0x6e0af409, 0xb20a900a, 0xf60ad40a, 0x520b480b, 0x660b5c0b, 0x7a0b700b,
    0x8e0b840b, 0xa20b980b, 0xb60bac0b, 0xca0bc00b, 0xde0bd40b, 0xf20be80b, 0x060cfc0b, 0x1a0c100c, 0x2e0c240c, 0x620c480c, 0x960c7c0c, 0xda0cb80c,
    0x1e0dfc0c, 0x620d400d, 0x9e0d840d, 0xd20db80d, 0x1a0ef40d, 0x4a0e2c0e, 0x8e0e6c0e, 0xe20ea80e, 0x2e0f000f, 0x760f4c0f, 0x9e0f880f, 0xe60fc00f,
    0x2a100010, 0x26004810, 0x0a001c00, 0x23003600, 0x0e003800, 0xf1ff5300, 0xc2ff5c00, 0x14007000, 0x1e007200, 0x19007400, 0xecff7900, 0x1e008400,
    0x28008500, 0x3c001d01, 0x3c001f01, 0x43002001, 0x0f002201, 0x32002401, 0x3c002601, 0x3c002b01, 0x1e005203, 0x1e005303, 0x19005403, 0x28005503,
    0x23005603, 0x14005703, 0x1e005803, 0x23005903, 0x1e005a03, 0x1e005b03, 0xf6ff5c03, 0xecff5d03, 0xecff5e03, 0xf6ff5f03, 0xd8ff6003, 0xecff6103,
    0xe2ff6203, 0xf6ff6303, 0xecff6403, 0xe2ff6503, 0x36001900, 0x5300f6ff, 0x5c00ecff, 0x7900baff, 0x8400f1ff, 0x85001e00, 0x52030f00, 0x53031400,
    0x54030a00, 0x55030a00, 0x56031400, 0x57031900, 0x58031400, 0x59031400, 0x5a030a00, 0x5b031400, 0x5c031400, 0x5d03ecff, 0x5e03ecff, 0x5f03ecff,
    0x6003ecff, 0x6103d8ff, 0x6203ecff, 0x6403d8ff, 0x6503e7ff, 0x0f00ecff, 0xf6ff3600, 0xe2ff5300, 0xecff5400, 0x14005c00, 0x14008400, 0x0a008500,
    0x0a005203, 0x0a005603, 0xf6ff5c03, 0xf1ff6003, 0xf6ff6103, 0xf6ff6203, 0xecff6303, 0xf6ff6403, 0xecff6503, 0x1c000d00, 0x1e00f8ff, 0x3600f4ff,
    0x3800e4ff, 0x5c00ebff, 0x7900c0ff, 0x8400e7ff, 0x8500f1ff, 0x5a03e2ff, 0x5b03fbff, 0x5c03f6ff, 0x63030800, 0x64030500, 0x02000500, 0xd1ff9e01,
    0xd1ff9f01, 0x16002000, 0x1c00e2ff, 0x1e00ecff, 0x5300d8ff, 0x5400d8ff, 0x5c00e2ff, 0x740074ff, 0x79000f00, 0x8500abff, 0x1d010a00, 0x1f011e00,
    0x20011e00, 0x24011e00, 0x26011e00, 0x2b011e00, 0x9e011e00, 0x9f0197ff, 0x520397ff, 0x54030a00, 0x55030500, 0x59030500, 0x5b030f00, 0x5c030500,
    0x5d03ceff, 0x5e03d8ff, 0x5f03c9ff, 0x6003ceff, 0x6103b5ff, 0x6203ceff, 0x6303c4ff, 0x6403ecff, 0x6503ceff, 0x0600d8ff, 0x14001d01, 0x14001f01,
    0x14002001, 0x14002401, 0x14002601, 0x14002b01, 0x9e010200, 0x9f01e6ff, 0x0200e6ff, 0x0f002001, 0x0a002601, 0x9e010200, 0x9f01d8ff, 0x1e00d8ff,
    0xf1ff1600, 0xf1ff1e00, 0xfbff3600, 0xddff3800, 0xe2ff5300, 0xf6ff5400, 0x6aff5c00, 0xa6ff7900, 0x0a008500, 0x9aff9e01, 0x9aff9f01, 0x0f005203,
    0x0a005403, 0x0a005503, 0x0f005603, 0x0a005703, 0x0a005803, 0x05005903, 0x0a005a03, 0x05005b03, 0xceff5c03, 0xd3ff5d03, 0xd3ff5e03, 0xd3ff5f03,
    0xb5ff6003, 0xd8ff6103, 0xbaff6203, 0xecff6303, 0xceff6403, 0xd3ff6503, 0x9e010200, 0x9f01d8ff, 0x0800d8ff, 0x28001d01, 0x28001f01, 0x32002001,
    0x28002401, 0x28002601, 0x28002b01, 0xb5ff9e01, 0xb5ff9f01, 0x9e010200, 0x9f01e9ff, 0x2600e9ff, 0xecff1600, 0xf6ff1c00, 0xf6ff1e00, 0x05003600,
    0xddff5300, 0xe2ff5400, 0xb0ff5c00, 0x0f007200, 0x14007400, 0xbfff7900, 0x0a008400, 0x28008500, 0x28001d01, 0x28001f01, 0x32002001, 0x0a002201,
    0x28002401, 0x28002601, 0x23002b01, 0xb5ff9e01, 0xb5ff9f01, 0x0a005203, 0x0a005303, 0x0a005503, 0x0a005703, 0x14005903, 0x0a005a03, 0x0a005b03,
    0xc4ff5c03, 0xceff5d03, 0xc4ff5e03, 0xc9ff5f03, 0xb5ff6003, 0xc4ff6103, 0xc4ff6203, 0xceff6303, 0xc4ff6403, 0xc4ff6503, 0x1d010600, 0x1f012800,
    0x26012800, 0x2b012800, 0x9e012800, 0x9f01b5ff, 0x1400b5ff, 0xf1ff1c00, 0xe7ff5300, 0xe2ff5400, 0x14005c00, 0xf6ff7200, 0x0a008500, 0x14002b01,
    0xf6ff5203, 0xf6ff5303, 0xf6ff5403, 0xddff5603, 0xf6ff5703, 0xecff5803, 0x05005903, 0xf6ff5a03, 0xf6ff5b03, 0x0a005e03, 0x0a005f03, 0xf6ff6303,
    0xf6ff6503, 0x1d010800, 0x1f011e00, 0x20011e00, 0x24013200, 0x26010a00, 0x2b011e00, 0x9e012300, 0x9f01abff, 0x0600abff, 0x14001d01, 0x14001f01,
    0x1e002001, 0x14002401, 0x14002601, 0x14002b01, 0x1c000200, 0x3600f6ff, 0x0300ddff, 0xecff1e00, 0xe2ff3600, 0xd8ff3800, 0x16000600, 0x1c000a00,
    0x1e00baff, 0x36001400, 0x3800b0ff, 0x61011400, 0x02000a00, 0x88ff9e01, 0x88ff9f01, 0x1d010700, 0x1f011400, 0x20011e00, 0x24011e00, 0x26011400,
    0x9e011900, 0x9f017eff, 0x02007eff, 0x88ff9e01, 0x88ff9f01, 0x1d010700, 0x1f011400, 0x20011e00, 0x24011e00, 0x26011400, 0x9e011900, 0x9f017eff,
    0x01007eff, 0xecff3600, 0x1c000200, 0x3600d8ff, 0x0100baff, 0x0a003600, 0x36000500, 0x38001400, 0x1d010a00, 0x20013200, 0x25013200, 0x09001e00,
    0x0a003600, 0x42ff7900, 0x2d001d01, 0x2d001f01, 0x2d002001, 0x1e002201, 0x28002401, 0x2d002601, 0x32002b01, 0x36000100, 0x01000a00, 0x14003600,
    0x74000100, 0x01001e00, 0x1e003600, 0x36000100, 0x01002800, 0x32003600, 0x36000100, 0x01001e00, 0x1e007400, 0x36000b00, 0x52032300, 0x53033200,
    0x54033200, 0x55033c00, 0x56033c00, 0x57032800, 0x58033200, 0x59032800, 0x5a033c00, 0x5b033200, 0x0b003c00, 0x28003201, 0x2d005203, 0x14005303,
    0x28005403, 0x32005503, 0x32005603, 0x2d005703, 0x32005803, 0x28005903, 0x2d005a03, 0x1e005b03, 0x1c001c00, 0x3600fbff, 0x5c00f1ff, 0x7200ceff,
    0x8400f6ff, 0x8500ecff, 0x8600ecff, 0x8700e2ff, 0x5203ecff, 0x5303ecff, 0x5403ecff, 0x5503ecff, 0x5603ecff, 0x5703ecff, 0x5803ecff, 0x5903ecff,
    0x5a03f1ff, 0x5b03ecff, 0x5c03ecff, 0x5d031e00, 0x5e031400, 0x5f031400, 0x60031400, 0x61031e00, 0x62031400, 0x63031400, 0x64031400, 0x65031400,
    0x10001400, 0xfaff1c00, 0x03001e00, 0xe2ff3600, 0x22005c00, 0x0a007400, 0x14007900, 0xf6ff5303, 0x05005603, 0xf6ff5903, 0x0a005c03, 0x05005e03,
    0x0a005f03, 0x0a006003, 0x0a006103, 0x05006203, 0x0a006403, 0x70000b00, 0x72002300, 0x74003700, 0x85006400, 0x53036900, 0x54033200, 0x55033200,
    0x57033c00, 0x59033200, 0x5a035a00, 0x5b033200, 0x01004600, 0x28007400, 0x9e010200, 0x9f01d1ff, 0x0200d1ff, 0xd1ff9e01, 0xd1ff9f01, 0x9e010200,
    0x9f01d1ff, 0x0100d1ff, 0x14007400, 0x9e010200, 0x9f01d8ff, 0x0600d8ff, 0x14001d01, 0x14001f01, 0x14002001, 0x14002401, 0x14002601, 0x14002b01,
    0x1d010600, 0x1f011400, 0x20011400, 0x24011400, 0x26011400, 0x2b011400, 0x06001400, 0x14001d01, 0x14001f01, 0x14002001, 0x14002401, 0x14002601,
    0x14002b01, 0x1d010600, 0x1f011400, 0x20011400, 0x24011400, 0x26011400, 0x2b011400, 0x06001400, 0x14001d01, 0x14001f01, 0x14002001, 0x14002401,
    0x14002601, 0x14002b01, 0x1d010600, 0x1f011400, 0x20011400, 0x24011400, 0x26011400, 0x2b011400, 0x06001400, 0x14001d01, 0x14001f01, 0x14002001,
    0x14002401, 0x14002601, 0x14002b01, 0x1d010600, 0x1f011400, 0x20011400, 0x24011400, 0x26011400, 0x2b011400, 0x06001400, 0x14001d01, 0x14001f01,
    0x14002001, 0x14002401, 0x14002601, 0x14002b01, 0x1d010600, 0x1f011400, 0x20011400, 0x24011400, 0x26011400, 0x2b011400, 0x07001400, 0x14007400,
    0x14001d01, 0x14001f01, 0x14002001, 0x14002401, 0x14002601, 0x14002b01, 0x1d010600, 0x1f011400, 0x20011400, 0x24011400, 0x26011400, 0x2b011400,
    0x02001400, 0xe9ff9e01, 0xe9ff9f01, 0x9e010200, 0x9f01e9ff, 0x0200e9ff, 0xe6ff9e01, 0xe6ff9f01, 0x9e010200, 0x9f01e6ff, 0x0200e6ff, 0x0f002001,
    0x0a002601, 0x9e010200, 0x9f01d8ff, 0x0200d8ff, 0xd8ff9e01, 0xd8ff9f01, 0x9e010200, 0x9f01d8ff, 0x0200d8ff, 0xd8ff9e01, 0xd8ff9f01, 0x9e010200,
    0x9f01d8ff, 0x0200d8ff, 0xd8ff9e01, 0xd8ff9f01, 0x9e010200, 0x9f01d8ff, 0x0200d8ff, 0xd8ff9e01, 0xd8ff9f01, 0x9e010200, 0x9f01d8ff, 0x0200d8ff,
    0xd8ff9e01, 0xd8ff9f01, 0x9e010200, 0x9f01d8ff, 0x0200d8ff, 0xd8ff9e01, 0xd8ff9f01, 0x9e010200, 0x9f01d8ff, 0x0200d8ff, 0xd8ff9e01, 0xd8ff9f01,
    0x9e010200, 0x9f01d8ff, 0x0200d8ff, 0xd8ff9e01, 0xd8ff9f01, 0x9e010200, 0x9f01d8ff, 0x0200d8ff, 0xd8ff9e01, 0xd8ff9f01, 0x1e001e00, 0x3600fbff,
    0x3800f1ff, 0x5c00f6ff, 0x7200ceff, 0x7900ecff, 0x8400e7ff, 0x8500ecff, 0x8600f6ff, 0x8700ddff, 0x5203e7ff, 0x5303ecff, 0x5403f1ff, 0x5503f6ff,
    0x5603f1ff, 0x5703ecff, 0x5803ecff, 0x5903ecff, 0x5a03f6ff, 0x5b03f1ff, 0x5c03f1ff, 0x5d031e00, 0x5e030a00, 0x5f031400, 0x60031400, 0x61031400,
    0x62031400, 0x63031400, 0x64031e00, 0x65031400, 0x08001400, 0x28001d01, 0x28001f01, 0x32002001, 0x28002401, 0x28002601, 0x28002b01, 0xb5ff9e01,
    0xb5ff9f01, 0x1d010800, 0x1f012800, 0x20012800, 0x24013200, 0x26012800, 0x2b012800, 0x9e012800, 0x9f01b5ff, 0x0800b5ff, 0x28001d01, 0x28001f01,
    0x32002001, 0x28002401, 0x28002601, 0x28002b01, 0xb5ff9e01, 0xb5ff9f01, 0x1d010800, 0x1f012800, 0x20012800, 0x24013200, 0x26012800, 0x2b012800,
    0x9e012800, 0x9f01b5ff, 0x1400b5ff, 0x05001c00, 0xf1ff1e00, 0xdfff3600, 0xd4ff3800, 0x0a005400, 0x74ff5c00, 0xc9ff7900, 0xf6ff8500, 0xceff9e01,
    0xceff9f01, 0x0a005603, 0xe7ff5903, 0x05005a03, 0xf6ff5b03, 0xf6ff5e03, 0x05005f03, 0xecff6003, 0xecff6203, 0x0a006303, 0xfbff6403, 0x9e010200,
    0x9f01e9ff, 0x0200e9ff, 0xe9ff9e01, 0xe9ff9f01, 0x9e010200, 0x9f01e9ff, 0x0200e9ff, 0xe9ff9e01, 0xe9ff9f01, 0x9e010200, 0x9f01e9ff, 0x0200e9ff,
    0xe9ff9e01, 0xe9ff9f01, 0x9e010200, 0x9f01e9ff, 0x0200e9ff, 0xe9ff9e01, 0xe9ff9f01, 0x9e010200, 0x9f01e9ff, 0x0200e9ff, 0xe9ff9e01, 0xe9ff9f01,
    0x9e010200, 0x9f01e9ff, 0x0200e9ff, 0xe9ff9e01, 0xe9ff9f01, 0x9e010200, 0x9f01e9ff, 0x0200e9ff, 0xdfff9e01, 0xdfff9f01, 0x9e010200, 0x9f01dfff,
    0x0200dfff, 0xdfff9e01, 0xdfff9f01, 0x9e010200, 0x9f01dfff, 0x0200dfff, 0xdfff9e01, 0xdfff9f01, 0x9e010200, 0x9f01dfff, 0x0200dfff, 0xe9ff9e01,
    0xe9ff9f01, 0x9e010200, 0x9f01e9ff, 0x0200e9ff, 0xe9ff9e01, 0xe9ff9f01, 0x9e010200, 0x9f01e9ff, 0x0600e9ff, 0x28001d01, 0x28001f01, 0x28002601,
    0x28002b01, 0xb5ff9e01, 0xb5ff9f01, 0x1d010600, 0x1f012800, 0x26012800, 0x2b012800, 0x9e012800, 0x9f01b5ff, 0x0600b5ff, 0x28001d01, 0x28001f01,
    0x28002601, 0x28002b01, 0xb5ff9e01, 0xb5ff9f01, 0x1d010600, 0x1f012800, 0x26012800, 0x2b012800, 0x9e012800, 0x9f01b5ff, 0x0800b5ff, 0x1e001d01,
    0x1e001f01, 0x32002001, 0x0a002401, 0x1e002601, 0x23002b01, 0xabff9e01, 0xabff9f01, 0x1d010800, 0x1f011e00, 0x20011e00, 0x24013200, 0x26010a00,
    0x2b011e00, 0x9e012300, 0x9f01abff, 0x0800abff, 0x1e001d01, 0x1e001f01, 0x32002001, 0x0a002401, 0x1e002601, 0x23002b01, 0xabff9e01, 0xabff9f01,
    0x1d010800, 0x1f011e00, 0x20011e00, 0x24013200, 0x26010a00, 0x2b011e00, 0x9e012300, 0x9f01abff, 0x0800abff, 0x1e001d01, 0x1e001f01, 0x32002001,
    0x0a002401, 0x1e002601, 0x23002b01, 0xabff9e01, 0xabff9f01, 0x1d010800, 0x1f011e00, 0x20011e00, 0x24013200, 0x26010a00, 0x2b011e00, 0x9e012300,
    0x9f01abff, 0x0800abff, 0x1e001d01, 0x1e001f01, 0x32002001, 0x0a002401, 0x1e002601, 0x23002b01, 0xabff9e01, 0xabff9f01, 0x1d010600, 0x1f011400,
    0x20011400, 0x24011e00, 0x26011400, 0x2b011400, 0x06001400, 0x14001d01, 0x14001f01, 0x1e002001, 0x14002401, 0x14002601, 0x14002b01, 0x1d010600,
    0x1f011400, 0x20011400, 0x24011e00, 0x26011400, 0x2b011400, 0x08001400, 0x14001c00, 0x0a001e00, 0x0a003600, 0xf6ff3800, 0xf6ff5303, 0xfaff5503,
    0xfdff5603, 0xfcff5703, 0x1c000900, 0x38001400, 0x5203e2ff, 0x5303f6ff, 0x5603eeff, 0x5703f6ff, 0x5803fbff, 0x5903fbff, 0x5b03f1ff, 0x0400f1ff,
    0x14001c00, 0x0a003600, 0xf6ff3800, 0xf6ff5303, 0x1c000700, 0x36001400, 0x38000a00, 0x5303f1ff, 0x5703f6ff, 0x5903ffff, 0x5b03f9ff, 0x0800f9ff,
    0x14001c00, 0x05001e00, 0xf6ff3800, 0xf1ff5303, 0x0a005603, 0xfbff5703, 0xf2ff5903, 0xfaff5b03, 0x1c000800, 0x36001400, 0x38000a00, 0x5303f6ff,
    0x5503f5ff, 0x5703fdff, 0x5903fdff, 0x5b03f6ff, 0x0600f6ff, 0x14001c00, 0xf6ff3600, 0xecff3800, 0xecff5303, 0xf0ff5903, 0xedff5b03, 0x16000e00,
    0x1c00f6ff, 0x1e000a00, 0x3600ecff, 0x38001400, 0x52030500, 0x5303f6ff, 0x5403fbff, 0x5503f9ff, 0x5603ffff, 0x5703ecff, 0x5803faff, 0x5903efff,
    0x5a030500, 0x0700f6ff, 0x14001c00, 0x0a003600, 0xf6ff3800, 0xf4ff5303, 0xfaff5903, 0xf6ff5a03, 0xfaff5b03, 0x16000b00, 0x1c00fbff, 0x36001400,
    0x38000a00, 0x5303f6ff, 0x5403f6ff, 0x5503f6ff, 0x5603f8ff, 0x5703f9ff, 0x5803faff, 0x5a03fcff, 0x0700f9ff, 0xecff1c00, 0xf6ff1e00, 0xc4ff3600,
    0xf6ff5d03, 0xfaff5f03, 0xfdff6003, 0xfcff6103, 0x1c000a00, 0x3600ecff, 0x3800c4ff, 0x5c030a00, 0x5d03f6ff, 0x6003eeff, 0x6103f6ff, 0x6203fbff,
    0x6303fbff, 0x6503f1ff, 0x0400f1ff, 0xecff1c00, 0xceff3600, 0x0a003800, 0xf6ff5d03, 0x1c000500, 0x3600ecff, 0x5d03c4ff, 0x6303f6ff, 0x6503f9ff,
    0x0800f9ff, 0xecff1c00, 0xf6ff1e00, 0xc9ff3600, 0xf1ff5d03, 0x0a006003, 0xfbff6103, 0xf2ff6303, 0xfaff6503, 0x1c000900, 0x1e00ecff, 0x3600f6ff,
    0x3800c4ff, 0x5d03fbff, 0x5f03f5ff, 0x6103fdff, 0x6303fdff, 0x6503f6ff, 0x0600f6ff, 0xe2ff1c00, 0xf6ff1e00, 0xc4ff3600, 0xecff5d03, 0xf0ff6303,
    0xedff6503, 0x1e000a00, 0x3600f1ff, 0x3800c4ff, 0x5c03f6ff, 0x5d03f6ff, 0x5e03fbff, 0x6003f9ff, 0x6103ecff, 0x6203faff, 0x6403efff, 0x0700f6ff,
    0xe7ff1c00, 0xf6ff1e00, 0xc4ff3600, 0xf4ff5d03, 0xfaff6303, 0xf6ff6403, 0xfaff6503, 0x1c000a00, 0x1e00ecff, 0x3600ecff, 0x5d03c4ff, 0x5e03f6ff,
    0x5f03f6ff, 0x6003f8ff, 0x6103f9ff, 0x6203faff, 0x6403fcff, 0x0200f9ff, 0x04001039, 0xb2520000, 0x10001053, 0x00000e00, 0x00000000, 0x00000000,
    0x00000000, 0x00000000, 0x00000000, 0x00000000, 0x00000000, 0x14000000, 0x00000000, 0x00000000, 0x00000000, 0x00000000, 0x00000000, 0x00000000,
    0x00000000, 0x0000c9ff, 0x00000000, 0x00000000, 0x00000000, 0x00000000, 0x00000000, 0x00001e00, 0x00001400, 0x00000000, 0x00000000, 0x00000000,
    0x00000000, 0x00000000, 0x00001e00, 0x28002800, 0x00000000, 0x00000000, 0x00000000, 0x00000000, 0x00000000, 0x00003200, 0x00003200, 0x00000000,
    0x00000000, 0x00000000, 0x00000000, 0x00000000, 0x00000a00, 0x00000000, 0x00000000, 0x00000000, 0x00000000, 0x00000000, 0x00000000, 0x00001e00,
    0x1e001e00, 0x00000000, 0x00000000, 0x00000000, 0x00000000, 0x00000000, 0x00000000, 0x00000000, 0x00000000, 0x00000000, 0x00000000, 0x00000000,
    0x00000000, 0x00000000, 0x00000000, 0x00000000, 0x00000000, 0x00000000, 0x00000000, 0x00000000, 0x00002800, 0x1e000000, 0x00000000, 0x00000000,
    0x00000000, 0x00000000, 0x00000000, 0x00000000, 0x00000000, 0xceffceff, 0x00000000, 0x00000000, 0x00000000, 0x00000000, 0x00000000, 0x00000000,
    0x00000000, 0x00001400, 0x00000000, 0x00000000, 0x00000000, 0x2d000000, 0x00000000, 0x00000000, 0x32003700, 0x28002d00, 0x2d003c00, 0x00005000,
    0x00000000, 0x00000000, 0x00000000, 0x00000000, 0x00000000, 0x00000000, 0x00001400, 0x00000000, 0x0000cfff, 0x00000000, 0x0000ceff, 0x00000000,
    0xceff0000, 0x02000000, 0x04006437, 0xf8510000, 0x2c00fe52, 0x00002300, 0xfcfffcff, 0xfcff0400, 0x00000d00, 0xfaff0a00, 0xe9ff0f00, 0x19001900,
    0x02001e00, 0x1e00e2ff, 0x1e001e00, 0x00000f00, 0x00000000, 0x00000000, 0x00000000, 0x00000000, 0x00000000, 0x00000000, 0x00000000, 0xf8ff0000,
    0x0600f8ff, 0x0000f3ff, 0x00000000, 0x0000e2ff, 0xe7ffe2ff, 0xddff0000, 0xd0ff0000, 0x14001900, 0x00001900, 0xfefff7ff, 0xfbfffcff, 0x0000fbff,
    0x00000000, 0x00000000, 0x00000000, 0x00000000, 0x00000000, 0xf0fff0ff, 0x00000000, 0x00000000, 0x00000000, 0xf1ff0000, 0xf6ffddff, 0x0000d8ff,
    0x00000000, 0x0a00fbff, 0x00000000, 0x0000fcff, 0xddff0000, 0x0000f6ff, 0x00000000, 0x00000000, 0x00000000, 0x00000000, 0x00000000, 0xfeff0000,
    0x0000fdff, 0xf8ff0000, 0x0000f1ff, 0xe6fff6ff, 0xd5fff8ff, 0xf1ff0000, 0x00000000, 0x00000000, 0x00000000, 0x00000000, 0x00000000, 0xf9fffbff,
    0x00000000, 0x00000000, 0x00000000, 0x00000000, 0xe0ffdeff, 0xd4fff9ff, 0xf6ff0000, 0xa9ffecff, 0xb5ffe2ff, 0x00000000, 0x00000000, 0x05009cff,
    0x00000000, 0xd8ff0000, 0xe7ffd8ff, 0x00000000, 0xf1ff0000, 0xe2fff1ff, 0x0000e7ff, 0x00000000, 0x00000000, 0xecff0000, 0x0000ecff, 0x0000e2ff,
    0x00000000, 0x0000b7ff, 0x0000baff, 0xe7fff6ff, 0x9cffe7ff, 0x05000500, 0x00000500, 0xf1fff1ff, 0x00000000, 0x00000000, 0x05000000, 0x0000f6ff,
    0x0000f6ff, 0x00000000, 0x00000000, 0xddffddff, 0xd8ff0000, 0xfbff0000, 0xcafffbff, 0xc9ffe1ff, 0x03000300, 0xfbff0000, 0x0a00c4ff, 0x05000000,
    0xd8ff0000, 0xf1ffe7ff, 0xe7ff0000, 0x0000e7ff, 0xecfff6ff, 0xe2ffe7ff, 0x0000ecff, 0x00000000, 0xecff0000, 0x0000ecff, 0x00000000, 0xf6ff0000,
    0xe2ff0500, 0x0000ecff, 0x00000000, 0x0a000000, 0xecff0000, 0x0000f1ff, 0xf6fffbff, 0x00000a00, 0xecffe2ff, 0xecffecff, 0xecff0000, 0x00000000,
    0x00000000, 0x00000000, 0x0a000a00, 0x00000000, 0x00000000, 0x0500f6ff, 0x00000000, 0xecffd8ff, 0xf6ffc4ff, 0x00000000, 0x00000000, 0x0a000000,
    0x00000000, 0x00000000, 0x00000000, 0x0000f6ff, 0xfbff0000, 0x00000000, 0x00000000, 0x00000000, 0x00000000, 0x0000fbff, 0xf6ff0000, 0x0000ecff,
    0xe2ffe2ff, 0xd8ffecff, 0x0000f1ff, 0x00000000, 0x00000000, 0x00000000, 0xecfff6ff, 0x00000000, 0xf6ff0000, 0x00000000, 0x0000f6ff, 0x00000000,
    0x00000000, 0xc4ffceff, 0x1900e7ff, 0x37000000, 0x0f00f1ff, 0xceff9cff, 0xceffb0ff, 0x1900a6ff, 0x00000000, 0x00000000, 0xe2ff0000, 0x0500d8ff,
    0x00000000, 0xbfff0000, 0x0000ceff, 0xc4ffddff, 0xc9ff0000, 0x0000baff, 0x00000000, 0x00000000, 0x00000000, 0x00000000, 0x00000000, 0xecff0000,
    0xe2ff0000, 0x00000000, 0x00000000, 0x00000000, 0x00000000, 0x00000000, 0x00000000, 0x00000000, 0x00000000, 0x00000000, 0x00000000, 0x00000000,
    0xe7ffe7ff, 0x00000000, 0x1e000000, 0x00000000, 0xe2ffd8ff, 0xd3ffa6ff, 0x0000a1ff, 0x00000000, 0x00000000, 0xf6ff0000, 0x0a000000, 0x00000000,
    0xecff0000, 0x0000e2ff, 0x0000ecff, 0xecff0000, 0x0000e2ff, 0x00000000, 0x00000000, 0x00000000, 0x00000000, 0x0000e2ff, 0x00000000, 0x00000f00,
    0x88ff0000, 0x0a000000, 0x00000a00, 0x00000000, 0x00000000, 0x00000000, 0x00000000, 0x00000000, 0x00000000, 0x00000000, 0x00000000, 0x00000000,
    0x0a000000, 0x46000000, 0x00000000, 0x00000000, 0x14001400, 0x00001400, 0x00000000, 0x00000000, 0x00000000, 0x00000000, 0x00000000, 0x00000000,
    0x00000000, 0x00000000, 0x00000000, 0x00000000, 0xddff0000, 0x0000ddff, 0x0000e7ff, 0x00000000, 0xeaffd3ff, 0x14000000, 0x0a000500, 0x00000000,
    0x00000000, 0x00000000, 0x0000d8ff, 0x00000000, 0x00000000, 0x00000000, 0x0000f6ff, 0x0000ecff, 0x00000000, 0x00000000, 0x00000000, 0x00000000,
    0x00000000, 0xbaff0000, 0x00000000, 0x0f000000, 0xfbff0000, 0x00000000, 0x00000000, 0x00000000, 0x00000000, 0x00000000, 0x00000000, 0x00000000,
    0x00000000, 0x00000000, 0x00000000, 0x00000000, 0x00000000, 0x00000000, 0x00000000, 0x0000b5ff, 0x00000000, 0x00000000, 0x00000000, 0x00000000,
    0x00000000, 0x00000000, 0x00000000, 0x00000000, 0x00000000, 0x00000000, 0x00000000, 0x00000000, 0x00000000, 0x05000500, 0x0a000000, 0x00000000,
    0x0a00fbff, 0x0a000000, 0xf1ffecff, 0x0a00ecff, 0xecff0500, 0xe2ffe2ff, 0x0a000000, 0x00000000, 0x00000000, 0xf6ff0a00, 0x0000f6ff, 0xf6ff0000,
    0x00000000, 0x00000000, 0x00000000, 0xf8ff0000, 0x00000000, 0xfbff0000, 0x00000000, 0xe7ff0000, 0xd3ffe7ff, 0x0a000000, 0x00000000, 0x00000000,
    0x00000000, 0x00000300, 0x0000ecff, 0xf5fff8ff, 0x00000000, 0x00000000, 0x00000000, 0x00000000, 0x05000500, 0x00000000, 0x00000000, 0x00000000,
    0x00000a00, 0xf6ffecff, 0x0000f1ff, 0xe2ff0000, 0xecffecff, 0x05000000, 0x00000000, 0x14000000, 0x00001400, 0x00000000, 0xf1ff0000, 0x00000000,
    0x00000000, 0x0a000000, 0x00000a00, 0x00000000, 0x07000000, 0x0000e7ff, 0x0000d3ff, 0xd1fff3ff, 0xc9ff0000, 0x0000f6ff, 0x00000000, 0x05000000,
    0x00000000, 0x1e001e00, 0x07000000, 0x00000000, 0x00000000, 0x00000000, 0x00000000, 0xf6fff6ff, 0xfbff1400, 0x00001400, 0xc4ff1400, 0xc4ff0000,
    0x0a001400, 0x00000000, 0x0000ceff, 0x00000000, 0xf6ff0000, 0x0a000000, 0x00000500, 0x1e000000, 0x00001400, 0x00000000, 0x00000000, 0x00000000,
    0x0a000000, 0x14000a00, 0x0a000f00, 0x0f000000, 0x0000ceff, 0xf6ffa6ff, 0xecff0500, 0xceffe2ff, 0x00000000, 0x00000000, 0x0a000000, 0xf1ff0000,
    0x00000000, 0x0a001400, 0x00000000, 0x0000f1ff, 0x00000000, 0x00000f00, 0x00000000, 0x05001400, 0x00001e00, 0xd8ff0a00, 0xc9ff0000, 0x0a001400,
    0x00000500, 0x0000ceff, 0x00000000, 0xf6ff0000, 0x00000a00, 0x00000500, 0x14000000, 0x00000f00, 0xf6ff0000, 0x00000000, 0x0a000000, 0xf6ff0000,
    0x1400f6ff, 0x14000000, 0x0f000000, 0x0000ceff, 0x1400baff, 0x00000000, 0xc4ff0000, 0x00000000, 0x00000000, 0x0000f6ff, 0x00000500, 0x00000000,
    0x0a001900, 0x00000000, 0x0000f6ff, 0x00000000, 0x00000500, 0x00000000, 0x0a001400, 0x00001400, 0xceff1400, 0xbaff0000, 0x05000000, 0xf6fff6ff,
    0x0000c4ff, 0x00000000, 0xf6ff0000, 0x00000500, 0x00000000, 0x1e000000, 0x00001400, 0x00000000, 0x00000000, 0x0a000000, 0xf6ff0000, 0x1400f6ff,
    0x1400fbff, 0x0a000000, 0x0000b5ff, 0x0f00b5ff, 0x00000500, 0xceff0000, 0x00000000, 0x00000000, 0x00000000, 0xfbff0500, 0x00000000, 0x0a002800,
    0x00000000, 0x00000000, 0x00000000, 0x00000500, 0xf6fff6ff, 0x00001400, 0x00001400, 0xbfff1400, 0xbafffbff, 0x0000fbff, 0xecffecff, 0x0000ceff,
    0x00000000, 0xf6ff0000, 0x00000000, 0x0000f1ff, 0x19000000, 0x00000a00, 0x00000000, 0x00000000, 0x05000000, 0xe2ff0000, 0x0000d8ff, 0x1e00e7ff,
    0x00000000, 0xf1ffbaff, 0x1e00c9ff, 0x0a001400, 0xceff0a00, 0x00000000, 0x00000000, 0xecffd8ff, 0x0a00ecff, 0x00000000, 0xf6ff0000, 0xfbfffbff,
    0x0000f6ff, 0x00000000, 0x0000f6ff, 0x00000000, 0x00001400, 0x00001e00, 0xc9ff1400, 0xc4ff0000, 0x05000a00, 0x00000000, 0x0000c4ff, 0x00000000,
    0xf6ff0000, 0x05000000, 0x00000000, 0x14000000, 0x00000a00, 0x00000000, 0x00000000, 0x0a000000, 0xecff0000, 0x0f00ecff, 0x1400ecff, 0x14000000,
    0xf6ffb5ff, 0x0f00c4ff, 0x00000500, 0xc4ff0000, 0x00000000, 0x00000000, 0xecffecff, 0x00000000, 0x00000000, 0x0a001400, 0xfbfffbff, 0x00000000,
    0x00000000, 0x0000f1ff, 0x05000500, 0x0000f6ff, 0x00000000, 0x0a00e2ff, 0x0a000000, 0xd8ffc4ff, 0x0500baff, 0x00000000, 0x00000000, 0x0a000000,
    0x00000000, 0x00000500, 0xf6ff0000, 0x0000ecff, 0x00000000, 0x00000000, 0x0000fbff, 0x00000000, 0xf6ff0000, 0x00000000, 0xecff0000, 0x00001400,
    0xbaff0500, 0xbaffd8ff, 0x00001400, 0x00000000, 0x00000000, 0x05000500, 0x0f000f00, 0x00000000, 0xe2ffecff, 0x00000000, 0x00000000, 0xfbff0000,
    0x00000000, 0x05000500, 0x0000fbff, 0x00000000, 0x1400ecff, 0x05000000, 0xd8ffc4ff, 0x1400b0ff, 0x00000000, 0x00000000, 0x0a000000, 0x0f000500,
    0x00000a00, 0xf6ff0000, 0x0000ecff, 0x00000000, 0x00000000, 0x00000000, 0x05000000, 0xf6ff0500, 0x00000000, 0xe2ff0000, 0x00000500, 0xc9ff0500,
    0xb5ffddff, 0x00000500, 0x00000000, 0x00000000, 0x00000500, 0x05000000, 0x00000000, 0xecfff6ff, 0x00000000, 0x00000000, 0x00000000, 0x00000000,
    0x05000000, 0x05000000, 0x00000000, 0x0a00ecff, 0x0a000000, 0xe2ffc4ff, 0x0f00baff, 0x00000000, 0x00000000, 0x0f000000, 0x0a000500, 0x00000500,
    0x00000000, 0x0000ecff, 0x00000000, 0x00000000, 0x00000000, 0x05000000, 0xf6ff0500, 0x00000000, 0xecff0000, 0x00000a00, 0xc4ff0a00, 0xb5ffd8ff,
    0x00000500, 0x00000000, 0x00000000, 0x00000000, 0x00000000, 0x00000000, 0xecfff6ff, 0x00000000, 0x0000fbff, 0x00000000, 0x00000000, 0x00000000,
    0x0000ecff, 0x00000000, 0x0500e2ff, 0x0500f1ff, 0xd8ffbaff, 0x0000b5ff, 0x00000000, 0x00000000, 0x00000000, 0x00000000, 0x00000000, 0xf6ff0000,
    0x0000e2ff, 0xfbff0000, 0x00000000, 0x00000000, 0x0a000000, 0x00000a00, 0x00000000, 0x00000000, 0x00000000, 0xd8fffbff, 0xbaffe7ff, 0xe2ff0000,
    0x00000000, 0x00000000, 0x00000000, 0xecff0000, 0x00000000, 0xf6ff0000, 0x00000000, 0x0000f6ff, 0x00000000, 0x00000000, 0x00000500, 0x0000f6ff,
    0x00000000, 0x0500ecff, 0x0000fbff, 0xddffbaff, 0x0000baff, 0x00000000, 0x00000000, 0x05000000, 0x00000000, 0x00000000, 0xf6ff0000, 0x0000e7ff,
    0xfbff0000, 0x00000000, 0x00000000, 0x05000000, 0xf1ff0500, 0x00000000, 0xe2ff0000, 0x00000000, 0xbaff0500, 0xb5ffd8ff, 0xf6ff0000, 0x00000000,
    0x00000000, 0x00000500, 0xf6ff0000, 0x00000000, 0xe7fffbff, 0x00000000, 0x0000f1ff, 0x00000000, 0x00000000, 0x00000000, 0x00000000, 0x00000000,
    0x00000000, 0x00000000, 0x00000000, 0x00000000, 0xc4ff0000, 0xbaffbaff, 0x00000000, 0x00000000, 0x00000000, 0x00000000, 0x00000000, 0x00000000,
    0x00000000, 0x00000000, 0x00000000, 0x00000000, 0x00000000, 0x00000000, 0x00000000, 0x00000000, 0x00000000, 0x00000000, 0xbaffc4ff, 0x0000baff,
    0x00000000, 0x00000000, 0x00000000, 0x00000000, 0x00000000, 0x00000000, 0x00000000, 0x02000000, 0x0400a82b, 0x0c490000, 0x3100da4b, 0x00004600,
    0xe2fff6ff, 0x00000a00, 0xf6ff1400, 0xe2ffecff, 0xfbffecff, 0xf1fff6ff, 0xd8ffecff, 0xd8fff1ff, 0x0a000a00, 0x0a001400, 0x0500fbff, 0x0000fbff,
    0x00000000, 0x00000000, 0x00000000, 0x00000000, 0x00000000, 0x00000000, 0xfafffaff, 0x0800f7ff, 0xf6ffbaff, 0x0600d3ff, 0x0a00fbff, 0xddfff1ff,
    0x00000000, 0x00000000, 0x00000000, 0x00000000, 0x00000000, 0x00000000, 0x00000000, 0x00000000, 0x00000000, 0x00000000, 0x00000000, 0xe7ff0000,
    0x00000000, 0x00000000, 0xf6ff0000, 0x00000000, 0x00000000, 0x00000000, 0x00000000, 0x00000000, 0x00000000, 0x00000000, 0x00000000, 0x00000000,
    0x00000000, 0x00000000, 0x00000000, 0x00000000, 0x00000000, 0x00000000, 0x00000000, 0xf6ffd3ff, 0x0000ceff, 0x00000000, 0x00000000, 0x00000500,
    0x00000000, 0x00000000, 0x00000000, 0x00000000, 0x00000000, 0x00000000, 0x00000000, 0x00000000, 0x00000000, 0x00000000, 0xddfff8ff, 0x0000ceff,
    0xe7ff0000, 0xf6fff6ff, 0x00000000, 0xf6fffbff, 0xe2fff6ff, 0xe2fffbff, 0x00000500, 0x00000000, 0x00000500, 0xf0ff0000, 0xfbffecff, 0x0000f6ff,
    0x00000000, 0x00000000, 0x00000000, 0x00000000, 0xf6fffaff, 0x0000f6ff, 0xe7ffbfff, 0xfbffc4ff, 0xf1ff0a00, 0xd3ffecff, 0xfaffddff, 0xfbfff8ff,
    0x00000f00, 0x00000000, 0x00000000, 0x00000000, 0x00000000, 0x00000000, 0x00000000, 0x00000000, 0x00000000, 0xe5ff0000, 0x0000d8ff, 0x0000fbff,
    0x00000000, 0x05000000, 0x0a000a00, 0xfbff0500, 0x00000000, 0x00000a00, 0x0a000a00, 0x00000000, 0x0000fbff, 0x00000000, 0x05000000, 0x00000000,
    0x00000000, 0x00000000, 0x00000000, 0x00000000, 0x08000000, 0xf6ffd2ff, 0x0600ccff, 0x00000000, 0xf1ff0000, 0x00000200, 0x00000000, 0xfbff0500,
    0x0500fbff, 0x00000000, 0x00000000, 0x00000000, 0x00000000, 0x00000000, 0x00000000, 0x00000000, 0xddfff6ff, 0x0000c4ff, 0xe7ff0000, 0xf6fff6ff,
    0x00000000, 0xfbff0000, 0xe2fffbff, 0xecfffbff, 0x00000500, 0x00000500, 0x00000f00, 0xf0ff0000, 0xfbffecff, 0x00000500, 0x00000000, 0x00000000,
    0x00000000, 0x00000000, 0xfbff0000, 0x0000f9ff, 0xecffbfff, 0xfbffc4ff, 0xf1ff0a00, 0xdcffecff, 0x0000ddff, 0xfbfffbff, 0x00000f00, 0x00000000,
    0x0000f6ff, 0x00000000, 0x00000000, 0x00000000, 0x00000000, 0x00000000, 0x00000000, 0xf9ff0000, 0x1b003800, 0x0a001700, 0x0a000f00, 0x0f000a00,
    0x14000f00, 0x1e001400, 0x14001400, 0x0a000000, 0x00000a00, 0x0000f6ff, 0x0000fbff, 0x0a000b00, 0x00000000, 0x0000fbff, 0x00000000, 0x00000000,
    0x1c000000, 0x00000000, 0x19000500, 0x0000f7ff, 0x0a00f8ff, 0x06000000, 0x08000500, 0x00000c00, 0x00000000, 0xfaff0000, 0xf7fffaff, 0xfeff0000,
    0xfcff0700, 0x00000c00, 0x00000000, 0x00000000, 0x00000000, 0x00000000, 0xe7ff0000, 0x00000000, 0x00000000, 0x00000000, 0x00000000, 0x00000000,
    0xf6ff0000, 0x00000000, 0x00000000, 0x00000000, 0x00000000, 0x00000000, 0x00000000, 0x00000000, 0x00000000, 0x00000000, 0x00000000, 0x00000000,
    0x00000000, 0x00000000, 0xf6ffd8ff, 0x0000e2ff, 0x00000000, 0xf1ff0000, 0x00000a00, 0x00000000, 0x00000000, 0x00000000, 0x00000000, 0x00000000,
    0x00000000, 0x00000000, 0x00000000, 0x00000000, 0x00000000, 0xddfff8ff, 0x00000000, 0xe7ff0000, 0xecfff6ff, 0x0000fbff, 0xf1ff0000, 0xe2fff6ff,
    0xe7fff6ff, 0x00000000, 0x00000000, 0x00000000, 0x00000000, 0xf1ff0000, 0x00000000, 0x00000000, 0x00000000, 0x00000000, 0x00000000, 0xfaff0000,
    0x0000f8ff, 0xe7ffc9ff, 0x0000c9ff, 0x00000000, 0xd8fff1ff, 0x0000ecff, 0x00000000, 0x00000000, 0x00000000, 0x00000000, 0x00000000, 0x00000000,
    0x00000000, 0x00000000, 0x00000000, 0x00000000, 0x00000000, 0x00000000, 0x00000000, 0x14001400, 0x14001400, 0x14001400, 0x28001400, 0x14001e00,
    0x00000000, 0x00000000, 0x00000000, 0x00000000, 0x00000000, 0x00000000, 0x00000000, 0x00000000, 0x00000000, 0x00000000, 0x00000000, 0x00000000,
    0x00000000, 0x0000f6ff, 0x00000000, 0x00000000, 0x00000000, 0x00000000, 0x00000000, 0xf6ff0000, 0x00000000, 0x00000000, 0x00000000, 0x00000000,
    0x00000000, 0x00000000, 0x00000000, 0xeefff4ff, 0x00001400, 0x00000000, 0xecff0000, 0xf6fff6ff, 0xf6ff0000, 0xf6fff6ff, 0xf6fff6ff, 0x0f000a00,
    0x05000a00, 0x0000f6ff, 0x0000fbff, 0x05000000, 0x0a000a00, 0xf6fff6ff, 0x00000000, 0x00000000, 0x00000000, 0xfbfff6ff, 0x0f00fbff, 0xf9ffe0ff,
    0x1000d2ff, 0x0000ddff, 0xf6ff0000, 0x00000400, 0x00000000, 0xecff0000, 0xfbffe5ff, 0x0000f9ff, 0xf6ff0000, 0xf6ff0000, 0xfafff3ff, 0x00000000,
    0x00000000, 0x00000000, 0xfbfffaff, 0x00001900, 0x00000000, 0xe2ffecff, 0xecffecff, 0xecffecff, 0xf6ffecff, 0xecfff1ff, 0x1e001400, 0x1e001e00,
    0x14000a00, 0x00000a00, 0x00000f00, 0x14001400, 0x00000000, 0x00001400, 0x00000000, 0x00000000, 0xfcfffbff, 0x1800faff, 0x0000f3ff, 0x0f00f1ff,
    0x0a00f6ff, 0xe2ff0000, 0x0000e2ff, 0x00000600, 0x00000000, 0x0a000000, 0x00000000, 0x00000000, 0x00000000, 0x00000000, 0x0000f8ff, 0x00000000,
    0x00000000, 0xddfff8ff, 0x0000c4ff, 0xe7ff0000, 0xf6fff6ff, 0x00000000, 0xf6fffbff, 0xe2fff6ff, 0xecff0000, 0x00000500, 0x00000500, 0x00000f00,
    0xf0ff0000, 0xfbffecff, 0x00000000, 0x00000000, 0x00000000, 0x00000000, 0x00000000, 0xf6fffaff, 0x0000f6ff, 0xe7ffbfff, 0xfbffc4ff, 0xf1ff0a00,
    0xd3ffecff, 0xfaffddff, 0xfbfff8ff, 0x00000f00, 0x00000000, 0x00000000, 0x00000000, 0x00000000, 0x00000000, 0x00000000, 0x00000000, 0x00000000,
    0x00000700, 0x0000b0ff, 0x1e00eaff, 0x14002800, 0x32002800, 0x28002800, 0x0a002800, 0x14001e00, 0xecffecff, 0xcefff6ff, 0xe2fff6ff, 0x0000e2ff,
    0x1700ecff, 0xecffecff, 0x0000ecff, 0x0000d8ff, 0x00000000, 0x00000000, 0x05000400, 0xd8ff0700, 0x0000f6ff, 0xf5ffecff, 0xb0ff0000, 0x0f001e00,
    0x09001900, 0x00000000, 0xfcff0000, 0xe8fffbff, 0xf2ff0700, 0x0000f2ff, 0x00000000, 0x00000a00, 0x00000000, 0x00000000, 0x00000000, 0xdffff4ff,
    0x0000ceff, 0x00000000, 0xecfffbff, 0xf6fff6ff, 0xf6ff0000, 0xecfff6ff, 0xf6fffbff, 0x00000500, 0x0a000500, 0x00000000, 0xefff0500, 0x0000e9ff,
    0x00000000, 0x00000000, 0x00000500, 0x00000000, 0x00000000, 0xf6fff8ff, 0x0200f7ff, 0x0000bfff, 0x0000caff, 0xf8ff0000, 0xe7fff6ff, 0xfdfff1ff,
    0x0000f6ff, 0x00000000, 0xfeff0000, 0x00000000, 0x00000000, 0xf9ff0000, 0x00000000, 0x00000000, 0x00000000, 0x00000000, 0x00000000, 0x00001400,
    0x05000000, 0x00003200, 0x14000000, 0x00001e00, 0x00001e00, 0x0a001400, 0x00000000, 0x0a001400, 0x05000000, 0x0000f6ff, 0x0f000000, 0x00000000,
    0x0000f6ff, 0x00000000, 0x00000000, 0x00000000, 0x0000fbff, 0x06000000, 0x0000e8ff, 0x0000ecff, 0x0000f6ff, 0xfbff0000, 0x00000500, 0x00000000,
    0xfcfff6ff, 0x0000fcff, 0x00000000, 0x00000000, 0x00000000, 0x00000000, 0x00000000, 0x00000000, 0x00000000, 0xf6ff0000, 0x0000ceff, 0x05000000,
    0x00001400, 0x0a000000, 0x0a001400, 0x00000a00, 0x0a000a00, 0xe7ffecff, 0xd8ffe2ff, 0xe7fff6ff, 0x0000e7ff, 0x14000000, 0xe2ffecff, 0xf6ffecff,
    0x0000e2ff, 0x00000000, 0x00000000, 0x00000000, 0xecff0000, 0xf6ffddff, 0x0000d8ff, 0xd8fffcff, 0x05001400, 0x00001400, 0x00000000, 0xf6ff0000,
    0xe2fff6ff, 0xf2ff0000, 0x0000efff, 0xfcff0000, 0x00000000, 0x00000000, 0x00000000, 0x00000000, 0xf6ff0000, 0x0000b0ff, 0x1400fbff, 0x05001400,
    0x14000000, 0x0a001e00, 0x14001400, 0x0f001400, 0xecffe2ff, 0xceffecff, 0xecfffbff, 0x0000e2ff, 0x1e000000, 0xecffe7ff, 0xf6ffe2ff, 0x0000e2ff,
    0x00000000, 0x00000000, 0x00000000, 0xf1ff0000, 0x0000e2ff, 0x0000ddff, 0xd3fffbff, 0x19001400, 0x07001900, 0xfbfffcff, 0xf8ff0000, 0xe2fff8ff,
    0xf2ff0000, 0x0000ebff, 0xf7ff0000, 0x00000000, 0x00000000, 0x00000000, 0x00000000, 0xf6ff0000, 0x00000500, 0x0a000000, 0x00000a00, 0x00000000,
    0x0a000a00, 0xf6ff0500, 0xfbff0500, 0x0a000000, 0x00000a00, 0x0000f6ff, 0x0000f6ff, 0x19000a00, 0x00000000, 0xf6fff6ff, 0x00000000, 0x00000000,
    0x00000000, 0x00000000, 0x0a000000, 0xfbffddff, 0x0000e2ff, 0x0a00ecff, 0x00000500, 0x00000500, 0x00000000, 0xf6ff0000, 0x0000f4ff, 0x00000000,
    0x00000000, 0x00000000, 0x00000000, 0x00000000, 0x00000000, 0x00000000, 0xcaffe2ff, 0x00000f00, 0xb5ff0000, 0xb0ffc4ff, 0xceffc4ff, 0xbaffbaff,
    0xbaffbaff, 0xc4ffc9ff, 0x0a000a00, 0x0a000a00, 0x05000000, 0x00000000, 0xbaff0500, 0x0a000a00, 0xecfff6ff, 0x00000500, 0x0000ceff, 0x00000000,
    0xecffedff, 0x0a00f1ff, 0xe5ffbfff, 0x0000baff, 0x1400f1ff, 0xbaffceff, 0x0000bfff, 0x00000a00, 0x00000000, 0xf2ff0000, 0x03000000, 0x00000000,
    0x00000000, 0x0000e2ff, 0x00000000, 0xe8ff0000, 0x00000000, 0x00000000, 0x0000d4ff, 0x0000ecff, 0x00000500, 0x00000000, 0x05000500, 0x00000000,
    0x00000000, 0x00000000, 0x05000000, 0x05000000, 0x0000fbff, 0x0500ecff, 0x00000000, 0xf6fff6ff, 0x00000500, 0x00000000, 0x00000000, 0x00000000,
    0xf8ff0000, 0x00000000, 0x0000f6ff, 0x0000f6ff, 0x00000000, 0x00000000, 0x00000000, 0x00000000, 0x00000000, 0x00000000, 0x00000000, 0x00000000,
    0x0000f3ff, 0x00000000, 0x00000000, 0x00000000, 0xe1ff0000, 0x00000000, 0xe7ffd3ff, 0x00000000, 0x00000000, 0x00000000, 0xecff0000, 0xfbff0000,
    0xf6ff0000, 0xf1fffbff, 0xfbff0000, 0x0000fbff, 0x0000e2ff, 0xf6ff0000, 0x00000000, 0x0000fbff, 0x00000000, 0x00000000, 0x00000000, 0xdbff0000,
    0xe9ffe7ff, 0xe7ffd2ff, 0xd8ff0f00, 0xe2fff6ff, 0x0000e7ff, 0x00000000, 0x00001400, 0xe2ff0000, 0x00000000, 0x00000000, 0x00000000, 0x00000000,
    0x00000000, 0x00000000, 0x00000000, 0x00000000, 0x00000000, 0x0a000000, 0xf6ff0000, 0x00000000, 0x0000f6ff, 0x0f000000, 0x0000fbff, 0x00000000,
    0x05000000, 0x0000f6ff, 0x00000000, 0x00000000, 0x00000000, 0xf6fff1ff, 0x00000000, 0x00000000, 0x00000000, 0x00000000, 0x00000000, 0x00000000,
    0x00000000, 0x00000000, 0x00000000, 0x00000000, 0x00000000, 0xf6ff0000, 0xecfff6ff, 0x00000000, 0x0000fbff, 0x00000000, 0x00000000, 0x00000000,
    0x00000000, 0x00000000, 0xe2ff0000, 0x00000000, 0xe2ff0000, 0xecffecff, 0xf6ffecff, 0xf1fff1ff, 0xe7ffecff, 0xe7fff1ff, 0x00000000, 0x00000000,
    0x00000000, 0x00000000, 0xf1fff6ff, 0x00000000, 0x00000000, 0x00000000, 0x00000000, 0x00000000, 0x00000000, 0x00000000, 0xf3ffdaff, 0x0000d4ff,
    0x00000a00, 0xe2fff6ff, 0x0000ecff, 0x00000000, 0x00000000, 0xf4ff0000, 0x00000000, 0x00000000, 0x00000000, 0x00000000, 0x00000000, 0x00000000,
    0x00000000, 0x0000fbff, 0x00000000, 0x00000000, 0x00000500, 0x05000000, 0x0000f6ff, 0x0f00fbff, 0x00000000, 0x05000500, 0x05000a00, 0x0000ecff,
    0x0000f6ff, 0x00000000, 0x00000000, 0xecff0000, 0x00000000, 0x00000000, 0x00000000, 0x00000000, 0x0000fbff, 0x0000fcff, 0x00000000, 0x0000e2ff,
    0x00000000, 0x00000000, 0x00000000, 0xfbff0000, 0x0000fbff, 0x00000000, 0x00000000, 0xfbff0000, 0x00000000, 0x00000000, 0x00000000, 0x00000000,
    0x00000000, 0x0000abff, 0x0000ddff, 0x00000000, 0x00000000, 0x00000000, 0x00000000, 0x00000000, 0x00000000, 0xf6ff0000, 0x00000000, 0x0000fbff,
    0x0000f1ff, 0xfbff0000, 0x00000000, 0x0000f6ff, 0x00000000, 0x00000000, 0x00000000, 0xebff0000, 0x00000000, 0x00000000, 0xe7ff0000, 0x00000000,
    0x00000000, 0x00000000, 0x00000000, 0xf4ff0000, 0x00000000, 0x00000000, 0x00000000, 0x00000000, 0x00000000, 0x00000000, 0x00000000, 0xe7ffecff,
    0x0a000000, 0x00000000, 0xe2ffe2ff, 0xe2ffe2ff, 0xe2ffceff, 0xf6ffd8ff, 0xe7ffe2ff, 0x14000000, 0x0a001400, 0x0500ecff, 0xfbfff6ff, 0xd3ff0000,
    0x00000a00, 0xd8ffe2ff, 0x00000000, 0xf6ff0000, 0x00000000, 0xecffe2ff, 0x0000ecff, 0xf6ffe7ff, 0x0000ecff, 0x0a00d3ff, 0xe2fff6ff, 0xecffecff,
    0x00000a00, 0xe7ffe2ff, 0xecffe7ff, 0xf6fff6ff, 0xecfff6ff, 0x00000000, 0xecffd8ff, 0x0000f6ff, 0x00000000, 0x0000f6ff, 0xb8ffceff, 0x00001400,
    0xa6ff0a00, 0xbaffbaff, 0xbaffb0ff, 0xb0ffbaff, 0xb0ffbaff, 0xb0ffbaff, 0x0f000a00, 0x14001400, 0x0f000000, 0x0a000000, 0x92ff0000, 0x0f000a00,
    0xf6fffbff, 0x00000a00, 0x0000c4ff, 0x00000000, 0xe2ffecff, 0x1100ddff, 0xd7ffb6ff, 0x0000a7ff, 0x1400ddff, 0xabffa6ff, 0x0000b0ff, 0x00000b00,
    0xf7fff0ff, 0x0000f6ff, 0x04000000, 0xfbff0000, 0x00000000, 0x0000d8ff, 0x00000000, 0xdfff0000, 0x00000000, 0xe1ff0000, 0x00009cff, 0xe7ffd3ff,
    0xfbff0000, 0x00000000, 0x00000000, 0xecff0000, 0xf6ff0000, 0xfbff0000, 0xf6ff0000, 0xfbff0000, 0x00000000, 0xfbffe2ff, 0x00000000, 0x0000fbff,
    0x0000f6ff, 0x00000000, 0x00000000, 0x00000000, 0xe2ff0000, 0xe9ffe7ff, 0xeeffceff, 0xd8ff0f00, 0xe7fff6ff, 0x0000e7ff, 0x00000000, 0x00001400,
    0xe2ff0000, 0x0000fcff, 0x00000000, 0x00000000, 0x00000000, 0x00000000, 0x00000000, 0x00000000, 0xe2ff0000, 0x00000000, 0xecffecff, 0xecff0000,
    0xf6ff0000, 0xfbff0000, 0xecff0000, 0xfbff0000, 0x0000fbff, 0x00000000, 0xf6fff6ff, 0x0000f6ff, 0x00000000, 0x0000f6ff, 0xecffe7ff, 0x0000fbff,
    0x00000000, 0x00000000, 0x00000000, 0x0000fcff, 0xf2ffe8ff, 0x0000d8ff, 0x0000f1ff, 0x00000000, 0x00000000, 0x00000000, 0xf1ff0000, 0xddfff1ff,
    0xf6ff0000, 0x0000e7ff, 0x00000000, 0x0000f6ff, 0x00000000, 0xf2ff0000, 0x00000000, 0xeeff0000, 0x0000c4ff, 0x0000ddff, 0xecfff6ff, 0xf1fff6ff,
    0xf6ffecff, 0xf6fff6ff, 0xf6fff6ff, 0x00000500, 0x00000000, 0x00000000, 0x00000000, 0xfbff0000, 0x00000000, 0xf6fff6ff, 0x00000000, 0x00000000,
    0x00000000, 0x0000fbff, 0x00000000, 0xeeffe9ff, 0x0000d8ff, 0x00000f00, 0xe2ff0000, 0x0000efff, 0x00000000, 0x00001400, 0x00000000, 0x0000f2ff,
    0x00000000, 0x00000000, 0x00000000, 0x00000000, 0x00000000, 0x00000000, 0x0300e7ff, 0x1400b0ff, 0x14009cff, 0x14001400, 0x14000a00, 0x14000000,
    0x1e000000, 0x0f000a00, 0xbaffc4ff, 0xbaffceff, 0xbaffceff, 0xddffbaff, 0x00000000, 0xc4ffbaff, 0xe2ffe2ff, 0x0000baff, 0xd3ff0000, 0x00000000,
    0xddff0000, 0xbfffe2ff, 0x03000f00, 0x00000300, 0xbaffd3ff, 0x0a000f00, 0xf1ff0a00, 0xfcffceff, 0xbfffd8ff, 0xc9ffbfff, 0xbafff4ff, 0xd3ffb0ff,
    0xbaff0000, 0xd8ffe7ff, 0x00000000, 0x00000000, 0x0000d3ff, 0x00000000, 0x0000baff, 0x0000d8ff, 0x00000000, 0x00000000, 0x00000000, 0x00000000,
    0x00000000, 0x00000000, 0x00000000, 0x00000000, 0x00000000, 0x00000000, 0x00000000, 0x0000f6ff, 0x00000000, 0x00000000, 0x00000000, 0x00000000,
    0xe7ff0000, 0x00000000, 0x00000000, 0xddff0000, 0x00000000, 0x00000000, 0x00000000, 0x00000000, 0xf1ff0000, 0x00000000, 0x0000f6ff, 0x00000000,
    0x00000000, 0x00000000, 0x00000000, 0x00000000, 0x03000000, 0x0a00ceff, 0x1e00ceff, 0x00000a00, 0x0a000a00, 0x0a00f6ff, 0x14000500, 0x05000500,
    0xd8ffd8ff, 0xceffddff, 0xddffe7ff, 0xf6ffd8ff, 0x0f000000, 0xd8ffd8ff, 0xecffddff, 0x0000d8ff, 0xfbff0000, 0xfbff0000, 0xf6ff0000, 0xe4ff0000,
    0x02000300, 0xfbff0000, 0xd8fff6ff, 0x00000f00, 0x00000000, 0x0000f6ff, 0xe7ff0000, 0xceffe7ff, 0xe2ff0000, 0xfbffecff, 0xf6ff0000, 0x0000e9ff,
    0x00000000, 0x00000000, 0x0000f6ff, 0x0000ddff, 0x1400a6ff, 0x1e00a6ff, 0x00000000, 0x0a000000, 0x0000f6ff, 0x0a00f6ff, 0x00000000, 0xb0ffbaff,
    0x9cffb0ff, 0xbaffc4ff, 0xd8ffbaff, 0x00000000, 0xb0ffb0ff, 0xd8ffc9ff, 0x0000b0ff, 0xceff0000, 0xe2ff0000, 0xd8ffe7ff, 0xbaffddff, 0x00000300,
    0x00000000, 0xbaffceff, 0x00000500, 0xe7ff0000, 0x0000ceff, 0xc4ffceff, 0xbaffc4ff, 0xbfffd4ff, 0xd8ffc3ff, 0xc4ff0000, 0xceffceff, 0xf6ff0000,
    0x0000f6ff, 0x0000d3ff, 0xf8ff0000, 0x0a000f00, 0x14000000, 0x00000500, 0x00000500, 0x05000000, 0x14000000, 0x05000500, 0x0a000500, 0x0a000a00,
    0x0000ecff, 0x0000f6ff, 0x0a000000, 0x05000000, 0xf1fff6ff, 0x00000000, 0x00000000, 0x00000000, 0x0000f6ff, 0x0000fbff, 0xfbff0000, 0x0000f6ff,
    0x1e00d8ff, 0x00000500, 0x00000000, 0x00000000, 0xfbffecff, 0xf9fffbff, 0x00000000, 0xfbff0000, 0x00000000, 0xf6ffeeff, 0x00000000, 0x00000000,
    0x00000000, 0xe7fffbff, 0x00000000, 0x00000000, 0x00000000, 0x00000000, 0x00000000, 0x00000000, 0x00000000, 0x00000000, 0x00000000, 0x00000000,
    0xddff0000, 0x0000e2ff, 0x00000000, 0x00000000, 0x00000000, 0x00000000, 0x00000000, 0xfcff0000, 0xf1fffbff, 0xf6ffd3ff, 0xe2ffceff, 0x00000000,
    0x00000000, 0x00000000, 0xe2fff1ff, 0x0a000000, 0xe7ff0a00, 0x0000ecff, 0x00000000, 0x05000000, 0x00000f00, 0x00000000, 0x00000000, 0x00000000,
    0xc4ffd0ff, 0x00000000, 0x00000000, 0xceffceff, 0xc4ffceff, 0xceffceff, 0xd8ffceff, 0xceffceff, 0x00000000, 0x0a000000, 0x0000e2ff, 0x0000f6ff,
    0x00000a00, 0x0000f6ff, 0x00000000, 0x00000000, 0x0000b0ff, 0x00000000, 0xd8ffe8ff, 0x1400d3ff, 0xd8ffbaff, 0x1e00baff, 0x00000000, 0xb0ffa6ff,
    0xf1ffb0ff, 0x00000a00, 0xf1ff0000, 0x0000f1ff, 0x05000000, 0xf8ff0000, 0x00000000, 0x0000d8ff, 0x00000000, 0xddff0000, 0x00000000, 0x0a001900,
    0x00000000, 0x00000000, 0x00000000, 0x00000000, 0x00000000, 0x00000000, 0x00000000, 0x00000000, 0x00000000, 0x00000000, 0x00000000, 0x00000000,
    0x00000000, 0x00000000, 0x00000000, 0x00000000, 0x0000a6ff, 0x14000000, 0xceff1400, 0x0f000f00, 0x00000500, 0xa6ff0000, 0x00000000, 0x00000000,
    0x00000500, 0xecff0000, 0xd8ffecff, 0x00000000, 0x00000000, 0x00000000, 0x0000f6ff, 0x00000000, 0x00000000, 0x00000000, 0x00000a00, 0x00000000,
    0x00000000, 0x00000000, 0x00000000, 0x00000000, 0x00000000, 0x00000000, 0x00000000, 0x00000000, 0x00000000, 0xf1ff0000, 0x0000f1ff, 0x00000000,
    0x00000000, 0x00000000, 0x00000000, 0x0000a6ff, 0x05000e00, 0xbaff0a00, 0x00000a00, 0xfbff0000, 0xb0ff0000, 0x00000000, 0x0a000000, 0x00000000,
    0xd3ff0000, 0xf6ffd3ff, 0xd8ffecff, 0x0000ecff, 0xecff0000, 0x0000ddff, 0x00000000, 0x00000000, 0x0000ecff, 0x0500f1ff, 0x00000000, 0x00000000,
    0x00000000, 0x00000000, 0x00000000, 0x00000000, 0x00000000, 0x00000000, 0x00000000, 0x00000000, 0xddff0000, 0x0000f1ff, 0x00000000, 0x00000000,
    0x00000000, 0xd8ff0000, 0x00006aff, 0xecfff6ff, 0xb0ffe7ff, 0x05000a00, 0xfbff0500, 0xb0ffb0ff, 0x00000000, 0x00000000, 0x0000d8ff, 0xb0ff0000,
    0xb0ffb0ff, 0xbaffddff, 0xddffbfff, 0xbaff0000, 0x0000d8ff, 0x00000000, 0x00000000, 0x0000d8ff, 0xecff0000, 0x00000000, 0x00000000, 0x00000000,
    0x00000000, 0x00000000, 0x00000000, 0x00000000, 0x00000000, 0x00000000, 0x00000000, 0x00000000, 0x00000000, 0x00000000, 0x00000000, 0x00000000,
    0x00000000, 0x00000000, 0x00000000, 0x00000000, 0x0000d8ff, 0x0000ceff, 0x00000000, 0x00000000, 0x00000000, 0x00000000, 0x00000000, 0x00000000,
    0x00000000, 0x0000f6ff, 0x00000000, 0x00000000, 0x00000000, 0x00000000, 0x00000000, 0xe7ff0000, 0x00000000, 0x00000000, 0x00000000, 0x00000000,
    0x00000000, 0x00000000, 0x00000000, 0x00000000, 0x00000000, 0x00000000, 0xf6ff0000, 0x0000ecff, 0x00000000, 0x00000000, 0x00000000, 0x00000000,
    0x00000000, 0x00000000, 0x00000000, 0x0000d8ff, 0x0000ceff, 0x00000000, 0x00000000, 0x00000000, 0x00000000, 0x0f000000, 0x00000f00, 0x00000000,
    0x00000000, 0x00000000, 0x00001400, 0x00000000, 0x00000000, 0x00000000, 0x00003200, 0x6400c4ff, 0x64000000, 0x50005000, 0x50005a00, 0x50003c00,
    0x5a004600, 0x50004600, 0xf6ffecff, 0xf6fff6ff, 0xf6fff6ff, 0x0000f6ff, 0x32000000, 0xf6fff6ff, 0x00000000, 0x2800f6ff, 0x00004600, 0x37000000,
    0x28003200, 0x00003200, 0x00000000, 0x00000000, 0xb5ffd8ff, 0x3c004100, 0x28004600, 0x00001400, 0xf1ff0000, 0x0000f1ff, 0x00000000, 0x0000fbff,
    0x00004600, 0x00000000, 0x37003700, 0x00003700, 0x00000000, 0x00000a00, 0x0000c4ff, 0x00000000, 0x14001e00, 0x14001400, 0x1e001e00, 0x28001e00,
    0x1e001e00, 0x00000500, 0x00000500, 0x00000f00, 0x00000000, 0x00000000, 0x00000000, 0x00000000, 0x00000000, 0x00001400, 0x00000000, 0x0a000500,
    0x00000a00, 0x00000000, 0x00000000, 0xf1ff0a00, 0x14001900, 0x00001400, 0x00000000, 0x00000f00, 0x00000000, 0x00000000, 0x00000000, 0x00000000,
    0x00000000, 0x00000000, 0x00000000, 0x00000000, 0x00000000, 0x00000000, 0x00000000, 0x1e002800, 0x1e001400, 0x23003200, 0x32002800, 0x28002300,
    0x00000000, 0x00000000, 0x00000000, 0x00000000, 0x00000000, 0x00000000, 0x00000000, 0x14000000, 0x00001e00, 0x00000000, 0x0f001200, 0x00001400,
    0x00000000, 0x00000000, 0x00000000, 0x2d003700, 0x00002800, 0x00000000, 0x00000000, 0x00000000, 0x00000000, 0x00000000, 0x00000000, 0x00000000,
    0x00000000, 0x00000000, 0x00000000, 0x00000000, 0x00009cff, 0x0000d3ff, 0x0a000a00, 0x0a000000, 0x0a000a00, 0x14000500, 0x0a000a00, 0xfbff0000,
    0xf6ff0000, 0xfbff0000, 0x00000000, 0x0000f6ff, 0x00000000, 0x0000fbff, 0x0000f6ff, 0x00000000, 0x00000000, 0x00000000, 0xe5ff0000, 0x00000000,
    0xfaff0000, 0xd8ff0f00, 0x00000000, 0x00000000, 0x00000000, 0x00001400, 0xecff0000, 0x00000000, 0x00000000, 0x00000000, 0x00000000, 0x00000000,
    0x00000000, 0x00000000, 0x0f000000, 0x1e00baff, 0x1e00d8ff, 0x0a000f00, 0x0a000a00, 0x00000000, 0x14000000, 0x05000500, 0x0000fbff, 0x00000000,
    0x00000000, 0x00000000, 0x00000000, 0x0000f1ff, 0x0000fbff, 0x00000000, 0x00000000, 0x00000000, 0x00000000, 0xf3ff0000, 0x0b001300, 0x00000f00,
    0xddff0000, 0x0f000a00, 0x00000f00, 0x00000000, 0x00000000, 0x00000000, 0x00000000, 0x0000f3ff, 0x00000000, 0x00000000, 0x00000000, 0x00000000,
    0x00000000, 0x00000000, 0x00000000, 0x00000000, 0x00000000, 0x00000000, 0x00000000, 0x00000000, 0x00000000, 0x05000000, 0xf1ff0a00, 0x00001400,
    0x00000500, 0x00000000, 0x05000f00, 0x00000000, 0x0000ddff, 0x00000000, 0x00000000, 0x00000000, 0x00000000, 0x00000000, 0x00000000, 0x00000000,
    0x00000000, 0x00000000, 0x00000000, 0x00000000, 0x00000000, 0x00000000, 0x00000000, 0x00000000, 0x00000000, 0x00000000, 0x00000000, 0x00000000,
    0x00000000, 0x00000000, 0x00000000, 0x00000000, 0x00000000, 0x00000000, 0x00000000, 0x00000000, 0x00000000, 0x00000000, 0x00000000, 0x00000000,
    0x00000000, 0x00000000, 0x00000000, 0x00000000, 0x00000000, 0x0a000000, 0x00000000, 0x00000000, 0x00000000, 0x00000000, 0x00000000, 0x00000000,
    0x00000000, 0x00000000, 0x00000000, 0x00000000, 0x00000000, 0x00000000, 0x00000000, 0x00000000, 0x00000000, 0x00000000, 0x01000000, 0x88117e11,
    0x0c000100, 0x03001a00, 0x44030000, 0x44030000, 0x44030000, 0x3c039a01, 0x48034203, 0x42034e03, 0x5a035403, 0x66036003, 0x72036c03, 0x60037803,
    0x66037e03, 0x8a038403, 0x3c039003, 0x9c039603, 0xa803a203, 0xb403ae03, 0xc003ba03, 0xcc03c603, 0xd803d203, 0xe403de03, 0xf003ea03, 0xfc03f603,
    0x6c030204, 0x0e040804, 0x1a041404, 0x26042004, 0xc0032c04, 0x3c033204, 0x3c033c03, 0x3c033c03, 0x3c033c03, 0x3c033c03, 0x3c033c03, 0x3c033c03,
    0x3c033c03, 0x3c033c03, 0x3c033c03, 0x42034203, 0x42034203, 0x42034203, 0x42034203, 0x42034203, 0x42034203, 0x42034203, 0x42034203, 0x42034203,
    0xa2034203, 0x4e03a203, 0x4e034e03, 0x42034e03, 0x38044203, 0x54035403, 0x54035403, 0x54035403, 0x54035403, 0x54035403, 0x54035403, 0x54035403,
    0x60033e04, 0x66036003, 0x66036603, 0x66036603, 0x66036603, 0x66036603, 0x6c036603, 0x72037203, 0x60037203, 0x60036003, 0x7e034404, 0x7e037e03,
    0x7e037e03, 0x7e037e03, 0x7e037e03, 0x4a044a04, 0x7e037e03, 0x7e037e03, 0x7e037e03, 0x7e037e03, 0x7e037e03, 0x66035004, 0x84036603, 0x84038403,
    0x8a035604, 0x90039003, 0x90039003, 0x90039003, 0x90039003, 0x90039003, 0x5c049003, 0x5c045c04, 0x5c045c04, 0x90039003, 0x90039003, 0x96039603,
    0x96039603, 0xa203a203, 0xa203a203, 0xa203a203, 0xa803a803, 0xae03a803, 0xae03ae03, 0xae03ae03, 0xae03ae03, 0xae03ae03, 0xae03ae03, 0xae03ae03,
    0xae03ae03, 0xae03ae03, 0xae03ae03, 0x62046204, 0xba03ba03, 0xba03ba03, 0x6804c003, 0xc6036804, 0xc603c603, 0xc603c603, 0xc603c603, 0xc603c603,
    0xc603c603, 0xc603c603, 0x0204c603, 0xd203d203, 0x6e04d203, 0xde03d803, 0xde03de03, 0xde03de03, 0xde03de03, 0xde03de03, 0xe403de03, 0xf003e403,
    0xf003f003, 0xfc03fc03, 0x0204fc03, 0x02040204, 0x02040204, 0x02040204, 0x02040204, 0x02040204, 0x02040204, 0x02040204, 0x02040204, 0x02040204,
    0x02040204, 0x08047404, 0x0e040804, 0x0e040e04, 0x14047a04, 0x1a041a04, 0x1a041a04, 0x1a041a04, 0x1a041a04, 0x1a041a04, 0x1a041a04, 0x1a041a04,
    0x1a041a04, 0x1a041a04, 0x1a041a04, 0x26042604, 0x26042604, 0xc003c003, 0xc003c003, 0xc003c003, 0x32043204, 0x42033204, 0xae037e03, 0xc603b403,
    0xd8033204, 0xea03de03, 0xfc03f603, 0x6c030204, 0xc0031404, 0x42032c04, 0xae037e03, 0x86048004, 0xde03ae03, 0x92048c04, 0x3c03c003, 0x54034203,
    0x90039804, 0x90039804, 0x9e047e03, 0x4e036003, 0xa2037803, 0xae039c03, 0xc603b403, 0xd803f603, 0x6c030204, 0x1404ba03, 0x3c032c04, 0x42033c03,
    0xa2034203, 0x54035403, 0x98045403, 0x90039804, 0x7e039804, 0x7e037e03, 0xa203a203, 0xa203a203, 0x66038403, 0x60036603, 0xae033e04, 0x6204ae03,
    0xc603c603, 0xde03c603, 0x02040204, 0xc0030204, 0xde030e04, 0xe403de03, 0x01000204, 0x00000000, 0x0d010100, 0x01000000, 0x00002301, 0x3d010100,
    0x01000000, 0x00000601, 0x1b010100, 0x01000000, 0x0000aa00, 0x2e010100, 0x01000000, 0x00008f00, 0x44010100, 0x01000000, 0x0000af00, 0xc2010100,
    0x01000000, 0x00001901, 0xf9000100, 0x01000000, 0x0000e500, 0x27010100, 0x01000000, 0x0000a501, 0x18010100, 0x01000000, 0x0000b001, 0x03010100,
    0x01000000, 0x00005301, 0x61010100, 0x01000000, 0x00004f01, 0x43010100, 0x01000000, 0x00003b01, 0x3c010100, 0x01000000, 0x00005d01, 0x6a010100,
    0x01000000, 0x0000d800, 0x00010100, 0x01000000, 0x00006601, 0x1e010100, 0x01000000, 0x00009901, 0x69010100, 0x01000000, 0x00006501, 0x54010100,
    0x01000000, 0x00003601, 0x24010100, 0x01000000, 0x00005b01, 0x45010100, 0x01000000, 0x0000e701, 0x51010100, 0x01000000, 0x00002f01, 0x2d010100,
    0x01000000, 0x00001201, 0x50020100, 0x01000000, 0x00001d01, 0xce010100, 0x01000000, 0x0000e900, 0x26010100, 0x01000000, 0x00001202, 0x48010100,
    0x01000000, 0x00006f01, 0x32020100, 0x01000000, 0x00002a01, 0x9b010100, 0x01000000, 0x0000ca01, 0x8f010100, 0x01000000, 0x0000d301, 0x33010100,
    0x01000000, 0x00002b01, 0x500f0100, 0x0100560f, 0x12000c00, 0x00000100, 0xc2008c01, 0x8c018c01, 0x98019201, 0xa4019e01, 0xb001aa01, 0x8c01b601,
    0x8c018c01, 0x8c018c01, 0x8c018c01, 0x8c018c01, 0x8c018c01, 0x8c018c01, 0x8c018c01, 0x8c018c01, 0x8c018c01, 0x8c018c01, 0x8c018c01, 0x8c018c01,
    0x8c018c01, 0x8c018c01, 0x8c018c01, 0x8c018c01, 0x8c018c01, 0x8c018c01, 0x8c018c01, 0x8c018c01, 0x8c018c01, 0x92018c01, 0x92019201, 0x92019201,
    0x92019201, 0x92019201, 0x92019201, 0x92019201, 0x92019201, 0x98019201, 0x98019801, 0x98019801, 0x98019801, 0x98019801, 0x9e019801, 0x9e019e01,
    0x9e019e01, 0x9e019e01, 0x9e019e01, 0x9e019e01, 0x9e019e01, 0x9e019e01, 0xa4019e01, 0xa401a401, 0xa401a401, 0xa401a401, 0xa401a401, 0xa401a401,
    0xa401a401, 0xa401a401, 0xa401a401, 0xa401a401, 0xa401a401, 0xaa01a401, 0xaa01aa01, 0xaa01aa01, 0xaa01aa01, 0xaa01aa01, 0xaa01aa01, 0xaa01aa01,
    0xaa01aa01, 0xb001aa01, 0xb001b001, 0xb001b001, 0xb001b001, 0xb001b001, 0xb001b001, 0xb601b601, 0xb601b601, 0xb601b601, 0xb601b601, 0xb601b601,
    0xb601b601, 0xb601b601, 0xb601b601, 0xa401bc01, 0xb001aa01, 0xa401bc01, 0xc801c201, 0x8c01b001, 0x92018c01, 0x9e019e01, 0xaa01a401, 0x8c018c01,
    0x8c018c01, 0x92019201, 0x9e019201, 0x98019801, 0xa401a401, 0xaa01aa01, 0xb001aa01, 0xb001b001, 0x00000100, 0x01000000, 0x00001b02, 0x7f010100,
    0x01000000, 0x0000d900, 0x10020100, 0x01000000, 0x00009902, 0x28020100, 0x01000000, 0x00007e01, 0xc7010100, 0x01000000, 0x00004c02, 0x88020100,
    0x01000000, 0x0000f901, 0xa00e0100, 0x0100b60e, 0xae000c00, 0x00002800, 0x00002602, 0x00002602, 0x00002602, 0x00002602, 0x00002602, 0x00002602,
    0x00002602, 0x00002602, 0x00002602, 0x00002602, 0x00002602, 0x00002602, 0x00002602, 0x00002602, 0x00002602, 0x00002602, 0x00002602, 0x00002602,
    0x00002602, 0x00002602, 0x00002602, 0x00002602, 0x00002602, 0x00002602, 0x00002602, 0x00002602, 0x00002c02, 0x00002c02, 0x00002c02, 0x00002c02,
    0x00002c02, 0x00002c02, 0x00002c02, 0x00002c02, 0x00002c02, 0x00002c02, 0x00002c02, 0x00002c02, 0x00002c02, 0xc1002c02, 0x96019001, 0xa2019c01,
    0xa8019c01, 0xae019c01, 0xba01b401, 0xc601c001, 0xd201cc01, 0xde01d801, 0xea01e401, 0xf601f001, 0x0202fc01, 0x0e020802, 0x1a021402, 0x26022002,
    0x32022c02, 0x3e023802, 0x44022c02, 0x50024a02, 0x5c025602, 0x5c025602, 0x68026202, 0x74026e02, 0x80027a02, 0x3e027402, 0x90019001, 0x96019601,
    0x9c018602, 0xa201a201, 0x8c029c01, 0x92028c02, 0xb401b401, 0x9802c001, 0xc601c001, 0xc6019e02, 0xa402c601, 0xde01d801, 0xe401de01, 0xaa02e401,
    0xfc01aa02, 0x08020802, 0x1402b002, 0xb602b602, 0x20022002, 0x2c02bc02, 0x3802c202, 0x2c023802, 0x44024402, 0x50025002, 0x56025602, 0x56025602,
    0x5c02c802, 0x62026202, 0x6802ce02, 0x6e026e02, 0x6e026e02, 0xd4027402, 0xe002da02, 0xec02e602, 0xf202c601, 0x0802f802, 0xfe020e02, 0x3e022002,
    0x38023202, 0x4a022c02, 0x56025002, 0x68025c02, 0x80027402, 0x04030802, 0x08020a03, 0x16031003, 0x96019001, 0xa8011c03, 0x2203a201, 0x2e032803,
    0x3403e401, 0xc001c601, 0xcc01c001, 0xba019c01, 0xf601fc01, 0x3a03f601, 0x0e020802, 0x2002fe02, 0x46034003, 0x52034c03, 0x32024a02, 0x5c025602,
    0x68021402, 0x80025803, 0x64035e03, 0xc6018602, 0xde01c601, 0x9c01ae01, 0x3802b002, 0x56025602, 0x62027402, 0x3e023802, 0x0100bc02, 0x1c020000,
    0x00000100, 0x0100ba02, 0x1c020c01, 0x3b010100, 0x01001c02, 0x1c021201, 0x1f010100, 0x01001c02, 0x1c022a01, 0x8f000100, 0x0100ba02, 0xe4028f00,
    0xc2010100, 0x01001c02, 0x1c022b01, 0x19010100, 0x01001c02, 0x1c023d01, 0x23010100, 0x01001c02, 0x1c02e000, 0xfa000100, 0x01001c02, 0x1c022701,
    0x0d010100, 0x01001c02, 0x1c02a501, 0x18010100, 0x01001c02, 0x1c020f01, 0x03010100, 0x01001c02, 0xba025301, 0x61010100, 0x0100ba02, 0xba026301,
    0x43010100, 0x0100ba02, 0xba023b01, 0x35010100, 0x0100ba02, 0xba026601, 0x6a010100, 0x0100ba02, 0xba02d800, 0x2f010100, 0x0100ba02, 0xba029900,
    0x99010100, 0x0100ba02, 0xba026901, 0x65010100, 0x0100ba02, 0xba024401, 0x36010100, 0x0100ba02, 0xba022401, 0x5b010100, 0x0100ba02, 0xba024501,
    0xe7010100, 0x0100ba02, 0xba025101, 0xb0010100, 0x01001c02, 0x1c028f00, 0x44010100, 0x01001c02, 0x1c024d02, 0x1d010100, 0x01001c02, 0x1c02ce01,
    0x26010100, 0x01001c02, 0xba028502, 0x48010100, 0x0100ba02, 0xba025f01, 0x6f010100, 0x0100ba02, 0xba023202, 0x29010100, 0x0100ba02, 0x1c022001,
    0x28010100, 0x01001c02, 0x1c021501, 0x39010100, 0x01001c02, 0x1c029500, 0x29010100, 0x01001c02, 0x1c028101, 0x1a010100, 0x0100ba02, 0xba029b01,
    0xca010100, 0x0100ba02, 0xba028f01, 0xd5010100, 0x0100ba02, 0x1c02ee00, 0xb1010100, 0x01001c02, 0x1c020401, 0x33010100, 0x01001c02, 0x1c022e01,
    0x94010100, 0x01001c02, 0xba02f701, 0x22010100, 0x0100ba02, 0xba026c01, 0x62010100, 0x0100ba02, 0xba023e01, 0x47010100, 0x0100ba02, 0xba02d301,
    0x240c0100, 0x01002a0c, 0x12000c00, 0x00000100, 0x0b001e00, 0x24001e00, 0x30002a00, 0x24002400, 0x2a002400, 0x30003000, 0x01003000, 0xe4020000,
    0x5a020100, 0x0100e402, 0xe4021801, 0x34010100, 0x01001703, 0xe4022d01, 0x81000100, 0x54005300, 0x63005c00, 0x65006400, 0x67006600, 0x6f006800,
    0x72007100, 0x75007300, 0x79007700, 0x84007a00, 0x89008500, 0x8b008a00, 0x77027502, 0x7b027902, 0x80027d02, 0x88028502, 0x90028e02, 0x95029302,
    0xa0029d02, 0xa902a802, 0xac02aa02, 0xae02ad02, 0xbb02b302, 0xbd02bc02, 0xbf02be02, 0xc102c002, 0xd502d302, 0xdb02da02, 0xdd02dc02, 0xe702e102,
    0xe902e802, 0xeb02ea02, 0xee02ec02, 0xfd02fc02, 0x0303fe02, 0x06030403, 0x08030703, 0x0f030903, 0x13031003, 0x15031403, 0x19031703, 0x1b031a03,
    0x1d031c03, 0x1f031e03, 0x24032303, 0x29032803, 0x2b032a03, 0x30032c03, 0x39033603, 0x3b033a03, 0x3d033c03, 0x3f033e03, 0x47034503, 0x49034803,
    0x50034a03, 0x52035103, 0x54035303, 0x56035503, 0x58035703, 0x5a035903, 0x5c035b03, 0x5e035d03, 0x60035f03, 0x62036103, 0x64036303, 0x01006503,
    0x75020400, 0x0603d302, 0x01000703, 0x53004500, 0x5c005400, 0x71006f00, 0x73007200, 0x84007900, 0x77028500, 0x7b027902, 0x88028002, 0x90028e02,
    0x95029302, 0xa902a802, 0xbb02ac02, 0xbf02bd02, 0xc102c002, 0xda02d502, 0xfc02e102, 0xfe02fd02, 0x08030403, 0x0f030903, 0x17031003, 0x23031c03,
    0x3e033d03, 0x45033f03, 0x4a034903, 0x51035003, 0x53035203, 0x55035403, 0x57035603, 0x59035803, 0x5b035a03, 0x5d035c03, 0x5f035e03, 0x61036003,
    0x63036203, 0x65036403, 0x30000200, 0x2f002f00, 0x31000000, 0x01003100, 0x5b005500, 0x5d000200, 0x09006e00, 0x75007500, 0x77001b00, 0x1c007700,
    0x8b008900, 0xb9011d00, 0x2000b901, 0xe701db01, 0xee012100, 0x2e00f201, 0x76027302, 0x78023300, 0x37007802, 0x7a027a02, 0x7c023800, 0x39007f02,
    0x87028102, 0x89023d00, 0x44008d02, 0x8f028f02, 0x91024900, 0x4a009202, 0x94029402, 0x96024c00, 0x4d00a702, 0xab02aa02, 0xad025f00, 0x6100b002,
    0xb402b302, 0xb6026500, 0x6700b602, 0xb902b902, 0xbc026800, 0x6900bc02, 0xbe02be02, 0xc2026a00, 0x6b00c202, 0xc602c502, 0xc8026c00, 0x6e00ca02,
    0xd402cd02, 0xd6027100, 0x7900d902, 0xdd02db02, 0xdf027d00, 0x8000e002, 0xfb02e302, 0xff028200, 0x9b000303, 0x07030503, 0x0a03a000, 0xa3000e03,
    0x16031103, 0x1803a800, 0xae001b03, 0x1f031d03, 0x2103b200, 0xb5002203, 0x24032403, 0x2803b700, 0xb8003c03, 0x41034103, 0x4403cd00, 0xce004403,
    0x48034703, 0x4b03cf00, 0xd1004f03, 0x4c000100, 0x54005300, 0x63005c00, 0x65006400, 0x67006600, 0x6f006800, 0x73007100, 0x77007500, 0x83007900,
    0x89008400, 0x8b008a00, 0x30022e02, 0x34023202, 0x37023602, 0x3c023a02, 0x3e023d02, 0x40023f02, 0x43024202, 0x47024402, 0x4a024802, 0x4e024b02,
    0x53024f02, 0x57025602, 0x59025802, 0x5b025a02, 0x63025c02, 0x6b026402, 0x6e026d02, 0x71027002, 0x53035203, 0x55035403, 0x57035603, 0x59035803,
    0x5b035a03, 0x5d035c03, 0x5f035e03, 0x61036003, 0x63036203, 0x65036403, 0x02000100, 0x64026302, 0x39000100, 0x38003600, 0x54005300, 0x6f005c00,
    0x72007100, 0x79007300, 0x85008400, 0x30022e02, 0x34023202, 0x37023602, 0x3c023a02, 0x3e023d02, 0x40023f02, 0x43024202, 0x47024402, 0x4b024802,
    0x56024f02, 0x58025702, 0x5b025a02, 0x52035c02, 0x54035303, 0x56035503, 0x58035703, 0x5a035903, 0x5c035b03, 0x5e035d03, 0x60035f03, 0x62036103,
    0x64036303, 0x02006503, 0x34001a00, 0x00003400, 0x39003900, 0x55000100, 0x02005b00, 0x6e005d00, 0x75000900, 0x1b007500, 0x77007700, 0x89001c00,
    0x1d008b00, 0x0002fd01, 0x1d022000, 0x24002302, 0x28022802, 0x2b022b00, 0x2c002d02, 0x2f022f02, 0x31022f00, 0x30003102, 0x33023302, 0x35023100,
    0x32003502, 0x39023802, 0x3b023300, 0x35003b02, 0x41024102, 0x45023600, 0x37004602, 0x4a024902, 0x4d023900, 0x3b004e02, 0x50025002, 0x53023d00,
    0x3e005402, 0x59025902, 0x5d024000, 0x41006b02, 0x72026d02, 0x02005000, 0x0a002200, 0x00000a00, 0x1c001c00, 0x1e000100, 0x02001e00, 0x22002200,
    0x24000300, 0x04002400, 0x26002600, 0x29000500, 0x06002b00, 0x31002f00, 0x34000900, 0x0c003a00, 0x54005300, 0x5c001300, 0x15005c00, 0x68006500,
    0x6f001600, 0x1a006f00, 0x73007100, 0x79001b00, 0x1e007900, 0x85008400, 0xd0001f00, 0x2100d000, 0x1d011d01, 0x1f012200, 0x23002001, 0x26012601,
    0x28012500, 0x26002801, 0x2b012b01, 0x32012700, 0x28003201, 0x5c015b01, 0x5e012900, 0x2b005e01, 0x90019001, 0xa5012c00, 0x2d00a701, 0xb201b201,
    0xb9013000, 0x3100b901, 0xd001c001, 0xdb013200, 0x4300e701, 0xf201ee01, 0xfc015000, 0x55002602, 0x65035203, 0x01008000, 0x10001000, 0xfe00d000,
    0x1f011d01, 0x24012001, 0x28012601, 0x2b012a01, 0x32012f01, 0x90015e01, 0x0100d201, 0x0a002c00, 0x1e001c00, 0x26002200, 0x36003000, 0x53003800,
    0x5c005400, 0x71006f00, 0x73007200, 0x7d007900, 0x84007e00, 0x5b018500, 0xfc015c01, 0x52030102, 0x54035303, 0x56035503, 0x58035703, 0x5a035903,
    0x5c035b03, 0x5e035d03, 0x60035f03, 0x62036103, 0x64036303, 0x02006503, 0x04001d00, 0x00000700, 0x09000900, 0x0b000400, 0x05001b00, 0x1d001d00,
    0x1f001600, 0x17002100, 0x25002300, 0x27001a00, 0x1d002700, 0x2c002900, 0x2f001e00, 0x22002f00, 0x35003100, 0x37002300, 0x28003700, 0x3a003900,
    0x55002900, 0x2b005b00, 0x5e005d00, 0x60003200, 0x34006000, 0x6e006300, 0x75003500, 0x41007500, 0x77007700, 0x7b004200, 0x43007c00, 0x8b008900,
    0xc5004500, 0x4800fc00, 0x3001fe00, 0x32018000, 0xb3005901, 0xbd015d01, 0xc001db00, 0x3c01d301, 0xd501d501, 0xdb015001, 0x5101fb01, 0x0002fd01,
    0x02027201, 0x76012602, 0x01000200, 0xb803b603, 0x02000000, 0x04006b00, 0x00000a00, 0x0f000e00, 0x11000700, 0x09001500, 0x30001800, 0x32000e00,
    0x27003a00, 0xcb00c700, 0xcd003000, 0x3500cf00, 0xd400d100, 0xd6003800, 0x3c00d900, 0xe200db00, 0xe4004000, 0x4800e600, 0xeb00e800, 0xed004b00,
    0x4f00f000, 0xf800f200, 0xfa005300, 0x5a000401, 0x08010601, 0x0a016500, 0x68000b01, 0x10010d01, 0x19016a00, 0x6e002001, 0x24012201, 0x26017600,
    0x79002601, 0x2f012d01, 0x31017a00, 0x7d003101, 0x34013301, 0x36017e00, 0x80003701, 0x3d013901, 0x3f018200, 0x87004701, 0x4c014901, 0x4e019000,
    0x94005301, 0x56015501, 0x58019a00, 0x9c005801, 0x5e015d01, 0x62019d00, 0x9f006601, 0x6b016801, 0x6d01a400, 0xa8007001, 0x7f017201, 0x8101ac00,
    0xba008b01, 0x8f018d01, 0x9101c500, 0xc8009401, 0x99019601, 0x9b01cc00, 0xd000a101, 0xad01a301, 0xaf01d700, 0xe200b101, 0xb401b301, 0xb601e500,
    0xe700bb01, 0xc501bd01, 0xc701ed00, 0xf600c901, 0xcb01cb01, 0xce01f900, 0xfa00cf01, 0xd201d101, 0xd401fc00, 0xfe00d401, 0xd701d601, 0xd901ff00,
    0x0101d901, 0xdf01db01, 0xe1010201, 0x0701e901, 0xee01eb01, 0xf0011001, 0x1401f501, 0xf801f701, 0xfa011a01, 0x1c01fa01, 0xfe01fd01, 0x02021d01,
    0x1f010602, 0x0b020802, 0x0d022401, 0x28011002, 0x1e021202, 0x20022c01, 0x39012602, 0x2d022d02, 0x3b024001, 0x41013b02, 0x47024602, 0x4a024201,
    0x44014c02, 0x4f024e02, 0x51024701, 0x49015202, 0x54025402, 0x56024b01, 0x4c015602, 0x59025802, 0x5b024d01, 0x4f015b02, 0x5f025f02, 0x65025001,
    0x51016502, 0x71026a02, 0x73025201, 0x5a017402, 0x7c027c02, 0x81025c01, 0x5d018402, 0x8d028b02, 0x8f026101, 0x64018f02, 0x92029102, 0x95026501,
    0x67019502, 0xa702a702, 0xa9026801, 0x6901a902, 0xad02ad02, 0xb7026a01, 0x6b01b902, 0xbd02bb02, 0xc1026e01, 0x7101c102, 0xd102cd02, 0xd7027201,
    0x7701d902, 0xe602e302, 0xf0027a01, 0x7e01f202, 0xfb02f802, 0x04038101, 0x85010403, 0x07030603, 0x0b038601, 0x88010c03, 0x13031103, 0x19038a01,
    0x8d011b03, 0x24032403, 0x31039001, 0x91013303, 0x3d033d03, 0x45039401, 0x95014503, 0x49034703, 0x4d039601, 0x99014d03, 0x01000100, 0x0200b903,
    0x04003100, 0x00000500, 0x09000900, 0x0f000200, 0x03000f00, 0x1b001b00, 0x21000400, 0x05002100, 0x25002500, 0x29000600, 0x07002900, 0x35003500,
    0xc7000800, 0x0900cf00, 0xe600d100, 0xe8001200, 0x2800f400, 0x0801ff00, 0x0a013500, 0x3f000f01, 0x20011b01, 0x22014500, 0x4b002401, 0x26012601,
    0x62014e00, 0x4f006b01, 0x6e016d01, 0x75015900, 0x5b007801, 0x8f018701, 0x91015f00, 0x68009d01, 0xb101a801, 0xb3017500, 0x7f00b801, 0xc901c001,
    0xcb018500, 0x8f00cb01, 0x0b020202, 0x0d029000, 0x9a000e02, 0x18021502, 0x2d029c00, 0xa0002d02, 0x46024602, 0x4a02a100, 0xa2004a02, 0x4e024e02,
    0x5f02a300, 0xa4005f02, 0x6b026a02, 0x6d02a500, 0xa7006e02, 0x74027302, 0x7c02a900, 0xab007c02, 0x82028202, 0x8402ac00, 0xad008402, 0xa702a702,
    0xad02ae00, 0xaf00ad02, 0xd002cd02, 0xd702b000, 0xb400d902, 0xe502e502, 0x0603b700, 0xb8000703, 0x12031103, 0x1903ba00, 0xbc001b03, 0x24032403,
    0x4703bf00, 0xc0004803, 0x03000200, 0xb303a703, 0xba030000, 0x0d00c603, 0xe303d603, 0x01001a00, 0x0400c100, 0x07000500, 0x0b000900, 0x0d000c00,
    0x12000e00, 0x14001300, 0x16001500, 0x18001700, 0x1b001900, 0x1d001c00, 0x1f001e00, 0x21002000, 0x23002200, 0x25002400, 0x27002600, 0x29002800,
    0x2b002a00, 0x2d002c00, 0x2f002e00, 0x31003000, 0x33003200, 0x35003400, 0x37003600, 0x39003800, 0xcc003a00, 0xe300d000, 0xf500e700, 0x0501f900,
    0x10010901, 0x29011b01, 0x2f012d01, 0x35013001, 0x38013701, 0x43013e01, 0x48014601, 0x54015101, 0x59015701, 0x6c016701, 0x71016f01, 0x8c018001,
    0x9e019001, 0xa601a201, 0xae01a701, 0xb901b201, 0xbe01bc01, 0xca01c601, 0xd201d001, 0xd801d301, 0xe001da01, 0xe801e501, 0xf301ea01, 0xf901f601,
    0xfd01fb01, 0x0702ff01, 0x0f020c02, 0x1f021102, 0x2d022c02, 0x33023102, 0x3b023502, 0x45024102, 0x47024602, 0x4a024802, 0x4c024b02, 0x4f024e02,
    0x52025102, 0x56025402, 0x59025802, 0x6a025b02, 0x6c026b02, 0x6f026d02, 0x73027002, 0x78027402, 0x7c027b02, 0x7f027d02, 0x82028102, 0x8b028502,
    0x8d028c02, 0x8f028e02, 0x92029102, 0x98029502, 0xa7029f02, 0xaa02a902, 0xae02ad02, 0xb102b002, 0xb702b302, 0xb902b802, 0xbc02bb02, 0xbe02bd02,
    0xc302c102, 0xd102c702, 0xf202f102, 0x0b030403, 0x13030c03, 0x32032403, 0x3d033303, 0x47034503, 0x4d034903, 0x01000100, 0x0100b403, 0x08000b00,
    0x1a001200, 0x2e012c00, 0x31013001, 0xd1015f01, 0xd401d301, 0x03000200, 0xd302d302, 0x06030100, 0x02000603, 0x07030703, 0x02000300, 0x63001900,
    0x01006400, 0x65006500, 0x66000200, 0x03006600, 0x67006700, 0x68000200, 0x03006800, 0x76007600, 0x78000800, 0x08007800, 0x8b008900, 0xae020100,
    0x0900ae02, 0xb002b002, 0xbd020a00, 0x0400bd02, 0xbe02be02, 0xc1020500, 0x0700c102, 0xc302c302, 0xc6020b00, 0x0600c602, 0x1f031d03, 0x21030900,
    0x0a002203, 0x24032403, 0x2b030c00, 0x06002b03, 0x38033703, 0x39030400, 0x05003c03, 0x3f033f03, 0x40030700, 0x0b004203, 0x48034703, 0x4a030c00,
    0x04004b03, 0x44000200, 0x54005400, 0x5c000100, 0x02005c00, 0x6f006f00, 0x71000300, 0x04007100, 0x72007200, 0x73000500, 0x06007300, 0x79007900,
    0x84000700, 0x08008400, 0x85008500, 0x77020900, 0x0a007702, 0x79027902, 0x7b020b00, 0x0c007b02, 0x80028002, 0x88020d00, 0x0e008802, 0x8e028e02,
    0x90020f00, 0x10009002, 0x93029302, 0x95021100, 0x12009502, 0xa802a802, 0xa9021300, 0x1400a902, 0xac02ac02, 0xbb021500, 0x1600bb02, 0xbd02bd02,
    0xbf021700, 0x1800bf02, 0xc002c002, 0xc1021900, 0x1a00c102, 0xd502d502, 0xda021b00, 0x1c00da02, 0xe102e102, 0xfc021d00, 0x1e00fc02, 0xfd02fd02,
    0xfe021f00, 0x2000fe02, 0x04030403, 0x08032100, 0x22000803, 0x09030903, 0x0f032300, 0x24000f03, 0x10031003, 0x17032500, 0x26001703, 0x1c031c03,
    0x23032700, 0x28002303, 0x3d033d03, 0x3e032900, 0x2a003e03, 0x3f033f03, 0x45032b00, 0x2c004503, 0x49034903, 0x4a032d00, 0x2e004a03, 0x50035003,
    0x51032f00, 0x30005103, 0x52035203, 0x53033100, 0x32005303, 0x54035403, 0x55033300, 0x34005503, 0x56035603, 0x57033500, 0x36005703, 0x58035803,
    0x59033700, 0x38005903, 0x5a035a03, 0x5b033900, 0x3a005b03, 0x5c035c03, 0x5d033b00, 0x3c005d03, 0x5e035e03, 0x5f033d00, 0x3e005f03, 0x60036003,
    0x61033f00, 0x40006103, 0x62036203, 0x63034100, 0x42006303, 0x64036403, 0x65034300, 0x44006503, 0x6c000200, 0x5b005500, 0x5d001e00, 0x1b005e00,
    0x5f005f00, 0x60002100, 0x1b006000, 0x62006100, 0x63002100, 0x1c006400, 0x65006500, 0x66001f00, 0x1d006600, 0x67006700, 0x68001f00, 0x1d006800,
    0x6a006900, 0x6b001b00, 0x20006b00, 0x6c006c00, 0x6d002300, 0x20006d00, 0x6e006e00, 0x76002300, 0x24007600, 0x78007800, 0x89002400, 0x1c008b00,
    0x73027302, 0x74020100, 0x02007402, 0x76027602, 0x78021a00, 0x1a007802, 0x7c027c02, 0x7d020300, 0x0e007d02, 0x7f027f02, 0x81020400, 0x1a008102,
    0x82028202, 0x83021400, 0x1a008302, 0x84028402, 0x85021400, 0x1a008502, 0x87028702, 0x89020500, 0x1a008a02, 0x8b028b02, 0x8c020300, 0x1a008d02,
    0x8f028f02, 0x90020300, 0x06009002, 0x91029102, 0x92021a00, 0x07009202, 0x94029402, 0x95020300, 0x0f009502, 0x96029602, 0x97021a00, 0x14009702,
    0x98029802, 0x99021500, 0x1a009902, 0x9a029a02, 0x9b021400, 0x1a009b02, 0x9c029c02, 0x9d021400, 0x08009d02, 0xa0029f02, 0xa3021a00, 0x1a00a302,
    0xa702a702, 0xae020900, 0x1000ae02, 0xb002b002, 0xb5021100, 0x0a00b502, 0xb602b602, 0xb9020900, 0x1600b902, 0xbc02bc02, 0xbd021600, 0x0b00bd02,
    0xbe02be02, 0xc1020c00, 0x1200c102, 0xc302c302, 0xc6021700, 0x0d00c602, 0xce02cd02, 0xcf020100, 0x0200d002, 0xd102d102, 0xd2020100, 0x1a00d402,
    0xd602d602, 0xd7021a00, 0x0300da02, 0xdd02db02, 0xdf020e00, 0x0400e002, 0xe402e302, 0xe5021a00, 0x1400e502, 0xe902e602, 0xea021a00, 0x0800ea02,
    0xeb02eb02, 0xec022200, 0x0500ec02, 0xef02ed02, 0xf0021a00, 0x0300f202, 0xf302f302, 0xf5021a00, 0x0300f502, 0xf702f602, 0xf8020600, 0x0700fb02,
    0xfe02fe02, 0xff020f00, 0x15000103, 0x02030203, 0x05031a00, 0x1a000703, 0x0a030903, 0x0c032200, 0x03000c03, 0x0e030d03, 0x0f031800, 0x03000f03,
    0x12031103, 0x1c030900, 0x16001c03, 0x1f031d03, 0x21031000, 0x11002203, 0x24032403, 0x2b031300, 0x0d002b03, 0x2d032d03, 0x31030a00, 0x16003303,
    0x36033603, 0x37031600, 0x0b003803, 0x3c033903, 0x3f030c00, 0x12003f03, 0x42034003, 0x47031700, 0x13004803, 0x4b034a03, 0x4d030b00, 0x16004d03,
    0x4f034e03, 0x50031900, 0x16005003, 0x83000200, 0x5b005500, 0x5d000100, 0x02005e00, 0x5f005f00, 0x60000300, 0x02006000, 0x62006100, 0x63000300,
    0x04006400, 0x65006500, 0x66000500, 0x06006600, 0x67006700, 0x68000500, 0x06006800, 0x6a006900, 0x6b000200, 0x07006b00, 0x6c006c00, 0x6d000800,
    0x07006d00, 0x6e006e00, 0x75000800, 0x09007500, 0x77007700, 0x89000900, 0x04008b00, 0x73027302, 0x74020a00, 0x0b007402, 0x75027502, 0x76020c00,
    0x0d007602, 0x78027802, 0x7a020e00, 0x0f007a02, 0x7c027c02, 0x7d021000, 0x11007d02, 0x7e027e02, 0x7f021200, 0x0d007f02, 0x84028102, 0x85020b00,
    0x11008502, 0x86028602, 0x87021200, 0x0b008702, 0x8a028902, 0x8b020b00, 0x0c008b02, 0x8c028c02, 0x8d020b00, 0x13008d02, 0x8f028f02, 0x91021400,
    0x13009102, 0x92029202, 0x94021500, 0x0c009402, 0x97029602, 0x98020f00, 0x0b009a02, 0x9c029b02, 0x9d020f00, 0x16009d02, 0x9e029e02, 0x9f021700,
    0x0b009f02, 0xa002a002, 0xa1021600, 0x1700a102, 0xa402a202, 0xa5020c00, 0x0b00a602, 0xa702a702, 0xaa021800, 0x1900aa02, 0xab02ab02, 0xad021a00,
    0x1b00ad02, 0xae02ae02, 0xaf021c00, 0x1d00af02, 0xb002b002, 0xb3021e00, 0x1c00b302, 0xb402b402, 0xb6021d00, 0x1800b602, 0xb902b902, 0xbc021f00,
    0x2000bc02, 0xbe02be02, 0xc2022100, 0x1a00c202, 0xc502c502, 0xc6021a00, 0x2200c602, 0xc802c802, 0xc9022200, 0x1f00ca02, 0xce02cd02, 0xcf020a00,
    0x0b00d002, 0xd102d102, 0xd2021000, 0x0e00d302, 0xd402d402, 0xd6022300, 0x2400d602, 0xd902d702, 0xdb021000, 0x1100dc02, 0xdd02dd02, 0xdf022500,
    0x0d00e002, 0xe602e302, 0xe7020b00, 0x1100e702, 0xe802e802, 0xe9022500, 0x1100eb02, 0xec02ec02, 0xed021600, 0x0f00ed02, 0xee02ee02, 0xef021600,
    0x0e00ef02, 0xf202f002, 0xf3020c00, 0x0f00f302, 0xf402f402, 0xf5022400, 0x1400f502, 0xf602f602, 0xf7022300, 0x0f00f702, 0xfb02f802, 0xff021500,
    0x0b00ff02, 0x00030003, 0x01030f00, 0x0b000203, 0x03030303, 0x05031600, 0x0b000703, 0x0b030a03, 0x0c032600, 0x0c000c03, 0x0e030d03, 0x11031000,
    0x18001203, 0x13031303, 0x14031b00, 0x19001503, 0x16031603, 0x18032700, 0x28001803, 0x1b031903, 0x1d031b00, 0x1c001e03, 0x1f031f03, 0x21032900,
    0x1e002203, 0x24032403, 0x28032a00, 0x1c002803, 0x29032903, 0x2a032900, 0x1c002c03, 0x2d032d03, 0x2e032200, 0x1a002e03, 0x2f032f03, 0x30032200,
    0x19003003, 0x33033103, 0x34031f00, 0x1a003403, 0x35033503, 0x36032800, 0x20003603, 0x37033703, 0x38032700, 0x1a003803, 0x3c033903, 0x41032100,
    0x1a004103, 0x44034403, 0x47032200, 0x2a004803, 0x4c034b03, 0x4d032b00, 0x1f004d03, 0x4f034e03, 0x02002c00, 0x5300b100, 0x3c005300, 0x54005400,
    0x55004000, 0x61005b00, 0x5c005c00, 0x5d002000, 0x62005e00, 0x5f005f00, 0x60006900, 0x62006000, 0x62006100, 0x63006900, 0x63006400, 0x65006500,
    0x66006400, 0x65006600, 0x67006700, 0x68006400, 0x65006800, 0x6a006900, 0x6b006200, 0x67006b00, 0x6c006c00, 0x6d006800, 0x67006d00, 0x6e006e00,
    0x72006800, 0x37007200, 0x74007400, 0x76003800, 0x66007600, 0x78007800, 0x79006600, 0x21007900, 0x83008300, 0x84004100, 0x39008400, 0x85008500,
    0x89002200, 0x63008b00, 0x73027302, 0x74025700, 0x46007402, 0x75027502, 0x76020200, 0x5f007602, 0x77027702, 0x78024300, 0x5f007802, 0x79027902,
    0x7a024400, 0x03007a02, 0x7b027b02, 0x7c024200, 0x47007c02, 0x7d027d02, 0x7e024800, 0x23007e02, 0x7f027f02, 0x80024900, 0x1e008002, 0x81028102,
    0x82025f00, 0x58008202, 0x83028302, 0x84025f00, 0x58008402, 0x85028502, 0x87025f00, 0x4a008702, 0x88028802, 0x89020400, 0x5f008a02, 0x8b028b02,
    0x8c024700, 0x5f008d02, 0x8e028e02, 0x8f021c00, 0x47008f02, 0x90029002, 0x91025900, 0x5f009102, 0x92029202, 0x93024b00, 0x05009302, 0x94029402,
    0x95024700, 0x4c009502, 0x96029602, 0x97025f00, 0x58009702, 0x98029802, 0x99025a00, 0x5f009902, 0x9a029a02, 0x9b025800, 0x5f009b02, 0x9c029c02,
    0x9d025800, 0x5b009d02, 0x9e029e02, 0x9f021700, 0x5f00a002, 0xa102a102, 0xa2021800, 0x1d00a202, 0xa302a302, 0xa5025f00, 0x1b00a502, 0xa602a602,
    0xa7023a00, 0x4d00a702, 0xab02ab02, 0xac020600, 0x0700ac02, 0xae02ae02, 0xaf024e00, 0x0100af02, 0xb002b002, 0xb5024f00, 0x5000b502, 0xb602b602,
    0xb9024d00, 0x5100b902, 0xbc02bc02, 0xbd025100, 0x5200bd02, 0xbe02be02, 0xbf025300, 0x0800bf02, 0xc002c002, 0xc1020900, 0x5400c102, 0xc302c302,
    0xc6025c00, 0x5500c602, 0xc902c902, 0xcb020a00, 0x0b00cb02, 0xcc02cc02, 0xcd023b00, 0x5700ce02, 0xd002cf02, 0xd1024600, 0x5700d102, 0xd402d202,
    0xd5025f00, 0x0c00d502, 0xd602d602, 0xd7025f00, 0x4700da02, 0xdd02db02, 0xdf024800, 0x4900e002, 0xe102e102, 0xe3020d00, 0x5f00e402, 0xe502e502,
    0xe6025800, 0x5f00e902, 0xea02ea02, 0xeb025b00, 0x6000eb02, 0xec02ec02, 0xed024a00, 0x5f00ef02, 0xf202f002, 0xf3024700, 0x5f00f302, 0xf502f502,
    0xf6024700, 0x5900f702, 0xfb02f802, 0xfc024b00, 0x1900fc02, 0xfd02fd02, 0xfe021a00, 0x4c00fe02, 0x0103ff02, 0x02035a00, 0x5f000203, 0x04030403,
    0x05030e00, 0x5f000703, 0x08030803, 0x09031f00, 0x60000a03, 0x0b030b03, 0x0c034500, 0x47000c03, 0x0e030d03, 0x0f035d00, 0x47000f03, 0x10031003,
    0x11032400, 0x4d001203, 0x13031303, 0x17030f00, 0x10001703, 0x1c031c03, 0x1d035100, 0x4e001f03, 0x22032103, 0x23034f00, 0x11002303, 0x24032403,
    0x2b035600, 0x55002b03, 0x2c032c03, 0x2d031200, 0x50002d03, 0x33033103, 0x36035100, 0x51003603, 0x38033703, 0x39035200, 0x53003c03, 0x3d033d03,
    0x3e031300, 0x14003e03, 0x3f033f03, 0x40035400, 0x5c004203, 0x45034503, 0x47031500, 0x56004803, 0x49034903, 0x4a031600, 0x52004b03, 0x4d034d03,
    0x4e035100, 0x5e004f03, 0x50035003, 0x51035100, 0x25005103, 0x52035203, 0x53032600, 0x27005303, 0x54035403, 0x55032800, 0x29005503, 0x56035603,
    0x57032a00, 0x2b005703, 0x58035803, 0x59032c00, 0x2d005903, 0x5a035a03, 0x5b032e00, 0x2f005b03, 0x5c035c03, 0x5d033000, 0x3d005d03, 0x5e035e03,
    0x5f033100, 0x32005f03, 0x60036003, 0x61033300, 0x3e006103, 0x62036203, 0x63033f00, 0x34006303, 0x64036403, 0x65033500, 0x36006503, 0x64020100,
    0x01000100, 0x0c000200, 0x64006300, 0x65000100, 0x02006500, 0x66006600, 0x67000300, 0x02006700, 0x68006800, 0x76000300, 0x04007600, 0x78007800,
    0x89000400, 0x01008b00, 0x4e024e02, 0x59020600, 0x05005902, 0x6e026e02, 0x71020600, 0x05007102, 0x38000200, 0x38003800, 0x53000100, 0x02005300,
    0x54005400, 0x5c000300, 0x04005c00, 0x6f006f00, 0x71000500, 0x06007100, 0x72007200, 0x73000700, 0x08007300, 0x79007900, 0x84000900, 0x0a008400,
    0x85008500, 0x2e020b00, 0x0c002e02, 0x30023002, 0x32020d00, 0x0e003202, 0x34023402, 0x36020f00, 0x10003602, 0x37023702, 0x3a021100, 0x12003a02,
    0x3c023c02, 0x3d021300, 0x14003d02, 0x3e023e02, 0x3f021500, 0x16003f02, 0x40024002, 0x42021700, 0x18004202, 0x43024302, 0x44021900, 0x1a004402,
    0x47024702, 0x48021b00, 0x1c004802, 0x4b024b02, 0x4f021d00, 0x1e004f02, 0x56025602, 0x57021f00, 0x20005702, 0x58025802, 0x5a022100, 0x22005a02,
    0x5b025b02, 0x5c022300, 0x24005c02, 0x52035203, 0x53032500, 0x26005303, 0x54035403, 0x55032700, 0x28005503, 0x56035603, 0x57032900, 0x2a005703,
    0x58035803, 0x59032b00, 0x2c005903, 0x5a035a03, 0x5b032d00, 0x2e005b03, 0x5c035c03, 0x5d032f00, 0x30005d03, 0x5e035e03, 0x5f033100, 0x32005f03,
    0x60036003, 0x61033300, 0x34006103, 0x62036203, 0x63033500, 0x36006303, 0x64036403, 0x65033700, 0x38006503, 0x31000200, 0x5b005500, 0x5d001400,
    0x10005e00, 0x5f005f00, 0x60000100, 0x10006000, 0x62006100, 0x63000100, 0x11006400, 0x65006500, 0x66001200, 0x13006600, 0x67006700, 0x68001200,
    0x13006800, 0x6a006900, 0x6b001000, 0x17006b00, 0x6c006c00, 0x6d001600, 0x17006d00, 0x6e006e00, 0x89001600, 0x11008b00, 0x27022702, 0x28020f00,
    0x02002802, 0x2b022b02, 0x2c021500, 0x03002d02, 0x2f022f02, 0x31020900, 0x0a003102, 0x33023302, 0x35020b00, 0x0c003502, 0x36023602, 0x38020f00,
    0x0f003802, 0x39023902, 0x3b020900, 0x04003b02, 0x3f023f02, 0x41020400, 0x0d004102, 0x45024502, 0x46020500, 0x02004602, 0x49024902, 0x4d020200,
    0x0e004d02, 0x4e024e02, 0x50020800, 0x02005002, 0x54025402, 0x59020e00, 0x06005902, 0x5d025d02, 0x5e021500, 0x03005f02, 0x60026002, 0x61020a00,
    0x0b006102, 0x64026202, 0x65020c00, 0x04006502, 0x68026602, 0x69020d00, 0x05006902, 0x6c026b02, 0x6e020700, 0x08006e02, 0x71027102, 0x02000600,
    0x34003a00, 0x18003400, 0x39003900, 0x5d001900, 0x01005e00, 0x5f005f00, 0x60000200, 0x01006000, 0x62006100, 0x63000200, 0x03006400, 0x65006500,
    0x66000400, 0x05006600, 0x67006700, 0x68000400, 0x05006800, 0x6a006900, 0x6b000100, 0x06006b00, 0x6c006c00, 0x6d000700, 0x06006d00, 0x6e006e00,
    0x75000700, 0x08007500, 0x77007700, 0x89000800, 0x03008b00, 0x0002fd01, 0x1d021800, 0x19002302, 0x28022802, 0x2b020900, 0x0a002b02, 0x2c022c02,
    0x2d020b00, 0x0c002d02, 0x2f022f02, 0x31020d00, 0x0e003102, 0x33023302, 0x35020f00, 0x10003502, 0x38023802, 0x39020c00, 0x0d003902, 0x3b023b02,
    0x41021100, 0x12004102, 0x45024502, 0x46021300, 0x09004602, 0x49024902, 0x4a020900, 0x14004a02, 0x4d024d02, 0x4e021500, 0x16004e02, 0x50025002,
    0x53020900, 0x14005302, 0x54025402, 0x59021500, 0x17005902, 0x5d025d02, 0x5e020a00, 0x0b005e02, 0x5f025f02, 0x60020c00, 0x0e006002, 0x61026102,
    0x62020f00, 0x10006402, 0x65026502, 0x66021100, 0x12006802, 0x69026902, 0x6a021300, 0x09006a02, 0x6b026b02, 0x6d021400, 0x16006e02, 0x6f026f02,
    0x70021500, 0x17007102, 0x72027202, 0x02000a00, 0x34007100, 0x49003400, 0x36003600, 0x38001800, 0x19003800, 0x39003900, 0x53004a00, 0x1b005300,
    0x54005400, 0x55001c00, 0x4c005b00, 0x5c005c00, 0x5d001d00, 0x4d005e00, 0x5f005f00, 0x60003b00, 0x4d006000, 0x62006100, 0x63003b00, 0x4e006400,
    0x65006500, 0x66004f00, 0x50006600, 0x67006700, 0x68004f00, 0x50006800, 0x6a006900, 0x6b004d00, 0x52006b00, 0x6c006c00, 0x6d005400, 0x52006d00,
    0x6e006e00, 0x70005400, 0x38007000, 0x72007200, 0x74001e00, 0x39007400, 0x76007600, 0x78005100, 0x51007800, 0x79007900, 0x83003700, 0x34008300,
    0x84008400, 0x85001f00, 0x20008500, 0x8b008900, 0x9f004e00, 0x21009f00, 0x0002fd01, 0x1d024900, 0x4a002302, 0x27022702, 0x28024b00, 0x3c002802,
    0x2b022b02, 0x2c025300, 0x3d002d02, 0x2e022e02, 0x2f021a00, 0x3e002f02, 0x30023002, 0x31020100, 0x3f003102, 0x32023202, 0x33020200, 0x46003302,
    0x34023402, 0x35020300, 0x47003502, 0x36023602, 0x37024b00, 0x04003702, 0x38023802, 0x39024b00, 0x3e003902, 0x3a023a02, 0x3b020500, 0x40003b02,
    0x3c023c02, 0x3d021600, 0x06003d02, 0x3e023e02, 0x3f020700, 0x40003f02, 0x40024002, 0x41020800, 0x48004102, 0x42024202, 0x43020900, 0x0a004302,
    0x44024402, 0x45021700, 0x41004502, 0x46024602, 0x49023c00, 0x3c004902, 0x4b024b02, 0x4d020b00, 0x42004d02, 0x4e024e02, 0x50024300, 0x3c005002,
    0x53025302, 0x54023a00, 0x42005402, 0x57025702, 0x58020c00, 0x0d005802, 0x59025902, 0x5a024400, 0x0e005a02, 0x5b025b02, 0x5c020f00, 0x10005c02,
    0x5d025d02, 0x5e025300, 0x3d005f02, 0x60026002, 0x61023f00, 0x46006102, 0x64026202, 0x65024700, 0x40006502, 0x68026602, 0x69024800, 0x41006902,
    0x6a026a02, 0x6b021100, 0x45006c02, 0x6d026d02, 0x6e021200, 0x43006e02, 0x6f026f02, 0x70021300, 0x14007002, 0x71027102, 0x72024400, 0x15007202,
    0x52035203, 0x53032200, 0x23005303, 0x54035403, 0x55032400, 0x25005503, 0x56035603, 0x57032600, 0x27005703, 0x58035803, 0x59032800, 0x29005903,
    0x5a035a03, 0x5b032a00, 0x2b005b03, 0x5c035c03, 0x5d032c00, 0x2d005d03, 0x5e035e03, 0x5f032e00, 0x2f005f03, 0x60036003, 0x61033000, 0x31006103,
    0x62036203, 0x63033200, 0x35006303, 0x64036403, 0x65033300, 0x36006503, 0x0f000200, 0xd000d000, 0xfe000100, 0x0200fe00, 0x1d011d01, 0x1f010300,
    0x04001f01, 0x20012001, 0x24010500, 0x06002401, 0x26012601, 0x28010700, 0x08002801, 0x2a012a01, 0x2b010900, 0x0a002b01, 0x2f012f01, 0x32010b00,
    0x0c003201, 0x5e015e01, 0x90010d00, 0x0e009001, 0xd201d201, 0x02000f00, 0x06001e00, 0x08000600, 0x0e000e00, 0x0f000800, 0x09000f00, 0x10001000,
    0x11000200, 0x08001100, 0x12001200, 0x34000a00, 0x03003400, 0x37003700, 0x39000400, 0x01003900, 0x5b005500, 0x5d000500, 0x06005e00, 0x60006000,
    0x63000600, 0x0b006400, 0x65006500, 0x66000c00, 0x07006600, 0x67006700, 0x68000c00, 0x07006800, 0x6a006900, 0x76000600, 0x0d007600, 0x78007800,
    0x89000d00, 0x0b008b00, 0x1a011901, 0x1c010800, 0x09002801, 0x2b012901, 0x2c010200, 0x08002c01, 0x32012e01, 0x5c010a00, 0x0a005c01, 0x0002fd01,
    0x19020300, 0x04001c02, 0x23021d02, 0x02000100, 0x1c002b00, 0x01001c00, 0x1e001e00, 0x22000200, 0x03002200, 0x26002600, 0x30000400, 0x05003000,
    0x36003600, 0x38000600, 0x07003800, 0x53005300, 0x54000800, 0x09005400, 0x5c005c00, 0x6f000a00, 0x0b006f00, 0x71007100, 0x72000c00, 0x0d007200,
    0x73007300, 0x79000e00, 0x0f007900, 0x7d007d00, 0x7e002a00, 0x2b007e00, 0x84008400, 0x85001000, 0x11008500, 0x5b015b01, 0x5c011200, 0x13005c01,
    0xfc01fc01, 0x01021400, 0x15000102, 0x52035203, 0x53031600, 0x17005303, 0x54035403, 0x55031800, 0x19005503, 0x56035603, 0x57031a00, 0x1b005703,
    0x58035803, 0x59031c00, 0x1d005903, 0x5a035a03, 0x5b031e00, 0x1f005b03, 0x5c035c03, 0x5d032000, 0x21005d03, 0x5e035e03, 0x5f032200, 0x23005f03,
    0x60036003, 0x61032400, 0x25006103, 0x62036203, 0x63032600, 0x27006303, 0x64036403, 0x65032800, 0x29006503, 0x5b000200, 0x04000400, 0x05001400,
    0x01000500, 0x07000700, 0x08000200, 0x01000800, 0x09000900, 0x0a000200, 0x03000a00, 0x0b000b00, 0x0c000400, 0x01000c00, 0x0d000d00, 0x0f000400,
    0x05000f00, 0x10001000, 0x12000600, 0x20001200, 0x14001300, 0x15001c00, 0x02001500, 0x17001700, 0x18000100, 0x1c001800, 0x19001900, 0x1a001500,
    0x1a001a00, 0x1b001b00, 0x1d001d00, 0x1b001d00, 0x1f001f00, 0x20000700, 0x16002000, 0x21002100, 0x23000800, 0x09002300, 0x27002700, 0x29000900,
    0x17002900, 0x2a002a00, 0x2f000a00, 0x09002f00, 0x31003100, 0x33000900, 0x1e003300, 0x34003400, 0x35000b00, 0x21003500, 0x37003700, 0x39000c00,
    0x0d003900, 0x3a003a00, 0x55000e00, 0x18005b00, 0x5e005d00, 0x60000f00, 0x0f006000, 0x64006300, 0x65001000, 0x11006500, 0x66006600, 0x67001200,
    0x11006700, 0x68006800, 0x69001200, 0x0f006a00, 0x6b006b00, 0x6c001900, 0x1f006c00, 0x6d006d00, 0x6e001900, 0x1f006e00, 0x76007600, 0x78001300,
    0x13007800, 0x7c007b00, 0x89002200, 0x10008b00, 0xc600c500, 0xc7000300, 0x1400dd00, 0xf400de00, 0xf5000100, 0x1400f600, 0xfb00f700, 0xfc000200,
    0x0100fe00, 0x1001ff00, 0x11010200, 0x04001401, 0x18011501, 0x1b010100, 0x1c001b01, 0x28011c01, 0x29010500, 0x06002b01, 0x2d012d01, 0x2e011c00,
    0x20003201, 0x36013301, 0x38011c00, 0x1c003801, 0x51013901, 0x52010200, 0x1c005401, 0x59015501, 0x5a011500, 0x03005b01, 0x5c015c01, 0x5d012000,
    0x1a006001, 0x78016201, 0x79011d00, 0x1b007c01, 0x83017d01, 0x84010700, 0x16008601, 0x9f018701, 0xa0010800, 0x0900a401, 0xbd01b901, 0xc0010900,
    0x1700cb01, 0xcd01cc01, 0xce012100, 0x0a00cf01, 0xf301db01, 0xf7010900, 0x1e00fb01, 0x0002fd01, 0x02020b00, 0x21001802, 0x1c021902, 0x1d020c00,
    0x0d002302, 0x26022402, 0x02000e00, 0x05007700, 0x01000500, 0x06000600, 0x07000200, 0x03000700, 0x09000900, 0x0b000400, 0x05000b00, 0x0c000c00,
    0x0d000600, 0x05000d00, 0x0e000e00, 0x0f000700, 0x08000f00, 0x10001000, 0x11000600, 0x09001100, 0x12001200, 0x13000a00, 0x07001400, 0x15001500,
    0x16000b00, 0x02001600, 0x17001700, 0x18000600, 0x0c001800, 0x19001900, 0x1a000d00, 0x0e001a00, 0x1b001b00, 0x1d000100, 0x0f001d00, 0x1f001f00,
    0x20001000, 0x11002000, 0x21002100, 0x23001200, 0x13002300, 0x24002400, 0x25001400, 0x15002500, 0x27002700, 0x29001600, 0x17002900, 0x2a002a00,
    0x2b001800, 0x19002b00, 0x2c002c00, 0x2f001a00, 0x1b002f00, 0x31003100, 0x32001b00, 0x1c003200, 0x33003300, 0x34001d00, 0x1e003400, 0x35003500,
    0x37001f00, 0x20003700, 0x39003900, 0x3a002100, 0x22003a00, 0x5b005500, 0x5d002300, 0x24005e00, 0x60006000, 0x63002400, 0x25006400, 0x65006500,
    0x66002600, 0x27006600, 0x67006700, 0x68002600, 0x27006800, 0x6a006900, 0x6b002400, 0x28006b00, 0x6c006c00, 0x6d002900, 0x28006d00, 0x6e006e00,
    0x75002900, 0x30007500, 0x77007700, 0x7b003000, 0x2f007c00, 0x8b008900, 0xc5002500, 0x0800c500, 0xc600c600, 0xde000a00, 0x0100f400, 0xf600f500,
    0xf7000400, 0x0300fb00, 0xfc00fc00, 0xfe002a00, 0x0b00fe00, 0x0f01ff00, 0x10010400, 0x0b001001, 0x14011101, 0x15010500, 0x06001801, 0x1a011901,
    0x1b010700, 0x06001b01, 0x26011c01, 0x27010800, 0x06002b01, 0x2d012c01, 0x2e010900, 0x0a002e01, 0x2f012f01, 0x30012a00, 0x0a003001, 0x32013201,
    0x33010a00, 0x07003801, 0x45013901, 0x46010b00, 0x2b004b01, 0x50014c01, 0x51010b00, 0x04005101, 0x54015201, 0x55010c00, 0x0d005901, 0x60015d01,
    0x61010e00, 0x02006101, 0x6e016201, 0x6f010100, 0x2c007401, 0x78017501, 0x79010100, 0x0f007c01, 0x83017d01, 0x84011000, 0x11008601, 0x9d018701,
    0x9e011200, 0x15009f01, 0xa401a001, 0xa5011300, 0x1400a701, 0xb801a801, 0xb9011500, 0x1b00b901, 0xbd01ba01, 0xc0011600, 0x1700cb01, 0xcd01cc01,
    0xce011f00, 0x1800cf01, 0xd001d001, 0xd1011900, 0x1a00d301, 0xd501d501, 0xdb011a00, 0x1b00e701, 0xed01e801, 0xee012d00, 0x1b00f201, 0xf301f301,
    0xf4011500, 0x1c00f601, 0xfb01f701, 0xfd011d00, 0x1e000002, 0x0e020202, 0x0f021f00, 0x2e001402, 0x18021502, 0x19021f00, 0x20001c02, 0x23021d02,
    0x24022100, 0x22002602, 0x82000200, 0x04000400, 0x05003a00, 0x36000500, 0x06000600, 0x07004200, 0x37000700, 0x08000800, 0x09003600, 0x37000900,
    0x0a000a00, 0x0b003200, 0x3b000b00, 0x0c000c00, 0x0d003600, 0x3b000d00, 0x0e000e00, 0x0f004200, 0x43000f00, 0x10001000, 0x11002400, 0x42001100,
    0x12001200, 0x13004100, 0x45001400, 0x15001500, 0x16003700, 0x22001600, 0x17001700, 0x18003600, 0x45001800, 0x19001900, 0x1a003e00, 0x25001a00,
    0x1b001b00, 0x1c003c00, 0x01001c00, 0x1d001d00, 0x1e002600, 0x18001e00, 0x1f001f00, 0x20002700, 0x33002000, 0x21002100, 0x23002800, 0x3f002300,
    0x27002700, 0x29003f00, 0x34002900, 0x2a002a00, 0x2f003800, 0x3f002f00, 0x31003100, 0x33003f00, 0x39003300, 0x34003400, 0x35002900, 0x44003500,
    0x36003600, 0x37000200, 0x2a003700, 0x38003800, 0x39001900, 0x2b003900, 0x3a003a00, 0x53002c00, 0x1d005300, 0x54005400, 0x55001e00, 0x2d005b00,
    0x5c005c00, 0x5d000300, 0x2e005e00, 0x60006000, 0x63002e00, 0x2f006400, 0x65006500, 0x66003000, 0x31006600, 0x67006700, 0x68003000, 0x31006800,
    0x6a006900, 0x6b002e00, 0x35006b00, 0x6c006c00, 0x6d004000, 0x35006d00, 0x6e006e00, 0x70004000, 0x20007000, 0x71007100, 0x72002300, 0x21007200,
    0x74007400, 0x76000400, 0x3d007600, 0x78007800, 0x79003d00, 0x05007900, 0x84008400, 0x85001a00, 0x06008500, 0x8b008900, 0xc5002f00, 0x3200c600,
    0xdd00c700, 0xde003a00, 0x3600f400, 0xf600f500, 0xf7003a00, 0x3700fb00, 0xfe00fc00, 0xff003600, 0x37001001, 0x14011101, 0x15013b00, 0x36001801,
    0x1a011901, 0x1b014200, 0x45001b01, 0x28011c01, 0x29014300, 0x24002b01, 0x2c012c01, 0x2d014200, 0x45002d01, 0x32012e01, 0x33014100, 0x45003601,
    0x38013801, 0x39014500, 0x37005101, 0x54015201, 0x55014500, 0x3e005901, 0x5b015a01, 0x5c013200, 0x41005c01, 0x60015d01, 0x62012500, 0x3c007801,
    0x7c017901, 0x7d012600, 0x27008301, 0x86018401, 0x87013300, 0x28009f01, 0xa401a001, 0xb9013f00, 0x3f00bd01, 0xcb01c001, 0xcc013400, 0x4400cd01,
    0xcf01ce01, 0xdb013800, 0x3f00f301, 0xfb01f701, 0xfd013900, 0x29000002, 0x18020202, 0x19024400, 0x2a001c02, 0x23021d02, 0x24022b00, 0x2c002602,
    0x52035203, 0x53030700, 0x08005303, 0x54035403, 0x55030900, 0x0a005503, 0x56035603, 0x57030b00, 0x0c005703, 0x58035803, 0x59030d00, 0x0e005903,
    0x5a035a03, 0x5b030f00, 0x10005b03, 0x5c035c03, 0x5d031100, 0x1b005d03, 0x5e035e03, 0x5f031200, 0x13005f03, 0x60036003, 0x61031400, 0x1c006103,
    0x62036203, 0x63031f00, 0x15006303, 0x64036403, 0x65031600, 0x17006503, 0x00000100, 0x8e010a00, 0x04008608, 0x544c4644, 0x79631a00, 0x4c006c72,
    0x6b657267, 0x616cb400, 0xe6006e74, 0x00000400, 0xffff0000, 0x00001400, 0x0e000700, 0x1c001500, 0x2d002300, 0x3b003400, 0x49004200, 0x57005000,
    0x65005e00, 0x73006c00, 0x81007a00, 0x0a008800, 0x47420100, 0x38002052, 0xffff0000, 0x01001400, 0x0f000800, 0x1d001600, 0x2e002400, 0x3c003500,
    0x4a004300, 0x58005100, 0x66005f00, 0x74006d00, 0x82007b00, 0x00008900, 0x1500ffff, 0x09000200, 0x17001000, 0x25001e00, 0x2f002a00, 0x3d003600,
    0x4b004400, 0x59005200, 0x67006000, 0x75006e00, 0x83007c00, 0x04008a00, 0x00000000, 0x1400ffff, 0x0a000300, 0x18001100, 0x26001f00, 0x37003000,
    0x45003e00, 0x53004c00, 0x61005a00, 0x6f006800, 0x7d007600, 0x8b008400, 0x02001000, 0x204c4f4d, 0x4f523e00, 0x6e00204d, 0xffff0000, 0x04001400,
    0x12000b00, 0x20001900, 0x31002700, 0x3f003800, 0x4d004600, 0x5b005400, 0x69006200, 0x77007000, 0x85007e00, 0x00008c00, 0x1500ffff, 0x0c000500,
    0x1a001300, 0x28002100, 0x32002b00, 0x40003900, 0x4e004700, 0x5c005500, 0x6a006300, 0x78007100, 0x86007f00, 0x00008d00, 0x1500ffff, 0x0d000600,
    0x1b001400, 0x29002200, 0x33002c00, 0x41003a00, 0x4f004800, 0x5d005600, 0x6b006400, 0x79007200, 0x87008000, 0x8f008e00, 0x746c6161, 0x61615c03,
    0x6403746c, 0x746c6161, 0x61616c03, 0x7403746c, 0x746c6161, 0x61617c03, 0x8403746c, 0x746c6161, 0x63638c03, 0x9403706d, 0x706d6363, 0x63639c03,
    0xa403706d, 0x706d6363, 0x6363ac03, 0xb403706d, 0x706d6363, 0x6363bc03, 0xc403706d, 0x6d6f6e64, 0x6e64cc03, 0xd2036d6f, 0x6d6f6e64, 0x6e64d803,
    0xde036d6f, 0x6d6f6e64, 0x6e64e403, 0xea036d6f, 0x6d6f6e64, 0x7266f003, 0xf6036361, 0x63617266, 0x7266fe03, 0x06046361, 0x63617266, 0x72660e04,
    0x16046361, 0x63617266, 0x72661e04, 0x26046361, 0x6167696c, 0x696c2e04, 0x34046167, 0x6167696c, 0x696c3a04, 0x40046167, 0x6167696c, 0x696c4604,
    0x4c046167, 0x6167696c, 0x6e6c5204, 0x58046d75, 0x6d756e6c, 0x6e6c5e04, 0x64046d75, 0x6d756e6c, 0x6e6c6a04, 0x70046d75, 0x6d756e6c, 0x6e6c7604,
    0x7c046d75, 0x6c636f6c, 0x6f6c8204, 0x88046c63, 0x6c636f6c, 0x756e8e04, 0x9404726d, 0x726d756e, 0x756e9a04, 0xa004726d, 0x726d756e, 0x756ea604,
    0xac04726d, 0x726d756e, 0x756eb204, 0xb804726d, 0x6d756e6f, 0x6e6fbe04, 0xc4046d75, 0x6d756e6f, 0x6e6fca04, 0xd0046d75, 0x6d756e6f, 0x6e6fd604,
    0xdc046d75, 0x6d756e6f, 0x726fe204, 0xe8046e64, 0x6e64726f, 0x726fee04, 0xf4046e64, 0x6e64726f, 0x726ffa04, 0x00056e64, 0x6e64726f, 0x726f0605,
    0x0c056e64, 0x746c6173, 0x61731205, 0x1805746c, 0x746c6173, 0x61731e05, 0x2405746c, 0x746c6173, 0x61732a05, 0x3005746c, 0x746c6173, 0x69733605,
    0x3c05666e, 0x666e6973, 0x69734205, 0x4805666e, 0x666e6973, 0x69734e05, 0x5405666e, 0x666e6973, 0x69735a05, 0x6005666e, 0x31307373, 0x73736605,
    0x6c053130, 0x31307373, 0x73737205, 0x78053130, 0x31307373, 0x73737e05, 0x84053130, 0x31307373, 0x73738a05, 0x90053230, 0x32307373, 0x73739605,
    0x9c053230, 0x32307373, 0x7373a205, 0xa8053230, 0x32307373, 0x7373ae05, 0xb4053230, 0x33307373, 0x7373ba05, 0xc0053330, 0x33307373, 0x7373c605,
    0xcc053330, 0x33307373, 0x7373d205, 0xd8053330, 0x33307373, 0x7373de05, 0xe4053430, 0x34307373, 0x7373ea05, 0xf0053430, 0x34307373, 0x7373f605,
    0xfc053430, 0x34307373, 0x73730206, 0x08063430, 0x35307373, 0x73730e06, 0x14063530, 0x35307373, 0x73731a06, 0x20063530, 0x35307373, 0x73732606,
    0x2c063530, 0x35307373, 0x73733206, 0x38063630, 0x36307373, 0x73733e06, 0x44063630, 0x36307373, 0x73734a06, 0x50063630, 0x36307373, 0x73735606,
    0x5c063630, 0x73627573, 0x75736206, 0x68067362, 0x73627573, 0x75736e06, 0x74067362, 0x73627573, 0x75737a06, 0x80067362, 0x73627573, 0x75738606,
    0x8c067370, 0x73707573, 0x75739206, 0x98067370, 0x73707573, 0x75739e06, 0xa4067370, 0x73707573, 0x7573aa06, 0xb0067370, 0x6f72657a, 0x657ab606,
    0xbc066f72, 0x6f72657a, 0x657ac206, 0xc8066f72, 0x6f72657a, 0x657ace06, 0xd4066f72, 0x6f72657a, 0x0000da06, 0x00000200, 0x00000100, 0x00000200,
    0x00000100, 0x00000200, 0x00000100, 0x00000200, 0x00000100, 0x00000200, 0x00000100, 0x00000200, 0x00000100, 0x00000200, 0x00000100, 0x18000200,
    0x00001900, 0x18000200, 0x00001900, 0x18000200, 0x00001900, 0x18000200, 0x00001900, 0x18000200, 0x00001900, 0x18000200, 0x00001900, 0x18000200,
    0x00001900, 0x09000100, 0x01000000, 0x00000900, 0x09000100, 0x01000000, 0x00000900, 0x09000100, 0x01000000, 0x00000900, 0x09000100, 0x02000000,
    0x07000600, 0x02000000, 0x07000600, 0x02000000, 0x07000600, 0x02000000, 0x07000600, 0x02000000, 0x07000600, 0x02000000, 0x07000600, 0x02000000,
    0x07000600, 0x01000000, 0x00001700, 0x17000100, 0x01000000, 0x00001700, 0x17000100, 0x01000000, 0x00001700, 0x17000100, 0x01000000, 0x00001700,
    0x0e000100, 0x01000000, 0x00000e00, 0x0e000100, 0x01000000, 0x00000e00, 0x0e000100, 0x01000000, 0x00000e00, 0x0e000100, 0x01000000, 0x00000400,
    0x02000100, 0x01000000, 0x00000300, 0x08000100, 0x01000000, 0x00000800, 0x08000100, 0x01000000, 0x00000800, 0x08000100, 0x01000000, 0x00000800,
    0x08000100, 0x01000000, 0x00000d00, 0x0d000100, 0x01000000, 0x00000d00, 0x0d000100, 0x01000000, 0x00000d00, 0x0d000100, 0x01000000, 0x00000d00,
    0x05000100, 0x01000000, 0x00000500, 0x05000100, 0x01000000, 0x00000500, 0x05000100, 0x01000000, 0x00000500, 0x05000100, 0x01000000, 0x00001600,
    0x16000100, 0x01000000, 0x00001600, 0x16000100, 0x01000000, 0x00001600, 0x16000100, 0x01000000, 0x00001600, 0x0b000100, 0x01000000, 0x00000b00,
    0x0b000100, 0x01000000, 0x00000b00, 0x0b000100, 0x01000000, 0x00000b00, 0x0b000100, 0x01007a01, 0x74011000, 0x10000100, 0x01006e01, 0x68011000,
    0x10000100, 0x01006201, 0x5c011000, 0x10000100, 0x01005601, 0x54011000, 0x11000100, 0x01004e01, 0x48011100, 0x11000100, 0x01004201, 0x3c011100,
    0x11000100, 0x01003601, 0x30011100, 0x11000100, 0x01002e01, 0x28011200, 0x12000100, 0x01002201, 0x1c011200, 0x12000100, 0x01001601, 0x10011200,
    0x12000100, 0x01000a01, 0x08011200, 0x13000100, 0x01000201, 0xfc001300, 0x13000100, 0x0100f600, 0xf0001300, 0x13000100, 0x0100ea00, 0xe4001300,
    0x13000100, 0x0100e200, 0xdc001400, 0x14000100, 0x0100d600, 0xd0001400, 0x14000100, 0x0100ca00, 0xc4001400, 0x14000100, 0x0100be00, 0xbc001400,
    0x15000100, 0x0100b600, 0xb0001500, 0x15000100, 0x0100aa00, 0xa4001500, 0x15000100, 0x01009e00, 0x98001500, 0x15000100, 0x01000000, 0x00000c00,
    0x0c000100, 0x01000000, 0x00000c00, 0x0c000100, 0x01000000, 0x00000c00, 0x0c000100, 0x01000000, 0x00000c00, 0x0a000100, 0x01000000, 0x00000a00,
    0x0a000100, 0x01000000, 0x00000a00, 0x0a000100, 0x01000000, 0x00000a00, 0x0a000100, 0x01000000, 0x00000f00, 0x0f000100, 0x01000000, 0x00000f00,
    0x0f000100, 0x01000000, 0x00000f00, 0x0f000100, 0x01000000, 0x00000f00, 0x00000001, 0x00000101, 0x00000201, 0x00000301, 0x00000401, 0x1c000501,
    0x42003a00, 0x52004a00, 0x62005a00, 0x72006a00, 0x84007c00, 0x94008c00, 0xa4009c00, 0xb400ac00, 0xc400bc00, 0xd400cc00, 0xe400dc00, 0xf400ec00,
    0x0401fc00, 0x22011a01, 0x00000100, 0xf8030100, 0x00000300, 0x6e040100, 0x00000100, 0xe0000100, 0x00000100, 0xe6000100, 0x00000100, 0xec000100,
    0x00000100, 0xea000100, 0x00000100, 0xec000100, 0x00000600, 0x00010200, 0x01001201, 0x01000000, 0x01001a01, 0x01000000, 0x01002c01, 0x01000000,
    0x01003e01, 0x01000000, 0x01005001, 0x01000000, 0x01006201, 0x01000000, 0x01007401, 0x01000000, 0x01007201, 0x01000000, 0x01007001, 0x01000000,
    0x01006e01, 0x01000000, 0x0100a601, 0x01000000, 0x0100ae01, 0x01000000, 0x0100ac01, 0x01000000, 0x0100aa01, 0x01000000, 0x0100a801, 0x01000000,
    0x0400a601, 0x01000000, 0x04002202, 0x01000000, 0x06002c02, 0x08000000, 0xb0029e02, 0xd402c202, 0xf802e602, 0x1c030a03, 0x00000100, 0xac030100,
    0x00000100, 0xaa030100, 0xce030200, 0x59010400, 0xfb015f01, 0x0200ff01, 0x0400c003, 0x5f015901, 0xff01fb01, 0xbe030100, 0x02000100, 0x0200f003,
    0x87008600, 0xee030200, 0x52030b00, 0x54035303, 0x56035503, 0x58035703, 0x5a035903, 0x7b005b03, 0x01000300, 0x0100e803, 0x0000ee03, 0x00000100,
    0x03001a00, 0xe6030100, 0xdc030100, 0x01000000, 0x1a000000, 0xde030200, 0x52030a00, 0x54035303, 0x56035503, 0x58035703, 0x5a035903, 0x02005b03,
    0x0a00c403, 0x5d035c03, 0x5f035e03, 0x61036003, 0x63036203, 0x65036403, 0xaa030200, 0x52030a00, 0x54035303, 0x56035503, 0x58035703, 0x5a035903,
    0x02005b03, 0x0a009003, 0x5d035c03, 0x5f035e03, 0x61036003, 0x63036203, 0x65036403, 0x76030200, 0x5c030a00, 0x5e035d03, 0x60035f03, 0x62036103,
    0x64036303, 0x01006503, 0x0c005c03, 0x66030100, 0x0100f4ff, 0x02007003, 0x72030200, 0x05001d00, 0xdf00de00, 0xe100e000, 0xe300e200, 0xe500e400,
    0xe700e600, 0xe900e800, 0xeb00ea00, 0xed00ec00, 0xef00ee00, 0xf100f000, 0xf300f200, 0x2d02f400, 0x74025f02, 0xd002cf02, 0x5a030200, 0x0c000500,
    0x16011501, 0x18011701, 0x1a030100, 0x01000200, 0x01001403, 0x4c030100, 0x01000100, 0x01007802, 0x46030200, 0x05003f00, 0x3c000c00, 0xde004800,
    0xe000df00, 0xe200e100, 0xe400e300, 0xe600e500, 0xe800e700, 0xea00e900, 0xec00eb00, 0xee00ed00, 0xf000ef00, 0xf200f100, 0xf400f300, 0x16011501,
    0x18011701, 0x2d025c01, 0x74025f02, 0x79027702, 0x7e027b02, 0x82028002, 0x86028402, 0x8d028802, 0x94029102, 0x9a029702, 0x9e029c02, 0xa402a102,
    0xac02a602, 0xb402af02, 0xc002b602, 0xcf02cc02, 0xe502d002, 0x44030100, 0x08000100, 0x04000100, 0x0200c500, 0x01000f00, 0x03003803, 0x2e000c00,
    0x04005800, 0x10000a00, 0x1c001600, 0x0200c503, 0xbe03a803, 0xac030200, 0x0200c003, 0xbf03ad03, 0xaf030200, 0x0c000500, 0x18001200, 0x24001e00,
    0x0200c603, 0xc103a703, 0xac030200, 0x0200c303, 0xc203ad03, 0xb0030200, 0x0200c403, 0x0400b203, 0x10000a00, 0x1c001600, 0x0200bd03, 0xba03a703,
    0xac030200, 0x0200bb03, 0xbc03ad03, 0xb2030200, 0x01000300, 0x0100c802, 0x0000d402, 0x00000100, 0x03001b00, 0xc8020100, 0xce020100, 0x01000000,
    0x1b000000, 0x00000300, 0xb6020100, 0xc2020100, 0x00000100, 0x03001b00, 0x01000000, 0x0100c002, 0x0100b002, 0x1b000000, 0x00000300, 0xb4020100,
    0x9e020100, 0x00000100, 0x03001b00, 0xa8020100, 0x26030100, 0x01000000, 0x1b000000, 0x01000300, 0x01002403, 0x00001403, 0x00000100, 0x03001b00,
    0x2e030100, 0x02030100, 0x01000000, 0x1b000000, 0x9a030200, 0x05003c00, 0xdf00de00, 0xe100e000, 0xe300e200, 0xe500e400, 0xe700e600, 0xe900e800,
    0xeb00ea00, 0xed00ec00, 0xef00ee00, 0xf100f000, 0xf300f200, 0x1501f400, 0x17011601, 0x5c011801, 0x5f022d02, 0x77027402, 0x7b027902, 0x80027e02,
    0x84028202, 0x88028602, 0x91028d02, 0x97029402, 0x9c029a02, 0xa1029e02, 0xa602a402, 0xaf02ac02, 0xb602b402, 0xcc02c002, 0xd002cf02, 0x0100e502,
    0x02009803, 0x10000a00, 0x0c000200, 0x02000d00, 0x3d003c00, 0x9a000100, 0x02000a00, 0x13008403, 0x1b010d00, 0xb4032901, 0xb303d603, 0xd803d703,
    0xda03d903, 0xdc03db03, 0xde03dd03, 0xe003df03, 0xe203e103, 0x0100e303, 0x57010400, 0xf9016001, 0x01000002, 0x76021a00, 0x7a027802, 0x7f027d02,
    0x83028102, 0x87028502, 0x90028c02, 0x96029302, 0x9b029902, 0xa0029d02, 0xa502a302, 0xae02ab02, 0xb502b302, 0xcb02bf02, 0x0100e402, 0x04000200,
    0x02001500, 0x3b000300, 0x00003b00, 0x46003e00, 0x79000100, 0x0a007900, 0x01000100, 0x02007b00, 0x52030100, 0x00005b03, 0x01000200, 0x65035c03,
    0x02000000, 0x3b000200, 0x00003b00, 0x46003e00, 0x02000100, 0x47000200, 0x00004700, 0x52004a00, 0x01000100, 0x3b000200, 0x02004700, 0x04000600,
    0x00000400, 0xdd00c700, 0x2c020100, 0x18002c02, 0x5e025e02, 0x73021900, 0x1a007302, 0xce02cd02, 0x01001b00, 0x0b000500, 0x12011101, 0x14011301,
    0x01000100, 0x01005b01, 0x04003f00, 0x3b000b00, 0xc7004700, 0xc900c800, 0xcb00ca00, 0xcd00cc00, 0xcf00ce00, 0xd100d000, 0xd300d200, 0xd500d400,
    0xd700d600, 0xd900d800, 0xdb00da00, 0xdd00dc00, 0x12011101, 0x14011301, 0x2c025b01, 0x73025e02, 0x78027602, 0x7d027a02, 0x81027f02, 0x85028302,
    0x8c028702, 0x93029002, 0x99029602, 0x9d029b02, 0xa302a002, 0xab02a502, 0xb302ae02, 0xbf02b502, 0xcd02cb02, 0xe402ce02, 0x01000100, 0x01000a00,
    0xaa030300, 0xb003ae03, 0x04000100, 0x12000800, 0x2c001a00, 0x01000100, 0x0100af03, 0x0b000100, 0x01000100, 0x0200b803, 0xa7030200, 0x0000b503,
    0xc603ba03, 0x01000f00, 0x0f000100, 0x01000100, 0x01001000, 0x21003d00, 0x23002200, 0x25002400, 0x27002600, 0x29002800, 0x2b002a00, 0x2d002c00,
    0x2f002e00, 0x31003000, 0x33003200, 0x35003400, 0x37003600, 0x39003800, 0x8c013a00, 0x9e019001, 0xa601a201, 0xae01a701, 0xb901b201, 0xbe01bc01,
    0xca01c601, 0xd301d001, 0xd801d501, 0xe001da01, 0xe801e501, 0xf301ea01, 0xf901f601, 0xfd01fb01, 0x0002ff01, 0x07020102, 0x0f020c02, 0x1f021102,
    0x02000200, 0xb203b203, 0xba030000, 0x0100c603, 0x04000200, 0x5d024602, 0x6a020000, 0x18006d02, 0x70026f02, 0x72021c00, 0x1e007202, 0x3d000100,
    0xa802a702, 0xaa02a902, 0xad02ab02, 0xb002ae02, 0xb302b102, 0xb702b502, 0xb902b802, 0xbb02ba02, 0xbd02bc02, 0xbf02be02, 0xc202c102, 0xc402c302,
    0xc602c502, 0xc802c702, 0xca02c902, 0x1303cb02, 0x18031703, 0x1f031c03, 0x24032203, 0x2a032903, 0x2d032b03, 0x2f032e03, 0x32033003, 0x36033303,
    0x3e033d03, 0x41033f03, 0x45034203, 0x47034603, 0x4a034903, 0x4c034b03, 0x01004d03, 0x04003c00, 0xc800c700, 0xca00c900, 0xcc00cb00, 0xce00cd00,
    0xd000cf00, 0xd200d100, 0xd400d300, 0xd600d500, 0xd800d700, 0xda00d900, 0xdc00db00, 0x1101dd00, 0x13011201, 0x5b011401, 0x5e022c02, 0x76027302,
    0x7a027802, 0x7f027d02, 0x83028102, 0x87028502, 0x90028c02, 0x96029302, 0x9b029902, 0xa0029d02, 0xa502a302, 0xae02ab02, 0xb502b302, 0xcb02bf02,
    0xce02cd02, 0x0100e402, 0x0b000200, 0x02003b00, 0x0b000600, 0x00000b00, 0x10000f00, 0xaf030100, 0x0300af03, 0xb203b203, 0xb8030400, 0x0500b803,
    0xc603ba03, 0x00000600, 0x01000000, 0x00000000, 0x28000000, 0x02000000, 0x676e6c64, 0x28000000, 0x10000000, 0x676e6c73, 0x38000000, 0x10000000,
    0x6c727943, 0x614c202c, 0x202c6e74, 0x6b657247, 0x6c727943, 0x614c202c, 0x202c6e74, 0x6b657247, 0x01000000, 0x00000000,
};
